nohup: ignoring input
------------------------------
評価中のサービス: slidemypics
Iteration 1, Total call: 1
**Reasoning**:

The requirement is to create free HTML5 slideshows using multimedia content from Facebook, Flickr, Photobucket, Smugmug, Picasa, and to use Youtube as soundtrack music, integrated with SlideshowBox HTML5 slideshow component.

Breaking down the requirement:
- We need APIs to access multimedia content (photos, albums) from social/photo sharing platforms: Facebook, Flickr, Photobucket, Smugmug, Picasa.
- Need to integrate Youtube for soundtrack music.
- Since SlideshowBox HTML5 slideshow component is mentioned, it is a front-end component and the APIs should enable fetching content to feed the slideshow.
- The solution requires APIs that provide:
  * Access to user photos, albums, and media from these platforms.
  * Access to Youtube videos or audio streams for background music.
- We want free APIs preferably supporting media retrieval in formats consumable for HTML5 slideshow components (JSON/XML).

From the available APIs, search for matching categories and APIs:

1. For photo sharing services:
   - Facebook Graph API: public information and user photos.  
   - Flickr API: retrieve photos and feeds from Flickr.
   - Photobucket API: access and integrate Photobucket photo and video sharing features.
   - Smugmug API: read/write access to Smugmug photo service.
   - Google Picasa API (deprecated but still listed): access to Picasa Web Albums.
   
2. For soundtrack / music video from Youtube:
   - Youtube API: search, retrieve videos programmatically, common for embedding videos/audio.
   
3. SlideshowBox HTML5 slideshow component is a front-end tool; its integration would utilize the above APIs to fetch media and build the slideshow.

Considering these, the relevant categories are:
- photos (for photography and photo retrieval APIs)
- video (for Youtube API for soundtrack music)
- social (for Facebook Graph API, social related access to photos)
- media (if there was a specific API for slideshow or multimedia content, but mostly videos and photos suffice here)

Matching APIs from the list include:
- facebook-graph (Category: social)
- flickr (Category: photos)
- photobucket (Category: photos)
- smugmug (Category: photos)
- google-picasa (Category: photos) [deprecated but still available]
- youtube (Category: video)

No direct SlideshowBox API is in the list, but the component is front end and will consume data fetched from these APIs.

**Conclusion**:

- Recommend categories: ['photos', 'video', 'social']
- Recommend All matched APIs: ['facebook-graph', 'flickr', 'photobucket', 'smugmug', 'google-picasa', 'youtube']
./output/gpt/plan_and_solve/responses.json
データが保存されました: ./output/gpt/plan_and_solve/responses.json (キー: slidemypics-1)
------------------------------
評価中のサービス: best-malta-hotels
Iteration 1, Total call: 2
**Reasoning**:

The requirement is to obtain data about hotels in Malta and display an integrated map of YouTube videos related to those hotels or locations.

Breaking down the problem:

1. We need hotel data for Malta.
   - This suggests a travel or booking related API that can provide hotel listings or information filtered by location.
   - The available APIs with hotel data for booking or travel that might be useful include: 
     - easytobook: SOAP-based hotel searching and booking
     - bookingcom-content: Upload property photos/info, restricted to partners
     - travel-iq: Hotel search and booking (in German)
     - sletohcom: Hotel prices comparison
     - viator: Tours and activities for travel
     - amadeus: A rich travel data API with flight and hotel search & booking capabilities
     - sabre-0: Travel marketplace with hotel data
     - skyscanner-live-pricing: Flight/hotel data and pricing
   - From these, amadeus appears to be a well-rounded choice for accessing hotel data programmatically worldwide.

2. We also want an integrated map.
   - We need a mapping category API to provide maps with markers or overlays for the location (e.g., hotels in Malta).
   - Available mapping APIs include:
     - bing-maps-search, bing-maps-locations, bing-maps-routes
     - google-maps-places, google-maps-geocoding, google-maps-directions (some deprecated)
     - mapquest (platform services, directions, geocoding)
     - openlayers (JavaScript library for maps)
     - mapbox (open source mapping tool)
     - scribble-maps (drawing and sharing maps)
     - microsoft-bing-maps (Ajax Map Control)
   - For embedding an interactive map with location markers, Bing Maps or Mapbox would be good choices.

3. To display YouTube videos on the map or associated with hotels:
   - We need an API from the video category that provides access to YouTube videos by location or by keyword search relevant to Malta hotels.
   - The YouTube Data API provides access to search videos, retrieve video feeds.
   - The API named "youtube" described here is capable of searching for videos, authenticating, and manipulating playlists.
   - Linking videos to map locations might require searching YouTube videos with location metadata or with relevant keywords (e.g., hotels in Malta).

4. Integration Approach:
   - First, query the travel API (Amadeus for example) for hotels in Malta, getting locations (latitude and longitude).
   - Use mapping API (e.g., Bing Maps or Mapbox) to display these hotel locations on the map.
   - For each hotel or the general Malta location, use YouTube API to fetch associated videos (e.g., with keywords like "hotel in Malta", or by geolocation if supported).
   - Integrate video thumbnails or playable videos on the map markers or alongside the map for the hotels.

5. Categories involved:
   - travel: hotels data
   - mapping: for map visualization
   - video: for YouTube video access

**Conclusion**:

- Recommend categories: ['travel', 'mapping', 'video']

- Recommend All matched APIs:
  - For hotels in Malta:
    - 'amadeus' (travel, comprehensive travel data, hotel search and booking)
    - (Optionally) 'easytobook' (SOAP-based hotel booking in many cities including international)
    - (Optionally) 'bookingcom-content' (requires partner access)
  - For maps integration:
    - 'bing-maps-search' or 'bing-maps-rest' (bing-maps)
    - 'mapbox' (open source maps, customizable, embeddable)
  - For YouTube videos:
    - 'youtube' (video, YouTube Data API for searching and retrieving videos)

Given the requirements for Malta hotels and integrated YouTube videos on maps, the best recommendations that cover full functionality and ease of integration are:

- 'amadeus' (travel)
- 'bing-maps-search' or 'bing-maps' (mapping)
- 'youtube' (video)

These cover hotel data, mapping visualization, and YouTube video integration.
./output/gpt/plan_and_solve/responses.json
データが保存されました: ./output/gpt/plan_and_solve/responses.json (キー: best-malta-hotels-1)
------------------------------
評価中のサービス: scupal
Iteration 1, Total call: 3
**Reasoning**:

1. Understand Scupal’s business model:
   - Scupal is a social buying website launched in India.
   - Its unique concept is leveraging the power of social networks to facilitate buying for end consumers.
   - It differentiates itself from daily deal or discount sites, so likely it has features related to social engagement, ecommerce transactions, and user-generated content or interactions.

2. Identify key features likely needed for Scupal:
   - Social network integration and social data access to leverage social buying power (sharing, recommendations, user profiles, connections).
   - Ecommerce functionality to manage products, orders, payments.
   - Possibly recommendation or analytics features to track buying trends, user preferences, and optimize deals or products.
   - Messaging or notifications to alert users about deals or purchases.
   - Possibly location-based services to offer localized deals or sellers.
   - Authentication for user login and profile management.
   
3. Map these needs to categories and APIs in the available list:

   a. Social categories:
      - social: APIs to handle social data and interactions (e.g. Facebook Graph, LinkedIn, Twitter streaming, NationBuilder, etc.)
      - social and social-analytics APIs: For social sharing and analytics, to leverage social network effects.
   
   b. Ecommerce:
      - ecommerce: to handle product listings, orders, payments (Shopify, Magento, WooCommerce, eBay Shopping, etc.)
      - payments: to process payments securely (AuthorizeNet, Stripe, PayPal, Kounta, Recurly, QuickBooks Payments, etc.)
      
   c. Recommendations:
      - recommendations: to suggest products or deals based on user preferences and social data.
   
   d. Messaging:
      - messaging: to send notifications, SMS alerts related to purchases or deals.
      
   e. Analytics:
      - analytics: to understand user behavior, campaign effectiveness, sales data, etc.
      
   f. Authentication:
      - authentication: to handle user login and data privacy.

4. Given Scupal is a social buying site in India, APIs with global or regional coverage and scalable ecommerce & social features would be suitable.

5. From available APIs, select those that fit the above categories and are applicable based on description:

   - Categories recommended: ecommerce, social, payments, messaging, recommendations, analytics, authentication

   - Ecommerce APIs examples:
     - shopify-admin (robust ecommerce platform)
     - magento-soap (professional ecommerce)
     - woo-commerce (WordPress ecommerce plugin)
     - amazon-product-advertising (product data and affiliate)
     - ebay-shopping (marketplace data)
     - shopzilla (comparison shopping)
     - bigcommerce
     - revel-systems (POS)
     - quickbooks-payments (payment integration)
   
   - Payments APIs examples:
     - stripe (payment processing)
     - paypal
     - authorizenet
     - kounta
     - recurly
  
   - Social APIs examples:
     - facebook-graph (widely used social network data)
     - twitter-streaming (real time social data)
     - linkedin
     - pinterest-domain
     - nationbuilder (community building)
     - buffer (social media management)
     - tarpipe (social presence management)
   
   - Messaging APIs:
     - twilio-sms
     - mogreet (SMS/MMS marketing)
     - clockwork-sms
     - pushover-message (notifications)
     - postalmethods (postal mail service)
     - slack-incoming-webhooks (team notifications)
   
   - Recommendations:
     - yelp-fusion (business recommendations)
     - trakttv (media recommendations, may be less relevant)
   
   - Analytics:
     - mixpanel
     - google-analytics-core-reporting
     - kissmetrics
     - galileo (API analytics)
   
   - Authentication:
     - google-recaptcha (security)
     - janrain-engage (social login)
     - google-web-authentication

6. Given that Scupal is a social buying platform, the combination of ecommerce, payments, social, recommendations, messaging and analytics would form a comprehensive platform to integrate necessary features.

**Conclusion**:

- Recommend categories: ['ecommerce', 'payments', 'social', 'messaging', 'recommendations', 'analytics', 'authentication']

- Recommend All matched APIs: 
  ['shopify-admin', 'magento-soap', 'woocommerce', 'amazon-product-advertising', 'ebay-shopping', 
   'shopzilla', 'bigcommerce', 'revel-systems', 'stripe', 'paypal', 'authorizenet', 
   'kounta', 'recurly', 'facebook-graph', 'twitter-streaming', 'linkedin', 'pinterest-domain', 
   'nationbuilder', 'buffer', 'tarpipe', 'twilio-sms', 'mogreet', 'clockwork-sms', 'pushover-message', 
   'postalmethods', 'slack-incoming-webhooks', 'yelp-fusion', 'mixpanel', 'google-analytics-core-reporting', 
   'kissmetrics', 'galileo', 'google-recaptcha', 'janrain-engage', 'google-web-authentication']
./output/gpt/plan_and_solve/responses.json
データが保存されました: ./output/gpt/plan_and_solve/responses.json (キー: scupal-1)
------------------------------
評価中のサービス: snoopf
Iteration 1, Total call: 4
**Reasoning**:
- The requirements describe a service that helps users find restaurant coupons and gift cards.
- It enables search by cuisine or location to find food deals, restaurant hours, locations, and coupons.
- Key features include:
  - Searching for restaurants by cuisine and location.
  - Offering coupons and gift cards.
  - Providing restaurant-related data such as hours and locations.
- From the available categories, the most relevant ones appear to be:
  - food: Because it involves restaurants and various food types.
  - ecommerce: Gift cards and coupons often relate to commerce.
  - search: Since the service involves searching for restaurants by cuisine and location.
- Checking the available APIs:
  - 8coupons (ecommerce): Provides deals from neighborhood restaurants, bars, salons, and stores; supports location-based and store-specific deal queries.
  - open-dining-network-food-ordering (food): Provides menu viewing and meal ordering services along with restaurant details; includes searching for nearby restaurants.
  - yelp-fusion (recommendations): Provides business reviews, ratings, and photos related to local businesses, including restaurants.
  - retailmenotcom-community-ideas (ecommerce): Provides coupon codes and discount information for various retailers.
  - foursquare (social): Provides location-based information about venues including restaurants.
- Among these, for coupons and deals, 8coupons and retailmenotcom-community-ideas are especially relevant.
- For restaurant details, location, and general food search, open-dining-network-food-ordering and yelp-fusion are fitting.
- Foursquare could be considered, but it's more social and may not specifically focus on coupons.
- Overall, choosing APIs that provide coupon/deal info, restaurant and food data, and location-based search is vital.

**Conclusion**:
- Recommend categories: ['food', 'ecommerce', 'search', 'recommendations']
- Recommend All matched APIs: ['8coupons', 'open-dining-network-food-ordering', 'retailmenotcom-community-ideas', 'yelp-fusion']
./output/gpt/plan_and_solve/responses.json
データが保存されました: ./output/gpt/plan_and_solve/responses.json (キー: snoopf-1)
------------------------------
評価中のサービス: speedyitunes-planet
Iteration 1, Total call: 5
**Reasoning**:

The user requests a custom engine for YouTube, RapidShare, MegaUpload, and more. These are services related to video sharing and file sharing platforms:

- YouTube: A large video sharing platform. Development around YouTube usually involves video search, upload, retrieval, metadata, streaming, and so on.
- RapidShare and MegaUpload: Both were popular file hosting and file sharing services (now defunct). The user likely implies file-sharing or cloud file storage and retrieval services.

Given this, the mashup would require APIs from these functional areas:

1. Video APIs to integrate YouTube content:
   - The YouTube API for searching and retrieving video content, metadata, and possibly uploading or managing videos.
2. File-sharing APIs to integrate file hosting sites like RapidShare and MegaUpload (or similar modern services, since these are no longer available):
   - APIs for file sharing, storing, and retrieving files.
3. Possibly search APIs to aggregate content from multiple services.
4. Possibly social or media APIs to enhance content.

Among the available categories and APIs, we should identify those that provide:

- Video platform APIs like YouTube.
- File-sharing APIs similar to RapidShare/MegaUpload functionality.
- Possibly other video hosting or sharing APIs.

From the provided API list:

- Videos:
   - youtube (Category: video): The YouTube Data API that allows search, uploads, video management, and retrieval.
   - brightcove (video): Digital media platform for video publishing and distribution.
   - dailymotion (video): Another large video platform.
   - vimeo (video): Video hosting and sharing platform.
   - framey (video): For recording video online embedded in websites.
   - iva-video (video) - movie, TV, and video game metadata and video assets.

- File sharing:
   - mediafire (file-sharing): Cloud storage and file sharing platform.
   - 4shared (file-sharing): Online storage and file sharing platform.
   - filestube (file-sharing): FilesTube search for files in file sharing sites.
   - dropbox (storage): Cloud storage allowing file sync and access.
   - sugarsync (storage): Another cloud storage service.
   - rackspace-cloud-files (storage): Online file storage with CDN.
   - digitalocean (storage): Cloud infrastructure for servers (less file-sharing oriented).
   - amazon-s3 (storage): Scalable object storage.
   - google-drive (storage)
   - google-storage (storage)
   - panoramio, pixabay, flickr, smugmug, photobucket, imgur, picasa/google-photos: mostly photos.
   - file-sharing category is more direct for file hosting and sharing.

- Search: Could be used for aggregating results
- Social or media categories: User engagement, comments, ratings, etc.

RapidShare and MegaUpload no longer exist, so there are no direct APIs for them listed here. We should recommend APIs that are the closest match for modern equivalents in file-sharing and video.

Therefore, the mashup can be built using:

- Video category: YouTube API for video search and playback integration.
- File-sharing category: MediaFire API, 4shared API, Dropbox API, SugarSync API — these allow file management, uploading, downloading, and sharing.
- Storage category: Amazon S3, Google Drive APIs can supplement with cloud storage and access.
- Video category can also include other video platforms (Dailymotion, Vimeo, Brightcove) if broadening sources beyond YouTube is desired.

Recommendation is to include categories related to Video and File-Sharing/Storage for the custom engine requested.

**Conclusion**:

- Recommend categories: ['video', 'file-sharing', 'storage']
- Recommend all matched APIs:
   - 'youtube' (video) — YouTube API for video search and management
   - 'mediafire' (file-sharing) — cloud storage and file sharing
   - '4shared' (file-sharing) — online storage and file sharing service
   - 'dropbox' (storage) — cloud file sync and management
   - 'sugarsync' (storage) — cloud storage service
   - 'rackspace-cloud-files' (storage) — cloud media storage
   - 'amazon-s3' (storage) — scalable storage
   - 'google-drive' (storage) — Google Drive integration for file access
   - 'brightcove' (video) — digital media platform for video publishing
   - 'dailymotion' (video) — video platform API
   - 'vimeo' (video) — video hosting platform API

These provide a comprehensive foundation for a custom engine integrating video content like YouTube and file sharing like RapidShare/MegaUpload functionality.
./output/gpt/plan_and_solve/responses.json
データが保存されました: ./output/gpt/plan_and_solve/responses.json (キー: speedyitunes-planet-1)
------------------------------
評価中のサービス: tweetypants
Iteration 1, Total call: 6
**Reasoning**:

1. The mashup needs to analyze the "smartness" or semantic content of a Twitter user's recent tweets by fetching and analyzing them.
2. The major functional components of such an app would be:
   - Accessing the user's recent tweets: requires a Twitter related API or social media API with tweet access.
   - Analyzing the tweets using a text analysis or natural language processing service to quantify or graph user intelligence or content analysis.
3. The mashup grabs a dozen recent tweets and submits them to OpenAmplify for analysis.
   - OpenAmplify is not explicitly in the provided API list; it suggests a text analytics/natural-language-processing API.
4. The QueryPath PHP library is mentioned for submitting the data; this is more relevant to implementation and not an API selection.
5. Therefore, to fulfill the functionality of the mashup based on the requirements:
   - For fetching tweets, Twitter API (or equivalent social APIs) is needed.
   - For analysis, a natural-language-processing or text analysis API that supports text similarity, text analysis, sentiment, or semantic analysis is useful.
6. From the available categories and APIs:
   - Relevant categories: social, text, natural-language-processing
   - Relevant APIs for Twitter access:
     - "twitter-streaming" API: high-throughput near realtime access to public and protected Twitter data.
     - "twitter" API: no longer available but historical reference.
   - Relevant text or NLP APIs:
     - "rxnlp-text-similarity": Text Mining and NLP service useful for analyzing text similarity.
     - "datumbox": Machine Learning platform offering sentiment analysis, topic classification; supports text analysis.
     - "nanatural-language-processing": NLPTools for sentiment analysis and text classification.
     - "rxnlp-cluster-sentences-and-short-texts": Sentence clustering API for grouping short texts.
     - "amplify" (semantics): NLP service that identifies significant topics and emotions, returning XML data.
7. Since OpenAmplify is not directly listed, the best alternative is to use a natural language processing or text mining API that offers similar semantic analysis.
8. For tweet acquiring, given "twitter-streaming" API is available, it is appropriate for fetching user tweets.
9. For text analysis and scoring, "rxnlp-text-similarity" or "datumbox" or "amplify" would be the best fits.

**Conclusion**:

- Recommend categories: ['social', 'text', 'natural-language-processing']
- Recommend All matched APIs: ['twitter-streaming', 'rxnlp-text-similarity', 'datumbox', 'amplify']
./output/gpt/plan_and_solve/responses.json
データが保存されました: ./output/gpt/plan_and_solve/responses.json (キー: tweetypants-1)
------------------------------
評価中のサービス: austin-property-search
Iteration 1, Total call: 7
**Reasoning**:

1. The user requirement is to create a mashup/search for homes in the Austin MLS (Multiple Listing Service) using Google Maps and Google Earth.

2. To perform home searches, typically APIs related to real estate listings or property data are needed. MLS data itself may not be directly offered, but real estate APIs or real-estate focused search APIs would be relevant.

3. The user wants integration with Google Maps and Google Earth, which means the API should provide geospatial location visualizations tied to the search. Hence mapping and geography categories and APIs are relevant.

4. Therefore required categories:
   - real-estate: For APIs that provide real estate or home/property data.
   - mapping: For APIs that provide mapping services like Google Maps and Google Earth.
   - possibly reference: If some reference data like locality or neighborhood details are needed.

5. From the available APIs:
   - Under "real-estate":
     * nestoria: Vertical search engine for property in UK and Spain.
     * realtybaron-answers: Question and answer service for real estate.
     * booli: Swedish real estate search portal.
     * walk-score: Walkability score around addresses in the U.S.
     * zillow: Real estate content and valuation data for homes.
   
   These can assist with home search data, listings, values, or neighborhood info.

   - Under "mapping":
     * google-maps-places: Returns info about a place using lat/lng coordinates.
     * google-geocoding: Geocodes addresses to coordinates and vice versa.
     * google-google-earth: API for Google Earth engine.
     * bing-maps: Microsoft Bing Maps.
     * google-maps (deprecated but historic).
   
   Google Maps, Google Earth and Geocoding APIs are specifically mentioned in the requirement.

6. There is no direct MLS API in the listed APIs, so the closest robust real estate API is Zillow (widely used for home listings, valuations, property details) and Nestoria (property listings for UK and Spain, though not Austin USA). Booli is Swedish, so less relevant.

7. To visualize homes on maps or Earth, Google Maps Places API and Google Earth API provide place info and visualization capabilities.

8. Google Maps Geocoding is useful to resolve home addresses to coordinates for mapping.

9. Thus, the key recommendations are real-estate APIs like Zillow (for property data, home searches, valuations) and mapping APIs Google Maps (Places and Geocoding) and Google Earth API (for Earth views).

**Conclusion**:

- Recommended categories: ['real-estate', 'mapping']

- Recommended APIs:
  ['zillow', 'google-maps-places', 'google-geocoding', 'google-earth']
./output/gpt/plan_and_solve/responses.json
データが保存されました: ./output/gpt/plan_and_solve/responses.json (キー: austin-property-search-1)
------------------------------
評価中のサービス: my-powers-out
Iteration 1, Total call: 8
**Reasoning**:  
The problem is to develop an application that enables users to report power outages via SMS or email, triangulate the location of the outage, and send this information to the power utility company for faster repair and to provide status updates back to the users.

Key functional components to address:
1. **Reporting via SMS and email** - The app needs capabilities to send and receive SMS and email messages. This means we need telephony/messaging APIs for SMS and email APIs for email communication.  
2. **Location triangulation** - The app triangulates the location of the outage from user data. This requires mapping and/or location APIs that can convert positional data or IP addresses into coordinates and possibly triangulate location from multiple reports.  
3. **Status updates** - The utility company can send updates to users. This again involves messaging/email APIs and possibly user management or backend APIs to track outage reports and communication.  
4. **Integrations with power companies** - APIs to enable utility companies to receive outage reports and send updates. While specific utility company APIs may not be available, standard messaging/email and backend APIs can facilitate this.

Step-by-step approach:
- For **SMS messaging**, APIs like Twilio SMS, Clockwork SMS, or Vonage Nexmo SMS can be used. These APIs allow sending and receiving SMS messages, which is essential for reporting outages via SMS and sending status updates.  
- For **email**, APIs like SendGrid, Mandrill, Mailgun, or Mailjet enable sending, receiving, and tracking emails. Email is another reporting and update channel.  
- For **location triangulation**, mapping and geolocation APIs such as Google Maps Geolocation, Bing Maps, MapQuest, IP2Location, Google Maps Geocoding, and similar services allow translating user input (address, IP, GPS coordinates) into precise locations. Triangulation logic itself may need to be implemented in the app backend using multiple inputs, but these APIs provide the data to do so.  
- For **backend and data management**, backend services or cloud platforms such as QuickBlox or CloudMine can be used to manage user data, outage reports, and communication logs, if necessary. However, these are optional and depend on the app architecture.  
- Optionally, **notifications** to users can be pushed via messaging APIs or even Push notification APIs, but this is less critical.

Since the requirement is mostly about messaging and location, the primary categories are **messaging**, **email**, and **mapping**.

**Conclusion**:
- Recommend categories: ['messaging', 'email', 'mapping']

- Recommend all matched APIs:  
   - Messaging APIs:  
     - twilio-sms (cloud SMS messaging with send/receive)  
     - clockwork-sms (SMS gateway for bulk and standard SMS)  
     - vonage-nexmo-sms (SMS integration for sending/receiving messages)  
     - pushover-message (real-time notifications to devices) - optional for push notifications  
     - slack-incoming-webhooks (for messaging to Slack if needed) - optional  
   - Email APIs:  
     - sendgrid (cloud-based email sending and analytics)  
     - mailjet (email newsletter, transactional emails, and analytics)  
     - mandrill (email sending and management by MailChimp)  
     - mailgun (email sending, automation and real-time notifications)  
     - gmail (access to Gmail mailboxes and sending emails)  
   - Mapping APIs:  
     - google-maps-geolocation (get location via cell tower, WiFi info)  
     - bing-maps (mapping services with geolocation, routing, etc.)  
     - ip2location (IP address geolocation, useful for triangulating location by IPs)  
     - google-maps-geocoding (converting addresses to lat/lon and vice versa)  
     - mapquest (mapping and geolocation APIs)  
     - quova (IP-based geolocation, accurate mapping)  
     - smart-ip-geo-ip (IP geolocation with city-level precision)  

Other useful APIs if more backend or status update functionality is needed could include CloudMine or QuickBlox for backend/user management, but primary focus is on messaging and location.

This set of APIs would allow building an app that receives outage reports by SMS or email, identifies and triangulates outage locations via geolocation data, allows utilities to receive reports and send status updates, and communicates updates back to users efficiently.
./output/gpt/plan_and_solve/responses.json
データが保存されました: ./output/gpt/plan_and_solve/responses.json (キー: my-powers-out-1)
------------------------------
評価中のサービス: moveboxer
Iteration 1, Total call: 9
**Reasoning**:

The service "Moveboxer" is focused on helping users find reputable moving companies and instantly get quotes. The key elements from the requirements are:

1. Find reputable movers.
2. Have access to ratings and reviews of movers.
3. Provide price estimates or quotes for moving services.
4. Combine ratings/reviews with pricing information for better user decision-making.

To fulfill these requirements, the system would need:

- Access to business information about moving companies, including location, contact info, and service type.
- Access to user ratings and reviews about these movers to assess reputation and quality.
- Access to price estimate or quote generation — either via integrations with moving service providers, estimated pricing data, or geographic/distance-based estimate calculations.
- Possibly geolocation or mapping/location services to find movers in a user’s area.
- Possibly travel or transportation APIs for pricing estimation (distance between addresses, etc.).

Given the above, we can search the available API categories and APIs to find suitable candidates:

- ecommerce: May have APIs involving transactions or price estimates but not specific to moving companies.
- real-estate: Could have location data but not directly relevant to movers.
- recommendations: Could have data on business reviews and recommendations.
- social: May have user reviews and ratings.
- mapping/location/geography: Useful for distance calculations, location-based searches.
- business: Could include business profiles and info.
- transportation/ride-share/shipping: These may provide pricing, transport-related data.
- ratings & reviews: No explicit category but some social APIs or ecommerce APIs may provide this.
- messaging: To help users get in touch with movers.
- payments: For handling quotes and transactions.

Now, reviewing available APIs matching the above:

- Yelp Fusion (recommendations): The Yelp Fusion API provides business review and rating info for a geographic region. Yelp is well-known for local business ratings including moving companies. Accessing Yelp business data fits the "ratings and reviews" requirement.

- Yelper is not directly listed, but Yelp Fusion appears in recommendations.

- business-profiles (enterprise): Provides search access to a large database with company data including locations and lines of business — could help to get mover company info.

- mapquest, google-maps-places: For geolocating movers and calculating distances.

- bing-maps-search: Map and search service — locate movers by location, addresses.

- shipping: uShip – an online shipping marketplace connecting people with transport companies; lots of movers use such platforms. The uShip API may provide mover info and quote estimation.

- transportation: Uber and Lyft APIs provide ride-sharing info, less relevant here.

- pricing: No direct mover price quote API, but if integration with uShip is possible, or if distance calculations through mapping APIs can be used to estimate pricing, that can help.

- social: Tagalus, Twitter APIs – less relevant for reviews here.

Therefore, to develop Moveboxer:

- Use Yelp Fusion API for obtaining movers' ratings and reviews.
- Use business-profiles API to get company info and possibly verify reputable movers.
- Use mapping APIs (e.g., Google Maps Places or Bing Maps Search) to find movers nearby and calculate distances.
- Use uShip API to fetch shipping/moving price quotes or price estimates from carriers.
- Messaging APIs (like Twilio) might be helpful for communication between users and movers, but not explicitly required in requirements.

**Conclusion**:

- Recommend categories: ['recommendations', 'business', 'mapping', 'shipping']

- Recommend All matched APIs: ['yelp-fusion', 'business-profiles', 'google-maps-places', 'bing-maps-search', 'uship']
./output/gpt/plan_and_solve/responses.json
データが保存されました: ./output/gpt/plan_and_solve/responses.json (キー: moveboxer-1)
------------------------------
評価中のサービス: myetsybook.com
Iteration 1, Total call: 10
**Reasoning**:

The requirement is for sellers to create a web catalog from their shops, serving as a seller homepage that aggregates multiple social and shop platforms (Twitter, Blog, Etsy). It should also be widgetizable for inclusion on other websites.

Key points:
- Create a catalog web presence from sellers' shops
- Integration of social content (Twitter)
- Integration of blogging content
- Integration with an ecommerce platform (Etsy)
- Ability to be embedded as widgets into other websites

Step 1: Identify categories that support ecommerce/shop catalog management and integration:
- ecommerce: for shop platform integration like Etsy
- social: for Twitter integration
- blogging: for blog integrations
- widgets: for widget creation and embedding on other sites

Step 2: Identify relevant APIs from available options for each category.

- ecommerce: Etsy API exposes e-commerce platform data for sellers to list products and manage shops.

- social: Twitter API can integrate twitter feeds and posts. Also, the Tagalus API or others might help but Twitter's API is direct and essential.

- blogging: The requirement is to integrate blog content; we have APIs like Blogger, Wordpresscom, Disqus, Zemanta, etc. Choosing a general blogging API that can be widely used is good. Blogger API or Wordpresscom API are strong candidates.

- widgets: The requirement for widgetizing and embedding implies using widget frameworks or APIs. Examples include Google Gadgets, Widgetbox, Netvibes, or custom widget creation. Google Gadgets and Widgetbox allow embedding mini-applications, which fits the need.

Step 3: Match APIs:

- Etsy (ecommerce category) for accessing seller's shop catalog
- Twitter or Twitter Streaming (social) for twitter feed
- Blogger or Wordpresscom API (blogging) for blog feed integration
- Widgetbox or Google Gadgets API (widgets) for widget enablement

Step 4: Check API availability and features:

- Etsy: available and suitable for ecommerce shop catalog access
- Twitter: the original Twitter API is deprecated, but the Twitter Streaming API exists, providing realtime access to tweets.
- Blogger API: allows blog post retrieval/manipulation
- Wordpresscom API: robust blogging platform API, widely used
- Widgetbox API: provides widget creation and embedding
- Google Gadgets API: provides a way to embed third-party content as gadgets (widgets).

Step 5: Evaluate possible combination:

- Use Etsy API to fetch shop/catalog data
- Use Twitter Streaming or Twitter API for social feed from the user
- Use Blogger or Wordpresscom API to pull blog data
- Use Widgetbox or Google Gadgets API to generate embeddable widgets that combine all above

Therefore, categories of ecommerce, social, blogging, and widgets are pertinent to this mashup service.

---

**Conclusion**:

- Recommend categories: ['ecommerce', 'social', 'blogging', 'widgets']

- Recommend All matched APIs:
  - 'etsy' (ecommerce)
  - 'twitter-streaming' (social)
  - 'blogger' or 'wordpresscom' (blogging)
  - 'widgetbox' or 'google-gadgets' (widgets)

Given the choice, "wordpresscom" API is robust for blogging. Likewise "twitter-streaming" for Twitter and "etsy" for e-commerce are essential. For widgets, "widgetbox" is a solid choice.

# Final recommendation:

Recommend categories: ['ecommerce', 'social', 'blogging', 'widgets']

Recommend matched APIs: ['etsy', 'twitter-streaming', 'wordpresscom', 'widgetbox']
./output/gpt/plan_and_solve/responses.json
データが保存されました: ./output/gpt/plan_and_solve/responses.json (キー: myetsybook.com-1)
------------------------------
評価中のサービス: demo-bookstore-amazon-advertising-api
Iteration 1, Total call: 11
**Reasoning**:
The requirements specify creating a demo bookstore that uses the Amazon Product Advertisement API. The key points here are:
- It is a bookstore, so it should handle book-related data.
- The API should provide a categorized manner of books.
- The Amazon Product Advertisement API specifically allows developers to retrieve product information, including books data, and supports e-commerce features and advertising.

Given the available categories and APIs, we should:
1. Select the 'ecommerce' category because Amazon Product Advertising is a product catalog and shopping related API.
2. Select the 'books' or 'reference' category since it relates to books. Checking the available APIs, the 'Amazon Product Advertising' API is categorized as ecommerce, which includes books.
3. Choose the Amazon Product Advertising API which is explicitly designed for this purpose.

No other API specifically does product advertisement or well-categorized book data as described. So, the main suitable API is the Amazon Product Advertising API.

**Conclusion**:
- Recommend categories: ['ecommerce']
- Recommend All matched APIs: ['amazon-product-advertising']
./output/gpt/plan_and_solve/responses.json
データが保存されました: ./output/gpt/plan_and_solve/responses.json (キー: demo-bookstore-amazon-advertising-api-1)
------------------------------
評価中のサービス: connected-to-us
Iteration 1, Total call: 12
**Reasoning**:

The requirement states: "Connected to Us creates a communication system using the hardware your team members and customers already own."

Breaking down the requirement:

- The focus is on creating a communication system.
- It should leverage hardware that team members and customers already own.
- This implies the system should be accessible via common devices such as phones (mobile or landline), computers, or web-enabled devices.
- Communication system can encompass voice calls, SMS/text messaging, chat/messaging, or possibly video calling.
- Since it states team members and customers, the system might be used for business communications, customer support, or team collaboration.
- "Using the hardware your team members and customers already own" suggests the system doesn't require specialized devices—likely telephony (voice/SMS) or web-based communications.

Hence, the solution should include APIs that enable integration of telephony services (voice, SMS), chat/messaging platforms, and possibly backend services to manage users and connections.

Checking available categories fitting this description:

- telephony: for phone calls, SMS, voice communication APIs.
- messaging: for SMS gateways and real-time messaging APIs.
- chat: for team collaboration and chat APIs.
- backend: if backend services are needed for user management.
- possibly voice: for voice assistant or voice communication APIs.

Checking APIs that support telephony, messaging, and chat:

Telephony APIs:

- twilio: cloud API for voice and SMS communications.
- plivo: telephony platform supporting call making, conferencing, recording.
- spokenbuzz: voice messaging service.
- telapi: telephony platform for voice and SMS.
- broadsoft-xtended: hosted VoIP platform.
- kookoo: telephony applications including calls, IVR, SMS.
- tropo-scripting: cloud API for phone, SMS, IM apps.
- voxeo: voice platform supporting IVR, call control, recording.
- hoiio-voice: API for calls and IVR.
- plum-fuse: programmable voice application platform with IVR, calls, SMS.
- myvox: voice-enabling applications.
- gecko-landmarks: location info for telephony.

Messaging APIs:

- twilio-sms: send and receive SMS messages.
- clockwork-sms: SMS gateway.
- mogreet: SMS/MMS marketing service.
- pushover-message: real-time notifications.
- postalmethods: postal gateway for letters and postcards (less relevant).
- business-alerts: desktop and mobile alert sending.
- sms: SMS communication API.
- vonage-nexmo-sms: SMS service through Nexmo.
- slack-real-time-messaging: for team chat/messaging.
- pubnub: real-time messaging for apps.
- notifo: push notifications platform.
- slack-incoming-webhooks: send messages to Slack.
- amazon-sns: notification service, can be push messages.

Chat/APIs related to team communication:

- quickblox: cloud backend for chat, voice, video.
- campfire: realtime chat collaboration.
- hipchat: instant messaging for teams.
- mesibo-server-side and mesibo-client-side: real-time messaging, voice, video.
- slack-web and slack-real-time-messaging: team communication API.
- google-talk: XMPP-based chat.
- facebook-graph: (discontinued, but social).
- twitter-streaming/social: social media interactions (less direct).
- tarpipe: social presence management.

Backend services to support communication apps:

- cloudmine: backend platform including user account management.
- quickblox: includes backend and communication features.
- ahrefs: more SEO related, skip.
- amazon-ec2, google-cloud: cloud hosting, less direct.

Given the requirement for communication system using existing hardware, the most appropriate would be to leverage telephony and messaging APIs for phone and SMS communication, with chat APIs for collaboration.

**Conclusion**:

- Recommend categories: ['telephony', 'messaging', 'chat', 'backend', 'voice']

- Recommended All matched APIs:

  - Telephony:

    - twilio

    - plivo

    - spokeNBuzz

    - telapi

    - broadsoft-xtended

    - kookoo

    - tropo-scripting

    - voxeo

    - hoiio-voice

    - plum-fuse

    - myvox

  - Messaging:

    - twilio-sms

    - clockwork-sms

    - mogreet

    - pushover-message

    - vonage-nexmo-sms

    - slack-real-time-messaging

    - pubnub

    - notifo

    - slack-incoming-webhooks

    - amazon-sns

  - Chat:

    - quickblox

    - campfire

    - hipchat

    - mesibo-server-side

    - mesibo-client-side

    - slack-web

    - google-talk

  - Backend:

    - quickblox

    - cloudmine

  - Voice:

    - amazon-alexa-skill-voice-service (if voice commands/assistant features needed)

These listed APIs collectively cover voice, SMS, chat, backend user and session management, and real-time messaging capabilities suitable for creating a communication system with existing hardware (phones, computers, mobile devices).
./output/gpt/plan_and_solve/responses.json
データが保存されました: ./output/gpt/plan_and_solve/responses.json (キー: connected-to-us-1)
------------------------------
評価中のサービス: scanthenet
Iteration 1, Total call: 13
**Reasoning**:
- The main requirement is for a search mashup called ScanTheNet that aggregates results from multiple platforms: Flickr (photos), Instagram (photos), Twitter (social microblogs), and YouTube (videos).
- The mashup should discover and share interesting content live from the web.
- Therefore, the mashup will need APIs that provide search and access to data from these services or similar ones.
- For Flickr: photos category, Flickr API is suitable.
- For Instagram: photos category, Instagram Graph API (for new Instagram access) or Instagram Real-time (to get updates when photos are added).
- For Twitter: social category, Twitter Streaming or Twitter Search APIs for live content or search.
- For YouTube: video category, YouTube Data API for searching videos.
- The requirement explicitly lists Flickr, Instagram, Twitter, and YouTube, so their exact APIs are preferable to cover all platforms.
- Additionally, all these APIs support search, data retrieval, and content discovery functionalities aligning with the scan/search/discover theme.
  
**Conclusion**:
- Recommend categories: ['photos', 'social', 'video']
- Recommend All matched APIs: ['flickr', 'instagram-graph', 'instagram-real-time', 'twitter-streaming', 'youtube']
./output/gpt/plan_and_solve/responses.json
データが保存されました: ./output/gpt/plan_and_solve/responses.json (キー: scanthenet-1)
------------------------------
評価中のサービス: izik
Iteration 1, Total call: 14
**Reasoning**:

Izik is a mobile app designed for rich, playful web search and exploration with image-rich results. It sorts content into various categories (e.g., Lyrics, Gossip, Perfume) to minimize typing and provide contextual grouping of results based on the search term (e.g., "Jennifer Lopez").

Key requirements and considerations:

1. Search Capability:
   - The app needs a powerful search API that can handle general web search queries and support category-based refinements.
   - It should be able to fetch rich content including images, text, and possibly media like videos or music metadata.

2. Image-rich results:
   - To offer rich, visually engaging search results, an API that provides image search or supports image attributes is crucial.

3. Categorization and diverse content:
   - Categories can range widely from music lyrics, celebrity gossip, products (like perfume), to more general topics.
   - Multiple specialized APIs may be needed to fetch different types of content:
     - Music and lyrics for the "Lyrics" category.
     - News, entertainment, and social media for the "Gossip" category.
     - E-commerce or product search APIs for items like "Perfume".

4. Minimal typing with contextual search:
   - Autocomplete or suggestion APIs can enhance UX by suggesting categories or related search queries.

Given the above, the solution will involve choosing a set of categories that can support the functionalities outlined, and selecting APIs that:

- Deliver broad web and media search data.
- Provide rich imagery.
- Support different content types (music, news/gossip, product information).
- Support programmatic categorization or filtering.

Considering the available categories and APIs:

- Categories suitable to support Izik:
   - search: for general and specialized search capabilities.
   - music: to retrieve lyrics, artist info, and music metadata.
   - media: for entertainment news, celebrity gossip, videos, and images.
   - ecommerce / products: to pull product data like perfume.
   - photos / images: for image-rich results.
   - social: for trending topics and public social data relevant to gossip or news.
   - news-services: to access news content which may cover gossip or celebrity news.

- Matching APIs:

  1. For general and media-rich search:
     - bing-maps-search (mapping) - no, irrelevant.
     - google-custom-search (search) - offers web and image search, RESTful, JSON/XML output.
     - giphy (search) - animation and GIF image search for playful content.
     - primal (search) - interest graph based content filtering.
     - google-analytics - no, irrelevant.
     - yahoo-local-search or yahoo-search-marketing - old and targeted towards local search or advertising.
     - vast (search) - comprehensive crawling for jobs, cars, and profiles - incomplete match.
     - yummly (search) - recipe focused, not relevant.
     - open-movie-database (search) - movie focused, not full spectrum.
     - yahoo-term-extraction (search) - content analysis and significant words extraction; useful for categorization.
     - google-custom-search is most generic and powerful for web content search with images.

  2. For music and lyrics:
     - rhapsody (music) - metadata, playback, recommendations.
     - musixmatch - legal lyrics API with lyrics and artist data.
     - lastfm - music-related data including playlists and artists.
     - jamendo - music albums and tracks.
     - spotify-web - extensive music catalog.
     - bandcamp - music marketplace.
     - songkick / bandsintown - concert and event data.
     - musiXmatch LyriX API is best fit specifically for lyrics with metadata.

  3. For media, video, and entertainment gossip:
     - bbc-nitro (media) - media programming and metadata.
     - reuters-spotlight (news-services) - news and multimedia articles.
     - movie-database-tmdb (entertainment) - movies and TV fan art.
     - imdb alternative (open-movie-database).
     - embedly (video) - embedding content including videos.
     - youtube (video) - search and retrieve videos.
     - giphy (search/photos) - animated GIFs can add playfulness.

  4. For social and trending content (gossip, buzz):
     - twitter-streaming (social)
     - tagalus (social)
     - what-trend (social) - identifies trending Twitter hashtags with explanations.
     - twitter and facebook APIs - deprecated or replaced.
     - scoopit (social) - content curation platform.
     - peekyou-social-analytics - social footprint and interaction data.
     - buffer (social) - manage scheduling posts.
     - plancast (social) - events and activities sharing.
     - the combination of twitter-streaming (for live social data) and what-trend (explaining trending topics) is helpful.

  5. For ecommerce/products (perfume and other product discovery):
     - amazon-product-advertising (ecommerce) - Amazon product data including images and prices.
     - shopify-admin (ecommerce) - merchant data, less suitable for product search.
     - walmart-open (ecommerce) - product catalogue access.
     - zappos (ecommerce) - online shopping data with images.
     - direct-textbook, price spin, retailmenot - more niche.
     - amazon-product-advertising API is widely used for product discovery with images.

  6. For images/photos:
     - pixabay-free-images - license-free image search.
     - flickr - photo sharing platform.
     - instagram-graph - photo sharing with social context.
     - 500px - photography community.
     - giphy - animated search engine for GIF images.
     - Pixabay or Flickr is a solid choice for general image results.

After careful consideration, the most valuable categories for Izik based on the requirement are:

- search
- music
- media
- social
- ecommerce
- photos

Recommended APIs from those categories capable of fulfilling Izik needs are:

- google-custom-search (search): For broad web and image search with category filtering.
- musixmatch (music): For lyrics and artist information.
- bbc-nitro (media): For media-rich content including entertainment.
- giphy (search/photos): For playful animated image/GIF content.
- twitter-streaming and what-trend (social): For social data and trending topics/gossip.
- amazon-product-advertising (ecommerce): For product data such as perfumes with images.
- pixabay-free-images or flickr (photos): For rich, license-free images to enhance results.

**Conclusion**:

- Recommend categories: ['search', 'music', 'media', 'social', 'ecommerce', 'photos']
- Recommend All matched APIs: ['google-custom-search', 'musixmatch', 'bbc-nitro', 'giphy', 'twitter-streaming', 'what-trend', 'amazon-product-advertising', 'pixabay-free-images', 'flickr']
./output/gpt/plan_and_solve/responses.json
データが保存されました: ./output/gpt/plan_and_solve/responses.json (キー: izik-1)
------------------------------
評価中のサービス: mesh
Iteration 1, Total call: 15
**Reasoning**:
The requirement is to have a mashup service that synchronizes with multiple news sources and provides users access to a vast amount of news content, specifically focused on socio-economic issues.

1. The core function is news content aggregation from multiple sources.
2. The content focus is on socio-economic issues, so broad news services that include socio-economic data or major news publishers are ideal.
3. The APIs should offer programmatic access to news content, including articles, metadata, possibly user engagement data, and categorization/tagging to filter or focus on topics like socio-economic issues.
4. The API should support the ability to aggregate data from multiple news sources or a platform that already aggregates multiple sources.
5. Social sharing or social network integration could enhance user engagement, but the core need is for news aggregation.

With this in mind, the most relevant category is "news-services" for access to news APIs.

Potential APIs from Available APIs related to news content aggregation and syndication are:

- webhoseio: Provides on-demand access to structured web data, including news, blogs, online discussions. Webhose.io aggregates millions of web pages per day and can provide filtering. It is a good match for aggregating content from multiple news sites focused on socio-economic topics.

- guardian: The Guardian Open Platform API provides access to The Guardian’s journalism, which includes a strong focus on socio-economic issues.

- new-york-times-archive, new-york-times-article-search, new-york-times-best-sellers, new-york-times-newswire: These NYT APIs provide access to comprehensive news content, including articles and metadata. The NYT often covers socio-economic issues deeply.

- reuters-spotlight: Access to Reuters content including news, video, pictures, and multimedia articles. Reuters is a major news source with broad coverage including socio-economic topics.

- daylife: Provides a platform to query and build application on top of worldwide news content.

- trendrr: Tracks data trends, including social graphs and network engagement on news.

- npr-one-station-finder: NPR member stations data which includes news content.

- guardian, webhoseio, reuters-spotlight, new-york-times-article-search, new-york-times-newswire provide broad access to multiple news, aggregated or original outlets.

Additional related choices:

- social APIs such as twitter-streaming or tagalus or what-trend might provide social media trend analysis on news topics but do not provide direct news content.

- feeds category or blogging might provide content but the requirement is specifically news content aggregation.

- news-services category is best for aggregating news articles and content.

**Conclusion**:
- Recommend categories: ['news-services']
- Recommend All matched APIs: ['webhoseio', 'guardian', 'new-york-times-archive', 'new-york-times-article-search', 'new-york-times-newswire', 'reuters-spotlight', 'daylife', 'trendrr', 'npr-one-station-finder']
./output/gpt/plan_and_solve/responses.json
データが保存されました: ./output/gpt/plan_and_solve/responses.json (キー: mesh-1)
------------------------------
評価中のサービス: flickr-slideshow-0
Iteration 1, Total call: 16
**Reasoning**:
The requirement is to create a slideshow of photos using Flickr, which allows showing either the user's photos or photos matching certain tags. The solution must be highly customizable with several display options. The user wants to use Flickr and Widgetbox APIs.

1. The key focus is on photos and slideshow presentation.
2. Flickr is a photo-sharing platform with extensive photo APIs allowing search by tags, user photos, and various display options.
3. Widgetbox is a widget platform that can embed third-party content, such as Flickr slideshows, into web pages.
4. Therefore, the categories involved are:
   - photos (for Flickr API)
   - widgets (for Widgetbox API used to display/embed widgets)
5. From the available APIs, we have:
   - Flickr API under photos category: provides photo retrieval and manipulation.
   - Widgetbox API under widgets category: helps developers create and integrate widgets, including slideshows.
6. Since Flickr and Widgetbox APIs are specifically mentioned, and these APIs fall under photos and widgets categories respectively, these categories and APIs are the best match.
7. No other APIs or categories directly relate to photo slideshows or embedding widgets relevant to Flickr.

**Conclusion**:
- Recommend categories: ['photos', 'widgets']
- Recommend all matched APIs: ['flickr', 'widgetbox']
./output/gpt/plan_and_solve/responses.json
データが保存されました: ./output/gpt/plan_and_solve/responses.json (キー: flickr-slideshow-0-1)
------------------------------
評価中のサービス: youtube-earth-album
Iteration 1, Total call: 17
**Reasoning**:
1. The requirement is for "Earth Album," which is a mashup involving:
   - Google Maps functionality
   - YouTube video functionality
2. The goal is to allow the user to "tour the videospace of the world via YouTube tags":
   - This involves using maps to geolocate or provide place information.
   - It also involves accessing or searching for YouTube videos by tags related to locations.
3. To solve the problem, we need:
   - A mapping API that can provide maps, location data, geolocation, and possibly, the ability to place markers or overlays corresponding to YouTube videos.
   - A video API that can provide search and retrieval of YouTube videos via tags. We need the ability to search YouTube content by tags (metadata) to link videos to particular locations.
4. Among the available categories, “mapping” and “video” are the two most relevant.
5. For mapping:
   - Google Maps is no longer available as a single API, but the "google-maps-places," "google-maps-geocoding," and other Google Maps-related APIs are listed.
   - Alternatively, Bing Maps APIs and other mapping services like Mapbox, MapQuest are available.
6. For video:
   - The YouTube API is available, providing capabilities to search and retrieve videos, including functionality to search by tags.
7. Recommended approach:
   - Use a mapping API such as "google-maps-places" for location and map rendering.
   - Use the "youtube" API for searching and displaying videos based on tags.
8. Potential categories issues:
   - "mapping"
   - "video"
9. APIs to recommend:
   - "google-maps-places" (mapping)
   - "youtube" (video)
10. Check descriptions for the APIs to confirm:
    - google-maps-places: Returns information about a place including place search, details, and photos.
    - YouTube API: integrates with YouTube for video search and metadata retrieval.
   
**Conclusion**:
- Recommend categories: ['mapping', 'video']
- Recommend All matched APIs: ['google-maps-places', 'youtube']
./output/gpt/plan_and_solve/responses.json
データが保存されました: ./output/gpt/plan_and_solve/responses.json (キー: youtube-earth-album-1)
------------------------------
評価中のサービス: spokenbuzz-map
Iteration 1, Total call: 18
**Reasoning**:

The user wants a service where they can click to have SpokenBuzz call them, record their voice thoughts, and have those voice messages appear on a map. Others can listen and reply with their voice, continuing a voice-based conversation tied to locations, for places like restaurants, bars, beaches, and the like.

Breaking down the requirement:

1. A telephony or voice call service that can make calls, receive voice input, and host voice messages.
2. Integration with a mapping service to display geolocated voice messages on a map.
3. Possible extensions to enable reply functionality for conversations via voice.
4. A backend or platform to manage users, calls, messages, and store the recorded voices.
5. The service involves interactive voice communication and location capabilities.

Looking at the available APIs and categories that match these requirements:

- **Telephony APIs:** For handling calls, voice messages, call initiation, IVR, call recordings, etc.
  - SpokenBuzz: Specifically mentioned as a voice portal, allowing you to make a request to initiate a phone call, record a short voice message, and get a URL to play that message.
  - Twilio (telephony): Voice and SMS communications that can be integrated for making calls and handling voice.
  - Voxeo (telephony): IVR, speech recognition, call handling.
  - Plivo (telephony): API for call handling.
  - TelAPI (telephony): Voice, SMS, and call handling.
  - Hoiio Voice (telephony): Voice calls and IVR.
  - KooKoo (telephony): Placing calls, sending SMS, gathering input, IVR.
  - Plum Fuse (telephony): Voice application editor and platform with IVR, outbound calling, messaging.
- **Mapping APIs:** To display voice messages on a map.
  - Bing Maps or Bing Maps REST Services, Bing Maps Locations, Google Maps Places, MapQuest, OpenStreetMap, etc.
  - Google Maps Places API or Bing Maps Locations API are relevant choices for map display of voice messages tied to places.
- **Social or chat APIs:** To handle conversations or replies.
  - QuickBlox (backend/chat/video/voice)
  - mesibo chat APIs
- **Storage or media hosting:** To store and stream recorded voice messages.
  - Could be handled internally or via cloud storage APIs as needed.

Given the specific requirement, the primary API candidate is **SpokenBuzz**, which seemingly already provides call initiation and voice recording in one API call, returning a playback URL.

For mapping the recorded voices, a **mapping API** like Bing Maps or Google Maps Places API can be used to place the voices on a map.

To enable replies and conversations, telephony APIs like Twilio or Plum Fuse can be integrated to handle the back-and-forth voice communication, IVR flows, and manage call logic.

Hence, the categories recommended are:
- telephony (for call, voice, recording, IVR)
- mapping (for geolocation and visualization)
- chat/backend (optional, if enhanced chat/conversation management needed)

The matched APIs:
- SpokenBuzz (telephony): Important for initiating calls and voice message recording.
- Twilio (telephony): For advanced voice/SMS, call handling, replies.
- Bing Maps REST Services or Bing Maps Locations API (mapping): For displaying voice messages on map.
- QuickBlox (chat/backend): For chat and real-time communication integration.
- Plum Fuse or KooKoo or Hoiio Voice (telephony): Alternatives or additions depending on required features.

**Conclusion**:
- Recommend categories: ['telephony', 'mapping', 'chat']
- Recommend All matched APIs: ['spokenbuzz', 'twilio', 'bing-maps', 'quickblox', 'plum-fuse']
./output/gpt/plan_and_solve/responses.json
データが保存されました: ./output/gpt/plan_and_solve/responses.json (キー: spokenbuzz-map-1)
------------------------------
評価中のサービス: springbaud-raisers-edge
Iteration 1, Total call: 19
**Reasoning**:

1. The requirement is to integrate The Raiser's Edge with email marketing specifically using the Springbaud email management solution by Protégé Solutions.

2. Key aspects:
   - The Raiser’s Edge is a popular fundraising and donor management software.
   - Springbaud is an email marketing, fundraising, and constituent management software.
   - The integration should allow uploading list data to Campaign Monitor and retrieve results from email campaigns, all controllable from within The Raiser's Edge.

3. From the provided API descriptions:
   - Campaign Monitor is the relevant email marketing platform mentioned that fits the context of uploading lists, managing campaigns, and retrieving results.
   - The Campaign Monitor API is RESTful and supports functionality including syncing subscribers, managing email campaigns, and retrieving statistics.

4. The request is specific to email marketing integration and managing campaigns via Springbaud with Campaign Monitor. So the main category suitable is "email".

5. The Raiser's Edge itself is not listed among the available APIs, nor is Springbaud directly mentioned as providing an API here, but Campaign Monitor is available and fits the requirement of integrating email marketing and managing campaigns programmatically.

6. Therefore, for the given use case, recommending the "email" category and specifically the Campaign Monitor API makes sense.

**Conclusion**:

- Recommend categories: ['email']
- Recommend All matched APIs: ['campaign-monitor']
./output/gpt/plan_and_solve/responses.json
データが保存されました: ./output/gpt/plan_and_solve/responses.json (キー: springbaud-raisers-edge-1)
------------------------------
評価中のサービス: readit.me
Iteration 1, Total call: 20
**Reasoning**:

1. Understand the requirements:
   - A lightweight diary of books you've used: This implies a system to log or keep track of books. The diary should be lightweight means the system is likely simple but sufficient to keep book entries.
   - Ability to share that diary with friends implies social sharing or social network integration.
   - Integration with Amazon's catalog means we need access to Amazon’s book product data, including book details.
   - Integration with Facebook indicates social network API integration for posting or sharing the diary or its content.
   - Hosted on Heroku means the system should be deployable on Heroku or should make use of Heroku services for hosting.

2. Breakdown of functional needs:
   - Books / Book catalog API: To retrieve book data information from Amazon (Amazon Product Advertising API).
   - Social API: To share book diary entries with friends on Facebook.
   - Hosting / platform API: Heroku API to support deployment or interaction related to hosting.
   - Optional diary functionality: Possibly an application framework or storage/database might be needed, but the user only specified Heroku hosting. So direct DB or storage API not mandatory here.
   
3. Mapping to categories and APIs from the given lists:

   - Books category:
     - amazon-product-advertising: To access Amazon's product data including book catalog.
     - goodreads: Another book-related API with access to book info and user reviews, possibly useful for enhancing diary entries but the requirement focuses on Amazon.
     
   - Social category:
     - facebook-graph: Facebook social graph API to share content with friends.
     - facebook: similar, but noted as deprecated and split into graph and other APIs. Use facebook-graph instead.
     
   - Hosting:
     - heroku: To host app on Heroku and possibly manage it programmatically.
     
4. Cross-checking:
   - The user wants the diary to be lightweight and integrated with Amazon catalog and Facebook social sharing.
   - So, using amazon-product-advertising API for book data, facebook-graph for sharing the diary or entries with friends on Facebook, and heroku for hosting.

5. Are any other APIs relevant?
   - For diary management system itself, user can use the "applications" category, but the user specified only hosting on Heroku, which is to be covered by heroku API.
   - For user authentication with Facebook, might require OAuth or authentication APIs but facebook-graph usually supports the required auth.
   - No other storage or book diary specific APIs appear to be necessary at this stage.
   
**Conclusion**:

- Recommend categories: ['books', 'social', 'cloud']
- Recommend All matched APIs: ['amazon-product-advertising', 'facebook-graph', 'heroku']
./output/gpt/plan_and_solve/responses.json
データが保存されました: ./output/gpt/plan_and_solve/responses.json (キー: readit.me-1)
------------------------------
評価中のサービス: hoiio-wave
Iteration 1, Total call: 21
**Reasoning**:

1. Problem Understanding:
   - Hoiio Wave is a device designed to enhance driver safety by monitoring brain waves and detecting the driver’s attention level.
   - When the driver's attention level drops, the device uses Hoiio APIs to alert the driver through different communication channels.

2. Key Components of the Mashup Service:
   - Input from a brain wave measuring device (possibly a hardware integration aspect).
   - Detecting or analyzing attention level from brain wave data (may involve some form of analytics or machine learning, though not explicitly mentioned).
   - Using the Hoiio APIs to alert the driver.
   - Alerts could be phone calls or SMS messages as indicated by Hoiio's capabilities.

3. Available Categories and APIs:
   - The categories related to telephony and messaging (for the alerting part) are relevant.
   - In particular, the "Hoiio" API under telephony provides voice calling and SMS capabilities, which fits the requirement perfectly for alerting the driver.
   - Since the device sends alerts, real-time communication might be essential.

4. Optional Additional Relevant Categories:
   - If brain wave data needs processing or analytics, "analytics" or "machine-learning" could be relevant, although no specific API for brain wave analysis is mentioned — so this would be handled internally or by a separate service.
   - "tools" could be relevant if any additional data processing or developer tools needed.
   - "hardware" for the brain wave measuring device itself, but no specific hardware APIs were listed for brainwave sensors.
   
5. Primary Recommendation:
   - Focus on telephony/messaging APIs that enable alerting.
   - Use Hoiio's platform specifically, as the requirements say "uses the Hoiio APIs."
   - Include telephony and messaging categories.

**Conclusion**:
- Recommend categories: ['telephony', 'messaging']
- Recommend All matched APIs: ['hoiio']
./output/gpt/plan_and_solve/responses.json
データが保存されました: ./output/gpt/plan_and_solve/responses.json (キー: hoiio-wave-1)
------------------------------
評価中のサービス: geopix-0
Iteration 1, Total call: 22
**Reasoning**:  
The requirement is to create a mashup application that allows users to explore the world and see pictures placed directly on a map interface. It should have the capability to filter pictures by tags and allow users to click on the pictures to save their favorites into an itinerary. 

Key components needed to satisfy the requirements:  
1. **Mapping**: To display an interactive map as a base layer where pictures can be placed geographically. The map API should allow embedding, placing markers or images, as well as potentially filtering and interacting with map objects.  
2. **Photos / Images**: Need access to a photo hosting or photo search API that allows access to geo-tagged pictures or enables searching pictures by tags. It should support retrieving images with associated metadata (such as coordinates and tags).  
3. **Social or Bookmarking or Content Management**: To save favorite pictures into an itinerary, we might consider bookmarking or social APIs, or content management APIs to store user selections or bookmarks. This might be simpler in a client app, but since these APIs provide bookmarking/bookmark management features, they can be useful.  

Reviewing the APIs and categories from the available list:

- **Mapping** category has multiple APIs such as:  
  - Bing Maps Search,  
  - Google Maps Places,  
  - Bing Maps Locations,  
  - OpenLayers,  
  - Mapbox,  
  - MapQuest,  
  - Google Static Maps,  
  - Google Maps Geocoding,  
  - Ordnance Survey Maps,  
  - etc.  
  These provide rich mapping capabilities including placing markers/images on maps, geocoding, searching places, and routing.  

- **Photos** category has APIs like:  
  - Flickr API: Popular photo hosting API, retrieval of geo-tagged photos, supports searching and uploading, can return photos with location data, JSON, XML formats.  
  - Pixabay-free-images: License-free high quality photos with search and metadata including tags; supports JSON response.  
  - 500px (no longer public but relevant for archival)  
  - Instagram Graph (photo sharing app with geo-tagged photos)  
  - Photobucket, Imgur, SmugMug, TwitPic: all popular photo sharing platforms, some with geo capabilities.  

- **Bookmarks** category: To save favorite pictures, some bookmarking APIs like Pocket or Readability exist. These allow saving and managing bookmarks. This can complement the feature to allow users to save favorite pictures into an itinerary which may be managed as sort of bookmarks.  

- **Social** category: APIs like Facebook Graph, Twitter, etc. might be used to save/share favorites, but it's broader and not specifically required here.  

Overall, to meet the exact needs:  
- For map display and interaction: choose a mapping API (e.g., Mapbox, OpenLayers, Bing Maps).  
- For accessing geo-tagged photos with tags and metadata: Flickr API is a strong candidate because Flickr has geo-tagged photos and supports tags with search and metadata. Pixabay can also be an option for free images with tags, but Flickr is known for geolocated photos.  
- For saving favorite pictures or creating an itinerary: Bookmark APIs like Pocket could be used but it is optional depending on if user's saving is client-side or server-side. This depends on complexity desired.  

Among the mapping APIs, OpenLayers is an open source, popular and flexible option. Mapbox also offers great tools for embedding and interacting with maps. Bing Maps and Google Maps have rich commercial options as well.  

Hence the best combination is:  
- Mapping: OpenLayers or Mapbox or Bing Maps (any of these)  
- Photos: Flickr API (because it is rich in geo-tagged photos and supports tags filtering)  
- Bookmarking: Pocket (for saving favorites) or Zotero (less common for images), pick Pocket since it matches saving visual web content.  

If bookmarking API is optional, only mapping and photos categories suffice.  

**Conclusion**:  
- Recommend categories: ['mapping', 'photos', 'bookmarks']  
- Recommend All matched APIs: ['flickr', 'openlayers', 'mapbox', 'bing-maps', 'pocket']
./output/gpt/plan_and_solve/responses.json
データが保存されました: ./output/gpt/plan_and_solve/responses.json (キー: geopix-0-1)
------------------------------
評価中のサービス: yaptap
Iteration 1, Total call: 23
**Reasoning**:
Yaptap is a platform that facilitates communication within communities through multiple channels including text, email, phone, and social media. It supports group leaders using web/mobile apps to manage groups, events, and communications, while group members can choose the communication tool they prefer.

Given those requirements, the key functional needs revolve around:
1. Multi-channel messaging and communications (text, email, phone).
2. Group and event management capabilities.
3. Social media integration or social engagement functionalities.
4. Backend and application platforms for web and mobile apps for group leaders.
5. Possibly analytics or reporting to track communications/events.

Looking at the provided API categories and APIs, the following categories stand out as relevant:
- messaging: For text messaging (SMS) APIs like Twilio, Clockwork SMS, Vonage Nexmo SMS, etc.
- email: To support email communications via APIs like Mailjet, Gmail, Mandrill, SendGrid, Mailgun.
- telephony: For phone calls or voice communications (OpenCNAM, Twilio Voice, Voxeo, Plivo).
- social: To integrate with social media platforms for communications and social engagement (Facebook Graph, Twitter Streaming, LinkedIn, etc.)
- project-management or events: To organize events and groups (Eventbrite, Brown Paper Tickets, Active.com APIs) though this depends on the depth of event management needed.
- backend or applications: For supporting the web and mobile apps used by group leaders (QuickBlox - cloud communication backend, Contentful - content management, AppHarbor - cloud app hosting).
- chat: for real-time communication if relevant (HipChat, Campfire, Mesibo).

However, since the requirement specifically mentions communication by text, email, phone or social media, with group leaders using apps to organize groups/events and communications, the top priorities are:
- messaging (SMS)
- email
- telephony (phone)
- social
- events (for group & event organization)

APIs that fit well:
- messaging: Twilio, Clockwork SMS, Vonage Nexmo SMS, PubNub (realtime messaging), SendGrid, Mailgun (email blend)
- email: Mailjet, Gmail, Mandrill, SendGrid, Mailgun (all support email sending and tracking)
- telephony: Twilio, Plivo, Voxeo (voice calls, call routing)
- social: Facebook Graph, Twitter Streaming, LinkedIn, NationBuilder, Buffer (social media management)
- events: Eventbrite, Brown Paper Tickets, Active.com (event management APIs)

For the leader's platform (web and iPad):
- backend: QuickBlox or Contentful for apps managing content and communication
- project-management or office could be stretched for organizational tools, but no explicit project management required other than events and group communication.

**Conclusion**:
- Recommend categories: ['messaging', 'email', 'telephony', 'social', 'events', 'backend']
- Recommend All matched APIs: [
    'twilio', 
    'clockwork-sms', 
    'vonage-nexmo-sms', 
    'sendgrid', 
    'mailjet', 
    'gmail', 
    'mandrill', 
    'mailgun',
    'plivo', 
    'voxeo',
    'facebook-graph', 
    'twitter-streaming', 
    'linkedin', 
    'nationbuilder', 
    'buffer',
    'eventbrite', 
    'brown-paper-tickets', 
    'active',
    'quickblox',
    'contentful'
]
./output/gpt/plan_and_solve/responses.json
データが保存されました: ./output/gpt/plan_and_solve/responses.json (キー: yaptap-1)
------------------------------
評価中のサービス: mapanno
Iteration 1, Total call: 24
**Reasoning**:

1. The user wants to create a mashup service that integrates images from flickr and 23 photo services.

2. These images should be displayed on an interactive web page.

3. The background of the interactive web page can optionally include maps; specifically mentioning Google Maps or Second Life Maps.

Given the requirements, let's break down the components needed:

- Image/Photo APIs: To retrieve and interact with images from flickr and 23 (likely referring to 23hq or a similar photo service).
- Mapping APIs: To provide background maps that can be used interactively behind or integrated with the images.
- The user also wants the use of Google Maps or Second Life Maps specifically as backgrounds.

Reviewing the available API list for the relevant options:

- For photos:

   - flickr (Category: photos) — provides access to Flickr photos, including feeds for public photos, favorites, groups, uploading, etc.

   - 23 (Category: photos) — provides support for the Flickr API and allows accessing the photo service with an open non-vendor specific API.

- For maps:

   - google-maps (Category: mapping) — noted as no longer available and the services split among multiple APIs. However, these individual APIs (google-static-maps, google-street-view-image, google-maps-geocoding, google-maps-elevation, google-maps-places, google-maps-distance-matrix, google-maps-routes, etc.) can be used to build the functionality of Google Maps.

   - secondlife (Category: games) — The Second Life Webmap API allows embedding Second Life maps onto web pages.

Thus, the relevant APIs are:

- flickr (photos)
- 23 (photos)
- google-maps related APIs (mapping)
- secondlife (games) — for Second Life maps as background

Recommended categories will therefore be:

- photos (for flickr and 23)
- mapping (for Google Maps)
- games (for Second Life Maps; the Second Life API is listed under games category)

No other categories appear to be relevant here.

**Conclusion**:

- Recommend categories: ['photos', 'mapping', 'games']

- Recommend All matched APIs: ['flickr', '23', 'google-maps-static', 'google-maps-street-view-image', 'google-maps-geocoding', 'google-maps-elevation', 'google-maps-places', 'google-maps-distance-matrix', 'google-maps-routes', 'secondlife']

Note: Since 'google-maps' API is deprecated and split into multiple APIs, I list the key Google Maps APIs relevant for interactive map embedding: static maps, street view image, geocoding, elevation, places, distance matrix, routes. The 23 photo service is the '23' API in photos category. Second Life maps API is under games.
./output/gpt/plan_and_solve/responses.json
データが保存されました: ./output/gpt/plan_and_solve/responses.json (キー: mapanno-1)
------------------------------
評価中のサービス: upczilla
Iteration 1, Total call: 25
**Reasoning**:

The user requirement describes UPCZilla, a UPC (Universal Product Code) search engine that aggregates data from multiple web services to provide price comparison listings. It uses the web services of Amazon, eBay, and Commission Junction to search for matches for UPCs and then aggregates the data, presenting them sorted by lowest price first. The engine runs as a WordPress plugin with caching layers.

To identify appropriate API categories and specific APIs:

1. Key functionalities of UPCZilla:
   - UPC product search based on UPC codes.
   - Price comparison listing.
   - Integration with multiple e-commerce affiliate/merchant platforms.
   - Use of product and pricing data.
   - Requires Affiliate APIs to get product offers linked with UPCs.
   - WordPress plugin setup.

2. Essential categories from the provided list:
   - ecommerce (since product catalog, pricing, and affiliate data retrieval is core).
   - search (for search capabilities on UPC codes and product matching).
   - reference (for UPC data lookup or product info databases).
   - advertising (because Commission Junction and similar services are affiliate/advertising platforms).
   - bookmarks, caching, or storage categories are less relevant since the request focuses on product data APIs.
   
3. Matching APIs with the requirement:
   - Amazon Product Advertising API (Category: ecommerce)
     - Provides product info, lookup by UPC/ISBN, pricing, and affiliate links.
   - eBay Finding API (Category: search)
     - Lets users search products based on keywords, categories, UPC, and get offers.
   - Commission Junction API (Category: ecommerce)
     - Provides real-time commission and item-detail data for affiliates.
   - RetailMeNot.com Community Ideas (Category: ecommerce)
     - Deals, coupons relevant for price comparison.
   - 8coupons API (Category: ecommerce)
     - Coupons and deals based on location, useful for price comparison.
   - Shopzilla API (Category: ecommerce)
     - Product catalog, merchant offers, ratings.
   - Best Buy Products API (Category: ecommerce)
     - Full product info, pricing, availability.
   - Walmart Open APIs (Category: ecommerce)
     - Product catalog data and affiliate referrals.
   - Yipit API (Category: ecommerce)
     - Aggregated online coupons and deals.
   - DealSurf API (Category: ecommerce)
     - Aggregated daily deals.
   - Zanox API (Category: advertising)
     - Internet marketing and monetization via affiliate marketing.
   - Prosperent API (Category: advertising)
     - Affiliate marketing and monetization platform.
   - Affiliate APIs like Avantlink, CJ, Zanox, and others mentioned indicate affiliate marketing and e-commerce categories.
   
4. Additional relevant APIs could be those that help with UPC lookups or product info:
   - ISBNdb or similar for book-related UPCs.
   - Amazonca API for barcode lookup (reference category).
   - DomainTools or UPC lookup specific APIs do not seem very related here.
   
5. Since the user specifically leveraged Amazon, eBay and Commission Junction, these 3 must be included.

6. For caching and WordPress plugin, the user may already have implemented these layers; no specific mention of APIs related to caching or WordPress is given, so these need not be included.

**Conclusion**:

- Recommend categories: ['ecommerce', 'search', 'advertising']

- Recommend all matched APIs: [
  'amazon-product-advertising',
  'ebay-finding',
  'commission-junction',
  '8coupons',
  'retailmenotcom-community-ideas',
  'shopzilla',
  'best-buy-products',
  'walmart-open',
  'yipit',
  'dealsurf',
  'zanox',
  'prosperent',
  'avantlink'
]
./output/gpt/plan_and_solve/responses.json
データが保存されました: ./output/gpt/plan_and_solve/responses.json (キー: upczilla-1)
------------------------------
評価中のサービス: tourcms-facebook-tabs
Iteration 1, Total call: 26
**Reasoning**:

The requirement is to build a Facebook app that helps Tour and Activity Operators using TourCMS to easily add their product details to a new tab on their Facebook page.

1. Key functional points:
   - Facebook app creation/integration.
   - Access to TourCMS data for tours and activities (product details).
   - Ability to display these product details in a tab on a Facebook page.

2. To achieve this, the following elements are necessary:
   - Integration with Facebook social platform:
     - Access to Facebook APIs to create/manage app tabs, retrieve page data, and authorize users.
     - Possibly using Facebook Graph API or Facebook SDK functionality that can embed tabs.
     - Relevant category: social, since Facebook is a social platform.

   - Integration with TourCMS:
     - TourCMS APIs to retrieve tour/activity product data.
     - We found "tourcms-marketplace" API in the available list with description suggesting access to live product data in real-time, specifically designed for tour operators and resellers.
     - Relevant category: travel.

3. Other considerations:
   - The Facebook app will act as a container for displaying the tour data.
   - It may also have to handle authentication and permissions to the Facebook page.
   - No direct mention of payment, booking or ecommerce for now, just displaying the product details, so ecommerce APIs are less relevant.
   - Integration with Facebook's API for apps will be essential.

4. Therefore, recommended categories:
   - social (for Facebook API integration).
   - travel (for TourCMS integration).

5. Recommended APIs:
   - tourcms-marketplace (to retrieve tour and activity live product data from TourCMS).
   - facebook-graph (or Facebook APIs for creating tabs and page interaction; the description here is for the Facebook Graph API which is suitable for interacting with Facebook pages, user data, and apps).
   - Since facebook-graph is marked as deprecated but still described, it is the logical Facebook API here.

6. No other APIs seem necessary to fulfill the stated functionality.

**Conclusion**:

- Recommend categories: ['social', 'travel']

- Recommend APIs: ['tourcms-marketplace', 'facebook-graph']
./output/gpt/plan_and_solve/responses.json
データが保存されました: ./output/gpt/plan_and_solve/responses.json (キー: tourcms-facebook-tabs-1)
------------------------------
評価中のサービス: visit-mauritius
Iteration 1, Total call: 27
**Reasoning**:

MauritiusVisit.com is a platform that allows users to see aerial views, photos, and videos of key sites in Mauritius such as hotels, beaches, and attractions. This essentially requires services related to mapping, photos, and video content.

1. Mapping: To provide aerial views of Mauritius locations and points of interest such as hotels and beaches, a mapping API with aerial/satellite imagery support and location search/geocoding would be essential.

2. Photos: To show photos related to attractions, beaches, and hotels, an API that provides access to public photo collections with geo-tagging or search capabilities would be very useful.

3. Videos: For videos of interesting sites, a video platform API that allows embedding or retrieval of videos would be appropriate.

4. Possibly media-related APIs for enriched content, such as media metadata or integrated multimedia assets.

Given the Available categories and APIs, the following are relevant:

- Category: mapping  
- Category: photos  
- Category: video

In the Mapping category, good choices would be widely used map services that provide aerial views, aerial imagery, geocoding, place search:

- google-maps-places (for places info and photos)  
- bing-maps (for aerial views, routes, geocoding)  
- mapbox (for open-source interactive maps)  
- bing-maps-search (for location and place search)  
- google-static-maps or google-street-view-image (for map images and street views)

In the Photos category:

- flickr (a popular photo sharing service with geo-tagged images)  
- pixabay-free-images (license free photos)  
- instagram-graph or instagram-real-time (for Instagram photos if social media content is desired)  
- 500px (though no longer public) is not recommended  
- photobucket, smugmug, imgur (photo hosting and sharing APIs)  

Flickr is a strong choice due to its large public photo repository with geo-tagged photos.

In the Video category:

- youtube (the most popular video hosting platform)  
- brightcove (video hosting and distribution)  
- vimeo (video hosting with API)  
- dailymotion (video platform and API)  
- embedly (for embedding rich media including video)

YouTube API is most well-known and widely used.

Bonus:

- google-maps-places API can provide photos and place details together, covering mapping and photos both.

- If the platform desires to show integrated multimedia content, embedly could be helpful.

**Conclusion**:

- Recommend categories: ['mapping', 'photos', 'video']

- Recommend All matched APIs: ['google-maps-places', 'bing-maps', 'mapbox', 'bing-maps-search', 'flickr', 'pixabay-free-images', 'youtube', 'vimeo', 'dailymotion', 'embedly']
./output/gpt/plan_and_solve/responses.json
データが保存されました: ./output/gpt/plan_and_solve/responses.json (キー: visit-mauritius-1)
------------------------------
評価中のサービス: ridedog
Iteration 1, Total call: 28
**Reasoning**:
1. RideDog aims to help cyclists find and map the best road rides, mountain bike trails, and cyclocross rides. The goal involves discovery and mapping of bike routes for different types of cycling.
2. The core functionalities needed are:
   - Access to mapping and location data for routes and trails.
   - Ability to search for and retrieve routes relevant to cycling.
   - Possibly access to geographic or trail data sources specific to cycling communities or general geographic data.
3. From the available categories, the mapping category is the primary interest because mapping APIs provide geolocation, route creation, elevation data (important for mountain biking), and display capabilities.
4. Some mapping APIs that can be useful:
   - MapQuest APIs: provide interactive maps, directions, geocoding, and routing.
   - Bing Maps APIs: offer route creation (driving and walking), traffic info, geocoding, and map imagery.
   - OpenStreetMap and OpenLayers: open-source mapping and GIS tools, with routing capabilities; OpenStreetMap has community-sourced map data including trails that may include cycling routes.
   - Google Maps Places and Directions APIs: useful for routing and places of interest although the original Google Maps API is deprecated.
   - Other mapping sources like Mapbox or ArcWeb if they support route creation.
5. Since the requirement focuses on cycling routes, an API that supports creating and retrieving custom routes, or supports walking/hiking trails and path data (which generally apply to cycling) is valuable.
6. Additionally, geography category or database category might provide data about trails or locations, but the priority is the mapping API for route creation and visualization.
7. The categories that may be useful:
   - mapping (for routes, maps, geolocation)
   - travel (some travel APIs may provide trail or outdoor activity data)
   - geography (for geographic/terrain data)
8. From available APIs matching these categories and functionalities, we can select:
   - mapquest, mapquest-open-directions, bing-maps, bing-maps-routes, openlayers, openstreetmap, google-directions, google-maps-places, google-maps-geocoding, google-maps-elevation, bing-maps-geocode-dataflow, tomtom-geocoding, arcweb, mapbox, geonb (if Canadian trails), geograph (England and Ireland images; possibly less relevant)
   - Some travel APIs like bing-traffic or lyft may be less relevant here.
9. For the best road rides, mountain bike trails and cyclocross locations, the mapping APIs with route and geocoding functionality are essential.
10. Since cycling is a form of travel but the key feature is maps and routes, the mapping category is the best fit.

**Conclusion**:
- Recommend categories: ['mapping', 'geography', 'travel']
- Recommend all matched APIs: [
    'bing-maps',
    'bing-maps-routes',
    'bing-maps-search',
    'bing-maps-geocode-dataflow',
    'mapquest',
    'mapquest-open-directions',
    'openstreetmap',
    'openlayers',
    'google-directions',
    'google-maps-places',
    'google-maps-geocoding',
    'google-maps-elevation',
    'tomtom-geocoding',
    'arcweb',
    'mapbox',
    'geonb',
    'geograph',
    'bing-traffic'
]
./output/gpt/plan_and_solve/responses.json
データが保存されました: ./output/gpt/plan_and_solve/responses.json (キー: ridedog-1)
------------------------------
評価中のサービス: pushr
Iteration 1, Total call: 29
**Reasoning**:
The requirement describes Pushr as a tool for small businesses to communicate directly with their customers via SMS. It involves:

- Scheduling groups of messages
- Organizing contacts
- Maintaining a log of SMS communications

This is a messaging-based communication platform focused on SMS for small business CRM.

Given these features, the relevant category is clearly "messaging" for SMS communication capabilities.

We need APIs that provide SMS gateway functionality, support sending SMS messages, managing message logs, scheduling or bulk sending features. Also, APIs that allow managing contacts or organizing recipients are relevant.

Among the available APIs, the following stand out as matches for the type of functionality needed:

- **Twilio SMS**: Cloud communications platform with REST API for sending/receiving SMS, tracking messages, message history. Highly suited for integrating SMS communication into applications.

- **Clockwork SMS**: SMS gateway API service allowing message sending, supports REST, SOAP and SMPP protocols.

- **Mogreet**: SMS/MMS marketing service with campaign management and sending SMS/MMS messages.

- **Vonage Nexmo SMS**: API enabling sending/receiving SMS messages globally via Nexmo SMS platform.

- **PostalMethods**: Postal gateway for sending letters and postcards but not SMS, not relevant.

- **Amazon SNS**: Notification service with SMS support, allows sending push notifications via SMS.

- **PubNub**: Real-time messaging service but generally for web and mobile realtime, less focused on SMS.

- **Slack APIs**: Not SMS focused but chat/messaging within apps.

- **Business Alerts**: Desktop alerts and mobile alerts, possibly not SMS.

- **Notifo**: Push notification service to mobile devices, possibly including SMS but usually push notifications.

Given these details, the best API matches are Twilio SMS, Clockwork SMS, Mogreet, Vonage Nexmo SMS, and possibly Amazon SNS for SMS notifications.

Other APIs in the messaging category either focus on chat or other messaging, or are not SMS specific.

No API specifically offers contact management functionality integrated into SMS, but given the focus on SMS communication, Twilio is the most flexible platform to manage sending, receiving, scheduling, and logs.

**Conclusion**:
- Recommend categories: ['messaging']
- Recommend All matched APIs: ['twilio-sms', 'clockwork-sms', 'mogreet', 'vonage-nexmo-sms', 'amazon-sns']
./output/gpt/plan_and_solve/responses.json
データが保存されました: ./output/gpt/plan_and_solve/responses.json (キー: pushr-1)
------------------------------
評価中のサービス: docusign-and-twilio
Iteration 1, Total call: 30
**Reasoning**:
The requirement is to enable a user to void a DocuSign Envelope using a phone call without internet service, essentially integrating DocuSign's electronic signature management with telephony capabilities. This calls for accessing and executing DocuSign API functionalities remotely via telephony services, which supports voice calls, SMS, or IVR systems.

To achieve this:
- We need an **electronic-signature** API, specifically DocuSign API, to interact programmatically with Envelope information and to perform void operations.
- We need a **telephony** API like Twilio to handle phone calls, interpret commands or inputs from the caller (DTMF or voice commands via IVR or speech recognition), and trigger the corresponding DocuSign API calls.
- Combining these two categories allows building a telephony-based interface for DocuSign envelope management, even without internet on the user side, relying on the phone network to trigger actions on DocuSign’s system.

From the provided list, the best candidates are:
- **DocuSign API** under **electronic-signature** category: For managing envelopes including voiding.
- **Twilio API** under **telephony** category: For integrating voice communication, triggering and handling calls.

**Conclusion**:
- Recommend categories: ['electronic-signature', 'telephony']
- Recommend All matched APIs: ['docusign-enterprise', 'twilio']
./output/gpt/plan_and_solve/responses.json
データが保存されました: ./output/gpt/plan_and_solve/responses.json (キー: docusign-and-twilio-1)
------------------------------
評価中のサービス: gool.li
Iteration 1, Total call: 31
**Reasoning**:

The description of Gool.li is a conceptual overview of a sophisticated information service, which aggregates data from multiple categories, organizes, filters, and categorizes information into a unified search result page (SERP). It integrates general search, domain-based grouping, and smooth social integration, aiming to be more knowledge-centric than merely a search engine. Their architecture is elastic, real-time, and based on enterprise mashups, with UI design focusing on responsive and multi-platform design based on cards and categories.

Key points from the requirements:
- The system aggregates data from diverse categories to form knowledge.
- Elastic and real-time architecture.
- Enterprise mashup design pattern.
- Cards design and filtering per category/card.
- Responsive and multi-platform UI design.
- General search that regroups links by domains.
- Soft social integration.
- The service emphasizes learning, discovery, and dreams — related to knowledge and education.
- Needs enhancement through user feedback.

Given this, we require:
- Categories that cover a wide range of information sources and domains representing knowledge.
- APIs that support versatile data (e.g., search, social, analytics, content, reference, etc.).
- APIs that enable aggregation of diverse info types (news, books, educational content, social content, research, analytics, mapping, tagging, etc.).
- APIs that support elasticity, real-time data, and mashups.
- APIs to support soft social integration.
- APIs to provide search and categorization.
- APIs that support UI enrichment (images, videos, audio, docs).
- Possibly APIs for natural language processing, semantic analysis, or text similarity for knowledge processing.
- APIs relevant to enterprise mashups and backend integration.

I will carefully select categories and APIs that fit the above concepts:

1. **Categories:**

- search: Core to Gool.li; general search and domain grouping.
- social: Soft social network data aggregation.
- analytics: For real-time logging, user behavior analysis.
- news-services: Provide current affairs, journalistic content.
- reference: Access to dictionaries, knowledge bases, encyclopedias.
- education: Access to educational content.
- machine-learning / natural-language-processing / semantics / tagging: For categorizing, filtering, and contextualizing information in the knowledge base.
- mapping / location: For geographic info related to searches.
- content / blogging: Access to blog content and article curation.
- media / video / music / photos: To enrich data cards with multimedia.
- tools / backend / platform-as-a-service: For building elastic, real-time mashup infrastructure.
- feedback: To collect user input, comments, and support data.

2. **APIs:**

From these categories, let's find matching APIs enabling the functionality:

- **search**: Google Custom Search, Bing API (historical), Yahoo Local Search, Yummly (recipes example), Open Movie DB, etc.
- **social**: Facebook Graph, Twitter Streaming, LinkedIn API, NationBuilder, Plancast, etc. For soft social integration.
- **analytics**: Galileo (real-time logging), Mixpanel, Google Analytics APIs.
- **news-services**: New York Times Article Search, Guardian Open Platform, Webhose.io, Reuters Spotlight.
- **reference**: Wikipedia API, DBpedia Spotlight, Wolfram Alpha, Wordnik, Library of Congress, etc.
- **education**: Victoria Albert Museum, GreatSchools, DonorsChoose, Schoology, Quizlet Flashcards, WizIQ Virtual Classroom.
- **natural-language-processing/machine-learning/semantics/tagging**: RxNLP Text Similarity, Dialogflow, Amplify, Thomsom Reuters Open Calais.
- **mapping/location**: Google Maps Places, Bing Maps APIs, OpenStreetMap, Mapbox, GeoNames, IP2Location.
- **media (photos/music/video)**: YouTube API, Vimeo, Flickr, SoundCloud, Jamendo, Spotify Web API, Instagram API.
- **tools/backend/platform-as-a-service**: Google Closure Compiler, CloudMine, Heroku, Quickblox, Pusher, GitHub API.
- **feedback**: UserVoice.
- **content/blogging**: Wordpress API, Disqus, Zemanta, Feedly.
- **enterprise/project management**: Harvest, Intellinote.
- **email/messaging**: Gmail API, Mailgun, Twilio.
- **security/authentication**: reCAPTCHA, Janrain Engage.

Taking into account the service description about "We search, we filter, we adjust, we categorize," APIs offering search, categorization, tagging, social data, and reference knowledge fit well.

**Conclusion**:

- Recommend categories:

['search', 'social', 'analytics', 'news-services', 'reference', 'education', 'natural-language-processing', 'machine-learning', 'semantics', 'tagging', 'mapping', 'location', 'media', 'tools', 'backend', 'platform-as-a-service', 'content', 'blogging', 'feedback', 'email', 'messaging', 'security', 'authentication', 'enterprise', 'project-management']

- Recommend All matched APIs:

['google-custom-search', 'bing-maps-search', 'yahoo-local-search', 'giphy', 'rxnlp-text-similarity', 'dialogflow-standard-webhooks', 'amplify', 'thomson-reuters-open-calais', 'wikipedia', 'dbpedia-spotlight', 'wolfram-alpha', 'wordnik', 'library-congress-srw', 'victoria-albert-museum', 'greatschools', 'donorschoose', 'quizlet-flashcards', 'schoology', 'wizIQ-virtual-classroom', 'facebook-graph', 'twitter-streaming', 'linkedin', 'nationbuilder', 'plancast', 'mixpanel', 'google-analytics-core-reporting', 'new-relic', 'webhoseio', 'new-york-times-article-search', 'guardian', 'reuters-spotlight', 'google-maps-places', 'bing-maps', 'openstreetmap', 'mapbox', 'ip2location', 'geonames', 'youtube', 'vimeo', 'flickr', 'soundcloud', 'jamendo', 'spotify-web', 'instagram-graph', 'google-closure-compiler', 'cloudmine', 'heroku', 'quickblox', 'pusher', 'github', 'uservoice', 'wordpresscom', 'disqus', 'zemanta', 'feedly', 'gmail', 'mailgun', 'twilio', 'recaptcha', 'janrain-engage', 'harvest', 'intellinote']

These selections provide broad coverage of categories and specific APIs that align well with Gool.li’s goals of elastic, real-time, categorized, multi-source knowledge mashups with soft social integration.
./output/gpt/plan_and_solve/responses.json
データが保存されました: ./output/gpt/plan_and_solve/responses.json (キー: gool.li-1)
------------------------------
評価中のサービス: filtrand
Iteration 1, Total call: 32
**Reasoning**:
The user is requesting an example of how to integrate the Twitter Streaming API, Pusher, and Pusher WebHooks, specifically referencing the blog post at http://blog.pusher.com/2011/12/7/filtrand-a-demo-webhooks. They want an example or guidance on usage.

To match this requirement, we need to consider:

1. Twitter Streaming API:
   - This is for accessing a real-time stream of tweets and related data.
   - The available API that matches this is: "twitter-streaming" from category social, which "allows high-throughput near-realtime access to various subsets of public and protected Twitter data."
   
2. Pusher API:
   - Pusher is a service that allows real-time bi-directional functionality via WebSockets.
   - The available API is "pubnub" under messaging category, but "Pusher" itself is available as "pusher" under tools.
   - "pusher" API offers hosted API for real-time bi-directional functionality with WebSockets, includes JavaScript client libraries and REST API.
   - Pusher WebHooks would be part of this API.
   
Hence, these two APIs directly match the user's requirements.

Therefore, the best categories related to the user's requirement are:
- social (Twitter Streaming API)
- tools (Pusher API)

The best matched APIs are:
- twitter-streaming (social)
- pusher (tools)

No other APIs directly relate to the requirement.

**Conclusion**:
- Recommend categories: ['social', 'tools']
- Recommend All matched APIs: ['twitter-streaming', 'pusher']
./output/gpt/plan_and_solve/responses.json
データが保存されました: ./output/gpt/plan_and_solve/responses.json (キー: filtrand-1)
------------------------------
評価中のサービス: symbyoz
Iteration 1, Total call: 33
**Reasoning**:

The requirement is for a "social utility to keep in touch more often and more easily with important friends from major social networks."

We need to analyze which categories and APIs best fit building or integrating such a utility.

1. **Understanding the core functionalities needed:**
   - Access to social networking data about friends and contacts.
   - Ability to manage connections, post or read updates, messages, or notifications.
   - Possibly, integration with multiple social networks to aggregate friend lists and help maintain contact.
   - Features might include reminders, messaging, social feed aggregation, or interaction facilitation.

2. **Relevant Categories:**
   - **social**: Contains APIs that provide access to social networks, social data, friend lists, posts, sharing, followers, and messaging.
   - **messaging**: May include APIs to send SMS, chat, notifications to maintain communication.
   - **chat**: Real-time chat capabilities might be useful for interaction.
   - **email**: If the utility includes email communication.
   - **notifications/rewards**: Could be used for reminders or engagement incentives.
   - **authentication/security**: To enable safe login across networks.
   
   The most critical category is **social**, which usually holds APIs from major social networks and related tools.

3. **Selecting appropriate APIs:**

   From the list of available APIs in **social** category:

   - **facebook-graph**: (Though deprecated, replaced by Facebook Graph, but listed as a legacy API) Can access Facebook social graph data, including friends and posts.
   
   - **twitter**, **twitter-streaming**, **twitter-search**: Twitter APIs give access to Twitter users, followers, tweets, and streaming real-time data. Twitter's current APIs may be broken down, but these legacy ones are referenced.

   - **linkedin**: Access to professional social network data, including contacts and connections.

   - **foursquare**: Location based social network data with venues and check-ins. Helpful if location is important.

   - **instagram-graph** and **instagram-real-time**: To access Instagram photos and user info.

   - **buffer**: For managing and scheduling tweets/posts on social networks.

   - **meetup**: For events and group social interactions.

   - **plancast**, **tagalus**, **tarpipe**, **readsocial**, **nationbuilder**, **scoopit**, **launchrock**, **pinterest-domain**, **tumblr**, **hyves**, **facebook**, **google-plus**, **google-talk**, **open-social**, **gravatar**, **fullcontact-person**, **peekyou-social-analytics**, **social-share-count**: All provide various ways to access or aggregate social data and interactions.

   Messaging and chat APIs like **twilio**, **quickblox**, **pubnub**, **slack-real-time-messaging**, **mesibo** etc, can help for real-time communication or messaging.

4. **Narrowing down to essential APIs:**

   For keeping in touch easily with friends from major social networks, the following are very relevant:

   - **facebook-graph** (Facebook is a major social network)
   - **linkedin** (Very important for professional contacts)
   - **twitter-streaming** or related Twitter APIs (Broad social network)
   - **instagram-graph** (Popular social photo sharing network)
   - **buffer** (To manage social posting/scheduling from multiple networks)
   - **pinterest-domain**, **tumblr** (if the utility includes discovery/sharing features)
   - **fullcontact-person** (to enrich contact info across social profiles)
   - **nationbuilder**, **scoopit** (platforms for community organizing and content curation)
   - For messaging: **twilio**, **quickblox**, or **pubnub** (real-time chat/messaging)
   
   However, to not overcomplicate, the core should be the social network APIs that provide access to "important friends" and their interactions.

5. **Why not messaging/chat alone?**

   Messaging/chat is part of the utility but mainly social APIs allow accessing the network data and relationships necessary. Messaging APIs could complement for direct communication features.

6. **Authentication?**

   Often social APIs require OAuth for users to authenticate and consent. Security/authentication APIs like **janrain-engage** or **google-web-authentication** could be used to streamline sign-ins.

**Conclusion**:

- Recommend categories: ['social', 'messaging', 'chat', 'security']

- Recommend All matched APIs:

  [
    'facebook-graph',
    'linkedin',
    'twitter-streaming',
    'instagram-graph',
    'buffer',
    'pinterest-domain',
    'tumblr',
    'fullcontact-person',
    'nationbuilder',
    'scoopit',
    'twilio',
    'quickblox',
    'pubnub',
    'janrain-engage',
    'google-web-authentication'
  ]
./output/gpt/plan_and_solve/responses.json
データが保存されました: ./output/gpt/plan_and_solve/responses.json (キー: symbyoz-1)
------------------------------
評価中のサービス: flickoutr
Iteration 1, Total call: 34
**Reasoning**:  
The requirement is for a service that enables painless sharing of Flickr images by tag or set across social platforms like Facebook and Twitter, with support for group sharing and multiple accounts.  

1. **Primary service involved**: Flickr — to access and manage images, by tag or set. The core service is Flickr photos and image sharing.  
2. **Sharing across Facebook and Twitter**: This implies interaction with social media APIs to post or share content on those networks.  
3. **Group sharing and multiple account support**: The system needs to manage multiple user accounts and social groups. This likely requires social networking APIs that support authentication (multiple accounts) and group functionality.  
4. **Categories to consider**:  
   - Photos (for Flickr image access)  
   - Social (for Facebook, Twitter social sharing and group management)  
   - Authentication (for multiple account login and management) - though the user did not mention login explicitly.  
   - Possibly messaging or chat are not applicable.  
   - Tools or other categories may be relevant only if integrating helper functionalities, but are secondary here.  
5. **APIs to consider from available list**:  
   - flickr (Category: photos) — to access Flickr images, including by tag or set.  
   - facebook-graph or facebook (social) — for sharing photos on Facebook. Note that facebook is historically deprecated and split into sub-APIs, but facebook-graph is available.  
   - twitter or twitter-streaming or twitter-search (social) — to post or share on Twitter. The original Twitter API is deprecated, but twitter-streaming or twitter-search exist.  
   - tagalus, nationbuilder, linkedin, plancast, etc. — Other social APIs but unrelated.  
   - Buffer (social) — This is a service that allows managing and scheduling tweets — helpful to post tweets with Flickr images.  
6. **Check if the APIs support posting/sharing**:  
   - flickr API lets developers access Flickr images and manage photos.  
   - Facebook Graph API lets apps post content to Facebook accounts (subject to authentication).  
   - Twitter API allows posting tweets, though the original is deprecated, twitter-streaming is more for reading tweets real-time, not posting.  
   - Buffer API allows scheduling and managing tweets and posts on social networks. It can act as an intermediation service to share content across Facebook & Twitter simultaneously and manage multiple accounts.  
7. **Group sharing**: Both Facebook and Twitter provide group or list/subscription structures. The Facebook Graph API supports posting to groups (with permissions).  
8. **Multiple accounts support**: Using OAuth authentication with Facebook and Twitter APIs, multiple accounts can be supported. Buffer also helps unify multiple accounts for social media posting.  
9. **Conclusion**: The combination of services would be:  
   - Flickr API to access images by tag or set.  
   - Facebook Graph API to share images on Facebook (including groups).  
   - Twitter API (likely via Buffer API) to share images on Twitter (Buffer supports multiple accounts and scheduling).  
   - Buffer API as a facilitator for scheduling and managing posts across Facebook & Twitter, supporting multiple accounts and groups.  

**Conclusion**:  
- Recommend Categories: ['photos', 'social']  
- Recommend APIs: ['flickr', 'facebook-graph', 'buffer', 'twitter']
./output/gpt/plan_and_solve/responses.json
データが保存されました: ./output/gpt/plan_and_solve/responses.json (キー: flickoutr-1)
------------------------------
評価中のサービス: trip-republic
Iteration 1, Total call: 35
**Reasoning**:
The requirement is for a travel planner service that integrates third-party supply data with user-generated content to create a unique travel recommendations application. The service should support planning and sharing trip ideas with co-travelers, searching and booking flights, hotels, activities, restaurants etc., and provide personalized travel recommendations akin to those from a travel buddy.

Key components to address in the solution:

1. Travel Search and Booking: Needs APIs to search and book flights, hotels, activities, restaurants.
2. User content and sharing: For sharing trip ideas and personalized recommendations.
3. Mapping and location services: For geographic information and navigation.
4. Social and recommendations: To provide sharing and personalized travel buddy suggestions.
5. Possibly messaging/chat or project/collaboration management services for co-travelers to plan together.

Analyzing available categories and APIs:

- The **travel** category contains multiple APIs providing flight, hotel search and booking, and travel content e.g., skyscanner-live-pricing, evature-travel-search, tripit, amadeus, easytobook, tourcms-marketplace, yahoo-travel, viamichelin.

- For mapping and geolocation services to support map visualization and location queries: **mapping** category APIs such as bing-maps-search, google-maps-places, mapquest-open-directions, tomtom-geocoding, mapbox, arcweb, mapquest, google-geocoding, google-distance-matrix are relevant.

- For social and recommendations, **social** and **recommendations** categories provide APIs like plancast (sharing events and plans), buffers (managing social tweets), yelp-fusion (business info and recommendations), trakt (movies/tv recommendations), and tagalus (twitter hashtag meanings). Here, Plancast is useful for sharing plans and events among friends (good for co-travelers), Yelp for restaurant and local business info and recommendations, and social APIs to enable collaborative features.

- For user collaboration and co-planning, **project-management** and **chat** categories if needed, with APIs like basecamp, harvest, campfire (chat) could come in handy but are not strictly necessary.

- For personalized recommendations and content integration, **data-as-a-service** APIs like zoominfo can provide business data but may not be relevant here. NLP or machine learning APIs are not obviously needed for travel recommendations given the baseline requirements.

Based on the above breakdown:

Recommended main categories: travel, mapping, social, recommendations, ecommerce (for booking and purchasing tickets and services)

Recommended APIs:

- Travel APIs for booking and search:

  - skyscanner-live-pricing (flight price info)

  - amadeus (flight, hotel, travel data and booking)

  - easytobook (hotel search and booking)

  - tourcms-marketplace (tour booking for tour operators)

  - yahoo-travel (trip planner data)

  - tripit (travel and itinerary info)

- Mapping APIs to provide location, routing, and map displays:

  - bing-maps-search

  - google-maps-places

  - mapquest-open-directions

  - tomtom-geocoding

  - mapbox

- Social APIs for sharing trip plans, events, communication:

  - plancast (sharing events and travel plans with friends)

  - buffer (manage social posts to share travel content)

- Recommendations APIs for personalized suggestions and local business data:

  - yelp-fusion (restaurants and local business info)

  - trakttv (entertainment recommendations as part of travel)

  - tagalus (social tag meanings to understand trends)

- Ecommerce and payments APIs for booking and transactions:

  - shopify-admin (for commerce backend)

  - kounta (POS system support)

Moreover, the solution could also use event APIs like Eventbrite or Active.com for listing things to do.

**Conclusion**:
- Recommend categories: ['travel', 'mapping', 'social', 'recommendations', 'ecommerce', 'payments', 'events']

- Recommend all matched APIs: [
  'skyscanner-live-pricing',
  'amadeus',
  'easytobook',
  'tourcms-marketplace',
  'yahoo-travel',
  'tripit',
  'bing-maps-search',
  'google-maps-places',
  'mapquest-open-directions',
  'tomtom-geocoding',
  'mapbox',
  'plancast',
  'buffer',
  'yelp-fusion',
  'traktttv',
  'tagalus',
  'shopify-admin',
  'kounta',
  'eventbrite',
  'active'
]
./output/gpt/plan_and_solve/responses.json
データが保存されました: ./output/gpt/plan_and_solve/responses.json (キー: trip-republic-1)
------------------------------
評価中のサービス: homewebshop
Iteration 1, Total call: 36
**Reasoning**:

1. The requirement is to build or enhance HomeWebShop.com, which is an online shopping site that wants to combine Google Maps and Amazon.com shopping services.

2. This involves two core functionalities:
   - Shopping functionality powered by Amazon.com
   - Geolocation/map functionality powered by Google Maps

3. From the Available categories and APIs, we need to identify categories that relate to:
   - Ecommerce/shopping platforms or product catalogs
   - Mapping or location-based services

4. For ecommerce:
   - The category "ecommerce" includes various shopping-related APIs.
   - Notably, there is "amazon-product-advertising" API in the ecommerce category which provides Amazon's product data and commerce functionality.
     This is directly related to Amazon.com shopping services integration.

5. For mapping:
   - The category "mapping" includes many map and geolocation APIs.
   - Since the requirement specifically states Google Maps, we need a Google Maps API.
   - However, the "google-maps" API is noted as no longer available, with its functions split into multiple APIs.
   - There are specific Google Maps related APIs such as:
     - google-maps-places
     - google-maps-geocoding
     - google-maps-direction
     - google-maps-distance-matrix
     - google-maps-elevation
     - google-maps-geolocation
     - google-static-maps
     - google-street-view-image
   - These APIs together provide broad mapping functionality similar to the classic Google Maps API.
   - Since the requirement is Google Maps combined in the project, these Google Maps APIs are appropriate.
   - For overall mapping functionality that resembles classic Google Maps integration, "google-maps-places" and "google-maps-geocoding" are essentials. "google-static-maps" is useful for embedding static images.

6. Therefore, we recommend the category "ecommerce" for the Amazon shopping integration, and "mapping" for the Google Maps integration.

7. For the APIs:
   - Provide "amazon-product-advertising" API from ecommerce
   - Provide relevant Google Maps APIs like "google-maps-places", "google-maps-geocoding", and optionally "google-static-maps" or others depending on use case.

**Conclusion**:

- Recommend categories: ['ecommerce', 'mapping']
- Recommend all matched APIs: ['amazon-product-advertising', 'google-maps-places', 'google-maps-geocoding', 'google-static-maps']
./output/gpt/plan_and_solve/responses.json
データが保存されました: ./output/gpt/plan_and_solve/responses.json (キー: homewebshop-1)
------------------------------
評価中のサービス: price-drop-you-save
Iteration 1, Total call: 37
**Reasoning**:
- The requirement is for an Amazon price tracker and price drop alerts service. 
- We want the service to be totally free and with no registration required.
- This service would most closely fit under ecommerce, as it deals with product price tracking, specifically Amazon products.
- Potential APIs to consider would be those that provide Amazon product data, price information, and possibly those that allow monitoring or alerts based on price changes.
- We have several ecommerce APIs related to Amazon:
  - "amazon-product-advertising": exposes Amazon product data and e-commerce functionality including product discovery and earning affiliate commissions.
  - "amazon-fulfillment-web-service": related to order fulfillment, less about price tracking.
  - "amazon-marketplace-web-service": automates listings, orders, payments, reports, etc., more for sellers.
- The "amazon-product-advertising" API is the most comprehensive API for retrieving Amazon product info including pricing, so it's the best candidate for product price tracking.
- However, the requirement states totally free and no registration required.
  - The amazon-product-advertising API typically requires registration and an API key to access.
- In the provided APIs, I do not see a dedicated Amazon price tracker or price drop alerts API that explicitly states being free and no registration required.
- Possibly some third party APIs or price comparison APIs could do this, but not Amazon specifically.
- Other ecommerce price comparison APIs like "pricespin," "sklepin," or "dealSurf" could potentially help but may not be free or no registration required.
- Given the scope, the "amazon-product-advertising" is the closest fit, it allows access to Amazon product data and pricing. Alerts would have to be implemented externally using this data.
- Since the requirements emphasize free and no registration, which is unusual for Amazon data, no API matches precisely.
- Other relevant category: "ecommerce" for product and price info, and possibly "recommendations" or "notifications" for alert mechanisms.
- No out-of-box alert feature is described in the APIs. Alerts would be built on top of product price data queries.

**Conclusion**:
- Recommend categories: ['ecommerce']
- Recommend All matched APIs: ['amazon-product-advertising']
./output/gpt/plan_and_solve/responses.json
データが保存されました: ./output/gpt/plan_and_solve/responses.json (キー: price-drop-you-save-1)
------------------------------
評価中のサービス: eventsites
Iteration 1, Total call: 38
**Reasoning**:
The requirement is to build an event site system that allows users to create a mini-website for their event. The site should include:

- Event description content (textual content)
- A Google Map to show the event location
- Photos from Flickr (photo sharing service)

Key details:
- The system is built entirely using AJAX (Asynchronous JavaScript and XML) calls
- No data is stored on the server side — it aggregates data directly from external services

From these needs, we analyze the functionalities:

1. **Event Description**: This is likely user-generated content or metadata about the event. The requirement does not specify a third-party API for description hosting or content management, so no specific API is needed here unless a blogging or CMS API is used. However, since it stores no data and is a pure mashup, assume the description is provided by the user or input on the site.

2. **Map Integration**: The site wants to embed a Google Map showing the event location. Hence, a mapping API is required for geolocation, displaying the map, and location markers. Google's APIs are ideal, but from the available APIs listed, we look for mapping APIs providing Google Maps or similar mapping services. The requirement explicitly mentions Google Map, so appropriate mapping APIs for Google Maps or equivalents should be considered.

3. **Photo Integration**: The site wants to fetch photos from Flickr to display on the event site. Flickr is a popular photo sharing platform with an API to retrieve photos. Thus, a photos API corresponding to Flickr or similar is required.

Looking into the available categories and APIs:

- **Mapping Category**: Many mapping APIs are listed, including Google Maps Places, Google Maps Geocoding, Bing Maps, MapQuest, OpenLayers, Google Static Maps, Google Maps Geocoding, Google Maps Places, etc. The "google-maps-places," "google-maps-geocoding," and "google-static-maps" seems relevant for showing maps and places.

- **Photos Category**: Exists several APIs including "flickr," "instagram-graph," "pixabay-free-images," "photobucket," "500px" (not public), "google-picasa" (deprecated), "images," "photobucket," "amber," "instagram-real-time," "twitpic," "imgur," etc. The Flickr API is explicitly mentioned and is available and suitable.

- **Applications or Blogging**: Not immediately needed for our scenario, since the site does not store any data.

Conclusion: We need mapping APIs to embed/display the map and retrieve location details, and photo APIs to get Flickr images.

Among the mapping APIs, since we want to embed Google Map and location data, the "google-maps-places," "google-maps-geocoding," and "google-static-maps" APIs fit.

Among photo APIs, the "flickr" API is the exact match.

**Note on Google Maps APIs:** The "google-maps" API profile here is deprecated, but "google-maps-places," "google-maps-geocoding," and "google-static-maps" APIs are current mapping APIs for embedding maps, handling places, and rendering static maps.

**Conclusion**:
- Recommend categories: ['mapping', 'photos']
- Recommend All matched APIs: ['google-maps-places', 'google-maps-geocoding', 'google-static-maps', 'flickr']
./output/gpt/plan_and_solve/responses.json
データが保存されました: ./output/gpt/plan_and_solve/responses.json (キー: eventsites-1)
------------------------------
評価中のサービス: tweets-abound
Iteration 1, Total call: 39
**Reasoning**:

1. The mashup requires automatic geocoding of Twitter Public Timeline data onto Google Maps.
   - This implies we need:
     - Access to Twitter Public Timeline data, or Twitter search data with specific criteria.
     - Geocoding capability to convert location information from tweets or user data to geographic coordinates.
     - Mapping API to display geocoded points on a map.
   
2. The mashup also allows users to search Twitter using specific criteria.
   - We need Twitter Search API access that supports querying tweets by keywords, hashtags, users, location, or other filters.
   
3. The mashup requires geocoding the search response and plotting locations on Google Maps.
   - The search results from Twitter must have location-related information that can be mapped.
   - The geocoding service must accept input like place names or IP addresses and produce latitude/longitude.
   - The mapping API, e.g., Google Maps API, should allow display of the points.
   
4. Based on available APIs, we should:
   - Identify Twitter APIs that provide public timeline and search functionalities.
   - Select geocoding APIs suitable for the mashup, especially those that are compatible or analogous to Google Maps.
   - For mapping, we note that the Google Maps API is deprecated in one form but has been split into multiple APIs like Places API, Geocoding API, Static Maps, and Routes.
   - The mashup explicitly mentions usage of Google Maps for plotting; hence, a Google Maps related API or equivalent mapping API that can display maps and markers is required.
   
5. Examine available Twitter APIs:
   - "twitter-search": Twitter search API with optional restrictions.
   - "twitter-streaming": Allows real-time access to Twitter data including public statuses.
   - However, note: "twitter" API is deprecated.
   - Also "twitter-search" seems to be the relevant API for search functionality.
   
6. Examine geocoding APIs:
   - "google-geocoding" API: Provides geocoding service compatible with Google Maps.
   - Other geocoding-related APIs include "bing-maps-geocode-dataflow", "mapquest-geocoding", "tomtom-geocoding", "smart-ip-geo-ip" and others.
   - Given the requirement explicitly mentions Google Maps, the "google-geocoding" API is the best fit for geocoding.
   
7. For mapping:
   - Google Maps JavaScript APIs are deprecated, but "google-maps-places", "google-maps-geolocation", "google-static-maps", and other Google Maps related APIs remain.
   - Since the mashup uses Google Maps for plotting and visualization of geocoded data, "google-static-maps" or similar API may be used.
   - Alternatively, "bing-maps" or "mapquest" APIs are available.
   - Given the specification to use Google Maps, "google-static-maps" or any available Google Maps related APIs that allow embedding maps and markers.
   
8. Summarize:
   - Categories involved: social, search, mapping.
   - APIs involved: Twitter search API, Google Geocoding API, Google Maps API or equivalent.

**Conclusion**:

- Recommend categories: ['social', 'search', 'mapping']

- Recommend matched APIs:
  - 'twitter-search' (Category: search) -- For Twitter search with criteria.
  - 'google-geocoding' (Category: mapping) -- For geocoding location data from tweets.
  - 'google-static-maps' or 'google-maps-places' (Category: mapping) -- To display geocoded locations on Google Maps.
  - Optionally, 'twitter-streaming' (Category: social) -- If real-time streaming is wanted for the public timeline.
  
Since the problem states GoogleMaps, the Google Maps APIs related to displaying maps should be used, but they are split, so 'google-static-maps' is a safe choice here.

# Final recommended APIs:
['twitter-search', 'google-geocoding', 'google-static-maps']
./output/gpt/plan_and_solve/responses.json
データが保存されました: ./output/gpt/plan_and_solve/responses.json (キー: tweets-abound-1)
------------------------------
評価中のサービス: starterpad
Iteration 1, Total call: 40
**Reasoning**:

1. The service, StarterPad, is a free social network aimed at entrepreneurs to help each other succeed.
2. Such a service would primarily involve social networking features such as user profiles, connections, messaging, content sharing, and social collaboration.
3. Users need to log in using their Facebook and Twitter accounts, which requires social authentication.
4. Based on the requirement of using Facebook and Twitter APIs for login, the service depends on social media APIs and probably OAuth-based authentication frameworks.
5. For a social network, social APIs are crucial, to integrate user's social graph, facilitate sharing, and other social networking interactions.
6. Authentication is a distinct category since login with Facebook and Twitter implies the need to support OAuth or other web authentication mechanisms.
7. We should look for available categories and APIs involving social networking and authentication.
8. We see the “social” category with multiple APIs for social networks including Facebook, Twitter, LinkedIn, etc.
9. Authentication category is relevant since login with Facebook and Twitter involves authentication.
10. Specifically, for Facebook API: We have a Facebook Graph API in the social category.
11. For Twitter API: The Twitter REST API is split but Twitter Streaming API and Twitter search are available under social or search, but the Twitter API has a note about being deprecated; however, alternatives exist.
12. Authentication APIs in the available list include google-web-authentication, yahoo-bbauth, janrain-engage, and google-single-signon but none specifically mention Facebook/Twitter OAuth. But the social APIs typically include authentication methods (OAuth).
13. To support login via Facebook and Twitter, the social category is the best place, as it includes Facebook Graph API and Twitter APIs.
14. Therefore, the recommended categories are "social" and "authentication."
15. The matched APIs would be: 
    - facebook-graph (social)
    - twitter / twitter-streaming / twitter-search (social) — though twitter is deprecated officially, but still relevant.
    - janrain-engage (authentication) for social login facilitation if needed, or alternatives.
16. Since the requirement is specifically for Facebook and Twitter login, we pick their respective APIs.
17. Additionally, "social" category covers the essential social network features; “authentication” covers login integration.
18. No other categories (like messaging or chat) are explicitly required based on the problem statement, but they can be considered later for extended functionality.

**Conclusion**:
- Recommend categories: ['social', 'authentication']
- Recommend all matched APIs: ['facebook-graph', 'twitter-streaming', 'janrain-engage']
./output/gpt/plan_and_solve/responses.json
データが保存されました: ./output/gpt/plan_and_solve/responses.json (キー: starterpad-1)
------------------------------
評価中のサービス: intellinote-zapier
Iteration 1, Total call: 41
**Reasoning**:

The requirement specifies a mashup that integrates Intellinote with Zapier. Some key points to note:
- Intellinote is a collaboration and project management platform.
- Zapier is a system that connects various applications through triggers and actions, often via APIs.
- The mashup would involve using Intellinote triggers and actions on Zapier to transfer or react to data/events between Intellinote and other connected apps.
- This benefits both technical and non-technical users, enabling automation and integration without custom code.
- The mashup allows creation of notes, tasks, files, etc. in Intellinote from other apps' activity.
- Similarly, Intellinote activity can trigger actions in other Zapier-connected apps.

From the provided available categories and APIs:

- Intellinote is clearly listed under the **project-management** category, with an API named "intellinote" described exactly matching the above functionality.
- Zapier is under the **tools** category, with an API named "zapier," described as a service that integrates various applications using API keys, supports managing account information, performing actions, and automation.
  
Since the mashup specifically combines these two services through their APIs, these two are the relevant categories and APIs.

Other categories and APIs are unrelated to the requirement (e.g., messaging, mapping, finance, social, etc.) and no other APIs mention direct Intellinote or Zapier integration.

**Conclusion**:

- Recommend categories: ['project-management', 'tools']
- Recommend All matched APIs: ['intellinote', 'zapier']
./output/gpt/plan_and_solve/responses.json
データが保存されました: ./output/gpt/plan_and_solve/responses.json (キー: intellinote-zapier-1)
------------------------------
評価中のサービス: landmarkr
Iteration 1, Total call: 42
**Reasoning**:

The project involves creating a hackathon application to show routes with landmarks. This entails:

1. Mapping and routes service — to display maps and create routes between points.
2. Landmarks or location-based data service — to get points of interest / landmarks data.
3. Possibly integration of search or geographic information about these landmarks.
4. The final goal is visualization of routes enriched with landmark info.

From the available categories and APIs:

- Mapping: Essential to display maps and routes.
- Geography: For location-related data like landmark info.
- Possibly Social or Recommendations to get landmark descriptions or user-generated data about landmarks, but "geography" seems more direct.
- Routes: Route creation APIs, usually in the mapping category.

From the list of APIs, some relevant ones:

- bing-maps-routes (Mapping): Used to create routes with multiple locations and include traffic and other details.
- bing-maps-search (Mapping): Allows querying mapping-related search queries to get location info; could find landmarks.
- bing-maps (Mapping): Comprehensive API with maps, routes, traffic info.
- google-maps-places (Mapping): Returns info about places (establishments, geographic points of interest) and supports search and details. Useful for getting landmarks data.
- mapquest (Mapping) and related like mapquest-open-directions: Provide maps, routing, and geocoding. Could be used for routes and landmarks.
- geograph (Geography): Project with geographically representative images of UK and Ireland, may be too limited geographically.
- metro-locator services like MetaLocator provide searchable maps and location directories.
- yahoo-placemaker and yahoo-geoplanet provide geo-enrichment and location management, could help with landmark identification.
- openstreetmap and associated APIs provide open map data and possibly landmarks.
- Your Mapper: Aggregates local government data, including geocoded data - could be relevant for landmarks.
- metalocator: Can be used to add and manage location directories and searchable maps, useful for landmarks.
- geonames (Reference): Geographical database with data about places, post codes, weather, timezone, etc.
- smart-ip-geo-ip, ip2location, and other ip-to-location APIs are more IP geolocation services, less relevant.

For route with landmarks, a mapping API that supports route creation and key landmarks or places info is crucial:

- bing-maps-routes for route.
- bing-maps-search or google-maps-places for landmark search/details.
- mapquest-geocoding and mapquest-open-directions could also be alternatives.

Therefore, the best approach is to use:

- A mapping API for route visualization and route creation (bing-maps-routes or mapquest-open-directions).
- A places search API for obtaining landmarks (bing-maps-search, google-maps-places).
- Possibly a geography data API for landmark info (metalocator or geonames).

Given the hackathon nature and the focus on routes and landmarks, the recommended categories are:

- mapping (for maps, routes, geocoding)
- geography (for landmarks, geographic data)
- search (possibly for places or landmarks search API)

The suitable APIs would be:

- bing-maps-routes (Mapping): for creating and displaying routes.
- bing-maps-search (Mapping): for searching for landmarks along the route.
- google-maps-places (Mapping): for places/landmark info.
- mapquest-open-directions (Mapping): alternative for route directions.
- geonames (Reference/Geography): for landmark and place information.
- metalocator (Mapping): for creating searchable maps and location directories.
- Your Mapper (Mapping): for accessing local government data, including locations.
- openstreetmap (Mapping): open source maps with possibly landmark data.

If focused on broad accessible APIs for route and place data, bing maps and google maps are strong choices due to their comprehensive data and route support.

**Conclusion**:

- Recommend categories: ['mapping', 'geography', 'search']

- Recommend All matched APIs: [
  'bing-maps-routes',
  'bing-maps-search',
  'google-maps-places',
  'mapquest-open-directions',
  'geonames',
  'metalocator',
  'your-mapper',
  'openstreetmap'
]
./output/gpt/plan_and_solve/responses.json
データが保存されました: ./output/gpt/plan_and_solve/responses.json (キー: landmarkr-1)
------------------------------
評価中のサービス: caddiehub
Iteration 1, Total call: 43
**Reasoning**:

The requirement is to search for golf-related videos, tutorials, and golf courses, with each item mapped. This implies several key features the mashup service needs:

1. Search functionality for golf videos and tutorials:
   - This points to the need for media/video APIs where golf instructional content might be found.
   - Also perhaps search APIs specialized for video or general search APIs.

2. Search or access to golf courses with mapping:
   - Golf courses are physical locations, so integration with mapping and location services is needed.
   - The map should also be able to show golf course locations.

3. The service would ideally allow mapping golf courses and associating videos and tutorials with locations.

Hence, the mashup needs:

- Category: video (for golf videos)
- Category: search (to allow searching for content - videos, tutorials, courses)
- Category: mapping (to show golf courses on maps)

Looking at the available APIs in these categories from the provided list:

a) Video-related APIs that could have golf videos/tutorials:

- youtube: The Data API allows searching for videos and retrieving content from YouTube. YouTube is a major source of golf videos and tutorials.
- dailymotion: Another video platform, but less popular.
- brightcove: Also a video platform.
- vimeo: Video platform, but less common for instructional content.
- embedly: Gets embed code from many sites including video.

Among these, youtube is the most robust and likely to have a large collection of golf-related videos and tutorials.

b) Search:

- google-custom-search: Allows adding web/image search capabilities.
- bing-maps-search: Has search related to mapping.
- primal: Creates interest graphs and content filtering.
- giphy: animated GIF search (less relevant for golf tutorials).
- yummly, etc. (recipes, irrelevant).
- open-movie-database, semrush, vast, and others: mostly general search or specialized.
- tagoo: audio/video search service, but mainly audio/video; may be less extensive than youtube.
  
Google Custom Search can complement searching for golf tutorials and courses from the general web.

c) Mapping:

- google-maps-places: Provides place/location data by geographic coordinates and allows searching for places (such as golf courses).
- bing-maps (and related Bing Maps APIs): mapping and search services.
- mapquest, openlayers, mapbox: mapping APIs.
- geonames: geographical database with place info.
- yelp-fusion, foursquare: places/business reviews and data; likely to have golf courses.
- your-mapper, metalocator: location directory services.
- google-geocoding/google-maps-geocoding: location lookup.
  
Among these, google-maps-places offers detailed info and search for places and is suitable for mapping golf courses along with location metadata.

Additionally:

- yelp-fusion: It has business review and location data including venues. Golf courses may be listed.
- foursquare: Could also provide nearby venue info including golf courses.

For the tutorial videos: youtube API is the best choice.

For mapping golf courses: google-maps-places API is an ideal fit.

For searching more general golf tutorials and golf courses info from the web: google-custom-search can be used.

Therefore, at minimum, three categories should be involved: video, search and mapping.

**Conclusion**:

- Recommend categories: ['video', 'search', 'mapping']

- Recommend All matched APIs: ['youtube', 'google-maps-places', 'google-custom-search']
./output/gpt/plan_and_solve/responses.json
データが保存されました: ./output/gpt/plan_and_solve/responses.json (キー: caddiehub-1)
------------------------------
評価中のサービス: memolane
Iteration 1, Total call: 44
**Reasoning**:

The requirement is to "Capture your memories from popular social media sites" and have the ability to "See, search and share your photos, music, video, status updates, blog posts and more."

Breaking down the requirement:

- We need to access various types of user-generated content from social media platforms or broadly from social networking and media services.
- The kinds of content include: photos, music, videos, status updates, blog posts, etc.
- The ability to see (retrieve/display), search, and share these various content types.
- Since the source data is from social media sites, social networking API categories would be a primary target.
- Content types span into the categories of photos, music, video, blogging, and social.
- Also, interaction with status updates, posts, sharing, and social content suggests social APIs.
- Additionally, some sort of media services like music and video APIs may be relevant.
- Blogging APIs help with retrieval and posting of blog content.

From the available categories, the following are relevant:

- social: To get social site data, status updates, user info, sharing etc.
- photos: For photo sharing and retrieval API from social sites.
- music: For music related data and APIs.
- video: For video sharing and management APIs.
- blogging: To access blog posts and related content.

Now looking at available APIs matching these categories and content:

1. Social APIs:
   - facebook-graph: For social graph data including photos, events, posts.
   - twitter (note: no longer fully available but mentioned historically)
   - linkedin: Social networking platform.
   - tumblr: Social blogging and posts.
   - pinterest-domain: For pins and boards.
   - instagram-graph: For photo sharing and friend connections.
   - buffer: Manage and schedule tweets, social updates.
   - foursquare: Location-based social venue info.
   - vk: Large European social network.
   - nationbuilder: Social community organizing.
   - scoopit: Content curation and social distribution.
   - shizzow: Location sharing socially.
   - readsocial: Share and connect over content in reading applications.
   - tagalus: Twitter hashtags meaning.
   - plancast: Share events socially.
   - tarpipe: Social presence management and content sharing.
   - social-share-count: To get sharing counts on URLs.
   - twitter-streaming: Real-time Twitter data streaming.
   - social-actions: Volunteer and philanthropy social actions.

2. Photo APIs:
   - flickr: Photo sharing and retrieval.
   - instagram-graph: Photos and connections.
   - 500px (though API no longer public)
   - photobucket: Popular photo sharing platform.
   - pixabay-free-images: License-free public domain photos.
   - smugmug: Photo hosting and sharing.
   - snipshot: Online photo editing.
   - imgur: Photo sharing and upload.
   - twitpic: Upload photos to Twitter.
   - picplz: Photo sharing mobile app.
   - 23: Flickr-based photo sharing.
   - panaromio: Geolocated photos (deprecated).
   - google-picasa (deprecated but historically for photos).
   - google-photos (not explicitly listed but related to Google APIs).

3. Music APIs:
   - spotify-web: Access Spotify music catalog.
   - lastfm: Music data, albums, artists.
   - soundcloud: Audio upload and sharing.
   - jamendo: Music albums, playlists.
   - musixmatch: Song lyrics with metadata.
   - beatport: Electronic music downloads.
   - blipfm: Music data and playlists.
   - bandsintown: Live concerts and music recommendations.
   - artistdata: Artist related data feeds.
   - musikki-music: Curated music content catalog.
   - gruvr: Geocoded concert data.
   - 7digital: Music download and catalog.
   - bandcamp: Music marketplace and sales data.
   - songkick: Live music database.
   - idiomag: Music articles, photos, videos.
   - sonicapicom: Audio effects and music processing.

4. Video APIs:
   - youtube: Video search, upload, playlist management.
   - vimeo: Video upload and playback.
   - dailymotion: Video platform with upload & sharing.
   - brightcove: Media video library management.
   - embedly: Embed videos and rich media content.
   - framey: Webcam video recording on websites.
   - ideo: (Not listed but video API examples).
   - trailer-addict: Movie trailers embedding.
   - ivavideo: Movie, TV metadata and videos.
   - roku-web-service: Streaming video control and management.
   - stupelift: Automatic video generation.

5. Blogging APIs:
   - wordpresscom: WordPress.com blog posts, comments, metadata.
   - blogger: Google Blogger blog management.
   - disqus: Comments system and interaction.
   - livejournal: Blog journal information.
   - zemanta: Contextual content and metadata while blogging.
   - feedly: RSS and blog feed reader.
   - weblogs: Blog ping service and feed notification.

Other considerations:
- Email APIs could be used for sharing content or sending.
- Social APIs often include status updates, posts, photos, events.
- Multiple API are RESTful and allow authenticated access to user data from respective platforms.

**Conclusion**:

Recommend categories: [
  'social',
  'photos',
  'music',
  'video',
  'blogging'
]

Recommend All matched APIs: [
  // Social
  'facebook-graph',
  'linkedin',
  'tumblr',
  'pinterest-domain',
  'instagram-graph',
  'buffer',
  'foursquare',
  'vk',
  'nationbuilder',
  'scoopit',
  'shizzow',
  'readsocial',
  'tagalus',
  'plancast',
  'tarpipe',
  'social-share-count',
  'twitter-streaming',
  'social-actions',
  // Photos
  'flickr',
  'photobucket',
  'pixabay-free-images',
  'smugmug',
  'snipshot',
  'imgur',
  'twitpic',
  'picplz',
  '23',
  'panoramio',
  'google-picasa',
  // Music
  'spotify-web',
  'lastfm',
  'soundcloud',
  'jamendo',
  'musixmatch',
  'beatport',
  'blipfm',
  'bandsintown',
  'artistdata',
  'musikki-music',
  'gruvr',
  '7digital',
  'bandcamp',
  'songkick',
  'idiomag',
  'sonicapicom',
  // Video
  'youtube',
  'vimeo',
  'dailymotion',
  'brightcove',
  'embedly',
  'framey',
  'trailer-addict',
  'iva-video',
  'roku-web-service',
  'stupeflix',
  // Blogging
  'wordpresscom',
  'blogger',
  'disqus',
  'livejournal',
  'zemanta',
  'feedly',
  'weblogs'
]
./output/gpt/plan_and_solve/responses.json
データが保存されました: ./output/gpt/plan_and_solve/responses.json (キー: memolane-1)
------------------------------
評価中のサービス: cosmos-and-culture
Iteration 1, Total call: 45
**Reasoning**:

The requirements specify the need for an API entry for the Science Museum's API competition. Key features to include are:

- Large gallery: This implies managing or accessing large collections of museum artifacts, images, or exhibits.
- Location map: The application or API should provide geographic or spatial data, likely to facilitate visualization of museum locations, exhibit locations, or related site mapping.
- Object timeline: Presenting a historical timeline related to exhibits or objects, which involves chronological data management or retrieval.

Based on the provided available categories and APIs, we should focus on:

1. **Education** category: Museums often fall under educational services. The API related to the Science Museum would most likely be categorized here.

2. **Science** category: Since it’s the Science Museum, there may be specific data sets or APIs related to scientific objects or exhibits.

3. **Mapping** category: For location maps, mapping APIs can be used to display spatial information.

4. **Photos** or **Media** category: For handling a large gallery of images or media related to objects at the museum.

Looking at the available APIs, one matches the exact mention:  
- API named "science-museum" in the "education" category with description: "Use the Science Museum APIs to access pledge information and a list of exhibitions and galleries, both current and historical. The Pledges API was developed for the Science Museum exhibition, Does flying cost the Earth? In the exhibition, visitors made pledges, and some also entered demographic data. Use the Pledges API to access this pledge data. The Countries API is used by the Pledges API for reference purposes. The Exhibitions API lists exhibitions and galleries at the Science Museum, both current and those from the past."

This API fits perfectly with the requirement as it provides exhibition and gallery data, suitable for building a large gallery and exhibition timeline.

For location map, consider a mapping API. Some mapping APIs enable adding maps and markers for the locations of exhibits or galleries:

- "google-maps" (deprecated) - but newer mapping APIs exist.
- "bing-maps" and related Bing Maps REST services.
- "OpenLayers" - free, open source mapping library.
- "mapquest" - mapping and directions.
- "mapbox" - open-source mapping tools.
- "metacarta" - geographic intelligence solutions.
   
From these, "mapbox" or "OpenLayers" can be strong candidates for embedding location maps in the app.

Regarding the object timeline, this is more about how the application handles the chronological order of the exhibits data, which could be handled through the educational APIs or content APIs.

Optionally, some photo APIs could be used for galleries, but since the science-museum API already mentions access to exhibitions and galleries, it's likely sufficient.

**Conclusion**:

- Recommend categories: ['education', 'mapping', 'science']  
- Recommend All matched APIs: ['science-museum', 'mapbox', 'openlayers', 'bing-maps']
./output/gpt/plan_and_solve/responses.json
データが保存されました: ./output/gpt/plan_and_solve/responses.json (キー: cosmos-and-culture-1)
------------------------------
評価中のサービス: flitter
Iteration 1, Total call: 46
**Reasoning**:

The user asks for a mashup consisting of several services from the following providers or types:

- Amazon (for album/book details)
- Audioscrobbler (for related artists)
- Flickr (for tagged photos)
- del.icio.us (for tagged links)
- Blogdigger (for media files)
- Feedster (for matching weblog posts)

We need to:
1. Understand the essential functionality from the mashup:
   - From Amazon: album/book details
   - From Audioscrobbler: related artists
   - From Flickr: tagged photos
   - From del.icio.us: tagged links/bookmarks
   - From Blogdigger: media files from blogs
   - From Feedster: matching weblog posts

2. Find matching/plugin APIs from the provided list that cover these required services.

Detailed analysis for each service:

- Amazon (album/book details):
  - Amazon APIs are provided under ecommerce, reference, books, and music categories.
  - Relevant APIs:
    - amazon-product-advertising (ecommerce): accesses Amazon's product data (includes albums, books).
    - abebooks (search): book marketplace, book search.
  
- Audioscrobbler (related artists):
  - Audioscrobbler is now part of Last.fm project.
  - Check for lastfm API under music category:
    - Last.fm: RESTful API giving access to album, artist, playlist, events, users, etc. Includes related artist data.
  
- Flickr (tagged photos):
  - Flickr API exists under photos category.
  
- del.icio.us (tagged links):
  - Delicious API listed under bookmarks category, provides access to bookmarks and tags.
  
- Blogdigger (media files):
  - Blogdigger is not directly listed, but Feedster, Bloglines are related to weblog search/feeds.
  - The user requires media files from blogs, so it is likely a feed or blogging API.
  - Bloglines API is available, providing access to news feeds, unread blog items, subscriptions.
  
- Feedster (matching weblog posts):
  - Feedster is not explicitly in the list.
  - For weblog posts or blog search, options include:
    - weblogs (ping service)
    - feedly (RSS/blog feed aggregator)
    - bloglines (feed reader)
  - Del.icio.us and Bloglines might cover bookmarks and feed reading needs.

Evaluating from available APIs:

- Amazon related:
  - "amazon-product-advertising": e-commerce API retrieving product details (books, albums).
  - "abebooks" (book search).
  - For albums, the Amazon Product Advertising API is a better fit.

- Audioscrobbler related:
  - The listed "lastfm" API provides access to music data, including related artists.
  
- Flickr:
  - "flickr" API for photos and photo feeds.
  
- del.icio.us:
  - "delicious-0" API supports bookmarks and tags.

- Blogdigger and Feedster (media files, weblog posts):
  - No explicit Blogdigger or Feedster APIs.
  - Best approximations:
    - "bloglines" (feeds)
    - "feedly" (blog/RSS reader API)
  - Bloglines would be a better fit, as it provides unread blog items and subscriptions.
  - Feedly is a modern feed reader, also fits for weblog post matching.
  
Since Blogdigger and Feedster are not listed APIs, we can substitute with Bloglines and Feedly as similar services providing media/blog feed and weblog post access.

**Conclusion**:
- Recommend categories: ['ecommerce', 'music', 'photos', 'bookmarks', 'blogging', 'feeds']
- Recommend all matched APIs:
  - 'amazon-product-advertising' (amazon album/book details)
  - 'lastfm' (Audioscrobbler related artists)
  - 'flickr' (tagged photos)
  - 'delicious-0' (del.icio.us tagged links/bookmarks)
  - 'bloglines' (media files from blog feeds)
  - 'feedly' (matching weblog posts and feed management)

Note: Audioscrobbler is historically merged into Last.fm, so lastfm API is the appropriate substitute.

# Final Recommendation

**Recommend categories**:  
['ecommerce', 'music', 'photos', 'bookmarks', 'blogging', 'feeds']

**Recommend APIs**:  
['amazon-product-advertising', 'lastfm', 'flickr', 'delicious-0', 'bloglines', 'feedly']
./output/gpt/plan_and_solve/responses.json
データが保存されました: ./output/gpt/plan_and_solve/responses.json (キー: flitter-1)
------------------------------
評価中のサービス: rental-source
Iteration 1, Total call: 47
**Reasoning**:
We need to build or propose APIs for a mashup service that offers various types of real estate rentals like apartment rentals, vacation rentals, home rentals, and other real estate rentals. The service should allow searching the listings and posting rental listings. Additionally, it needs to integrate or perform searches that include Craigslist data.

Step 1: Identify relevant categories
- Real estate rentals fit clearly into the "real-estate" category.
- Searching and posting listings imply capabilities related to "search" and "business" or "ecommerce" categories because it involves listings and possible transactions or management of listings.
- Since Craigslist is specifically mentioned, it would be ideal if there is an API that can access or aggregate Craigslist rental data. Craigslist APIs are not explicitly listed here, but it might be aggregated within some ecommerce or real-estate related APIs.

Step 2: Identify APIs in "real-estate" category
- There is Nestoria: A vertical search engine for property in the UK and Spain.
- Booli: Swedish real estate search portal with an API.
- RealtyBaron-Answers: Question and Answer service for real estate.
- Walk Score: Provides walkability score for an address in the US.
- Zillow: Provides APIs for home valuation, property details, market statistics, and mortgage data.

Of these, Zillow is most comprehensive with listings, home valuations, property details, and market stats. Nestoria and Booli are focused on specific countries.

Step 3: Identify API that integrates with Craigslist or broad rental listings
- Craigslist is not listed explicitly.
- However, Oodle is described as aggregation of classifieds and helps find listings from hundreds of sources including Craigslist. Oodle is in "ecommerce" category and helps find listings of products and classifieds.
- Viator and other travel APIs focus on tours and activities, not rentals.
- No direct Craigslist API listed; Oodle can serve as a source for Craigslist rental data aggregation.

Step 4: Identify APIs supporting posting listings
- Booking.com Content API supports listing properties for hotels (not exactly apartments or homes).
- Shopfiy, Magento, WooCommerce are ecommerce but generally for goods, not rentals.
- Zillow provides property info but posting listings likely limited to partners.
- Nestoria and Booli are search APIs mostly, unclear if posting.
- So posting capability might be limited or done via broader ecommerce-classified APIs like Oodle.

Step 5: Final selection
- Category: real-estate (for property rental data)
- Category: ecommerce (for classifieds aggregation like Oodle and possibly posting)
- Category: search (for searching listings functionality which is core here)
- Consider including "business" if needed.

APIs:
- Zillow (real-estate) - detailed property rental info and market stats.
- Nestoria (real-estate) - property search in UK/Spain.
- Booli (real-estate) - property search in Sweden.
- Walk Score (real-estate) - neighborhood and address based walkability score.
- Oodle (ecommerce) - aggregates classifieds, including Craigslist.
- Booking.com Content API (booking) - for vacation rentals specifically, if needed.

Step 6: Craigslist mention
- Oodle is the best fit for Craigslist integration.

**Conclusion**:
- Recommend categories: ['real-estate', 'ecommerce', 'search']
- Recommend All matched APIs: ['zillow', 'nestoria', 'booli', 'walk-score', 'oodle']
./output/gpt/plan_and_solve/responses.json
データが保存されました: ./output/gpt/plan_and_solve/responses.json (キー: rental-source-1)
------------------------------
評価中のサービス: mashedin
Iteration 1, Total call: 48
**Reasoning**:

The requirement is to view mutual connections across Facebook, Twitter, and LinkedIn. This implies accessing social network data from these three platforms, focusing specifically on user connections and relationships.

Key points and considerations:

1. **Social Networking Platforms**:
   - Facebook
   - Twitter
   - LinkedIn

2. **Mutual connections**:
   - This means retrieving "friends," "followers," "contacts," or "connections" lists for authenticated users.
   - Then, comparing these connections across platforms to identify mutual contacts.

3. **APIs to use**:
   - The APIs must provide access to social graph data.
   - They need to allow reading user's friends/followers/connections lists.
   - Ideally, support for authentication (usually OAuth) for user data access.

4. **Available Categories**:
   - The "social" category includes APIs for social networks and social platform data.

5. **Available APIs for each platform**:

   - **Facebook**:
     - facebook-graph: RESTful API for Facebook social graph, friends, events, photos, etc.
       Note: The profile says "This API no longer available" but maintained for historical research.
     - More current: facebook-graph is the main FB API for social data access.

   - **Twitter**:
     - twitter: no longer available, now split into multiple APIs (twitter-ads, twitter-search-tweets, twitter-direct-message).
     - twitter-streaming: for real-time tweets.
     - twitter-search: search API for tweets.
     - Given the limitation, for user connections, the (historical) Twitter REST API could do it, but not available now.
     - However, "twitter-streaming" and "twitter-search" may not give friend/follower lists.
   
   - **LinkedIn**:
     - linkedin: RESTful API providing data on people, companies, jobs, and relationships.
     - Provides connections and contacts data.

6. **Feasibility**:
   - Facebook Graph API enables friend data access with appropriate permissions.
   - LinkedIn API enables connections and relationship data access.
   - Twitter currently has limited official API access to follower/friend lists, but older versions allowed it.
   - Since the Twitter API here is deprecated, no direct friend list API is specified.
   - Alternatively, some social/social-analytics APIs might aggregate data from multiple Social networks, but no explicit mention.

7. **Summary of likely APIs to use**:
   - Category: social
   - APIs: facebook-graph, linkedin
   - Twitter: No full Twitter friends/followers API available in this dataset.
   - Other social APIs might supplement (e.g., twitter-streaming, twitter-search) but not direct friends/followers.

**Conclusion**:

- Recommend categories: ['social']

- Recommend all matched APIs: ['facebook-graph', 'linkedin', 'twitter'] (noting twitter API is deprecated / no longer available)

Given the dataset, the best matching APIs are the Facebook Graph API and LinkedIn REST API under the social category. Although Twitter's full user connections API is deprecated, it is still relevant historically and for completeness.

# Final Recommendation

**Recommend categories:** ['social']

**Recommend all matched APIs:** ['facebook-graph', 'linkedin', 'twitter']
./output/gpt/plan_and_solve/responses.json
データが保存されました: ./output/gpt/plan_and_solve/responses.json (キー: mashedin-1)
------------------------------
評価中のサービス: 1dollarthings.com
Iteration 1, Total call: 49
**Reasoning**:
To build a mashup for 1dollarthings.com, which is described as a platform that combines favorite online stores into one big dollar store bargain hunt, the key functionalities needed are:
- Access to product data (items, prices, descriptions) from various stores or e-commerce platforms.
- Ability to filter or find items under a certain price point.
- Possibly access to deals, coupons, or discounts APIs to enhance bargain finding.
- Aggregation of product information to present a combined shopping experience.

Given these requirements, the primary focus should be on APIs and categories related to ecommerce, search, and possibly marketing or advertising (to surface deals or promotions).

From the provided API catalog, relevant categories include:
- ecommerce: contains APIs for online stores and product catalogs.
- search: for product or deal search capabilities.
- advertising / marketing: could include coupon/deal offers.
- payments / merchants: less relevant for product search but may be useful for checkout or order processing if part of the mashup later.

Specifically, for APIs, I'll target those that:
- Provide access to product catalogs or search across multiple stores.
- Allow filtering by price.
- Support access to coupons or daytime deals.
- Are popular, documented, and suitable for aggregation.

Matching APIs from the ecommerce category include:
- shopify-admin: Ecommerce platform API to access merchants and products.
- amazon-product-advertising: Provides Amazon's product data, supports affiliate links.
- 8coupons: Access to coupon deals from neighborhood restaurants, bars, salons, and stores, with location and filtering options.
- dealsurf: Aggregator of daily deals from various providers including Groupon.
- retailmenotcom-community-ideas: Offers access to coupons, coupon codes, and discounts.
- shopzilla: Provides access to a large product catalog, merchant offers, and ratings.
- bolcom-open: The largest online retailer in the Netherlands, with product and search APIs.
- wishpot-shopping: Wishlist, price tracking, donations.
- zappos: Provides product search, details, images, and reviews.
- sears: Product catalog with pricing and availability.
- walmart-open: Access to Walmart.com product catalog.
- bigcommerce: Online ecommerce platform with access to customers, orders, products.
- netteo, magento-soap, woo-commerce: other ecommerce platforms.

Furthermore, the search category can help by providing general product or deal search capabilities:
- primal: interest graph content filtering (less relevant).
- open-movie-database, yummly or other product specific search may be less relevant here.
- google-custom-search, yahoo-local-search might be too generic but could help in search.

Advertising or coupons APIs:
- 8coupons, retailmenotcom, dealsurf, adility (offers/coupons) stand out as they specifically deal with deals and coupons.

Since the site combines favorite online stores, it most likely aggregates from multiple ecommerce APIs.

**Conclusion**:

Recommend categories: ['ecommerce', 'search', 'advertising']

Recommend All matched APIs:
[
  'shopify-admin',
  'amazon-product-advertising',
  '8coupons',
  'dealsurf',
  'retailmenotcom-community-ideas',
  'shopzilla',
  'bolcom-open',
  'wishpot-shopping',
  'zappos',
  'sears',
  'walmart-open',
  'bigcommerce',
  'magento-soap',
  'neto',
  'primal',
  'google-custom-search',
  'yahoo-local-search',
  'adility'
]
./output/gpt/plan_and_solve/responses.json
データが保存されました: ./output/gpt/plan_and_solve/responses.json (キー: 1dollarthings.com-1)
------------------------------
評価中のサービス: twitv
Iteration 1, Total call: 50
**Reasoning**:

1. The requirement is about a cartoon character watching music videos that are dynamically selected based on what Twitter users are tweeting that they are listening to.

2. We need to:
   - Get real-time or near real-time data about what Twitter users are listening to (social data about music listening activity).
   - Find APIs that can provide music data—like songs, artists, and videos.
   - Find APIs that provide video streaming or video data to display music videos.
   - Also, optionally, a way to connect the Twitter social data with music metadata and videos.

3. Required functionalities:
   - Social: To capture what Twitter users are saying regarding music listened to.
   - Music: To obtain metadata about the identified songs/artists.
   - Video: To get music videos for the songs or similar content.
   
4. Looking at available categories and APIs from the list:
   - "social" category: There is "twitter-streaming" API for real-time access to Twitter data.
   - "music" category: APIs like Spotify Web API, Rhapsody, Last.fm, SoundCloud, Jamendo, MusiXmatch, Bandsintown, etc. These provide music metadata, streaming, artist info.
   - "video" category: APIs like YouTube Data API, Brightcove, Dailymotion, Vimeo, Embedly, Stupeflix, TrailerAddict.
   - For videos of music, the YouTube Data API is a standard choice.
   
5. The best flow:
   - Use the Twitter Streaming API to capture tweets mentioning songs or artists.
   - Use a music metadata API to identify and fetch official song information (Spotify or Last.fm or similar).
   - Use the YouTube API to get related official or user-uploaded music videos.
   - Optionally, some social APIs like Tagalus to understand hashtags, or Twitter trends might be helpful but not essential.
   
6. Candidate APIs:
   - twitter-streaming (social) - to monitor live tweets about music listened to.
   - spotify-web (music) - to get detailed music info and official data about songs/artists.
   - youtube (video) - to retrieve videos related to songs/artists.
   - Optionally, lastfm (music) or soundcloud (music) could be alternatives.
   
7. This selection covers:
   - Social data input (what Twitter users are listening to).
   - Music metadata lookup.
   - Video streaming/sharing of music videos.
   
**Conclusion**:

- Recommend categories: ['social', 'music', 'video']
- Recommend All matched APIs: ['twitter-streaming', 'spotify-web', 'youtube']
./output/gpt/plan_and_solve/responses.json
データが保存されました: ./output/gpt/plan_and_solve/responses.json (キー: twitv-1)
------------------------------
評価中のサービス: saveyourcall
Iteration 1, Total call: 51
**Reasoning**:
The requirement is to create a call recording service that integrates Heroju and Twilio APIs, working with any phone including cell phones.

1. **Understanding Heroju**: The user mentioned "Heroju," but in the provided API list, there is no mention of a Heroju API. It might be a typo or a lesser-known service not listed here. Since only Twilio is explicitly listed as a telephony API, we rely on Twilio’s call recording features as a core part.

2. **Twilio API**: The Twilio API offers voice and SMS communication functionalities, including the capability to handle voice calls, SMS sending/receiving, and advanced telephony features. Twilio's cloud API is RESTful, supports call recording, and can work with any phones, including cell phones. It is suitable for building a call recording service.

3. **Heroju's Role**: Since Heroju API is not listed, but the user wants it integrated, it would likely be part of telephony or voice-related services. However, without Heroju API specifics in the data, we can’t recommend it by name. If Heroju is a telephony backend or provider, integrating it typically falls under the "telephony" category.

4. **Category Selection**: Since the service is a call recording service that uses telephony APIs (Twilio and Heroju), the category "telephony" is the major relevant category.

5. **API Recommendations**: The only concrete API in the list for telephony and call recording is Twilio. Twilio supports voice calls and recording.

6. **Additional Considerations**: If Heroju had APIs for voice or telephony, it would be recommended, but since it’s not listed, only Twilio is recommended.

**Conclusion**:
- Recommend categories: ['telephony']
- Recommend All matched APIs: ['twilio']

If the user can provide details or examples of Heroju API, it might be found or added in the future, but based on the current available data, only Twilio can be confidently recommended.
./output/gpt/plan_and_solve/responses.json
データが保存されました: ./output/gpt/plan_and_solve/responses.json (キー: saveyourcall-1)
------------------------------
評価中のサービス: mosoto
Iteration 1, Total call: 52
**Reasoning**:
The requirement is for Mosoto, a platform described as a new way to share and connect with Facebook friends, with features including sharing files, chatting with friends, and discovering people and media in the social network. It also mentions social streaming media.

Breaking down the key features:
1. Social networking integration: Share with friends, connect socially, discover people and media.
2. File sharing: Need APIs that allow file uploads, downloads, and sharing.
3. Chat: Real-time chat or messaging capabilities.
4. Discover people and media content (photos, videos, music).
5. Streaming media: Support for streaming or handling media content.

Based on these, the recommended categories and APIs should cover:
- Social: APIs to integrate social networking features, user management, interactions, and social graph.
- File-sharing: APIs for uploading, managing and sharing files.
- Chat or messaging: APis that provide chat, messaging functionality.
- Photos, Video, Music: APIs to discover, access and possibly embed media content.
- Possibly backend: For account, user management and realtime interaction support.

From the available APIs, we look for the best matches:

**Social**:
- facebook-graph: Provides social graph, people, photos, events data as Facebook is explicitly mentioned.
- linkedin: For business social networking, could complement but less relevant here.
- twitter-streaming: real-time social data; maybe less direct relevance.
- plancast, tagalus, nationbuilder, scoopit, buffer, vk, foursquare, pinterest-domain, tumblr: various social APIs.
- mosoto is focused on Facebook friends, so facebook-graph is primary.

**File-sharing**:
- mediafire: cloud storage and file sharing.
- 4shared: storage and file sharing.
- dropbox, sugarsync, google-drive: cloud storage that can be integrated.
- filestube: searching files on file-sharing sites.
- Given the sharing files aspect, integrating with a cloud file-sharing service such as mediafire or dropbox is useful.

**Chat**:
- quickblox: provides chat, voice, video, presence, notifications.
- hipchat, campfire, slack-web, slack-real-time-messaging, mesibo-server-side, mesibo-client-side: chat platforms and messaging.
- This api would help Mosoto enable chat with friends.

**Photos, Videos, Music (media)**:
- flickr, instagram-graph, 500px, photobucket, giphy: photo sharing and discovery.
- youtube, dailymotion, brightcove, vimeo: video APIs.
- spotify-web, soundcloud, musixmatch, lastfm, jamendo, beatsport, playme: music content.
- Given the mention of social streaming media and media discovery, these APIs help integrate media content.

**Backend**:
- cloudmine, ahrefs, laravel, google-app-engine, appharbor: backend platforms.
- For a social app, quickblox backend and cloudmine provide useful backend modules.

**Security / Authentication**:
- facebook-graph requires authentication and OAuth, so enabling OAuth is key.

**Conclusion**:
- Recommend categories: ['social', 'file-sharing', 'chat', 'photos', 'video', 'music', 'backend']
- Recommend All matched APIs:
   - facebook-graph (social network integration, user/friends/photos)
   - quickblox (chat, real-time messaging, voice, video)
   - mediafire (file sharing storage)
   - dropbox (file sharing storage)
   - flickr (photos)
   - instagram-graph (photos)
   - youtube (video content)
   - vimeo (video hosting and embedding)
   - spotify-web (music catalog data and streaming)
   - soundcloud (music platform)
   - jamendo (music catalog and licensing)
   - appharbor (backend services for app hosting)
   - cloudmine (backend-as-a-service)

These APIs collectively cover social networking with Facebook, real-time chat functionality, file sharing/storage, access/discovery of photo, video and music media, and backend infrastructure support to build the Mosoto platform.

# Final Recommendation

**Recommend categories**:  
['social', 'file-sharing', 'chat', 'photos', 'video', 'music', 'backend']

**Recommend matched APIs**:  
['facebook-graph', 'quickblox', 'mediafire', 'dropbox', 'flickr', 'instagram-graph', 'youtube', 'vimeo', 'spotify-web', 'soundcloud', 'jamendo', 'appharbor', 'cloudmine']
./output/gpt/plan_and_solve/responses.json
データが保存されました: ./output/gpt/plan_and_solve/responses.json (キー: mosoto-1)
------------------------------
評価中のサービス: tweeturmusic
Iteration 1, Total call: 53
**Reasoning**:

The user wants to create a site that competes with online social radios, essentially a platform where users can tweet songs (or keywords via Twitter) and then play those songs, effectively creating a "Twitter jukebox." This requires integration with social media (to access the Twitter data) and music streaming or music content APIs (to provide the song playback functionality).

1. **Key Functionalities Needed**:
   - **Social integration with Twitter**:
     - Access tweets in real-time or via search (tweets containing song requests, hashtags, or commands).
     - Possibly identify song titles or artist names from tweets.
   - **Music streaming or playback**:
     - Allow users to search and play songs.
     - Access to a large music catalog.
     - Provide metadata for tracks, playlists or artists.

2. **From the Available APIs and Categories**:

   - **Social**:
     - The Twitter API is no longer available as a single API and has been split. But there is "twitter-streaming" (public statuses from users filtered by user id, keyword, geographic location, etc.).
     - Tagalus API for Twitter hashtags meaning.
     - Tagalus can be optional, but Twitter data is essential.
     - "Buffer" for managing and scheduling tweets, could help but not strictly required here.
     - "twitter-streaming" API is suitable to get tweets for keywords or hashtags.

   - **Music**:
     - Play.me API: This provides access to millions of songs, albums, artists, and playlists with functionalities for streaming and managing music content. Exactly fits the requirement for music playback after tweets.
     - Other music APIs could be Jamendo, Spotify Web API, SoundCloud, Musixmatch, Bandcamp, etc. But Play.me is explicitly mentioned by the user.
   
   - **Social APIs**:
     - Twitter for capturing tweets (via streaming or search).
     - Possibly some social APIs for authentication or extended social features, but limited to Twitter here.

3. **Plan to Solve the Problem**:

   - Use the **twitter-streaming** API to get tweets that mention song requests or hashtags that the site defines.
   - Use the **Play.me** API to search for songs based on the extracted song information (e.g., song title or artist from the tweet).
   - Allow users to play songs directly from the Play.me catalog.
   - Optionally, use other Twitter-related APIs for hashtag definitions (Tagalus) or user management.
   
4. **Other Categories Consideration**:

   - Natural-language-processing: Could be helpful if the app analyzes tweet content to extract song requests, but the user did not specify this level of complexity.
   - Analytics or feedback might be used, but not core.
   - Authentication could be used for user sign-in but is not specified in the requirements.
   - Messaging is not required here.
   - No need for payments, advertising, or others.

**Conclusion**:

- Recommend categories: ['social', 'music']
- Recommend All matched APIs: ['twitter-streaming', 'playme']
./output/gpt/plan_and_solve/responses.json
データが保存されました: ./output/gpt/plan_and_solve/responses.json (キー: tweeturmusic-1)
------------------------------
評価中のサービス: google-analytics-and-box.net
Iteration 1, Total call: 54
**Reasoning**:

The requirement is for a service that allows Box.net users to view analytics about files they have shared through Box. This entails integration with Box.net (a cloud content management and file sharing service) and specifically focuses on retrieving analytics, i.e., data about file usage, views, shares, or similar metrics.

To fulfill this requirement, we need APIs that:

1. Provide access to Box content and file metadata.
2. Provide analytics capabilities, especially related to shared files' usage or stats.

Given the large list of categories and APIs, the relevant categories for this requirement are likely:

- content: since Box.net is a content management platform.
- analytics: focusing on the analytics data.
- storage: since Box stores files and manages data storage.
- cloud: since Box is a cloud service.
- office: since Box can be used for office document management.

Now, let's check the available APIs that relate to or are specific to Box.net:

- API: box, Category: content  
  Description: Box is a modern content management platform that transforms how organizations work and collaborate to achieve results faster. Box Platform provides content APIs to build secure content experiences in custom apps. With Box Platform, organizations can bring content management and collaboration services to their own custom apps or build custom integrations with Box.

While the description does not explicitly mention analytics, Box Platform generally includes metadata and analytics endpoints to check file usage and activities.

No other Box.net-specific or direct analytics of shared files APIs were found in the list.

Other analytics APIs available appear more generic or are not related to Box.net specifically:

- analytics: various APIs like Google Analytics, Mixpanel, Galileo, New Relic, etc. These provide website or application analytics, likely not suited for Box.net's file analytics.

Thus, the best fit is the Box API in the content category.

**Conclusion**:

- Recommend categories: ['content']
- Recommend All matched APIs: ['box']
./output/gpt/plan_and_solve/responses.json
データが保存されました: ./output/gpt/plan_and_solve/responses.json (キー: google-analytics-and-box.net-1)
------------------------------
評価中のサービス: surf-kultura
Iteration 1, Total call: 55
**Reasoning**:

The requirement is for a surfer blog that hosts a surf spot locator using Google Maps and Flickr API. This involves two main functionalities:

1. Surf spot locator: The blog needs to have a mapping service where users can find surf spots on an interactive map.
2. Surf spot photos: The blog should display photos related to the surf spots via a photo-sharing service like Flickr.

From the available categories and APIs, we want to find suitable APIs related to mapping and photos that can be integrated into the surfer blog.

- For the mapping service, the requirement specifically mentions Google Maps API. The Google Maps category contains several related APIs such as Google Maps Places, Google Maps Geocoding, Google Maps Elevation, Google Maps Geolocation, and others. But the direct Google Maps API from the list states it is no longer available, and its functionality is split among other APIs. The "google-maps-places" API is suitable as it allows getting information about places based on latitude/longitude, with search capabilities. Also "google-geocoding" can be used to convert addresses to coordinates and vice versa. These APIs support JSON and XML, are RESTful, and fit the requirement.

- For the photo service, the Flickr API is available under the photos category. It provides various features including retrieving photos, uploading photos, and searching photos via different parameters. This makes it a good choice for showing surf spot photos.

Thus, the recommended categories are mapping and photos. The specifically recommended APIs are google-maps-places (for places data in the surf spot locator) and flickr (for surf spot photos).

No other APIs closely match the surf spot locator with Google Maps and Flickr photo integration requirement in the given list.

**Conclusion**:

- Recommend categories: ['mapping', 'photos']
- Recommend All matched APIs: ['google-maps-places', 'flickr']
./output/gpt/plan_and_solve/responses.json
データが保存されました: ./output/gpt/plan_and_solve/responses.json (キー: surf-kultura-1)
------------------------------
評価中のサービス: e-hotelbase.com
Iteration 1, Total call: 56
**Reasoning**:

1. The requirement is for a hotel mashup that shows over 30,000 hotels on a map.
2. The data source for hotels should ideally be a large hotel database, such as Hotel Club.
3. The map should provide locations of the hotels, which requires mapping APIs.
4. Panoramic street view imagery of locations should be available where possible.
5. Mentioned APIs to use: Hotel Club, Google Maps, and Street Cities.
6. Among available APIs, we have "easytobook" and "sletohcom" for hotel bookings/search, but the requirement specifically mentions Hotel Club which is not listed in the available APIs. So we look for closest matches.
7. For mapping, Google Maps APIs are referenced; we have Google Maps Places API (for places including hotels), Google Street View via Google Street View Image API (for panoramic street-level images), and other mapping APIs like Bing Maps, MapQuest, Mapbox.
8. We need to combine hotel data (from a large hotel database API) with mapping and street view APIs.
9. We check for availability of Hotel Club, Google Maps, and Street Cities APIs listed in available APIs:
   - Hotel Club API: Not explicitly listed.
   - Google Maps API: Many related Google Maps APIs are present (Google Maps Places, Google Maps Geocoding, Google Street View Image).
   - Street Cities API: Not found in available APIs.
10. Since Hotel Club and Street Cities are not present, we seek substitutes:
   - easytobook: SOAP API providing hotel search and booking with large hotel coverage. It returns hotel details and photos and supports hotel availability and booking.
   - sletohcom: Provides a hotel comparison API for 70,000 hotels, from multiple sources.
11. easytobook can be the alternative for Hotel Club to get hotel data.
12. For map display, Google Maps Places API can provide location information on hotels.
13. For panoramic street view, Google Street View Image API is suitable.
14. Thus, the categories involved are:
   - travel (for hotel booking APIs)
   - mapping (for map display and street view)
15. APIs selected:
   - easytobook (hotel search and booking)
   - google-maps-places (maps data including locations and points of interest)
   - google-street-view-image (panoramic street view imagery)
16. Confirm that these APIs support required functionality:
   - easytobook supports hotel data, photos, booking.
   - google-maps-places provides place search, details, photos, and autocomplete.
   - google-street-view-image provides panoramic images with parameters for location.
17. Together these can be integrated to meet the requirement of hotel mashups displaying 30,000+ hotels on a map with street view.
18. No conflicting APIs suggest better alternatives in the list.

**Conclusion**:

- Recommend categories: ['travel', 'mapping']
- Recommend All matched APIs: ['easytobook', 'google-maps-places', 'google-street-view-image']
./output/gpt/plan_and_solve/responses.json
データが保存されました: ./output/gpt/plan_and_solve/responses.json (キー: e-hotelbase.com-1)
------------------------------
評価中のサービス: worlds-fastest-elevators
Iteration 1, Total call: 57
**Reasoning**:
To develop a mashup that displays "the ten fastest elevators in the world from some of the tallest buildings" and integrates YouTube videos of the buildings, two major functional components are needed:

1. Data about the fastest elevators and the buildings:
   - This requires a data source with information about elevator speeds and buildings. This kind of data is likely found in content or reference-oriented APIs that provide facts about buildings, elevators, or architectural feats.
   - Since no dedicated elevator API is listed, we can rely on authoritative data sources for building information and related content.
   - Possible category for building data: reference, education, media, or science.
   - Since the requirement is specifically about elevator speed records in tall buildings, APIs returning educational or reference data about architectural or engineering feats could be useful.
   - If articles or content about skyscrapers or engineering exist in the media, news-services, or education categories, they could be leveraged.
   - Wikipedia is a rich source for structured data about buildings, including some elevator info in articles. The "wikipedia" API under reference category could be used to fetch descriptive content about these buildings and elevators.
   - Another alternative is news-services for recent articles or media for documentary style information.

2. Integration of relevant YouTube videos of the buildings:
   - The YouTube API allows searching and retrieving videos of the buildings.
   - This provides video content to enrich the mashup and give a visual experience.

Thus, the mashup will need to:
- Get information on the fastest elevators and buildings from Wikipedia or similar reference/education APIs.
- Fetch YouTube videos related to these buildings.
- Potentially merge or aggregate this content for display.

**Conclusion**:
- Recommend categories: ['reference', 'video']
- Recommend all matched APIs: ['wikipedia', 'youtube']
./output/gpt/plan_and_solve/responses.json
データが保存されました: ./output/gpt/plan_and_solve/responses.json (キー: worlds-fastest-elevators-1)
------------------------------
評価中のサービス: weather-web-app
Iteration 1, Total call: 58
**Reasoning**:
The requirement is for a simple web app that displays current weather conditions along with an image taken near the user's location. This implies two main capabilities:

1. Retrieve current weather information based on the user's location.
2. Retrieve or show an image that is geographically relevant (near the user's location).

To achieve these, the app needs:
- A way to get the user's location (or infer it).
- An API that provides current weather data for a given location.
- An API that provides images relevant to a location or allows retrieval of images based on a geolocation.

For the first part, we can depend on standard browser geolocation or IP-based location. If we want the app to be self-contained, we might consider a mapping or geolocation API that could provide location information. However, since the prompt mentions "near user's location", it is common for web apps to use browser geolocation API, and then the app queries weather and images based on the coordinates.

For weather:
- From the list, some weather-related APIs are:
  - aerisweather (provides local weather data, advisories, forecasts, etc.)
  - norway-weather (forecast for many locations)
  - national-weather-service-ndfd (US weather forecast data)
  - noaa-national-weather-service-nws-ndfd-soap (NOAA weather data)
  - openweathermap (deprecated, so prefer other options)
  - aerisweather is well-suited and uses RESTful calls with JSON.
  - others like bing-traffic or bing-maps might provide weather indirectly but are not primarily weather services.
- aerisweather stands out as the best fit for fetching current weather data near a location.

For images near user's location:
- We need an API that can provide images related to or taken near a geographic location.
- Potential options in the photos/images category with geographic context:
  - flickr API (photo sharing with geotagged photos)
  - pixabay-free-images API (large photo collection but may not be location-aware)
  - panoramio (deprecated)
  - geograph (England and Ireland photos with geolocation)
  - 500px (not publicly available)
  - google-street-view-image (provides static panoramic images of locations)
  - google-maps-places/photos (places API with photos associated)
  - bing-maps-search (mapping service with search filters, might include images)
  - giphy (animated GIFs but likely not location-based)
  - instagram-graph / instagram-real-time (photos but need user context)
  - geotagged image services like geograph or flickr seem best for geo images.
- Given flickr is widely used and supports geotagged photos with a robust API, it is a suitable choice.
- Pixabay is another option but less explicit about geo-location of photos.

Additionally, the app needs mapping or geolocation to associate images with the user's location:
- mapping category APIs like bing-maps-locations, google-maps-places, or geolocators can support geolocation operations.
- ip2location or ip-apicom-geolocation can get the location from IP as a fallback.

Simplifying:
- For location: Use browser geolocation (outside the API scope) or a geolocation API.
- For weather: Use aerisweather.
- For images near location: Use flickr (geotagged photos) or pixabay-free-images (if geotags available).

**Conclusion**:
- Recommend categories: ['weather', 'photos', 'mapping']
- Recommend All matched APIs: ['aerisweather', 'flickr', 'pixabay-free-images']
./output/gpt/plan_and_solve/responses.json
データが保存されました: ./output/gpt/plan_and_solve/responses.json (キー: weather-web-app-1)
------------------------------
評価中のサービス: raddio.tk
Iteration 1, Total call: 59
**Reasoning**:
- The requirement describes "Raddio.tk," an HTML5 experimental player that loads songs based on user-selected tags using the Jamendo.com API.
- Jamendo.com is a music catalog service with a RESTful API offering access to music albums, artists, tracks, playlists, reviews, and more.
- The app is music-related, dealing with streaming or playing songs by user tags.
- The relevant category is clearly 'music' since the service is about music streaming and the API used is Jamendo (music-related API).
- The API mentioned specifically is "jamendo," which aligns with the requirement of loading songs by user tag.
- No other categories or APIs are explicitly relevant since the service does not deal with other areas such as analytics, storage, or messaging.
- The compatibility with browsers and OS (Mozilla Firefox, Chrome, Safari on Windows/Linux) is noted but doesn't influence API category selection.

**Conclusion**:
- Recommend categories: ['music']
- Recommend all matched APIs: ['jamendo']
./output/gpt/plan_and_solve/responses.json
データが保存されました: ./output/gpt/plan_and_solve/responses.json (キー: raddio.tk-1)
------------------------------
評価中のサービス: careersix
Iteration 1, Total call: 60
**Reasoning**:
The requirement is to build a mashup of job search by city name, combining the job search capability with mapping to display job locations. 

Step 1: Identify APIs for job search by city name.
- The "jobs" category is the primary candidate.
- Available APIs:
  - Indeed: Job search engine with API to embed search results with various criteria including location.
  - Careerjet: Job search engine with search by keywords, location, etc.
  - Europass: Generates resumes and documents, not job search.
  - Other "jobs" APIs listed do not specifically mention city-based job search.

Step 2: Identify APIs for maps display and geo-locating job locations by city name.
- The "mapping" category is the primary candidate.
- Available mapping APIs:
  - google-maps-places: Lookup places including establishments using latitude/longitude or text search (can be used to show job locations or company addresses).
  - google-maps-geocoding: Convert city names to coordinates (for map centering or distance calculations).
  - bing-maps-search: Search within Bing Maps, including location-based queries.
  - mapquest-open-directions, google-distance-matrix, google-maps-elevation, etc.
- However, a simple map display with center by city name can be done using geocoding/map APIs.

Step 3: Combining the job search with map location
- Use job search to pull job listings for a city.
- Use mapping API to place map markers based on job location.
- Optionally, geocode job addresses to coordinates using the mapping API.

Step 4: Pick APIs that satisfy the requirements specifically:
- For job search: Indeed is a well-known and documented job search API supporting location-based searches.
- For maps: Google Maps Places API, or Bing Maps Search API, or MapQuest APIs, are good candidates.
- Because the mashup is between Indeed and Google Maps, we include these explicitly.

**Conclusion**:
- Recommend categories: ['jobs', 'mapping']
- Recommend All matched APIs: ['indeed', 'google-maps-places', 'google-maps-geocoding', 'bing-maps-search']

Note: While Indeed is the primary job search API, inclusion of Google Maps Places and Geocoding APIs will allow effective geolocation and mapping mashup functionality. Bing Maps Search API is optional alternative or supplementary mapping API.
./output/gpt/plan_and_solve/responses.json
データが保存されました: ./output/gpt/plan_and_solve/responses.json (キー: careersix-1)
------------------------------
評価中のサービス: jobs-assistant
Iteration 1, Total call: 61
**Reasoning**:

The requirement is for a job search engine and web mashup that includes three main components:
1. Displaying the location of an employer on a map (using Google Maps).
2. Showing which of your LinkedIn contacts work at the job location.
3. Showing current salary analysis by job category (using Payscale).

To build this mashup, we need APIs from the following categories:

- jobs: to provide job listings and related information.
- mapping: to display employer locations on a map with tools like Google Maps.
- social: to integrate LinkedIn contacts and identify connections relevant to the job location.
- financial or reference or possibly a salary or compensation related category for salary analysis (Payscale API is not explicitly listed; but we can use related financial or reference APIs if Payscale API is unavailable).

Now, looking through the available categories and APIs:

- For job search:
   - Careerjet API (Category: jobs) - provides job search engine data.
   - Indeed API (Category: jobs) - job search engine API providing job postings.
   
- For map display:
   - Google Maps Places API or Google Geocoding API (Category: mapping) - to display location of employer.
   - Bing Maps Search API or Bing Maps Locations API - alternative mapping APIs.
   
- For LinkedIn contact integration:
   - LinkedIn API (Category: social) - to access social graph and connections.
   
- For salary analysis:
   - Payscale API is not listed in the available APIs.
   - Alternatively, we can consider "financial", "reference" or "data-as-a-service" categories. However, no direct Payscale API is listed.
   - Since the Payscale API is not available, we can only recommend the relevant categories knowing Payscale API is needed externally.
   
Hence:
- The job search would be done using Careerjet or Indeed APIs.
- The mapping data can be handled via Google Maps Places API for locations.
- The LinkedIn API for social connections.
- Since Payscale API is not present, include the category "financial" to cover salary analysis needs or note that an external Payscale API would be required.

**Conclusion**:

- Recommend categories: ['jobs', 'mapping', 'social', 'financial']
- Recommend all matched APIs:
   - 'careerjet' (jobs)
   - 'indeed' (jobs)
   - 'google-maps-places' (mapping)
   - 'linkedin' (social)
   - (Note: Payscale API is not listed in the available APIs; an external Payscale API would need to be integrated separately.)
./output/gpt/plan_and_solve/responses.json
データが保存されました: ./output/gpt/plan_and_solve/responses.json (キー: jobs-assistant-1)
------------------------------
評価中のサービス: trivop.com
Iteration 1, Total call: 62
**Reasoning**:

1. The requirement is for "The first video guide for hotels," which implies: 
   - Handling video content related to hotels.
   - Providing video storage functionality.
2. "Nicely integrated search and Google Maps" suggests:
   - Capability of providing search features, ideally for hotels.
   - Integration with a mapping API especially from Google Maps to display locations on maps.
3. "Uses Amazon S3 for video storage" means:
   - The solution should have or support integration with Amazon S3, a cloud storage API, to store and retrieve videos.
4. Break down the problem:
   - Video hosting and management for hotels.
   - Hotel data search capability.
   - Mapping integration.
   - Video storage on Amazon S3.

5. From the available categories and APIs:
   - For video guide and management: Look at "video" category APIs that offer video hosting or management functionalities.
      * Brightcove: Video digital media platform.
      * Vimeo: Video uploading, transcoding, hosting, and playback.
      * YouTube: Video searching, uploading and data management.
      * Stupeflix: Automated video creation.
      * Dailymotion: Video sharing platform.
      * Framey: Video recording embeddable on websites.
      * IVa Video: Video metadata and promotional video assets.
      * Amazon S3: Storage for files including videos.
   - For hotel search and booking:
      * travel category:
        - Easytobook: Hotel searching and booking.
        - Skyscanner-live-pricing: Flight and hotel pricing (mostly flight).
        - TourCMS-marketplace: Tour operator reservation management.
        - SLETOHCOM: Hotel price comparison and search.
        - Amadeus: Flight and hotel search and booking.
        - Viator: Tours and activities.
      * booking category:
        - bookingcom-content: Booking.com property content API.
   - For mapping (especially Google Maps):
      * Categories mapping:
         - google-maps-places: Places information including geographic locations.
         - google-maps-geocoding: Geocoding addresses.
         - bing-maps: Bing mapping solution.
         - google-maps: Note marked deprecated, replaced by multiple APIs including Google Maps Places.
      * Recommended using the Google Maps Places API for place information, but also Google Maps Geocoding API for coordinate lookup.
  
6. Amazon S3 is available as the cloud storage API for video storage.

7. Recommended approach:
   - Store videos in Amazon S3.
   - Use a video hosting/management API for managing videos and embedding video players if needed - options: Brightcove, Vimeo, YouTube
   - Use Booking.com Content, Easytobook, or similar for hotel data search and info.
   - Use Google Maps Places to provide hotel location mapping and search integration.
8. The requirements are for a well-integrated video guide for hotels with search and Google Maps integration and Amazon S3 video storage.

**Conclusion**:  
- Recommend categories:  
  ['video', 'travel', 'booking', 'mapping', 'storage']

- Recommend All matched APIs:  
  ['amazon-s3',  'bookingcom-content', 'easytobook', 'google-maps-places', 'brightcove', 'vimeo', 'youtube']

Note:  
- Amazon S3 for video storage.  
- Booking.com Content API or Easytobook for hotel data and search.  
- Google Maps Places API to integrate with location data and enable maps.  
- Brightcove, Vimeo, and YouTube offer video hosting and playback solutions for embedding video guides. These APIs support uploading, managing, and displaying videos programmatically. Brightcove is strong for professional video hosting, Vimeo has social and artistic focus, YouTube is a broad video platform. The choice may depend on business needs.  
- Using several video APIs provides flexibility and options for integration of the video guide.  

This combination fulfills the requirements of video guides for hotels with search, mapping, and amazon based video storage.
./output/gpt/plan_and_solve/responses.json
データが保存されました: ./output/gpt/plan_and_solve/responses.json (キー: trivop.com-1)
------------------------------
評価中のサービス: instascriber
Iteration 1, Total call: 63
**Reasoning**:
- The user's requirements are to subscribe to RSS feeds and have the contents automatically added to their Instapaper account.
- Main tasks include:
  1. User authentication/login to Instapaper with their credentials.
  2. Subscribing to specified RSS feeds by the user.
  3. Automatically adding new items that are published in those feeds to Instapaper.
  
- Key components involved:
  - Handling RSS feeds (subscribe, fetch new items)
  - Integration with Instapaper (login/authentication, add content)
  
- From available categories:
  - "bookmarks" category includes APIs related to services like Instapaper and other bookmark/save-for-later services.
  - "feeds" category includes APIs related to RSS and feeds which may help in retrieving or subscribing to RSS feeds.
  
- From available APIs:
  1. Instapaper (Category: bookmarks)
     - The Instapaper API allows third-party applications to add URLs to Instapaper.
     - This is essential for adding new items automatically to Instapaper.
     - It has a single method, uses REST and responses are JSON formatted.
  2. bloglines (Category: feeds)
     - Bloglines is an RSS/feed reader service.
     - The Bloglines API supports accessing subscription lists, unread blog items.
     - Could be used to manage the RSS feeds and get new items.
  3. feedly (Category: blogging)
     - feedly is an RSS and blog feed reader.
     - Its API allows retrieving RSS subscriptions and managing categories of RSS feeds and user information.
     - This API can help to subscribe and poll for new feed items.
  
- Since the user wants to manage RSS feeds subscriptions and have new feed items automatically added to Instapaper, a combination of:
  - A feeds/RSS service API (bloglines or feedly) to subscribe and monitor new items,
  - Instapaper API to add those items into Instapaper
  
- The login/authentication to Instapaper can be done using the Instapaper API with the user's credentials.

- The exact process could be:
  - User login to Instapaper API with credentials.
  - User inputs RSS feed URLs to feed management API (feedly or bloglines) to subscribe.
  - When new items appear in those feeds, those URLs are extracted.
  - New URLs are programmatically sent to Instapaper API to add to reading list.
  
- Hence, relevant categories: "bookmarks" and "feeds" (possibly "blogging" as feedly is under this, but feedly primarily manages feeds).
  
**Conclusion**:
- Recommend categories: ['bookmarks', 'feeds', 'blogging']
- Recommend All matched APIs: ['instapaper', 'bloglines', 'feedly']
./output/gpt/plan_and_solve/responses.json
データが保存されました: ./output/gpt/plan_and_solve/responses.json (キー: instascriber-1)
------------------------------
評価中のサービス: clismap
Iteration 1, Total call: 64
**Reasoning**:

A clinical trials finder is an application/service that allows users to search and locate clinical trials relevant to specific conditions, treatments, or criteria. The key features for such a service usually include:

1. Access to clinical trials data: A primary requirement is access to a reliable, comprehensive database or repository of clinical trial information.

2. Search and query capability: The ability to efficiently search and filter trials based on keywords, conditions, status, phase, or location.

3. Geolocation support: Since not all clinical trials provide location data, but many do, geocoding can help map and visualize available clinical trials geographically.

4. Handling missing or partial location data: The system should be robust enough to deal with incomplete or missing location data.

To realize such a mashup service using available APIs, the core capabilities needed are:

- Access to clinical trials or medical research data. Available APIs should offer medical or clinical trial information.

- Mapping or geocoding APIs to handle trials that include location info, enabling users to find trials geographically.

- Possibly a government or medical category API, since clinical trials data is often available from government health agencies or medical institutions.

Among available categories and APIs, the relevant ones to look for include:

- medical

- government (often health departments or related agencies host clinical trial data)

- mapping (to geocode locations where trials take place)

I will search for APIs in the provided list that might provide clinical trials or related research data. Then I will see if there is any API that allows geocoding or mapping to handle location data.

From the available APIs, I noted the following that are relevant:

- nhs (Category: medical): NHS Choices provides data on conditions, medicines, organizations etc. This could contain clinical trial info or at least medical data relevant to trials.

- healthfindergov (Category: government): From the description, this is a government health agency API with health-related content. Might be relevant.

Given the prompt mentions that "not all clinical trials provide location info and of those, not all can be geocoded," the geocoding or mapping API is valuable. So mapping category APIs like:

- bing-maps-search

- google-maps-places

- ip2location (reverse lookup of IP addresses to location)

- google-geocoding

- mapquest-geocoding

- openstreetmap

- google-maps-geolocation

will be useful to parse or geocode locations if provided.

However, the main challenge is the actual clinical trials data. None of the provided APIs explicitly mentions clinical trials or clinical trial databases such as ClinicalTrials.gov or other dedicated clinical trial repositories.

Since such an API is not explicitly mentioned, we may consider the medical category API "nhs" as the most related medical data source provided.

The "healthfindergov" API is a government health agency's API providing health content. It could be helpful for general medical info, but it's not specified that it covers clinical trials.

Given that, the recommended approach is:

- Use a medical/government API (if available) for clinical trials data or at least related medical data.

- For location info, use one or multiple mapping/geocoding APIs to resolve locations provided with trials.

- The service must handle missing location data gracefully.

**Conclusion**:

- Recommend categories: ['medical', 'government', 'mapping']

- Recommend All matched APIs: ['nhs', 'healthfindergov', 'bing-maps-search', 'google-geocoding', 'mapquest-geocoding', 'openstreetmap']

# Final recommendation

Categories:
- medical
- government
- mapping

APIs:
- nhs (medical)
- healthfindergov (government)
- bing-maps-search (mapping)
- google-geocoding (mapping)
- mapquest-geocoding (mapping)
- openstreetmap (mapping)
./output/gpt/plan_and_solve/responses.json
データが保存されました: ./output/gpt/plan_and_solve/responses.json (キー: clismap-1)
------------------------------
評価中のサービス: myshopping-facebook
Iteration 1, Total call: 65
**Reasoning**:
The MyShopping application for Facebook involves connecting with friends, co-workers, or family centered around daily shopping activities. This implies social interaction, sharing functionality, and ecommerce or shopping-related features.

Key elements from the requirement:
1. Social connectivity and interaction between users (friends, family, co-workers).
2. Daily shopping activities likely meaning product search, recommendations, sharing shopping lists, and possibly affiliate monetization.
3. Integration with Facebook implies leveraging social APIs that can handle connections, friends lists, sharing capabilities, and possibly user information.

Step-by-step thought process:
- Since the app is on Facebook and involves social interactions, the primary category to consider is **social**.
- We should integrate with social graph APIs relevant to Facebook or general social network integrations.
- For shopping and product-related data, ecommerce category APIs would be relevant.
- Potentially include recommendations (recommender engines) as users might want to share recommendations or get personalized shopping suggestions.
- The app might need marketing or advertising support to handle promotions or deals related to shopping.
- Since it is a social app focused on shopping, social data and ecommerce data are core.
- It could also involve content sharing, so content-related or bookmarking APIs might be useful but more tangential.
- Authentication is indirectly implied as user authentication on Facebook, but since "MyShopping" is a Facebook app, we might not need a separate authentication API.
- Summarizing, the key categories likely are social, ecommerce, recommendations, and optionally advertising.

Next, identify relevant APIs from available APIs:

Social category APIs that could help with integration:
- facebook-graph: platform for building on Facebook social graph, managing friends, pages, events etc. This directly aligns with the requirement to connect with friends, co-workers, or family on Facebook.
- buffer, linkedin, twitter, pinterest-domain, nationbuilder, addthis-services, scoopit, tagalus, and others offer social features but the core Facebook API is paramount for Facebook apps.
- facebook API is deprecated in this dataset, but facebook-graph is listed (current official Facebook social API).

Ecommerce category APIs that could provide product, deals, and shopping info:
- shopify-admin, shopify-billing, shopify-checkout: For Shopify platform integrations.
- amazon-product-advertising: For Amazon product search and discovery.
- groupon, 8coupons: Deals and coupons.
- ebay-shopping, ebay-finding, ebay-product-services: eBay product data.
- zappos, retailmenotcom-community-ideas, pricesspin, snao, wishpot-shopping, neto, sears, wishpot-shopping etc.
- The above ecommerce APIs could enrich the shopping experience with product data, deals, and offers.

Recommendations category API options:
- trakt, yelp-fusion, peerindex are recommendation/social analytics API, but for shopping, yelp-fusion may be relevant for local business reviews.
- Also, tagalus (social hashtag meanings) could be relevant for social curation.
- Recommendations category matches social shopping activities.

Advertising category:
- yahoo-search-marketing, google-adwords, zanox, etc. help in promoting products and campaigns.
- May assist in enhancing marketing capabilities of the app.

Conclusion:
For MyShopping Facebook app focusing on daily shopping and social connections, the key categories are:

- social (to handle Facebook integration and user connections)
- ecommerce (for product catalog and deals integration)
- recommendations (for social and product recommendations)
- advertising (to enable marketing or promotion management, optional but relevant)

APIs that best match these categories and purpose include:

- social: facebook-graph
- ecommerce: amazon-product-advertising, shopify-admin, 8coupons, ebay-shopping, groupon
- recommendations: yelp-fusion, tagalus, peerindex
- advertising: google-adwords, yahoo-search-marketing, zanox

**Conclusion**:
- Recommend categories: ['social', 'ecommerce', 'recommendations', 'advertising']
- Recommend All matched APIs: ['facebook-graph', 'amazon-product-advertising', 'shopify-admin', '8coupons', 'ebay-shopping', 'groupon', 'yelp-fusion', 'tagalus', 'peerindex', 'google-adwords', 'yahoo-search-marketing', 'zanox']
./output/gpt/plan_and_solve/responses.json
データが保存されました: ./output/gpt/plan_and_solve/responses.json (キー: myshopping-facebook-1)
------------------------------
評価中のサービス: mailmaps-email-marketing
Iteration 1, Total call: 66
**Reasoning**:  
The requirement talks about Mailmaps offering inexpensive email marketing and bulk email options for small to large businesses. It is focused on email marketing, sending email promotions, and outreach to prospects, contacts, and customers. Thus, the primary functionality needed is email marketing and bulk email sending.

Given this, the relevant category is clearly **email** because the requirement centers around email marketing services and bulk email.

Looking at the available APIs, we want to find email marketing or bulk email service APIs that allow sending email campaigns, managing contacts, tracking email analytics, and related features that match the "inexpensive marketing with email and bulk email" capability.

From the available APIs in the "email" category:

- **mailjet**: Cloud hosted email platform allowing creation and sending of email newsletters and tracking analytics. Supports managing contacts, campaigns, and statistics. RESTful with JSON responses. Matches the bulk email marketing capability well.

- **mailchimp**: Popular email marketing service that syncs campaign stats and subscribers between Mailchimp and a database. REST with JSON and XML. Common use for email marketing campaigns and reporting.

- **campaign-monitor**: Email marketing API for syncing and managing campaigns and subscribers, creating custom email campaigns. RESTful, XML/JSON. Supports email marketing needs.

- **mandrill**: Email application and template service from MailChimp. Allows sending transactional email or bulk emails programmatically. Suitable for marketing emails and bulk sending.

- **sendgrid**: Cloud email platform for scalable sending with analytics, track opens and clicks, email management API. RESTful with JSON responses. Fits email marketing and bulk email well.

- **gmail**: While it is an email API allowing sending and receiving mail with full mailbox access, it is more general-purpose email access rather than marketing/bulk email focused.

- **mailgun**: RESTful API for sending, automating emails, and provides email tracking and analytics, suitable for transactional or marketing bulk email.

- **constantcontact**: Email marketing API to manage email contacts, campaign results, tracking opens and clicks. Suitable for the marketing emails use case.

- **yahoo-mail**: Full-featured email API, but focused on personal mailbox management, less on bulk marketing.

- **campaign-monitor, mailjet, mailchimp, mandrill, sendgrid, mailgun, constantcontact** stand out as primary email marketing/bulk email APIs matching the requirement.

**Conclusion**:  
- Recommend categories: ['email']  
- Recommend All matched APIs: ['mailjet', 'mailchimp', 'campaign-monitor', 'mandrill', 'sendgrid', 'mailgun', 'constantcontact']
./output/gpt/plan_and_solve/responses.json
データが保存されました: ./output/gpt/plan_and_solve/responses.json (キー: mailmaps-email-marketing-1)
------------------------------
評価中のサービス: map-your-list-0
Iteration 1, Total call: 67
**Reasoning**:
The requirement is to convert lists into maps, add annotations, and share or export maps in a variety of formats. This primarily involves the capabilities related to mapping and geographic data manipulation, visualization, and output/sharing.

Step-by-step analysis:

1. Convert lists into maps: This implies transforming data points (which could be a list of locations or coordinates) into visual map representations.
2. Add annotations: This refers to adding markers, labels, or other types of information overlays on maps.
3. Share or export maps in a variety of formats: This refers to the ability to export or share the generated maps, potentially in image, XML, JSON, or embedded map formats.

From the available categories, "mapping" is the most relevant category, as it directly deals with mapping services, geocoding, routes, and map visualization.

Next, among the available APIs, we look for those that provide mapping visualization, annotation, and export/sharing capabilities:

- mapbox: Suite of open source mapping tools for creating interactive maps, hosting maps to embed in webpages, compatible with mobile platforms.
- bing-maps: A REST API providing map images, locations, routing, traffic, and interactive map control features, including annotations and multiple response formats.
- google-maps-places, google-maps-elevation, google-geocoding, google-maps-geolocation etc. are mostly for geocoding and mapping data but the "google-maps" API itself is deprecated, split into many APIs.
- mapquest and mapquest-open-directions: MapQuest provides JavaScript API to embed interactive maps along with web services for directions, geocoding, search, and traffic.
- openlayers: JavaScript API for embedding dynamic maps, supports map tiles, vector data, and markers.
- scribble maps: Allows users to draw, save, share maps, and provides API for integration. Supports OAuth 2.0 for access.
- bing-maps-routes and bing-maps-geocode-dataflow for routing and batch geocoding but not necessarily for annotations or exporting maps.
- arcweb: Provides APIs for embedding maps, accessing different mapping data.
- ordnance-survey-maps: Allows visualization of maps for Great Britain with zoom, pan, markers, and polygons.
- maplarge: Embed interactive maps and supports geocoding.
- metalocator: Mapping and locator service for searchable maps, with API for adding, updating and publishing locations.
- metacarta: Combines geographic search and tagging, possibly useful but focusing on geographic intelligence.
- geonames, geocoderca, ip2location, smart-ip-geo-ip: Geolocation and geocoding services, but not full mapping and exporting.
- google-static-maps: Allows embedding of static map images via URL.
- google-street-view-image: Provides street view images.
- openstreetmap API and related services: Provides access to raw map data and associated tools.

Furthermore, for exporting maps, APIs like google-static-maps and bing-maps can return images. Some allow exporting in XML or JSON formats, or embedding interactive maps.

For annotations, APIs with features allowing markers, polygons, or drawing on maps include bing-maps, openlayers, mapbox, ordnance-survey-maps, and scratch maps.

Share or export maps can be broadly referring to either sharing URLs, embedding interactive maps, or exporting static images of maps.

Therefore, the best category is "mapping" and the best matching APIs are those that provide map creation from data, support annotations, and offer various output or embedding options.

**Conclusion**:
- Recommend categories: ['mapping']
- Recommend All matched APIs: ['mapbox', 'bing-maps', 'mapquest', 'openlayers', 'scribble-maps', 'ordnance-survey-maps', 'arcweb', 'maplarge', 'metalocator', 'google-static-maps', 'google-street-view-image']

These APIs collectively offer the ability to render maps from lists of locations, add annotations, and share or export maps in multiple formats (images, embedded maps, JSON, XML).
./output/gpt/plan_and_solve/responses.json
データが保存されました: ./output/gpt/plan_and_solve/responses.json (キー: map-your-list-0-1)
------------------------------
評価中のサービス: places-near-me
Iteration 1, Total call: 68
**Reasoning**:
- The application requires taking a user's location and finding nearby places like gas stations, restaurants, hotels, and hospitals.
- This inherently involves geolocation and mapping services to find nearby points of interest (POIs).
- Categories required include:
  - mapping: to handle location data, geocoding, mapping, and places search,
  - location: to get or process user's location data,
  - recommendations or search: to find specific nearby services/places by categories such as gas stations, restaurants, hotels, hospitals.

- Searching through the available APIs for relevant ones that provide nearby places or points of interest:
  - google-maps-places: Provides information about establishments, geographic locations, and POIs.
  - bing-maps-search: Allows mapping-related search queries and returns search results for places.
  - mapquest: Offers developer tools for location-based services including search.
  - foursquare: Provides location-based experiences with information about venues and check-ins.
  - yelp-fusion: Provides business review, rating, and location information useful for nearby services.
  - your-mapper: Aggregates local government data with geolocation.
  - opencnam, ip2location, smart-ip-geo-ip etc., are more focused on IP geolocation than places.
  - openstreetmap and some related APIs also provide mapping data, but not necessarily place search.
  - yahoo-local-search: Provides access to local business info, reviews, ratings, which fits the requirements.
  
- Category-wise:
  - Primary category: mapping
  - Secondary categories: location, search, recommendations, possibly social (for reviews)
  
**Matching APIs:**
- google-maps-places (mapping) — direct places search API.
- bing-maps-search (mapping) — place search service.
- foursquare (social) — venues info, check-ins, photos.
- yelp-fusion (recommendations) — business reviews, ratings.
- yahoo-local-search (search) — local business info and user comments.
- mapquest (mapping) — directions, geocoding, and search API.
- your-mapper (mapping) — local government data aggregation with geolocation.

These APIs cover the essentials: user location determination, place searching by category, business info, ratings, etc.

**Conclusion**:

Recommend categories: ['mapping', 'search', 'location', 'recommendations', 'social']

Recommend All matched APIs: [
  'google-maps-places',
  'bing-maps-search',
  'foursquare',
  'yelp-fusion',
  'yahoo-local-search',
  'mapquest',
  'your-mapper'
]
./output/gpt/plan_and_solve/responses.json
データが保存されました: ./output/gpt/plan_and_solve/responses.json (キー: places-near-me-1)
------------------------------
評価中のサービス: mod9.tv
Iteration 1, Total call: 69
**Reasoning**:

The requirement is to share an online video link via SMS using Mod9. Then, the recipients of the SMS should be able to listen to the audio portion of the video by either dialing the number that sent the SMS or replying to the message and thus receive a callback that provides the audio.

This problem involves a combination of messaging (sending SMS), telephony (making voice calls and managing callbacks), and handling multimedia content (extracting audio from video). The video link sharing itself is via SMS, so an SMS or messaging API is required to send the video link to recipients.

Additionally, there's the functionality for recipients to call back or reply by SMS to get the audio portion of the video. This requires telephony services that can handle inbound calls and messages, trigger outbound calls, and play audio streams to callers.

Given the available categories, the relevant categories involved here are:
- messaging: To send SMS messages with the video link and to receive SMS replies.
- telephony: To enable the recipient to dial back or receive a callback with the audio playback.
- video: Potentially to manipulate or provide access to video or audio streams. However, the direct extraction of audio from video is not specified as an API, but video APIs may assist if required.
- possibly backend or other for handling call logic, but these are not explicitly needed in the immediate solution.

From the available APIs:

For messaging and SMS delivery:
- Twilio SMS: Cloud communications platform providing voice and SMS APIs. Allows sending SMS and voice calls programmatically.
- Clockwork SMS: SMS gateway with RESTful and SOAP interface, sending bulk SMS.
- Vonage Nexmo SMS: SMS messaging integration API with send/receive message capabilities.
- Mogreet: SMS/MMS marketing with video, audio support for messaging including MMS.
- Hoiio SMS: Global SMS sending service via RESTful API.
- SMS API: Bulk SMS REST interface with SMPP.
- PostalMethods: For physical mails, not relevant here.
- Amazon SNS: Message push service, includes SMS.
- Slack-related or other messaging APIs are not relevant here.

For telephony and voice:
- Twilio: Provides voice capabilities, including outbound calls, call handling, IVR.
- Plivo: Telephony platform with call handling, recording, conferencing.
- TelAPI: Telephony with voice and SMS support.
- Bourbon Plum Fuse: Programmable voice applications for IVR, calls, messaging.
- Voxeo: Voice platform for IVR, speech recognition, call control.
- KooKoo: Telephony API for call handling, SMS, IVR.
- Hoiio Voice: Voice call handling via API.
- Tropo: Voice and SMS application building service.
- SpokenBuzz: Voice portal with APIs for calls and messages.
- Vonage Nexmo Voice (not listed explicitly, but Vonage offers SMS and voice in real world).

For video/aspect of sharing video/audio only, there is no mention of an API that extracts audio from video links. That might be handled externally or by Mod9's own processing, so within the scope we're recommending APIs to enable SMS and telephony integration.

Therefore, the main recommended categories are 'messaging' and 'telephony'.

Recommended APIs that match the requirements:

- Twilio (messaging + telephony): Twilio allows sending SMS messages, receiving SMS replies via webhook, making calls, and playing audio to the call. It supports a pay-as-you-go pricing model and is widely used for such use cases.
- Mogreet (messaging): Focus on SMS/MMS marketing including video/audio messages, may assist with rich media.
- Vonage Nexmo SMS (messaging) and (potentially) voice if supported.
- Clockwork SMS (messaging): For sending SMS messages.
- Plivo (telephony): for handling voice calls and programmable voice applications.
- TelAPI (telephony): for voice and SMS telephony features.
- Hoiio SMS & Hoiio Voice: for SMS and making/handling voice calls.
- Tropo (telephony): for voice and SMS applications.

Since the requirement is quite common and Twilio is usually a top recommended platform for combined SMS and voice call functionality, including callback and playing media, it should be the primary recommendation.

**Conclusion**:

- Recommend categories: ['messaging', 'telephony']
- Recommend All matched APIs: ['twilio', 'plivo', 'telapi', 'mogreet', 'clockwork-sms', 'vonage-nexmo-sms', 'hoiio', 'tropo']
./output/gpt/plan_and_solve/responses.json
データが保存されました: ./output/gpt/plan_and_solve/responses.json (キー: mod9.tv-1)
------------------------------
評価中のサービス: quickresu.me
Iteration 1, Total call: 70
**Reasoning**:

QuickResu.me is a service that creates mobile resumes that are linked to QR codes. The core functionality involves:

1. Resume creation and data management: It should allow users to input, update, and manage their resume information digitally.

2. Mobile-friendly presentation: The resume must be available in a mobile-optimized format, perhaps as a web app or similar.

3. QR code linkage: Each resume is linked to a unique QR code, which when scanned by a mobile device, directs the user to the digital resume.

Hence, the mashup service we need to build requires these capabilities:

- Content management and applications/category to manage resume data and presentation.

- QR code generation or URL shortening services to create or manage QR codes linking to digital resumes.

- Potentially storage backend or cloud for storing user data and resume content.

- Authentication might be needed for users to securely manage their resumes.

Looking at the available categories and APIs, we can identify relevant categories:

- applications: for building the resume creation and management front-end/backend.

- backend: for user content management and data storage.

- tools: possibly for utilities like QR code generation, if available.

- url-shortener: for creating shortened URLs for QR codes if QR code-specific API is not found.

- authentication: for secure user login.

Among available APIs:

I don't see a direct QR code generation API. But URL shortener services like bitly (bitly) exist and can help shorten URLs that can be encoded into QR codes using an external tool or service.

For resume data management, APIs under "applications", "backend", or "personal-information-management" might be applicable.

- Though “personal-information-management” is a category, I see Evernote API listed, which provides note and document management. That might be used to manage user resumes, but it may be overkill.

- For backend, CloudMine and QuickBlox are options for handling backend services such as data storage and user account management.

- For authentication, APIs like google-web-authentication or janrain-engage provide OAuth-like authentication services. These can help in managing user login and security.

If the QR code generation itself is not included in provided APIs, the URL can be shortened and then an external QR code generator can be used.

Hence, the best-fit categories would be:

- applications (for the resume-building app itself)

- backend (for storing/managing user resume data)

- url-shortener (to create short URLs easily linked to QR codes)

- authentication (to secure user accounts)

No direct "qr-code" or "printing" API is listed that explicitly creates QR codes, so URL shortener is a viable alternative.

**Conclusion**:

- Recommend categories: ['applications', 'backend', 'url-shortener', 'authentication']

- Recommend all matched APIs: ['cloudmine', 'quickblox', 'bitly', 'google-web-authentication', 'janrain-engage']
./output/gpt/plan_and_solve/responses.json
データが保存されました: ./output/gpt/plan_and_solve/responses.json (キー: quickresu.me-1)
------------------------------
評価中のサービス: usa-name-data-bigquery-public-dataset
Iteration 1, Total call: 71
**Reasoning**:

1. The requirement is to explore Google BitQuery's USA Names public dataset.
   - This points to a dataset oriented towards public or open data.
   - BitQuery is related to blockchain data but the request is specific to a USA Names public dataset, which is a dataset focused on data analytics or structured data access.

2. The requested mashup involves using Looker visualization tools.
   - Looker is an analytics and business intelligence platform.
   - Embedding Looker visualizations means the mashup requires data visualization and analytics functionality integrated into a third-party website.

3. We need to propose suitable categories and APIs that enable exploring datasets and embedding visualizations.
   - The key focus is on analytics and data visualization.
   - The main category likely is "analytics" because it involves data exploration and visualization.
   - Since Looker visualization tools are directly mentioned, APIs related to Looker should be recommended.

4. Review available categories and APIs for matches:
   - Category "analytics" contains:
     - galileo: API for analytics platform for APIs, Microservices and Serverless Software.
     - google-analytics-metadata
     - new-relic
     - mixpanel
     - kissmetrics
     - looker: (specifically mentioned in the APIs) - The Looker RESTful API integrates data analytics for business services via reports and dashboards.
   
   - The Looker API is perfect for embedding and interacting with the Looker visualizations into external applications.

5. No API directly mentions Google BitQuery's USA Names dataset.
   - However, the key functionality is exploring the dataset via Looker tools.
   - Looker API facilitates embedding and querying data visualizations.
   - BitQuery dataset might be accessed or managed elsewhere, but for embedding and visualizing, Looker API is primary.

6. "applications" or "data-as-a-service" categories might be tangentially related but are not specifically relevant to exploration and visualization with Looker in this context.

**Conclusion**:
- Recommend categories: ['analytics']
- Recommend All matched APIs: ['looker']
./output/gpt/plan_and_solve/responses.json
データが保存されました: ./output/gpt/plan_and_solve/responses.json (キー: usa-name-data-bigquery-public-dataset-1)
------------------------------
評価中のサービス: jacktracker-24
Iteration 1, Total call: 72
**Reasoning**:

1. The user wants to create a mashup named "Jacktracker" to follow the TV show "24".
2. The mashup should incorporate images and various plot details about the show.
3. It should use Wayfaring.com features such as discussion boards for each waypoint.
4. Key functionalities needed:
   - TV show metadata and plot details about "24".
   - Images related to "24" (posters, scenes, episode stills).
   - Discussion or social features for each waypoint (location or event).
5. To support TV show data, we need APIs from the "entertainment" category that provide detailed show information including plots and images.
6. For images, APIs from "photos" or "media" that provide show images can be useful.
7. For discussions, forums, or social interaction, we need social or discussion board-related APIs that allow embedding or linking to discussions per waypoint.
8. Wayfaring.com features such as discussion boards for each waypoint imply geo-location or waypoint-based discussion. While no specific Wayfaring API is listed, the closest alternatives are social or chat APIs.
9. Therefore, the recommended categories are:
   - entertainment (for TV show data)
   - photos or media (for images)
   - social or chat (for discussion boards and social interaction)
10. Now matching APIs:
    - For TV show details and plot: "movie-database-tmdb" (The Movie Database API is a community database for shows, movies, with posters and plot details).
    - For images: "movie-database-tmdb" also provides images, or possibly "broadcove" or "bbc-nitro" but those are content-heavy and may need special access. "movie-database-tmdb" is best known for TV shows and images. Also "flickr" or "photos" are general but not specific for shows.
    - For discussion boards related to waypoints: No direct API for Wayfaring.com, but "campfire" (chat collaboration tool) or "quickblox" (chat with presence and messaging), or "plivo/twilio" (telephony), but since the user wants discussion boards (likely text-based), "campfire" or "quickblox" would be suitable.
    - Alternatively "plancast" (social calendars and plans sharing) or "twitter" (though deprecated) or "tagalus" (Twitter hashtags) could be used for social but possibly overkill.
11. Since the discussion boards seem essential, and Wayfaring.com's feature is mentioned, but no direct API for it, the closest relevant is "campfire" for chat/discussion rooms.
12. Alternatively, "plancast" offers social events and plans sharing API, somewhat related to waypoints and events. But it focuses on plans and events, whereas campfire is for chat collaboration.
13. For the mashup that tracks a TV show using waypoints with discussions, the suggested APIs are "movie-database-tmdb" for TV show info and images, and "campfire" for discussion boards.
14. If more robust social presence is desired, "quickblox" can provide chat and presence.
15. The user states "Use the Wayfaring.com features such as discussion boards" — presumably Wayfaring.com is a platform or feature set not available via API here, so must be substituted with best alternatives.
16. Hence the best fit APIs for images and plot details of a TV show are "movie-database-tmdb".
17. And for discussion boards per waypoint, "campfire" API seems appropriate.

**Conclusion**:

- Recommend categories: ['entertainment', 'photos', 'chat']
- Recommend all matched APIs: ['movie-database-tmdb', 'campfire']
./output/gpt/plan_and_solve/responses.json
データが保存されました: ./output/gpt/plan_and_solve/responses.json (キー: jacktracker-24-1)
------------------------------
評価中のサービス: keeptherecord
Iteration 1, Total call: 73
**Reasoning**:

The requirement is for an online conference call service with the following key features:
- Instant conference calls supporting up to 10 participants.
- Only one click to join/start the call, indicating simplicity and ease of access.
- Recording of the conference call, which is then saved and shared with all participants after the call ends.

To solve this, the essential functionalities needed are:
1. **Telephony and Voice Communication Services**: To handle voice calls, conferencing, participant management, call initiation, and termination.
2. **Recording Capabilities**: The ability to record calls and generate audio files of the call.
3. **Storage or Distribution of Recorded Calls**: Saving the recorded files and sharing or providing download access to the participants.
4. (Optionally) **Messaging or Notification Services**: To notify participants or provide links to the recording, although this might be integrated within telephony or other messaging APIs.

Based on these needs, let's map the requirement to categories and specific APIs:

### Categories

- **telephony**: Core category for handling voice calls, conferencing features, call controls, and recordings.
- **messaging**: For potentially sending SMS or notifications to participants with call info or recording links.
- **storage** (optional): For saving recorded files, if recordings are hosted on cloud services.

### API Candidates

From the provided API list, here are the relevant APIs that could meet these needs:

- **twilio (telephony)**: Twilio is a reputable cloud communications platform offering voice and SMS APIs. It provides features like programmable voice calls, conference calls with multiple participants, call recording, and sending SMS notifications. It supports RESTful interfaces and flexible response formats.

- **quickblox (backend)**: Provides communications functionality including chat, video calling, voice chat, presence, and notifications. It supports group calls, including voice, but often used with app SDKs. Could be useful, but Twilio is more focused on telephony and has better support for conferencing with recording.

- **plivo (telephony)**: Telephony platform with call making, receiving, recording, and conferencing capabilities. REST API with JSON responses.

- **voxeo (telephony)**: SIP voice platform offering voice and TTS services; used for IVR, call recording, call control, conferencing.

- **hoiio-voice (telephony)**: Provides APIs for making calls, handling IVR, and voice responses with scaling infrastructure. Pay-per-use.

- **phone and SMS messaging APIs**: Clockwork SMS, Vonage SMS, PostalMethods, Mogreet, etc. These could be used for notifications but less relevant for conference call and recording.

- **storage**: To store the recording, storage APIs like Amazon S3, Google Drive could be used. However, if the telephony service provides call recording and storage directly or via their platform, additional storage service may not be necessary.

- **cloud or backend platforms**: For managing app backend if needed, e.g., CloudMine, QuickBlox.

### Conclusion

For the requirement of a simple, instant conference call with recording that all can keep, the **telephony category** is most crucial.

The most fitting and popular APIs for this use case in the telephony category are:

- **Twilio**: Known for easy-to-use APIs for voice, SMS, conferencing, and recording. Supports programmatic call control and recording retrieval.

- **Plivo**: Similar to Twilio, with voice, call recording, and conferencing features.

- **Voxeo**: SIP-based with rich telephony features including recording and conferencing.

- **Hoiio Voice**: Cloud telephony with call recording and IVR.

Among them, Twilio stands out as the leading platform in the telephony category for building conference calling apps with one-click join and recording capabilities.

**Recommend categories**:
- telephony
- messaging (optional, for notification)
- storage (optional, for storing recordings if not handled by telephony service)

**Recommend matched APIs**:
- twilio
- plivo
- voxeo
- hoiio-voice

These APIs provide the core functionalities necessary to develop the KeepTheRecord online conference call service with recording and participant management.

---

**Final Recommendation:**

- **Recommended Categories**: ['telephony', 'messaging', 'storage']

- **Recommended APIs**: ['twilio', 'plivo', 'voxeo', 'hoiio-voice']
./output/gpt/plan_and_solve/responses.json
データが保存されました: ./output/gpt/plan_and_solve/responses.json (キー: keeptherecord-1)
------------------------------
評価中のサービス: groupme
Iteration 1, Total call: 74
**Reasoning**:
The requirement specifies real-time group communications over SMS, web browsers, and smartphone applications. It also mentions a reference to a former name, "group.ly," which was known as a service for group messaging.

To meet real-time group communication needs across multiple platforms (SMS, web, smartphone apps), we would need APIs that provide:

1. Messaging or Chat capabilities supporting group messaging.
2. Multi-channel support, including SMS, web chat, and mobile chat.
3. Real-time communication features such as push or instant messaging.
4. Possible backend services or telephony APIs that manage SMS.

Given the available categories and APIs, the best matches will be under:
- Category: messaging (for SMS and real-time messaging)
- Category: chat (for web and app chat platforms)
- Category: telephony might also be relevant due to SMS integration.

Among the available APIs, notable matches include:

- **QuickBlox (backend)**: Provides chat, video calling, voice chat, presence, notifications, user management, and works across mobile and web platforms. Supports group chat, making it a strong candidate.
- **Twilio (telephony)**: Provides cloud API for SMS and voice communications, including group messaging capabilities.
- **Slack Real Time Messaging (messaging)**: For real-time chat, but more oriented towards team collaboration tools.
- **PubNub (messaging)**: Real-time messaging via WebSockets for mobile and web apps, supports publishing and subscribing to messages (including group messaging indirectly).
- **Clockwork SMS (messaging)**: SMS gateway API can send messages but might be more oriented to bulk messaging than group chat.
- **Mogreet (messaging)**: SMS/MMS marketing service, primarily for marketing.
- **Vonage Nexmo SMS (messaging)**: SMS messaging platform.
- **Mesibo (chat)**: Real-time chat, voice, and video for mobile apps and websites. Has server-side REST API and iOS/Android SDKs. Supports one-to-one and group messaging.
- **Slack Incoming Webhooks (messaging)**: For posting messages into Slack, a chat platform.
- **HipChat (chat)**: Instant messaging for teams.

From these, the most direct fit for group messaging over SMS and across web and mobile are:

- QuickBlox: Full backend including real-time chat, SMS integration possible.
- Mesibo: Real-time messaging including group chat on mobile and web.
- Twilio: SMS and voice, can be used to build group SMS systems.
- PubNub: Real-time messaging platform for web and mobile apps, widely used for chat applications.
- Vonage Nexmo SMS: SMS platform usable for messaging needs.

**Conclusion**:
- Recommend categories: ['messaging', 'chat', 'telephony', 'backend']
- Recommend All matched APIs: ['quickblox', 'mesibo-server-side', 'twilio', 'pubnub', 'vonage-nexmo-sms']
./output/gpt/plan_and_solve/responses.json
データが保存されました: ./output/gpt/plan_and_solve/responses.json (キー: groupme-1)
------------------------------
評価中のサービス: funny-vines-thebestvines.tv
Iteration 1, Total call: 75
**Reasoning**:

Vine was a service for sharing short videos, highly viral and social media focused. Given the requirement for a mashup that aggregates Vine videos globally, the primary focus is on video content and potentially social aspects (since Vine videos were shared socially).

Since the requirement is to search and aggregate Vine videos globally, the API(s) recommended should support video search and retrieval of video content. Because Vine specifically is no longer listed as a currently available API, we must find APIs in the available list that offer similar video content integration and search capabilities, as Vine video API itself is not present in the provided list.

Categories to focus on:

- video: For APIs that provide access to video content, searching, playing, embedding videos.
- social: Since videos can be part of social networks or user-generated content networks.
- search: Video search might come under search if there are APIs offering multimedia search.

From the available APIs, the ones that provide video content or video search functionality (as alternatives or similar to Vine) include:

- youtube (Category: video): Provides video search, video uploads, user playlists etc.
- dailymotion (Category: video): Large video platform with API for uploading, sharing, searching videos.
- brightcove (Category: video): Video platform API for managing video library and playback.
- vimeo (Category: video): video hosting and sharing API.
- embedly (Category: video): get embed codes from many sites, including video sites.
- ivavideo (iva-video) (Category: video): movie trailers, TV, video game trailers.
- trailer-addict (Category: video): movie trailers embed API.
- stupeflix (Category: video): Automated video generation API.
- framey (Category: video): webcam recorder embed API.

Among these, YouTube is the most popular and versatile, allowing aggregation of videos worldwide with a powerful search API. Dailymotion is also a good alternative video platform with strong API support.

Since Vine was a social video platform, social category might be relevant but APIs like twitter, facebook graph are not currently available or are deprecated.

Conclusion is to recommend video category primarily, with possible inclusion of search and social category if we want to enhance with social or search capabilities.

**Conclusion**:

- Recommend categories: ['video', 'search', 'social']
- Recommend All matched APIs: ['youtube', 'dailymotion', 'brightcove', 'vimeo', 'embedly', 'iva-video', 'trailer-addict', 'stupeflix', 'framey', 'giphy'] 

(Note: giphy is under search category and deals with GIF images, which can be considered a form of short looping video, so could add it for fun video content.)
./output/gpt/plan_and_solve/responses.json
データが保存されました: ./output/gpt/plan_and_solve/responses.json (キー: funny-vines-thebestvines.tv-1)
------------------------------
評価中のサービス: everygain-translator
Iteration 1, Total call: 76
**Reasoning**:

We want to find API(s) suitable for building an extension for Firefox and Chrome that allows users to translate text anywhere on the web, including on platforms such as Twitter, Facebook, and forums, with one-click translation and also as a bookmarklet.

Key features from the requirements:

- Translation capability available in many contexts without selecting text.
- Should support diverse web platforms (Twitter, Facebook, forums).
- Available as browser extensions and bookmarklet.
- The API should provide text translation services.
  
From the categories list, relevant categories include:

- translation: for text or language translation APIs.
- tools: might additionally contain relevant utility APIs.
- social: as it needs integration with social networks (but we are focusing on translation here).
- natural-language-processing: might be relevant if the API has translation or language understanding features.

Reviewing available APIs related to translation:

- Microsoft Translator API (Category: translation): "The Microsoft Translator API is a cloud based machine translation service. It lets users translate text, pictures, websites, documents and full conversations in over 60 languages within their websites and applications."

- Google Cloud Translation API (Category: translation): "Google Cloud Translation API... translates text between thousands of language pairs...", "programmatically integrate the service..."

- Bing Translator (listed as bing-translator here in tools): "Microsoft Translator services to perform language translation operations."

- The requirement is about on-the-fly translation on web pages (Chrome and Firefox extensions), handling any text without selection, supporting social networks, single-click translations, or bookmarklets.

Of the above APIs, the Microsoft Translator API and Google Cloud Translation API are often used in such extensions because they provide broad language support, programmatic access, and are designed for web integration.

The other relevant category is "tools," which includes the bing-translator API (aka Microsoft Translator), which is well-suited and explicitly states it supports web or client applications for language translation.

No other APIs specialized in translation or natural language processing specifically mention translation features.

Checking for any other better matched API:

- hello-salut (language category, greeting service) is not a general translation service.

- nlp-tools: focus on sentiment analysis and classification, not translation.

- dialogflow-standard-webhooks: conversational interface, but not explicit translation.

- google-cloud-translation: best matches the requirement with large language support and API designed for integration, supporting translation of text, websites, documents, etc.

- microsoft-bing-maps, bing, bing-maps: unrelated.

Thus, best matched categories:

- translation: for translation services.

APIs:

- microsoft-translator (within translation category) (Microsoft Translator API)

- google-cloud-translation (translation category)

- bing-translator (tools category) (Microsoft Translator service under tools)

Other categories:

- social could be involved, but the key functionality is translation.

Conclusion: We recommend translation category with Microsoft Translator API and Google Cloud Translation API as best suited to build such an extension.

**Conclusion**:

- Recommend categories: ['translation', 'tools']

- Recommend all matched APIs: ['microsoft-translator', 'google-cloud-translation', 'bing-translator']
./output/gpt/plan_and_solve/responses.json
データが保存されました: ./output/gpt/plan_and_solve/responses.json (キー: everygain-translator-1)
------------------------------
評価中のサービス: flexijourney-travel
Iteration 1, Total call: 77
**Reasoning**:  
To create a mashup service that offers travel information with interactive maps, photos, travel videos, and a custom search engine to enable a virtual journey exploring the world, we need APIs that can collectively provide these key aspects:

1. **Travel Information**:  
   We need access to travel data such as flight and hotel search, booking options, travel destinations, and general travel-related information.

2. **Interactive Map**:  
   A dynamic, interactive map interface allows users to explore locations geographically. This requires mapping APIs capable of rendering maps, showing points of interest, routes, or overlays.

3. **Photos and Travel Videos**:  
   Access to media content like photos and travel videos enriches the user's virtual journey, providing visual insights.

4. **Custom Search Engine**:  
   A powerful search API to enable users to look for destinations, hotels, flights, or any travel-related content, ideally with customizable features to fit the virtual journey concept.

---

**Step-by-step reasoning:**

- For **travel information**, these APIs are suitable:  
  - **amadeus (travel)**: Offers flight & hotel search, booking capabilities, destination content, and travel insights. It's a comprehensive travel data provider.  
  - **tripit (travel)**: Provides access to travel itineraries and organization, useful for personal trip management.  
  - **skyscanner-live-pricing (travel)**: Gives live pricing information on flights.  
  - **travel-iq (travel)**: Provides hotel booking, flight search, and location data.  
  - **bookingcom-content (booking)**: Useful for hotel listings and bookings.  
  - **viamichelin (travel)**: Maps, itineraries, and booking engine integrations.  
  - **bing-traffic (travel)** and **yahoo-traffic (transportation)**: Provide traffic info which can add realism to maps.  
  - **bing-maps (mapping), google-maps-places (mapping)**: These are essential for interactive maps.  
  - **mapbox (mapping)**, **openlayers (mapping)**, **mapquest (mapping)**: Provide interactive map APIs that can be embedded and customized. Among these, Mapbox is popular for rich interactive maps.  

- For **interactive maps**, the top choices are:  
  - **bing-maps (mapping)**: Robust interactive mapping services with routes and traffic.  
  - **google-maps-places & google-maps-geocoding (mapping)**: Popular with many features, though noted some parts deprecated or split, but still relevant as "google-maps-places".  
  - **mapbox (mapping)**: Open source and feature-rich.  
  - **openlayers (mapping)**: Open source and mobile supported.  
  - **bing-maps-routes (mapping)**: For route creation, which can enhance virtual journeys.

- For **photos and travel videos**, some options per the available APIs include:  
  - **youtube (video)**: Access to travel videos on YouTube — highly relevant.  
  - **vimeo (video)**: Similar to YouTube for video content.  
  - **giphy (search)** or **flickr (photos)**: For photos or animated content.  
  - **pixabay-free-images (images/photos)**: Large database of CC0 images.  
  - **instagram-graph (photos)** or **instagram-real-time (photos)**: Access to user-generated travel photos and media.  
  - **openweathermap, aerisweather (weather)**: Though not asked specifically, could add weather info along the journey.  
  - **bbc-nitro (media)**, **otnettv (media)**: Optional media content providers but more generic.

- For **custom search engine** functionality around travel and related data, consider:  
  - **yahoo-local-search (search)**: For business, venue, location searches relevant to travel.  
  - **google-custom-search (search)**: To build a search engine interface.  
  - **bing (search)** or **microsoft-bing (search)**: For general web search, can include travel content.  
  - **primal (search)**: Content filtering and personalization, could help enhance travel search experiences.  
  - **yummy, yelp-fusion (recommendations/search)**: Food & business recommendations at travel destinations.  
  - **eventbrite (events)** or **eventful (events)**: For accessing local events at travel destinations to enrich journey experience.

---

**Putting it all together:**  
- Categories:  
  - **travel** (core travel data: flights, hotels, bookings)  
  - **mapping** (interactive maps, locations, routing)  
  - **video** (travel videos, multimedia content)  
  - **photos** (visuals for destinations)  
  - **search** (customized search engine function for travel content)  
  - Optionally, **events** (travel event info), and **recommendations** (yelp etc) could also enhance experience but not strictly required.

- APIs fitting best:  
  - **amadeus** (travel)  
  - **tripit** (travel)  
  - **bookingcom-content** (booking)  
  - **skyscanner-live-pricing** (travel)  
  - **bing-maps**, **google-maps-places**, **mapbox**, **openlayers**, **mapquest** (mapping)  
  - **youtube** (video)  
  - **vimeo** (video)  
  - **flickr**, **pixabay-free-images**, **instagram-graph** (photos)  
  - **google-custom-search** (search)  
  - **yahoo-local-search** (search)  

These provide a good balance of comprehensive travel data, interactive maps with rich mapping features, relevant media (photos/videos), and powerful search capabilities.

---

**Conclusion**:

- Recommend categories:  
  ['travel', 'mapping', 'video', 'photos', 'search']

- Recommend All matched APIs:  
  ['amadeus', 'tripit', 'bookingcom-content', 'skyscanner-live-pricing', 'bing-maps', 'google-maps-places', 'mapbox', 'openlayers', 'mapquest', 'youtube', 'vimeo', 'flickr', 'pixabay-free-images', 'instagram-graph', 'google-custom-search', 'yahoo-local-search']
./output/gpt/plan_and_solve/responses.json
データが保存されました: ./output/gpt/plan_and_solve/responses.json (キー: flexijourney-travel-1)
------------------------------
評価中のサービス: twitter-trending-local-restaurants
Iteration 1, Total call: 78
**Reasoning**:

1. The requirement is to "browse Twitter-trending restaurants and bars" in major cities such as San Francisco, New York, LA, and 10 other top Twitter cities.
2. Key points:
   - Twitter-trending: We need social data relevant to Twitter trends or Twitter activity.
   - Restaurants and bars: We want to focus on places categorized as eateries, specifically restaurants and bars.
   - Cities: We want geo-specific data to filter or search for businesses in particular cities.
3. To fulfill this, we ideally want APIs that can provide:
   - Twitter trending or hashtag data (to identify trending restaurants and bars by Twitter activity).
   - Location-based search or business data about restaurants and bars in multiple cities.
4. Among the available APIs:
   - There are some social APIs related to Twitter: "twitter-streaming" provides realtime Twitter data access, "tagalus" relates to Twitter hashtags, "what-trend" provides trending topics and explanation on Twitter.
   - There is "yelp-fusion" under recommendations category, which includes business reviews, ratings, photos, and has a focus on local businesses including restaurants and bars with geo-specific data.
   - "plancast" social API allows sharing events and activities, may not be focused on restaurants/bars.
   - "twitpic" and "twitter-search" are less direct for trending businesses.
   - "tagalus" lets you retrieve Twitter hashtag definitions, not relevant directly to browsing restaurants.
   - "what-trend" finds out what's trending on Twitter and why, and provides latest tweets and photos, useful to detect trending topics.
   - "foursquare" social API provides location based experiences including venues, check-ins, photos; Foursquare is well-known for venue data including restaurants and bars.
   - "yelp-fusion" is a strong fit because Yelp is specialized in business listings for restaurants and bars, including reviews and ratings, and provides location-based search.
   - Other mapping APIs (Google Maps, Bing Maps) provide geolocation but don't provide Twitter-trending or business-specific social trend data.
5. So, a combination of:
   - Social/Trending Twitter APIs to get trending concepts or hashtags related to restaurants and bars in desired cities.
   - Local business APIs (like Yelp Fusion and Foursquare) to get detailed listings of restaurants and bars in those cities.
6. Both Yelp Fusion and Foursquare APIs support location-based business lookup with reviews and photos.
7. Additionally, "what-trend" API directly provides trending Twitter topics with tweets and photos, which can help identify trending restaurants and bars.
8. Therefore, to build mashups that browse Twitter-trending eateries, one might:
   - Use "what-trend" to get trending Twitter topics per city or overall.
   - Possibly filter trending topics to those related to restaurants/bars.
   - Use "yelp-fusion" to get detailed info about businesses in those cities matching those trending topics.
   - Possibly supplement with Twitter Streaming or search APIs if needed.
   - Alternatively, Foursquare API can be used for detailed venue info and check-in data.

**Conclusion**:

- Recommend categories: ['social', 'recommendations', 'location']

- Recommend all matched APIs: ['what-trend', 'yelp-fusion', 'foursquare', 'twitter-streaming']
./output/gpt/plan_and_solve/responses.json
データが保存されました: ./output/gpt/plan_and_solve/responses.json (キー: twitter-trending-local-restaurants-1)
------------------------------
評価中のサービス: darwin-bus-map
Iteration 1, Total call: 79
**Reasoning**:
1. The goal is to display bus routes and timetables specifically in Darwin, Australia, along with the ability to:
   - View all bus stops
   - Access real-time or timeline-based data
   - Show the latest real-time traffic information
   - Provide StreetView imagery for each bus stop

2. This requires integration of:
   - Transport data including bus routes, stops, and timetables in Darwin.
   - Real-time traffic information in the relevant area.
   - Street View imagery to visually present each bus stop.

3. For bus routes, stops and timetables specific to Darwin, Australia:
   - Look for APIs offering localized or country-specific transit data (e.g., a transportation or transit API).
   - Since the user specifies Darwin, Australia, it's important the API covers this.

4. For real-time traffic info:
   - A traffic API with geographic coverage that includes Darwin, Australia.

5. For StreetView-like imagery:
   - A mapping or street imagery API that supports views for specific locations.

6. Examining the available APIs and categories:

   - Transportation related:
     - irail - Belgium focused, so no.
     - Public Transit Data Community - US-focused.
     - Yahoo Traffic - US/Canada focused.
     - Bing Maps - provides mapping, routing, potentially traffic, and imagery.
     - Google Maps Street View Image - provides street imagery.
     - Bing Traffic - traffic incidents for US and Canada.
     - google-waze - live traffic conditions, but Google Waze does not support Australia fully.
     - mapquest - mapping and directions, including traffic.
     - transport APIs specifically for Australia or Darwin seem absent.
     - australian government open data portals or transport APIs are not in the list.

7. Since no specific API is listed for Darwin bus routes and timetables, consider open transit data APIs or government data portals:
   - govdata, datagovuk, ckan - general government data portals, mostly non-Australia.
   - No direct Australian transit APIs listed.

8. Real-time traffic info is required:
   - Bing Maps provides traffic and mapping APIs with global support, including Australia.
   - Google Maps APIs are deprecated here, but Google StreetView API is present.
   - MapQuest APIs provide directions and mapping, but no specific real-time traffic mentioned.
   - Yahoo Traffic and Bing Traffic are only for US/Canada.

9. For StreetView imagery:
   - Google Street View Image API is the best known global street imagery API.
   - Bing Maps can also provide imagery, possibly aerial or bird's eye views.

10. Conclusion on the components:

   - To show bus routes, timetables, and bus stops — no explicit Darwin bus API is listed. Could potentially use general transit data or third-party caching, but no direct match.

   - Mapping and route presentation: use Bing Maps (mapping and routes).

   - Real-time traffic info: Bing Maps Traffic API is limited to US and Canada, probably not supporting Australia.

   - StreetView images: Google Street View Image API.

11. For the missing transit data for Darwin:
   - Since no direct bus route API exists, consider the general transportation or mapping API to overlay transit data.

12. Alternatively, look if any transportation API offers results for Australia:
   - Skyscanner Live Pricing - travel but flights only.
   - sabre-0 - global travel marketplace but not public transit.
   - No direct bus API.

13. The only transportation API is irail (Belgium) and no Darwin-specific transit API is listed.

14. Considering that, the API combination recommended should be:

   - Categories:
     - transportation (for transit data) — no direct API found matching Darwin buses.
     - mapping (for maps and routes)
     - travel (traffic info if any, but limited for Darwin)
     - video or photos (for street view images) — specifically photos category with Google Street View Image API

15. Matched APIs:

   - For mapping and routes: 
     - bing-maps-routes (mapping): supports routes, driving/walking routes. Could be used to show bus routes visually.
     - bing-maps-search or bing-maps-locations: for places and coordinates of bus stops

   - For street view imagery:
     - google-street-view-image (photos): Provides street view images for specific locations.

   - For traffic info:
     - Given the limitation of Bing Traffic (US/Canada only) and Yahoo Traffic (US/Canada only), no direct supported API for Darwin traffic is listed.
     - Possibly approximate traffic info using Bing Maps Routes - but no explicit traffic feed.
     - Or consider google-waze, but it mentions not including US and Canada only, so possibly global but limited.

16. Since the requirement is strict for Darwin, Australia, with real-time traffic info and street views for bus stops, recommend the following:

   - Categories: mapping, transportation, travel, photos
   - APIs: bing-maps-routes, bing-maps-search, google-street-view-image, google-waze (for traffic, if available for Darwin)

However, google-waze is listed under travel, and specifically mentions not covering US and Canada but no mention of Australia — possibly global. So could try.

**Conclusion**:
- Recommend categories: ['mapping', 'transportation', 'travel', 'photos']
- Recommend All matched APIs: ['bing-maps-routes', 'bing-maps-search', 'google-street-view-image', 'google-waze']
./output/gpt/plan_and_solve/responses.json
データが保存されました: ./output/gpt/plan_and_solve/responses.json (キー: darwin-bus-map-1)
------------------------------
評価中のサービス: vodafone-update-app-android
Iteration 1, Total call: 80
**Reasoning**:

The requirement is to build or facilitate mobile access to social networks combined into a single UI, specifically including Twitter, Facebook, and MySpace, allowing users to stay connected with friends and contacts on the go.

Step 1: Identify the Category
- The main focus is social networks and social connectivity functionalities, therefore the "social" category is the natural primary category to consider.

Step 2: Identify Relevant APIs

- Twitter: The direct Twitter API is deprecated and separated into several specialized APIs like Twitter Streaming and Ads. However, for generic social functionality, the available social aggregation or social media platform APIs might help.
- Facebook: The Facebook API is deprecated and replaced by Facebook Graph and others; the Facebook Graph API is available in the social category.
- MySpace: The MySpace Developer Platform provides APIs for social interaction.
- Other social APIs that might facilitate aggregation or social connectivity include LinkedIn, Tumblr, Foursquare, NationBuilder, Buffer, Scoop.it, LaunchRock, etc.

The client specifically wants Twitter, Facebook, and MySpace integrated in a mobile-accessible combined UI.

Step 3: Check the available APIs for these services:

- twitter-streaming (social): for Twitter real-time data streaming
- facebook-graph (social): to access Facebook social data
- myspace (social): for MySpace social integration
- buffer (social): for managing and scheduling posts on social networks, could be used for social management
- linkedIn (social): LinkedIn social network API
- tumblr (social): Tumblr blogging/social API
- nationbuilder (social): for community organizing
- tagalus (social): Twitter hashtags definitions
- plancast (social): event sharing among friends
- social-actions, scoopit, launchrock, addthis-services (social) might help for content sharing and social engagement

Step 4: Decide which APIs are core to enabling the client’s requirement

- Core social network APIs to connect directly to Twitter, Facebook, and MySpace:
  - twitter-streaming
  - facebook-graph
  - myspace
- Optionally, social management tools like buffer for posting and scheduling could augment functionality
- Also consider tagalus or plancast if the UI wants to provide hashtag or event context, but these are optional or secondary
- Because the requirement is to combine these social networks in a unified UI for mobile access, use of these core social network APIs is recommended

**Conclusion**:
- Recommend categories: ['social']
- Recommend All matched APIs: ['twitter-streaming', 'facebook-graph', 'myspace', 'buffer']
./output/gpt/plan_and_solve/responses.json
データが保存されました: ./output/gpt/plan_and_solve/responses.json (キー: vodafone-update-app-android-1)
------------------------------
評価中のサービス: bleacherweather
Iteration 1, Total call: 81
**Reasoning**:

The user requires a mashup application that combines sporting events with weather conditions and forecasts, displayed on a Google Map.

Breaking down the requirements:

1. **Sporting events data**:
   - Need an API that can provide detailed information on sporting events, such as schedules, locations, and details.
   - The API should preferably provide geo-data or location info to plot events on a map.
   
2. **Weather conditions and forecasts**:
   - An API that supplies weather data, including current conditions and forecasts.
   - Ideally, the weather API should provide data by location — latitude and longitude or address — for integration with the map and event data.

3. **Google Map integration**:
   - The map is a Google Map, so APIs or services that provide geocoding (addresses to geo-coordinates), reverse geocoding, or maps-related features compatible with Google Maps.
   - APIs to embed and interact with maps on a web page.

Therefore, the mashup requires the combination of:
- Sports event data with location info.
- Weather data for those locations.
- Map API to display this data visually.

From the available categories and APIs, the relevant selections would be:

**Sporting events category**
- Category: sports
- United APIs related to sports events with location data.

For sporting events:
- "yahoo-fantasy-sports" (sports stats, teams, leagues)
- "espn" (sports data including scores, stats, events)
- "teamsnap" (team sports managing, event schedules)
- "ergast" (Formula 1 and Formula E racing data)
- "bandsintown", "songkick", "jamendo" (music related, so not relevant for sports)

"espn" is a good candidate for sports event data with schedules and team information. "teamsnap" also provides event schedules but is more focused on team management. "yahoo-fantasy-sports" is more about fantasy sports stats, less about real events.

Ergast is specific to racing data.

"are-you-watching" is a sports alert service.

To get broad sporting events data, "espn" is relevant.

**Weather category**:
- Many weather APIs are available:
  - aerisweather
  - norway-weather
  - national-weather-service-ndfd
  - openweathermap (deprecated)
  - noaa-national-weather-service-nws-ndfd-soap
  - met.no (Norway)
  - world-weather-online (deprecated)
  - aerisweather is a good, active weather API with forecasts.

**Mapping category**:
- Need to work with Google Maps.
- Google Maps APIs related to mapping:
  - google-maps-places (for places info)
  - google-maps-geocoding
  - google-maps-elevation
  - google-maps-distance-matrix
  - google-maps-geolocation
  - google-maps-routes
  - google-static-maps (for static maps)
  - google-maps (deprecated, split)
- Because Google Maps API is an external service, we assume user will use Google Maps APIs for displaying the map. Among the available APIs, the relevant ones are google-maps-geocoding (to get coordinates from addresses), google-maps-places (for place info).
- The user specifically mentions Google Map, so Google Maps APIs are relevant.

In summary:

- For sporting events: ESPN API (sports category)
- For weather: AerisWeather API (weather category)
- For mapping: Google Maps APIs such as google-maps-geocoding and possibly google-maps-places.

**Conclusion**:

- Recommend categories: ['sports', 'weather', 'mapping']

- Recommend all matched APIs: ['espn', 'aerisweather', 'google-maps-geocoding', 'google-maps-places']

# Final answer

**Reasoning**:
To build a mashup displaying sporting events with weather conditions and forecasts on a Google Map, we need APIs from three key categories — sports (to supply event data along with location info), weather (to provide current weather and forecast data by location), and mapping (to support Google Maps integration through geocoding or place information).

The ESPN API in the sports category provides comprehensive sports information including event details that can be used to get locations.

AerisWeather API offers current weather conditions and forecasts with good location support.

Google Maps-related APIs such as google-maps-geocoding and google-maps-places help convert event addresses to coordinates and enhance place-related data on the map.

Together, these APIs cover the required domains to develop a rich mashup combining sporting events with weather overlays on a Google Map.

**Conclusion**:
- Recommend categories: ['sports', 'weather', 'mapping']
- Recommend All matched APIs: ['espn', 'aerisweather', 'google-maps-geocoding', 'google-maps-places']
./output/gpt/plan_and_solve/responses.json
データが保存されました: ./output/gpt/plan_and_solve/responses.json (キー: bleacherweather-1)
------------------------------
評価中のサービス: asesor
Iteration 1, Total call: 82
**Reasoning**:

The application "Asesor" described is a medical Q&A and translation service aimed at facilitating communication between rural patients in 3rd world countries, translators, and medical professionals. The key functionalities needed for this app based on the description are:

1. **Telephony for voice call recording and callbacks:** The patients will use regular telephones to record their questions. The translators will call patients back from their browsers to provide answers in the native language. So, telephony integration for receiving calls, recording voice messages, and making outward calls via the browser is needed.

2. **Translation services:** The app requires translation of medical questions from native languages into English, and potentially translations of doctors’ answers back into native languages.

3. **Medical domain specialization:** The questions and answers involve medical content, so categorically it touches on the medical sector.

4. **Asynchronous, distributed communication:** The app likely needs messaging, or at least data exchange, but from description, voice calls and voice messages are central.

5. **User and data management:** Managing accounts for patients, translators, and doctors might require backend services.

Examining the available categories and APIs:

- **Telephony** category is essential for handling voice calls and voicemail (recording), both inbound and outbound calls routed from the browser.

- **Translation** category is needed for language translation services from native languages to English and vice versa.

- **Medical** category is relevant since the app deals with medical questions and answers.

- APIs that match these needs:

  a. **Telephony APIs:**
     - **Twilio**: Provides cloud telephony infrastructure, voice and SMS features, REST APIs, and ability to programmatically control calls, make outbound calls from browser, get voice recordings.
     - **OpenCNAM**: Caller ID lookup, but less relevant here.
     - **Plivo**: Similar telephony API, with voice call capabilities.
     - **KooKoo**: Telephony platform, IVR, placing/receiving calls, gathering input.
     - **TelAPI**: Voice and SMS messaging.
     - **SpokenBuzz**: API to initiate phone calls and receive voice message recordings.
     - **Hoiio Voice**: Cloud voice API, making calls and handling IVR.
     - **Tropo Scripting**: Build phone, SMS, and IM apps.
     - **Voxeo**: VoiceXML platform for telephony applications.
     - **Plum Fuse**: Programmable voice app platform with IVR.
  
  Among these, **Twilio** is widely used, robust, and supports outbound calls from browser, recording, and conferencing; hence a key fit.

  b. **Translation APIs:**
     - **Microsoft Translator**: Cloud-based machine translation service with 60+ languages.
     - **Google Cloud Translation**: Machine translation with custom glossaries, batch requests.
     - Other translation APIs may be present but these are most relevant.

  c. **Medical API:**
     - **NHS**: Syndicated medical content for approved partners (may be restricted).
     - **Healthfinder**: Government health agency API for healthy living content.
     - **Health-20**: Directory of health-related APIs.
     - **National-library-medicine-dirline**: Medical resource directory.
     - For domain-specific medical question answering, direct APIs are not clearly present; may be limited to referencing medical content.

Given the problem, the app focuses on voice question-answer with translation, rather than automating medical answers. So, the telephony and translation APIs are indispensable.

Other helpful categories/APIs:

- **Messaging** APIs may help with text notifications, but voice is core here.

- **Backend/APIs for user management** (not deeply detailed in requirements) e.g., **QuickBlox**, **CloudMine** or custom backend.

**Conclusion**:

- Recommend categories: ['telephony', 'translation', 'medical']

- Recommend all matched APIs:
  - For telephony and call management:
    ['twilio', 'plivo', 'spokenbuzz', 'tropo-scripting', 'kookoo', 'hoiio-voice', 'voxeo', 'plum-fuse', 'telapi']
  - For translation:
    ['microsoft-translator', 'google-cloud-translation']
  - For medical information/directory:
    ['nhs', 'healthfinder', 'health-20', 'national-library-medicine-dirline']

Using these APIs in combination supports the core app functionality: voice-based question and answer over telephony systems, language translation services, and accessing medical content or directories as reference.
./output/gpt/plan_and_solve/responses.json
データが保存されました: ./output/gpt/plan_and_solve/responses.json (キー: asesor-1)
------------------------------
評価中のサービス: gengo-youtube-translation
Iteration 1, Total call: 83
**Reasoning**:

The user needs a solution for translating YouTube video captions by humans to reach a large, worldwide audience.

Key points:
- YouTube video captions: implies dealing with YouTube and video content that includes captions or subtitles.
- Translation by humans: the user desires human translation, not machine translation or automatic tools.
- Seamless integration: the solution should allow integrating this translation service or process easily.
- Reach a huge worldwide audience: implies broad language support and ability to distribute or use translations to increase audience reach.

Step 1: Identify relevant categories
- video: because YouTube videos are involved.
- translation: for the translation of captions.
- possibly social or media: for the aspect of audience reach and content sharing.
- education or learning might be tangential but less relevant here.

Step 2: Identify relevant APIs

For dealing with YouTube captions:
- The YouTube Data API (named "youtube" here) enables integration with YouTube content, including uploading or accessing video metadata including captions. This API allows managing videos and captions.
- For translation, the user specifically requests human translation, so APIs that provide human translation or access to human translators are relevant.
- Look for translation APIs, especially human-based translation services or hybrid (machine + human).
- From available APIs, "gengo-human-translation" fits well. It is a service specializing in high-quality human translation accessible via a REST API.
- There is also "microsoft-translator" and "google-cloud-translation", but these are machine translation; the problem favors human translation.

Putting it together:
- Use YouTube API to access/manage captions data.
- Use Gengo Human Translation API for seamless human translation of captions.
- Possibly use some social, media or video APIs for distribution, but likely the key lies in these two.

Step 3: Confirm APIs and categories

Categories relevant:
- video (YouTube)
- translation (human translation with Gengo API)

Matched APIs:
- youtube: for managing YouTube videos and captions.
- gengo-human-translation: human translation service via API.

No other API explicitly offers human translation on captions.

**Conclusion**: 
- Recommend categories: ['video', 'translation']
- Recommend All matched APIs: ['youtube', 'gengo-human-translation']
./output/gpt/plan_and_solve/responses.json
データが保存されました: ./output/gpt/plan_and_solve/responses.json (キー: gengo-youtube-translation-1)
------------------------------
評価中のサービス: mapiprop
Iteration 1, Total call: 84
**Reasoning**:

1. The requirement is to build a free real estate search site showing properties located specifically in Argentina, Spain, and Uruguay.

2. The site should use Google Maps and Google Street View for mapping and street-level imagery. Additionally, it should use Bing's Bird's Eye view to provide aerial imagery.

3. The solution requires the use of mapping APIs that support:
   - Displaying maps with markers/pins representing property locations.
   - Street View imagery to show the property's street-level appearance.
   - Bing Bird's Eye View to provide an oblique aerial view option.

4. The API needs to handle geographic information that covers Argentina, Spain, and Uruguay.

5. We also need an appropriate real estate data source or property listings API for those countries to populate the site with property information.

From the available categories and APIs, I will identify:

- Mapping APIs:
  - Google Maps APIs for mapping and Street View
  - Bing Maps APIs for bird’s eye imagery

- Real estate APIs:
  - Look for real estate APIs that cover Argentina, Spain, and Uruguay.

6. Checking the available APIs for mapping:
   - google-maps-places: Provides place information with search and photos (may be useful for location data).
   - google-maps-geolocation, google-maps-geocoding, google-street-view-image: Useful for location services and street-level imagery.
   - bing-maps, bing-maps-routes, bing-maps-geocode-dataflow, bing-maps-search: Bing Maps services include mapping, search, geocoding.
   - microsoft-bing-maps: Interactive SDK and web services including bird's eye view and aerial imagery.
   - mapquest, mapquest-open-directions: General mapping and routing.
   - mapbox: Open source map creation platform.
   - openstreetmap: Open data and mapping platform (may be used as an alternative).

7. Checking for real estate APIs:
   - nestoria: A vertical search engine for property in the UK and Spain (Spain included, good for Spain).
   - booli: Swedish real estate search, so not relevant here.
   - zillow: US real estate, not relevant.
   - realtybaron-answers: A Q&A related to real estate, less direct listing data.
   - walk-score: Focuses on walkability scores within the US, so likely not Argentina or Uruguay.
   - There is no explicit listing for Argentina or Uruguay real estate APIs.

8. For Argentina and Uruguay properties:
   - No direct real estate API for these countries is listed.
   - Possibly, the developer could rely on generic mapping APIs (Google and Bing) for the map and find their own data source or integrate data by other means.

9. For Spain, Nestoria API can provide real estate search and listings.

10. Google Maps and Street View APIs provide excellent support for showing maps and street-level images anywhere globally including Argentina, Spain, and Uruguay.

11. Bing Maps API (microsoft-bing-maps) offers bird's eye view imagery for US and a variety of global locations. Needs to verify if bird's eye view is available for the required countries. The API is commercial but there is indication of bird's eye and aerial imagery features.

**Summary of recommended APIs:**

- Mapping and Street view:

  - google-maps-geocoding (for address to coordinates)
  - google-street-view-image (for street-level imagery)
  - microsoft-bing-maps (for bird's eye and aerial imagery)
  - bing-maps-search or bing-maps (for search and mapping functions)

- Real Estate Search:

  - nestoria (for properties in Spain)
  - For Argentina and Uruguay, no specific real estate API found in the available list; developer might use custom or other data sources along with the mapping APIs.

**Conclusion**:

- Recommend categories: ['mapping', 'real-estate']

- Recommend All matched APIs: [
  'google-maps-geocoding',
  'google-street-view-image',
  'microsoft-bing-maps',
  'bing-maps-search',
  'nestoria'
]
./output/gpt/plan_and_solve/responses.json
データが保存されました: ./output/gpt/plan_and_solve/responses.json (キー: mapiprop-1)
------------------------------
評価中のサービス: pixurl-social-search
Iteration 1, Total call: 85
**Reasoning**:
- The user wants to use "pixurl" to search favorite social platforms all from one web page.
- They want a mashup that aggregates or enables searching across multiple social platforms via a single interface.
- "pixurl" itself is not listed as an available API here, so we need to find suitable APIs and categories that provide social platform search or social data aggregation.
- Key requirements:
  - Search multiple social platforms data (e.g., posts, images, tweets, pins, etc.)
  - Aggregate or unify results from different social sites
  - Social platform integration
  - Possibly APIs that can provide public data access or search of social content
- From the list, relevant categories are likely:
  - social (for accessing social platform data)
  - search (for search engines/APIs supporting multi-source or social search)
- Relevant APIs in social category for social platform data or search:
  - facebook-graph: Provides access to Facebook social graph (but note deprecated in original, but kept for reference)
  - twitter-streaming: Real-time access to public and protected Twitter data
  - twitter-search: Twitter search API
  - linkedin: RESTful API for people, companies, jobs, interactions
  - pinterest-domain: Provides user’s pinboards and pins data
  - plancast: Shares events and plans from friends
  - buffer: Manage and schedule tweets
  - scoopit: Content curation platform
  - tagalus: Twitter hashtag definitions
  - what-trend: Trending Twitter topics and related media
  - tarpipe: Manage social presence on multiple social sites (twitter, FriendFeed, etc)
  - twitter (deprecated but includes search and REST API)
  - tumblr: Read/write Tumblr blog post, tags, user info
  - facebook: Deprecated
  - social-share-count: Get share counts from ShareThis platform (may not provide search)
  - addthis-services: Boost sharing functionality
  - addthis-analytics: Analytic data about sharing
  - realm about social APIs is a bit fragmented but still many APIs provide social data access.
- In search category:
  - giphy: GIF search engine for animated images, mostly social content relevant
  - bing-maps-search, google-custom-search, google-search (deprecated), primal, yahoo-search-marketing, etc. mostly general purpose.
- Since the problem is to search your favorite social platforms from 1 web page, the solution is to integrate multiple social platform APIs that provide search or content retrieval to build an aggregated search experience.
- Recommended Categories would be social and search primarily.
- Recommended APIs would be those social APIs providing content access and search capabilities:
  - twitter-streaming and/or twitter-search: Twitter data and search
  - facebook-graph: Facebook data access
  - pinterest-domain: Pinterest pinboard and pins
  - tumblr: Tumblr posts and data
  - giphy: social GIFs search
  - plancast: user events and friend plans (social integrations)
  - tagalus: Twitter hashtag meanings (enrich social search)
  - buffer: to access/manage tweets for scheduling or display
  - scoopit: content curation API for social content
  - twitter-streaming and twitter-search may be fragmented so can pick either
- The focus stays on social platforms and their search APIs, which combined can enable a user to search or browse content from the favorite social networks in one place.

**Conclusion**:
- Recommend categories: ['social', 'search']
- Recommend All matched APIs: [
  'twitter-streaming',
  'twitter-search',
  'facebook-graph',
  'pinterest-domain',
  'tumblr',
  'giphy',
  'plancast',
  'tagalus',
  'buffer',
  'scoopit'
]
./output/gpt/plan_and_solve/responses.json
データが保存されました: ./output/gpt/plan_and_solve/responses.json (キー: pixurl-social-search-1)
------------------------------
評価中のサービス: mood-tweet
Iteration 1, Total call: 86
**Reasoning**:

1. The requirement is for an online diary specifically for Twitter users, which is free to use.
2. The service should track and rate "Moo'd Tweets" — implying it tracks tweets, possibly their mood or sentiment.
3. The target data source is Twitter, so social media APIs related to Twitter or general social APIs are relevant.
4. "Track and rate your Moo'd Tweets" indicates the need to analyze or rate tweets, which could involve:
   - Accessing Twitter user timeline or tweets data.
   - Performing sentiment analysis or mood rating on tweets.
5. So we need:
   - A social category API to access Twitter data.
   - Possibly a sentiment analysis or natural language processing API to rate or analyze the mood/content of tweets.
6. Available APIs relevant to Twitter data:
   - twitter-streaming (social): High-throughput near-realtime access to Twitter data.
   - tagalus (social): Access Twitter hash tag meanings, but this is more about hashtags than tweets.
   - What-trend (social): Detect Twitter trending topics, some analysis.
   - awe.sm (social): Social data analytics but more about user and behavior analytics, less about tweet content.
   - twitter (social): A legacy Twitter API, no longer available.
7. Regarding sentiment or mood rating:
   - rxnlp-text-similarity (text): Text similarity API.
   - nlp-tools (natural-language-processing): Sentiment analysis and classification.
   - getsentiment (sentiment): Keyword extraction, topical categorization, aspect-based sentiment analysis of text.
   - datumbox (tools): Sentiment analysis, language detection, topic classification.
8. The main core functionality is to track Twitter tweets (social + Twitter API) and rate them for mood or sentiment (sentiment / natural language processing API).
9. Combining Twitter data access with sentiment analysis API is reasonable.
10. Additional optional useful social API:
    - tagalus (for twitter hashtags meaning) if hashtags are important for rating.
    - twitter-streaming for getting real-time tweets related to a user.

**Conclusion**:

- Recommend categories: ['social', 'sentiment', 'natural-language-processing']
- Recommend All matched APIs:
  - twitter-streaming (social) — for accessing Twitter user tweets in real time.
  - nlp-tools (natural-language-processing) — for sentiment analysis and classification of tweet text.
  - getsentiment (sentiment) — for detailed sentiment analysis and keyword extraction.
  - datumbox (tools) — providing sentiment analysis and natural language processing functions.  
Optionally:
  - tagalus (social) — for Twitter hashtags meaning if applicable.
./output/gpt/plan_and_solve/responses.json
データが保存されました: ./output/gpt/plan_and_solve/responses.json (キー: mood-tweet-1)
------------------------------
評価中のサービス: read-all-about-it
Iteration 1, Total call: 87
**Reasoning**:

The user's requirement is to create a mashup/service that combines Amazon books information with Windows Live Local mapping capabilities, allowing users to find books on Amazon based upon geographical locations around the world.

Let's break down the components:

1. **Amazon Books API**:
   - The user wants to get data about books from Amazon.
   - The available APIs related to Amazon books or Amazon ecommerce include:
     - **amazon-product-advertising (ecommerce)**: For retrieving product information from Amazon, including books.
     - **amazonca (reference)**: Amazon.ca barcode database, less relevant.
     - **goodreads (books)**: Books-related metadata.
     - **open-library-books (reference)**: Books info from Open Library.
   - The best match for Amazon books is the **amazon-product-advertising** API since it exposes Amazon's product data and ecommerce functionality and can be used for books lookup on Amazon.

2. **Windows Live Local**:
   - The user wants to incorporate Windows Live Local geographic location services.
   - Windows Live Local is primarily about mapping and location services.
   - In the available categories, mapping is the relevant category.
   - For Windows Live Local, Windows Live Local APIs are not explicitly listed. However, mapping APIs that provide geospatial or local search features are the best category match.
   - Among the mapping APIs, several relate to Windows or Microsoft services:
     - **bing-maps-search** (mapping): Bing Maps Search Service.
     - **bing-maps** (mapping): Bing Maps REST services.
     - **bing-maps-routes, bing-maps-geocode-dataflow, bing-maps-locations**: All related to Bing Maps.
   - Microsoft's platform related to Windows Live Local would be Bing Maps and related APIs.
   
3. **Combining the two**:
   - The mashup requires combining location search capabilities (to find geographical points of interest) with Amazon books search.
   - When the user searches for books, the app should integrate with location services to provide books relevant to or filtered by geographical locations.
   
4. **Recommended categories**:
   - The relevant categories are:
     - ecommerce (for Amazon products/books)
     - mapping (for Windows Live Local / Windows mapping services)

5. **Selecting APIs**:
   - From ecommerce category to get Amazon books data: **amazon-product-advertising**
   - From mapping category to get Windows Live Local capabilities: since the Windows Live Local API is deprecated and replaced by Bing Maps APIs, the best choice is **bing-maps-search** or **bing-maps**
   - **bing-maps-search** enables search queries and returning search results related to mapping.
   - **bing-maps** provides REST services for maps, directions, and is more general.
   - For search functionality in mapping, **bing-maps-search** is more direct.
   
Hence, combining **amazon-product-advertising** and **bing-maps-search** will best meet the described requirement.

**Conclusion**:

- Recommend categories: ['ecommerce', 'mapping']
- Recommend All matched APIs: ['amazon-product-advertising', 'bing-maps-search']
./output/gpt/plan_and_solve/responses.json
データが保存されました: ./output/gpt/plan_and_solve/responses.json (キー: read-all-about-it-1)
------------------------------
評価中のサービス: what-are-haps
Iteration 1, Total call: 88
**Reasoning**:

The requirement is to create a local event search engine that is powered by user contributions. The application should allow users to find events to attend on a given day or promote their own events. The mashup service will likely need to offer:

- Access to event data such as local events, event details, venues, dates, times, and user-generated content.
- The capability to create, update, and manage events so that users can promote their own events.
- Search features that can filter events by location and time (e.g., today).
- Possibly retrieval of attendees, transactions, or other user engagement metrics.
- Support for RESTful APIs with event-specific endpoints.

From the available categories and APIs, the category "events" is a natural fit. Within the available APIs, event data APIs with capabilities including event search, creation, update, and user engagement features are suitable.

APIs worth considering:

1. **Eventbrite** (Category: events) - Provides access to create, update events, manage attendees, transactions, venues, and also has a referral program. It supports creating users and events, pulling associated events. This matches the need for both searching and promoting events via user contributions.

2. **Eventful** (Category: events) - World's largest event collection, supporting event and venue search. Access to event data via RESTful calls; it supports searching a very broad collection of event types and locations.

3. **Active** (Category: events) - Provides access to sports and other physical activity events, including event data. More specialized but could serve certain event types.

Examining other categories:

- Social category APIs like Plancast or NationBuilder also provide event and community features, but these are more social/community management-oriented rather than general event search and promotion.

- Feedback, chat, and messaging categories are not directly relevant for event data, though they could be auxiliary.

Conclusion:

The primary category is **events**.

The most relevant APIs focused on event search and user contribution are:

- Eventbrite API
- Eventful API
- Active API

Given the problem statement, Eventbrite and Eventful are the strongest matches because they offer comprehensive event data, user contributions, and search capabilities. Active could be considered for specialized event types.

**Conclusion**:

- Recommend categories: ['events']

- Recommend All matched APIs: ['eventbrite', 'eventful', 'active']
./output/gpt/plan_and_solve/responses.json
データが保存されました: ./output/gpt/plan_and_solve/responses.json (キー: what-are-haps-1)
------------------------------
評価中のサービス: eyouin-notifications
Iteration 1, Total call: 89
**Reasoning**:

The requirement is to notify registered eYouIn users about invitations to an event, reminders, and cancellations. This involves sending messages or notifications to users in relation to event activities.

Key tasks:
- Notify users: This requires messaging or notification capabilities.
- Invitations, reminders, cancellations: These are related to events and event management, implying some integration with event data and sending communications based on event changes.

From this, the solution likely involves:

1. Event management or event data APIs to handle or fetch event information (if needed).
2. Messaging APIs to send notifications such as SMS, push notifications, or email.
3. Possibly user management or authentication if managing registered users.

Focusing on the provided APIs and categories:

- The "events" category has APIs such as eventbrite (create users/events, get attendees etc.).
- The "messaging" category includes APIs such as Twilio (voice and SMS communications), Clockwork SMS, postalmethods (sending letters/postcards), Amazon SNS (notification service), Pushover Message (push notifications), Slack, PubNub, and others for real-time messaging or notifications.
- "email" category APIs like mailjet, gmail, sendgrid, mailchimp can also serve for email notifications.
- If events are managed on a platform, the event-related API might be necessary.
- The requirement specifically mentions "registered eYouIn users," implying there is a user registration system. However, since no specific API for user management or authentication is described for eYouIn, the focus remains on notification.

Considering the above, relevant categories are primarily:
- events (for event creation, invites, or managing event data)
- messaging (for sending notifications such as invites, reminders, cancellations)
- email (if notifications are sent via email)

Specific APIs that can help:
- eventbrite (events creation and management)
- twilio or twilio-sms (sending SMS notifications)
- sendgrid, mailjet, or mailchimp (sending email notifications)
- pushover-message (push notifications)
- amazon-sns (notifications to apps or users)
- pubnub or slack-real-time-messaging (for real-time notifications via chat apps or platforms)

Depending on the preferred notification channel (SMS, email, push notifications), any of these can be selected.

**Conclusion**:

- Recommend categories: ['events', 'messaging', 'email']
- Recommend All matched APIs: ['eventbrite', 'twilio', 'sendgrid', 'mailjet', 'mailchimp', 'pushover-message', 'amazon-sns', 'pubnub', 'twilio-sms']
./output/gpt/plan_and_solve/responses.json
データが保存されました: ./output/gpt/plan_and_solve/responses.json (キー: eyouin-notifications-1)
------------------------------
評価中のサービス: geowake
Iteration 1, Total call: 90
**Reasoning**:  
The requirement is to create a mashup for navigating the high seas with "Geowake" and Google Maps, showing accurate NOAA nautical markers and nautical charts covering the entire US, including over 100k navigation aids and 2,100+ nautical charts. This mashup needs to leverage geographic mapping and marine navigation data from authoritative sources like NOAA (National Oceanic and Atmospheric Administration), concentrated on nautical charts and navigation aids.

To fulfill this need, the appropriate category will be one related to geography and mapping. The "mapping" category is relevant as it deals with APIs that offer maps, geocoding, routing, location data, and possibly nautical data overlays like charts or markers.

Next, we must identify which APIs from the "mapping" category and related to nautical or marine data are available. Although the provided APIs do not explicitly list NOAA nautical charts, several mapping APIs are present (Google Maps Places, Bing Maps, OpenLayers, MapQuest, etc.), but none specifically mentions NOAA nautical charts or navigation aids.

However, to cover the geospatial mapping aspect, combining Google Maps APIs (such as Google Maps for base maps, and possibly Google Maps Geocoding or Places APIs) with an authoritative NOAA nautical chart data source would be ideal.

The user specified "Geowake" which seems like a typo or may be referring to a known marine navigation service or mashup; however, there is no direct API referenced with that name in the provided list. The focus is on NOAA nautical markers and charts - NOAA is a US government agency, often providing maritime data via its own APIs or data services.

Since no NOAA API is detailed in the available APIs, the best alternative is to recommend the "mapping" category along with APIs that enable layering of nautical marker data onto Google Maps or other mapping frameworks. This would include:

- google-maps-places: To provide place and location data.  
- google-geocoding: To translate locations into coordinates and vice versa.  
- bing-maps-search or bing-maps: For mapping and search functionalities.  
- openlayers or mapbox: For interactive mapping that supports overlays (nautical charts can be presented as tiled overlays).  
- yahoo-placemaker or similar geo-enrichment services: For place metadata.

Given the requirement of NOAA nautical charts and navigation aids, these could be ingested as static or tiled map layers onto the mapping framework these APIs provide.

**Conclusion**:  
- Recommend categories: ['mapping']  
- Recommend All matched APIs: ['google-maps-places', 'google-geocoding', 'bing-maps', 'openlayers', 'mapbox', 'yahoo-placemaker']
./output/gpt/plan_and_solve/responses.json
データが保存されました: ./output/gpt/plan_and_solve/responses.json (キー: geowake-1)
------------------------------
評価中のサービス: 29-travels
Iteration 1, Total call: 91
**Reasoning**:
The user wants a service to highlight countries they have visited, supports Google Maps and Google Earth with a browser plugin, and provides embeddable HTML code for bloggers and website owners to embed into their sites. Importantly, no registration is needed.

This is a mapping/geographical visualization use case with emphasis on highlighting visited countries and embedding functionality.

Key points to focus on:
- Highlight countries visited on a map.
- Support for Google Maps and Google Earth.
- Embeddable HTML code for end users (bloggers, website owners).
- No need to register (no API key or account required).
- Browser plugin support.

From the available category list and APIs, the mapping category contains multiple APIs related to maps and geographic data.

Now, let's narrow down to APIs that are:
- Related to maps and geographic visualization.
- Provide embedding capabilities (HTML embeddable maps) or plug-ins.
- Possibly support Google Maps or Google Earth.
- Ideally do not require API keys or registration, or at least mention no key needed.

Reviewing mapping APIs that fit:

1. **OpenStreetMap** 
   - Open-source mapping platform, provides wiki world map, many open source JavaScript libraries like Leaflet.js.
   - Allows embedding maps with various formats and offers download of data extracts.
   - Doesn't require registration, fully open.
   - It's not Google Maps or Earth but is an alternative open mapping platform.
   - It also mentions it’s great for embedding maps and geo data.
   - But the user specifically wants support with Google Maps/Earth browser plugin.

2. **Google Maps (historical profile)**
   - The main Google Maps API has been deprecated and split into multiple APIs.
   - These APIs (Google Static Maps, Google Maps Places, Google Maps Geocoding, etc.) do support embedding and mapping features.
   - But the user asks for "Supports Google Maps and Google Earth with browser plugin" - implying more than just Google Maps API, possibly a plugin for browsers to highlight visited countries.
   - No mention of a specific browser plugin API by Google is available here.
   - And Google Maps API requires API keys and registration.

3. **Google Earth**
   - The Google Earth Engine API is for running algorithms on georeferenced imagery, but does not mention embeddable HTML code or browser plugins.
   - Google Earth Plugins have been deprecated generally.
   
4. **Bing Maps**
   - Provides mapping through REST services with possible overlays.
   - Not Google Maps/Earth but a mapping API.

5. **Your Mapper**
   - Aggregates local government data, standardizes and geocodes it.
   - Allows embedded map service on websites.

6. **Scribble Maps**
   - Map drawing and sharing platform that allows users to draw, save and share maps.
   - Provides OAuth 2.0 for access and functions for displaying maps and sharing.
   - Could potentially embed maps, but no explicit mention of Google Maps/Earth support or that no registration is needed.

7. **Metacarta**
   - Geographical intelligence solutions with geographic tagging.
   - No explicit mention of map embedding or Google Maps/Earth plugin.

8. **Mapbox**
   - Suite of open source mapping tools to create interactive maps embeddable on webpages.
   - Not Google Maps/Earth but mapping embedding capability.

9. **Bing Maps Search or Routes**
   - Related to Bing mapping, but not Google Maps/Earth.

10. **IP2Location, IP-API.com, Quova**
    - IP network geolocation, not suitable for highlighting visited countries on maps.

11. **wikilocation**
    - Searches Wikipedia articles by location, with RESTful protocol and formatted responses.
    - No mention of map embedding.

Finding a plugin or tool that highlights visited countries the user has visited, supports Google Maps/Earth, gives embeddable HTML code for bloggers/websites, and does not require registration.

This sounds like a third-party widget/service or browser plugin designed for travel bloggers to show countries visited as overlays on Google Maps/Earth.

Among the given APIs, none specifically describe a browser plugin for highlighting visited countries with embeddable HTML.

One candidate that comes closest is OpenStreetMap for open mapping and embedding, but it's not Google Maps/Earth.

Another is the **wikilocation**, but it's for Wikipedia articles by location.

Given the constraints, and that the user asked for Google Maps and Google Earth support with a browser plugin and embeddable HTML code with no registration required, the best match in the categories is the **mapping** category.

Since no direct API exactly matches this description given in the list, but Google Maps and Google Earth are mentioned as supported, the most appropriate recommended category is "mapping".

As for API recommendations, none fully match the "no registration" plus "browser plugin" plus "embeddable HTML" all requirements perfectly, but among mapping APIs, the closest match is **OpenStreetMap** or **Google Earth** (noting Google Earth Engine API is provided, but no browser plugin API), and the **Google Maps Places API** (for Google Maps embedding).

Given that the user requested Google Maps and Google Earth with browser plugin support and embeddable HTML code, but no registration required, but Google Maps APIs generally require API keys and registration, and Google Earth API is limited, the best approximate suggestions are:

- Recommend category: mapping  
- Recommend APIs: OpenStreetMap (open mapping embeddable), Bing Maps (alternative map embedding), Google Maps Places API (as Google Maps component), and maybe scribble maps for embeddable drawing/sharing maps.

Since no API explicitly mentions a browser plugin for visited countries highlighting, probably the user wants a standard embeddable map with custom overlays, which is possible with Google Maps or OpenStreetMap or Bing Maps.

**Conclusion**:
- Recommend categories: ['mapping']
- Recommend All matched APIs: ['OpenStreetMap', 'Google Maps Places', 'Google Earth Engine', 'Scribble Maps', 'Bing Maps']

# Final Answer

**Reasoning**:
The requirement is for a tool that highlights countries visited, supports Google Maps and Google Earth with a browser plugin, offers embeddable HTML for bloggers and website owners, and requires no registration.

Among the available APIs, there is no exact match that offers a browser plugin for visited countries highlighting with no registration. However, the requirement aligns most closely with the mapping category since it involves embedding maps and geographical visualization.

Google Maps and Google Earth APIs offer rich mapping capabilities that allow embedding and customization, but generally require registration and API keys, which is a slight mismatch. OpenStreetMap offers a fully open, registration-free mapping alternative that supports embeddable maps, albeit not Google Maps/Earth.

Other mapping platforms with embeddable capabilities include Scribble Maps and Bing Maps. Although they may not fully meet all requirements, combined, they are the best fit given the available APIs.

**Conclusion**:
- Recommend categories: ['mapping']
- Recommend All matched APIs: ['OpenStreetMap', 'Google Maps Places', 'Google Earth Engine', 'Scribble Maps', 'Bing Maps']
./output/gpt/plan_and_solve/responses.json
データが保存されました: ./output/gpt/plan_and_solve/responses.json (キー: 29-travels-1)
------------------------------
評価中のサービス: it-cookie-time
Iteration 1, Total call: 92
**Reasoning**:
The user has provided the requirements section as: "Well... is it? Let's first understand the problem and devise a plan to solve the problem. Then, let's carry out the plan and solve the problem step by step." This appears to be a generic statement, not a specific mashup requirement, and does not describe any particular domain, data or service needs.

Given that the requirements provided are ambiguous and contain no definitive reference to any functional area, domain, or problem description, it is impossible to determine which categories or APIs would be appropriate.

Therefore, there is no concrete mashup requirement from which to infer any category or APIs matches.

**Conclusion**:
- Recommend categories: []
- Recommend All matched APIs: []
./output/gpt/plan_and_solve/responses.json
データが保存されました: ./output/gpt/plan_and_solve/responses.json (キー: it-cookie-time-1)
------------------------------
評価中のサービス: locafollow
Iteration 1, Total call: 93
**Reasoning**:

The user wants to find Twitter users near a given location and bulk follow them. They want to be able to search by keywords in the Bio and Location fields of users. This is a social media oriented problem focusing on Twitter's data - user search and relationship (follow) actions.

Key points:
- Searching Twitter users by location and keywords in bio/location suggests usage of Twitter's social graph and search capabilities.
- Bulk following implies ability to programmatically create follow relationships.
- The problem involves social category APIs that allow access to user information, search capabilities, and potentially social actions like following.

From the provided Available categories and APIs:

- Relevant category is **social**.
- Check available social APIs for Twitter-like functionality:
  - "twitter": Deprecated, split into multiple APIs. Historically had user search, trends, user info.
  - "twitter-search": Search tweets and trends (not specifically user search).
  - "twitter-streaming": Provides realtime access to tweets.
  - "tagalus": Works with Twitter hashtags, not user search.
  - "awesm": Social data analytics, not user search/follow.
  - "plancast", "readsocial", "linkedin", "buffer", "hyves", "facebook-graph", "pinterest-domain", "tumblr", "nationbuilder" and others are social but not Twitter specific.
  
No direct Twitter user search API for users by location and bio keywords or for bulk following is found.

Potential approaches:
- Use Twitter's official REST API (not listed) that provides user search by geocode and keyword and allows following users. However, this is not in the available APIs list here.
- Alternatives might include generic social APIs like "twitter-search" to identify users from tweets by location and keywords, but this doesn't get full user data or follow users.
- Some APIs related to social might be used to augment the search, but following users programmatically requires Twitter's own user management endpoints.

Given the constraint to select from the available categories and APIs in the list:

- Recommend category: "social" since this is about social interactions on Twitter.
- Recommend APIs: None listed here provide both user search by bio/location and bulk follow. The closest is "twitter" (deprecated) or "twitter-search" (search tweets by criteria).

Hence, no fully matching API is in the current list. The best matches would be:
- Category: social
- API: twitter-search (to find tweets and possibly users related to keywords and location in tweet content)
- API: twitter-streaming (to get realtime tweets filtered by location or keyword)
- API: twitter (deprecated; historical access to user data and follow, but no longer available)

If the user is open to using Twitter's official APIs (not in the list here), those would be ideal.

**Conclusion**:

- Recommend categories: ['social']

- Recommend All matched APIs: ['twitter-search', 'twitter-streaming']

(Note: No API in the provided list supports bulk following Twitter users or direct user search by bio/location fields. For full support, the official Twitter REST API would be required, but it is not listed here.)
./output/gpt/plan_and_solve/responses.json
データが保存されました: ./output/gpt/plan_and_solve/responses.json (キー: locafollow-1)
------------------------------
評価中のサービス: iran-election-protests-youtube-videos
Iteration 1, Total call: 94
**Reasoning**:

1. Requirement breakdown:
   - Videos from Iran after election day.
   - Includes videos of riots in Tehran.
   - Show videos on maps at the specific locations where these events occurred.

2. Key components identified:
   - Video content: Need access to video data, featuring events in Iran, specifically in Tehran.
   - Mapping: Need a way to display or retrieve geographic locations related to the videos, ideally with maps to show exactly where events took place.
   - Location tagging: Videos must be tagged or associated with location data (lat/lon or named places).
   - News or event source: Since these are riot videos after election day, news or media APIs could be relevant for latest videos/content.
   - Geospatial visualization: Ability to map the videos or display their location on maps.

3. Selecting appropriate categories:
   - video: to access videos and video metadata.
   - mapping: to show event locations on maps.
   - news-services or media: to get videos related to news events, especially about Iran.
   - search: might be useful if we want to search for videos or news based on queries around Tehran riots.
   - social: social media videos could be sources of such riot videos.
   
4. Evaluating APIs for videos:
   APIs like youtube, dailymotion, brightcove, bbc-nitro, otnett.tv, vimeo provide video content access. Among them:
   - youtube offers broad video content and is likely to have news and social content including potentially videos from Iran.
   - dailymotion offers video platform with search and upload capabilities.
   - Brightcove, BBC Nitro are more media-centric, may focus on licensed content.
   - otnett.tv allows building custom streaming service; may not match well.
   - Vimeo focuses on creative filmmakers, less on news.
   
   YouTube API is strong with worldwide video content, likely to have videos about riots in Tehran. Dailymotion and Vimeo also good.

5. Mapping APIs:
   There are many mapping APIs available, e.g. Bing Maps, Google Maps, MapQuest, Mapbox, OpenStreetMap, etc.
   Need API that supports:
   - Showing locations on maps.
   - Possibly overlay with event markers.
   
   Bing Maps Search or Bing Maps REST Services can be used.
   Google Maps Places, Geocoding APIs can help convert addresses to lat/lon.
   OpenStreetMap API or Mapbox API are good open source options.
   
6. Location Data:
   - Geolocation APIs like ip2location, geonames, or geocoderca may help in tagging location data.
   - Yahoo Placemaker or yahoo-internet-location-platform can extract places from unstructured content.
   
7. Video location association:
   - Since videos may not always have Geo metadata, might use metadata or tags to relate them to Tehran and Iran locations.
   - News-services API like guardian, new-york-times-newswire, or reuters-spotlight may have news video content tagged with location.
   - Social APIs like twitter-streaming or facebook-graph (though deprecated) might provide geo-tagged social videos.
   
8. Final thoughts:
   - For fetching videos: youtube API is recommended.
   - For mapping and geolocation: bing-maps-search or bing-maps-routes or google-maps-places or mapbox or openstreetmap.
   - For getting news or social video content and event metadata, consider news-services and social APIs.
   - Combining video data with mapping and location metadata, one can show videos on maps where the events occurred.
   
**Conclusion**:

- Recommend categories: ['video', 'mapping', 'news-services', 'social', 'search']

- Recommend all matched APIs:
  - YouTube (video)  
  - Dailymotion (video)  
  - Bing Maps Search (mapping)  
  - Bing Maps Routes (mapping)  
  - Google Maps Places (mapping)  
  - Mapbox (mapping)  
  - OpenStreetMap (mapping)  
  - Guardian (news-services)  
  - New York Times Newswire (news-services)  
  - Reuters Spotlight (news-services)  
  - Twitter Streaming (social)  
  - Facebook Graph (social, historic)  
  - Yahoo Local Search (search)  
  - Giphy (search for videos/GIFs, but may be less relevant)  
  - Google Custom Search (search)  

These cover video content, mapping and location support, news and social media sources for events and videos. The developer can integrate video content with geographical metadata and visualize riots and events on maps of Tehran, Iran.
./output/gpt/plan_and_solve/responses.json
データが保存されました: ./output/gpt/plan_and_solve/responses.json (キー: iran-election-protests-youtube-videos-1)
------------------------------
評価中のサービス: moviis
Iteration 1, Total call: 95
**Reasoning**:

The requirement is for an Android movie experience application called Moviis that enhances the movie-watching experience with a suite of features such as film information, integration with trakt.tv (a TV and movie tracking service), check-ins, recommendations, viewing history, watchlists, collections, lists, upcoming movies, currently playing in theaters, ratings, trailers, and more.

Key functionality elements to look for in APIs include:

- Access to detailed movie information (e.g., plots, casts, posters, ratings)
- User-centric features such as watchlists, check-ins, and history
- Movie recommendations
- Trailers and multimedia content
- Data about upcoming and now playing movies in theaters
- Integration with platforms known for movies and TV tracking or data aggregation (e.g., trakt.tv)
- Social or sharing features (not explicitly requested but may be useful)
- Support for trailers or videos

From the provided APIs, the best approach is to identify the categories and specific APIs that fit these needs:

1. Categories:

- entertainment: for movie and TV data services, general entertainment info
- video: for video content such as trailers, clips, and other media
- recommendations: for personalized or content-based movie recommendations
- social: if any social integrations help with user history, check-ins
- search: for searching movies by title, keywords, etc.
- ratings or feedback: for ratings data, reviews, or scores
- news-services: possibly for movie news, but less relevant than direct movie databases
- natural-language-processing or machine-learning: may not be directly relevant here
- media: might serve entertainment but mostly general media, not specifically movies

2. Specific APIs relevant to movies:

- movie-database-tmdb (Category: entertainment): Known for comprehensive data on movies, TV shows, cast, posters, and fan art. Completely fits the movie information needs including upcoming and now playing in theaters.

- trakt.tv (mapped to trakt.tv API) (Category: recommendations): Designed for TV and movie tracking with features including calendars, watchlists, recommendations, and history. Perfect for integration to handle user-specific lists, check-ins, history, and recommendations.

- rotten-tomatoes (Category: recommendations): Movie reviews, ratings, lists, and media content related to movies.

- youtube (Category: video): For trailers and video content embedding.

- brightcove (Category: video): For online video content, though mostly for publishers, but could include trailers.

- trailer-addict (Category: video): Offers movie trailers with variable options for embedding. Very specific to trailers.

- thetvdbcom (Category: video): Focused on TV shows, may be partially relevant but less so for movies.

- imdb is not specified here, so we cannot consider it.

- movie-database-tmdb is well known for being a comprehensive free resource with great community contribution.

- songkick, bandsintown and gruvr are music or concert focused, so not relevant here.

- yelp-fusion is local business/recommendations, not relevant.

- other social APIs (e.g. facebook-graph, twitter) are not directly relevant here.

3. Additional considerations:

- For check-in and social features, integration with trakt.tv (assumed as trakt.tv API) covers watch history and check-ins.

- For trailers, trailer-addict and youtube (for embedding) are significant.

- For movie ratings and reviews, rotten-tomatoes is relevant.

Hence, the top categories are: entertainment, recommendations, video, and search.

**Conclusion**:

- Recommend categories: ['entertainment', 'recommendations', 'video', 'search']

- Recommend All matched APIs: ['movie-database-tmdb', 'trakt.tv', 'rotten-tomatoes', 'trailer-addict', 'youtube']
./output/gpt/plan_and_solve/responses.json
データが保存されました: ./output/gpt/plan_and_solve/responses.json (キー: moviis-1)
------------------------------
評価中のサービス: mapseeing.com
Iteration 1, Total call: 96
**Reasoning**:

1. The user requirement involves visiting famous places through mapping services Virtual Earth and Google Maps. Here, "Virtual Earth" is Microsoft's mapping platform, nowadays known as Bing Maps, and Google Maps is the well-known mapping service from Google. This means they want to access mapping data from these providers to explore famous places.

2. The user also wants to "See Related Flickr photos." Flickr is a popular photo-sharing platform. So the user wants to integrate photo content from Flickr related to the places visited on the maps.

3. So the mashup service should include APIs that provide access to:
   - Mapping data and places: both from Microsoft's Bing Maps or Virtual Earth, and Google Maps.
   - Access to photos, especially photos related to locations, specifically Flickr photos.

4. Therefore, the relevant categories are:
   - mapping (for Bing Maps and Google Maps mapping services)
   - photos (for Flickr and related photo services)

5. Next, find all APIs matching these criteria from the Available APIs:

   - For Virtual Earth / Bing Maps:
     - "bing-maps-search": Bing Maps Search Service allows parsing mapping-related search queries.
     - "bing-maps": Bing Maps REST Services for maps, routes, imagery, but less focused on places.
     - "bing-maps-locations": For getting location info linked to map coordinates.
     - "bing-maps-geocode-dataflow"
     - "bing-maps-routes"
     - "microsoft-bing-maps": Bing Maps API including interactive maps with birds-eye, aerial imagery, routes, traffic.

   - For Google Maps:
     - "google-maps-places": Place information including establishment or point of interest with search and photo details.
     - "google-static-maps": Embeds static maps as images.
     - "google-maps-geolocation", "google-maps-geocoding", "google-maps-elevation", "google-maps-distance-matrix"
     - "google-maps"
     - "google-elevation"
     - "google-street-view-image"

   - For Photos:
     - "flickr": Flickr API for photos retrieval with various feeds, including geotagged photos.
     - "flickr" is very suitable because user wants Flickr photos.
     - Also, alternates such as "pixabay-free-images," but Pixabay is for general free images, not necessarily location tied.
     - "500px" is a photo community but API not publicly accessible.
     - "google-picasa" deprecated
     - "instagram-graph" (photo sharing but not asked)
     - "photobucket"
     - So "flickr" is most appropriate.

6. To fulfill the requirement specifically "Visits famous places through Virtual Earth and Google Maps" and "See Related Flickr photos," I'd recommend:

   - Categories: mapping, photos

   - APIs:
     - "bing-maps-search" (for Virtual Earth/Bing Maps places)
     - "google-maps-places" (for Google Maps places and photos)
     - "flickr" (for Flickr photos, which includes geotagged photo feeds)

7. Additionally, "bing-maps" or "microsoft-bing-maps" can be alternatives for Bing Maps but "bing-maps-search" is more explicitly about places.

8. "google-maps-places" allows retrieval of places and photos, making it a good match.

9. "flickr" API enables retrieval of photos including geotagged images relevant to places.

**Conclusion**:

- Recommend categories: ['mapping', 'photos']

- Recommend all matched APIs: ['bing-maps-search', 'google-maps-places', 'flickr']
./output/gpt/plan_and_solve/responses.json
データが保存されました: ./output/gpt/plan_and_solve/responses.json (キー: mapseeing.com-1)
------------------------------
評価中のサービス: jobs-search-and-salary-research
Iteration 1, Total call: 97
**Reasoning**:

1. The site www.jobsdbcenter.com is a job listing mashup.
2. According to the requirements, the site uses:
   - Indeed API to get job listings.
   - Google Maps API to display location information related to the jobs.
   - Payscale API (implied) for salary research.
3. We are provided with an extensive list of available categories and APIs.
4. Our goal is to recommend categories and APIs from the available list that match the requirements of www.jobsdbcenter.com.
5. Let's analyze each functional requirement and match it with relevant categories and APIs:

   - **Job Listings**:
       - Relevant category is "jobs".
       - The "indeed" API is among available APIs and it is in the "jobs" category. It provides job search engine access to millions of job listings.
   
   - **Location display using Google Maps API**:
       - The category is "mapping".
       - We have various mapping APIs with Google Maps mentioned such as "google-maps-places", "google-maps-geocoding", "google-maps-distance-matrix", "google-maps-elevation".
       - Since the requirement simply states Google Maps API for mapping, "google-maps-places" can be relevant as it returns info about places.
       - Additionally, "google-geocoding" and "google-maps-geocoding" offer geocoding, which is essential for displaying job locations on maps.
       - Also "google-maps" is listed as no longer available with replacements split, so rely on specific Google Maps related APIs.
   
   - **Salary research using Payscale**:
       - For salary research, the category would be "financial" or possibly "jobs".
       - However, in the given available APIs list, there is no explicit API for Payscale.
       - Since Payscale API is not listed, we cannot recommend it.
       - However, maybe related financial APIs or salaries APIs may exist, but no direct Payscale.
       - Since requirement includes Payscale, but it is not in available APIs, we cannot recommend it.
   
6. Therefore, from the available APIs, we can recommend:

   - Category "jobs" with API "indeed" for job listings.
   - Category "mapping" with APIs such as "google-maps-places", "google-maps-geocoding", and possibly others related to Google Maps.
   
7. Although the user mentions "payscale" for salary research, no such API is listed. Hence, we cannot recommend specific APIs for salary research.
8. Overall matched categories: "jobs", "mapping".
9. Matched APIs: "indeed", and Google Maps related APIs such as "google-maps-places" and "google-geocoding".

**Conclusion**:

- Recommend categories: ['jobs', 'mapping']
- Recommend matched APIs: ['indeed', 'google-maps-places', 'google-geocoding']
./output/gpt/plan_and_solve/responses.json
データが保存されました: ./output/gpt/plan_and_solve/responses.json (キー: jobs-search-and-salary-research-1)
------------------------------
評価中のサービス: new-7-wonders-world
Iteration 1, Total call: 98
**Reasoning**:
The user wants to create a mashup service that maps the New 7 Wonders of the World on Google Maps and for each wonder includes a YouTube video related to it.

Breakdown:
1. The main requirement is to display the locations of the New 7 Wonders of the World on an interactive map. To achieve this, we need an API that can provide:
   - Map display capabilities
   - Ability to add markers or points indicating each wonder's location

2. Since the user specifically mentioned Google Maps for mapping, ideally a Google Maps API for mapping and geolocation should be used.

3. The additional requirement is to have a YouTube video for each wonder. Hence, an API that provides access to YouTube videos is necessary. Using this API, we can fetch relevant videos for each wonder either by searching or by specifying known video IDs.

4. Integrating these two APIs, the user can display markers on the map with an embedded or linked YouTube video for each wonder.

From the available categories and APIs:
- For mapping:
  - There are multiple mapping related APIs but since the user desires Google Maps, we look for Google Maps related APIs:
    - google-maps-places: Place searches related to Google Maps (for POIs or location info)
    - google-maps-geocoding: Convert addresses or place names to coordinates
    - google-maps-elevation
    - google-maps-distance-matrix
    - google-maps-geolocation
    - google-static-maps: allows embedding static map images (less interactive)
    - google-maps-directions
    - google-maps-geocoding
    - google-maps (historical, but deprecated)
  - Given this, the "google-maps-places" is useful for location info about places.
  - For interactive map display, a proper Google Maps JavaScript API would ideally be used, but that is not listed here. However, for search and place info "google-maps-places" can help.
- There is also the "google-geocoding" API to locate place addresses or locations by name, possibly needed to get coordinates if not known.
- For video:
  - The "youtube" API provides access to YouTube videos, so it allows searching and embedding video data.
  
Therefore, combining these, we can:
- Use known coordinates for the wonders or use google-maps-geocoding / google-maps-places to get coordinates of the wonders
- Use "google-static-maps" or other Google Mapping APIs to display the maps (though static maps limit interaction)
- Use the "youtube" API to fetch videos for each wonder.

Alternatively, if the user wants richer interactivity on the maps, the best would be to use Google Maps JavaScript API which is not listed here. Given the available APIs, "google-maps-places" and "google-geocoding" will help with geolocation, & "youtube" for related videos.

**Conclusion**:
- Recommend categories: ['mapping', 'video']
- Recommend All matched APIs: ['google-maps-places', 'google-maps-geocoding', 'youtube']
./output/gpt/plan_and_solve/responses.json
データが保存されました: ./output/gpt/plan_and_solve/responses.json (キー: new-7-wonders-world-1)
------------------------------
評価中のサービス: food-twitter
Iteration 1, Total call: 99
**Reasoning**:
The user asks for "Breakfasts, lunches and dinners from Twitter". We need to interpret this requirement to recommend APIs and categories.

Step 1: Understand the requirement:
- Breakfast, lunch, and dinner are meals, so the user wants information about these meal types.
- "from Twitter" indicates they want data sourced from Twitter related to these meal types.
- On Twitter, meal-related information typically would come as tweets mentioning or discussing breakfasts, lunches, dinners.
- So the user wants food-related content from Twitter.

Step 2: Mapping the requirement to categories:
- "Twitter" message data corresponds to the "social" category, since Twitter APIs are in this category.
- Meals/food items would relate to "food" or "social" regarding the content source.
- Since user specifically mentions Twitter, a social media platform, we focus on social and possibly food category.

Step 3: Available APIs relevant:
- From Available APIs, Twitter-related APIs fall under "social" category.
- The available API related to Twitter data is "twitter-streaming" under social category.
- "twitter-streaming" API allows near real-time access to public Twitter data filtered by keywords.
- We can get tweets mentioning breakfasts, lunches, dinners in real-time, satisfying the requirement.

Step 4: Consider food APIs available:
- For food info APIs, check for obvious "food" category APIs.
- There is "open-dining-network-food-ordering" under food, but it is more for menus and ordering, not social data.
- "untappd" in food category deals with beer and venues, not general meals.
- Yummly API in search category focuses on recipes and faceted searches.
- None of these explicitly tie food info with Twitter data.
- So for meal info from Twitter, best is to use Twitter API to fetch tweets mentioning the meals.

Step 5: Additional social APIs related to Twitter hashtags or tags:
- There is "tagalus" (social) that lets you declare meanings of Twitter hashtags, helpful possibly for categorizing food tags.
- "what-trend" (social) identifies trending Twitter hashtags and explains them.
- "twitter-streaming" is the main Twitter data source.
- "twitter-search" in search category is a Twitter search API, but it is deprecated.
- "twitter" (social) is deprecated and split into other APIs.

Step 6: Final recommendation:
- Use "twitter-streaming" API under "social" category to fetch real-time food tweets for breakfast, lunch, dinner.
- Optionally, "tagalus" and "what-trend" (social) may help analyze or categorize hashtags related to meals.
- Since main data is from Twitter, "social" category is primary.
- "food" category APIs may supplement with food details or recipes, but the requirement is explicitly "from Twitter".

**Conclusion**:
- Recommend categories: ['social']
- Recommend All matched APIs: ['twitter-streaming', 'tagalus', 'what-trend']
./output/gpt/plan_and_solve/responses.json
データが保存されました: ./output/gpt/plan_and_solve/responses.json (キー: food-twitter-1)
------------------------------
評価中のサービス: codexmap
Iteration 1, Total call: 100
**Reasoning**:
The CodexMap service allows users to find books and interact with a map to locate books geographically. This suggests the mashup should combine:
- Mapping capabilities to display and interact with books at various geographic points.
- Book information and book data retrieval to provide book details tied to those locations.

From the available categories, the most relevant are:
- mapping: For the graphical map display and interaction.
- books: For access to book data or metadata.

Considering available APIs:
- Under "books" category:
  - Goodreads: access book data, reviews, ratings.
  - Open Library Books: access book records, cover images, subjects.
  - abebooks: search inventory of millions of books via affiliates.
  - open-book-database: Open Movie Database (movie focused, discard).
  - others less relevant for book content.

- Under "mapping" category:
  - Bing Maps Search: allows map-related search queries and results.
  - Google Maps Places, Google Maps Geocoding, Google Maps Geolocation etc. (some deprecated, but still relevant).
  - MapQuest, OpenLayers, Mapbox, etc. for embedding interactive maps.
  - Geonames, Geocoderca, yahoo-placemaker for geolocation services.
  - Yahoo Internet Location Platform - for managing permanent named places.

Thus a combination of one or more of these mapping APIs plus a book data API like Goodreads or Open Library would allow placing book information interactively on a map.

Among book APIs, Goodreads and Open Library are strong candidates for robust book data. For mapping, Bing Maps Search or Google Maps Places APIs are suitable for placing locations on maps and allowing interaction.

**Conclusion**:
- Recommend categories: ['mapping', 'books']
- Recommend All matched APIs: ['bing-maps-search', 'goodreads', 'open-library-books']
./output/gpt/plan_and_solve/responses.json
データが保存されました: ./output/gpt/plan_and_solve/responses.json (キー: codexmap-1)
------------------------------
評価中のサービス: geckogo
Iteration 1, Total call: 101
**Reasoning**:

The requirement is to build a travel planning site tailored for independent travelers. This site should integrate:

1. Google Maps: for mapping, location details, route planning, place searches, etc.
2. Flickr: for photo albums (photo sharing and browsing)
3. Various social networks: for blogging, trip sharing, guide browsing, and likely social connectivity including posting updates, photos, sharing experiences.

Breaking down the requirement:

- Travel planning:
  - Maps, geolocation, places, routes, directions, distance matrix, geocoding are important.
- Photo albums:
  - Photos API integration for handling photo uploads, browsing, galleries, metadata, social photo sharing.
- Blogging & Guide browsing:
  - Blogging APIs to read/write trip blogs, user-generated content.
  - Possibly some social features (sharing, comments, user profiles).
- Social networks:
  - Social API support for user connections, sharing photos, trip plans, statuses, activities.

From the available categories and APIs, let's identify categories matching:

- mapping: For Google Maps features.
- photos: For Flickr like photo online sharing.
- blogging: To support trip blogs and textual content.
- social: To connect to social networks.

Now matching these to the available APIs:

For Google Maps:

- google-maps-places: For place info, search, photos, autocomplete.
- google-maps-elevation, google-maps-geolocation, google-maps-geocoding, google-maps-distance-matrix, google-directions: Helpful for travel planning with routes, distances, geocoding.
- google-maps (deprecated, replaced by above, but listed)
- mapquest, bing-maps, mapbox: alternative mapping, but since user requests Google Maps, prefer Google Maps APIs.

For Flickr (photo albums):

- flickr (photos category): Direct Flickr API for accessing photo sharing service, getting photos, uploading photos.
- pixabay-free-images, so on are alternatives for photos but for Flickr specifically flickr is most relevant.

For social networks:

- facebook-graph (deprecated), but facebook-graph is deprecated; however facebook is requested; no current Facebook API is available.
- twitter-streaming, twitter-search (deprecated), twitter (deprecated)
- instagram-graph, tumblr, linkedin, pinterest-domain, vk: possible social media APIs for content sharing, friend connections.
- buffer, plancast, scoopit, foursquare (venue based), meetup, nationbuilder: some social platforms.
- The requirement expects "various social networks", so including major platforms' social APIs is valuable.

For blogging:

- blogger, wordpresscom, disqus: blogging platforms API.
- tumblr: social + blogging blend.

Guide browsing:

- Could be part of content / social sharing.

Therefore, the categories to be recommended are:

- mapping
- photos
- social
- blogging

The most relevant APIs from each category for this purpose are:

Mapping:

- google-maps-places
- google-maps-geocoding
- google-maps-distance-matrix
- google-directions

Photos:

- flickr
- pixabay-free-images (optional, but user asked specifically for Flickr)
- instagram-graph (photos + social)

Social:

- instagram-graph
- tumblr
- linkedin
- pinterest-domain
- foursquare (venue-based social)
- twitter-streaming or twitter-search are deprecated, so not recommended
- facebook-graph is deprecated, not recommended

Blogging:

- blogger
- wordpresscom
- disqus (comments for blogs)

Trip planning and guide browsing can also use:

- foursquare (locations and check-ins, social)
- google-maps-places (place info, local guides)

Hence, the recommended APIs to support travel planning site integrating Google Maps, Flickr, and social networks for photo albums, blogging and guide browsing are:

Mapping:

- google-maps-places
- google-maps-geocoding
- google-maps-distance-matrix
- google-directions

Photos:

- flickr

Social:

- instagram-graph
- tumblr
- linkedin
- pinterest-domain
- foursquare

Blogging:

- blogger
- wordpresscom
- disqus

**Conclusion**:
- Recommend categories: ['mapping', 'photos', 'social', 'blogging']
- Recommend All matched APIs: [
  'google-maps-places',
  'google-maps-geocoding',
  'google-maps-distance-matrix',
  'google-directions',
  'flickr',
  'instagram-graph',
  'tumblr',
  'linkedin',
  'pinterest-domain',
  'foursquare',
  'blogger',
  'wordpresscom',
  'disqus'
]
./output/gpt/plan_and_solve/responses.json
データが保存されました: ./output/gpt/plan_and_solve/responses.json (キー: geckogo-1)
------------------------------
評価中のサービス: pixtaplace
Iteration 1, Total call: 102
**Reasoning**:

The service "PixtaPlace" aims to aggregate and show images from anywhere in the world. The critical features are:

- Location lookup via Google Maps API.
- Show recent photographs sourced from Instagram and Flickr.

To fulfill this mashup service, we need APIs that provide:

1. **Mapping/Location Lookup**: The ability to look up or get geocoordinates for locations globally.
2. **Photos/Image APIs**: Services that let us retrieve recent or relevant photos based on geolocation or other image metadata.
3. **Social Media or Photo Sharing Services**: Methods to access Instagram and Flickr photos programmatically.
   
Given these factors:

- **Mapping category**: To handle location lookups via Google Maps API or other equivalent mapping/location APIs.
- **Photos category**: To handle retrieving images/photographs from Instagram and Flickr.
- **Social category**: Because Instagram and Flickr are social platforms, but since the emphasis is on photos and traversing image content, "photos" category is more relevant. Instagram and Flickr APIs are listed under photos category.

**Available APIs relevant to the requirement**:

1. **Mapping Category APIs**

   - **google-maps-places**: Returns info about locations using HTTP request and lat/lon coordinates. Perfect for place search and autocomplete queries.
   - **google-geocoding**: Provides location geocoding and reverse geocoding; helpful for converting addresses to lat/lon and vice versa.
   - **bing-maps-search** or **bing-maps-locations**: Map-related search and location information but Google Maps API is specifically required.
   - There are others like **mapquest-geocoding**, **openstreetmap**, etc., but since it's specifically mentioned Google Maps API, "google-maps-places" and/or "google-geocoding" would be most relevant.

2. **Photos Category APIs**

   - **instagram-graph**: Provides user authentication, friend connections, photos, including uploading new media. This is the official Instagram API.
   - **flickr**: Retrieve photos from Flickr with a variety of feeds, upload photos, etc.
   - Possibly also **500px**, **photobucket**, but the requirement specifically mentions Instagram and Flickr.
   
3. **Social Category APIs**

   - Instagram and Flickr APIs are categorized under photos mainly.
   - Other social APIs like Facebook Graph or Twitter are not relevant here.

**Cross-checking APIs**

- Instagram API: Present as **instagram-graph**
- Flickr API: Present as **flickr**
- Location through Google Maps API: **google-maps-places** (places API), and/or **google-geocoding** for geocoding.
  
The requirement specifically says "Locations are looked up via the Google Maps API". So the **google-maps-places** API is the closest match for place-related queries.

**Conclusion**:

- Recommend categories: ['mapping', 'photos']

- Recommend All matched APIs: ['google-maps-places', 'instagram-graph', 'flickr']
./output/gpt/plan_and_solve/responses.json
データが保存されました: ./output/gpt/plan_and_solve/responses.json (キー: pixtaplace-1)
------------------------------
評価中のサービス: healthy-lemur
Iteration 1, Total call: 103
**Reasoning**:

The Healthy Lemur app is a social fitness app with the following primary functionalities:

1. Users make a public commitment to exercise a certain number of days per week.
2. The app must link to the users’ Foursquare account to track gym visits. Hence, integration with Foursquare APIs is needed to retrieve check-ins or location data that reflects gym attendance.
3. The app should enable users to connect their Facebook and/or Twitter accounts to post status updates or reminders on their behalf.
4. The app tracks visits and posts updates every Monday, either congratulating the user for meeting the goal or publicly shaming them for failing to do so.
   
Based on these functionalities, the plan to solve the problem:

- Users must authenticate and connect to Foursquare to track gym check-ins. The Foursquare API falls under the "social" category for location-based social networking services.
- Ability to post updates to Facebook and Twitter accounts. Hence, integration with social media APIs under the "social" category is necessary:
  - Facebook Graph API or similar for posting on Facebook.
  - Twitter API or streaming API for posting tweets.
- Since the app uses social account linking, user authentication and permissions tokens (OAuth) will be necessary. This can be accomplished via the social APIs themselves which usually support OAuth.
- Periodic logic (e.g. every Monday) to assess if the user met their goal and trigger posts accordingly. This backend scheduling logic is not specifically tied to an API.
- Possibly use social analytics or social data APIs to track social media engagement or statuses, but it is not explicitly required here.

Available APIs that match these needs:
- foursquare: for linking user accounts and location/check-in data to validate gym visits.
- facebook-graph: for posting statuses on Facebook accounts.
- twitter or twitter-streaming: for posting tweets or updating users' Twitter status.
  
Since the problem requires integration primarily with Foursquare, Facebook, and Twitter for social posting and user authentication, the main categories are "social".

Other relevant categories like "tools", "analytics", or "authentication" might be indirectly involved but are not explicitly required in the scope here.

**Conclusion**:

- Recommend categories: ['social']
- Recommend All matched APIs: ['foursquare', 'facebook-graph', 'twitter', 'twitter-streaming']
./output/gpt/plan_and_solve/responses.json
データが保存されました: ./output/gpt/plan_and_solve/responses.json (キー: healthy-lemur-1)
------------------------------
評価中のサービス: klezio
Iteration 1, Total call: 104
**Reasoning**:

The requirement is to aggregate news from all around the web, and provide related stories, wikinews, tags, Wikipedia links, Flickr photos, tweets, and more. This means the solution should:

1. Aggregate news content and related stories from broad news sources.
2. Provide links or integration with Wikinews or similar wiki-based news content.
3. Provide tagging and metadata extraction capabilities for news content.
4. Provide Wikipedia links or related Wikipedia content (for context or background).
5. Integrate Flickr photos, presumably those related to news stories or topics.
6. Integrate tweets or Twitter data relevant to news.

Step-by-step analysis to fulfill these requirements:

- To aggregate news across the web, including related stories, we need APIs in the **news-services** category.

- For providing related stories, tags, and semantics, APIs from **semantics**, **tagging**, or **social** categories may be useful.

- For Wikipedia links, the **wiki** category with Wikipedia or DBpedia APIs is relevant.

- For Flickr photos, the **photos** category with the Flickr API is appropriate.

- For tweets, the **social** category with Twitter related APIs would be useful, but given that the primary Twitter API is deprecated, we look for alternatives or other social APIs supporting tweets.

Now, let's find suitable categories and APIs matching these needs from the available list:

1. **News aggregation**: look for news services API with coverage of global news and ability to query news.

- APIs to consider:

   - *webhoseio*: provides structured web data including news, blogs, online discussions. It empowers news aggregation and big data operations.

   - *guardian*: The Guardian Open Platform, provides access to Guardian’s news articles and related data.

   - *new-york-times-article-search*: Provides article search by keywords and facets. 

   - *reuters-spotlight*: Provides access to Reuters content including news.

   - *daylife*: Access to news platform and querying news from around the world.

   - *reddit*: News aggregation from user submitted stories.

2. **Wikinews and Wikipedia links**:

- *wikipedia*, *wikilocation* (location-based Wikipedia), *dbpedia* and *dbpedia-spotlight* (structured semantic data extraction from Wikipedia).

- *wikilocation* also allows for geographic searching of Wikipedia articles.

3. **Tags, related stories, semantic extraction**:

- *thomson-reuters-open-calais*: Extract metadata and intelligent tagging from news and research reports.

- *amplify*: NLP-based identification of topics, brands, emotions from text.

- *tagalus*: Access Twitter hashtag definitions.

- *rxnlp-text-similarity*: text similarity analysis for grouping related texts.

- *rxnlp-cluster-sentences-and-short-texts*: groups similar sentences into clusters, useful for grouping news items.

4. **Flickr photos**:

- *flickr*: API for accessing Flickr photos, supports many feeds and uploading.

5. **Tweets and social data**:

- Primary Twitter API is deprecated, but:

   - *twitter-streaming*: access to live tweets stream.

   - *twitter-search*: search tweets with various filters.

   - *tagalus*: access Twitter hashtag meanings.

   - *what-trend*: finds trending Twitter topics and related tweets, Flickr photos, and news stories.

   - *twitpic*: upload and post images to Twitter (less relevant here).

   - *twitter* (historical API, deprecated).

- Also *facebook-graph*, *linkedin*, *tumblr*, *buffer*, *foursquare*, *addthis-analytics* and others provide social data.

6. **Combining all data**:

- Using APIs that allow collection of news, content, social data, photos, and semantic tagging.

**Conclusion**:

Recommend categories:

- news-services (for news aggregation)

- wiki (for Wikipedia and Wikinews links)

- social (for social media including tweets)

- tagging (for metadata and tag extraction)

- photos (for Flickr photos)

- semantics (for semantic analysis and related story grouping)

Recommended matched APIs:

- webhoseio (news aggregation of news, blogs, discussions)

- guardian (news content and articles)

- new-york-times-article-search (article search)

- reuters-spotlight (Reuters news content)

- daylife (news platform access)

- wikipedia (Wikipedia data access)

- wikilocation (Wikipedia articles via location)

- dbpedia (structured Wikipedia data)

- dbpedia-spotlight (named entity extraction from text)

- flickr (photos integration)

- twitter-search (search tweets)

- twitter-streaming (access to tweets data)

- tagalus (access Twitter hashtag definitions)

- what-trend (trending Twitter topics with related tweets, Flickr photos and news stories)

- thomson-reuters-open-calais (intelligent tagging and metadata extraction)

- amplify (semantic content analysis)

- rxnlp-text-similarity (text similarity for related stories)

- rxnlp-cluster-sentences-and-short-texts (clustering news points, grouping similar items)

This selection of categories and APIs covers news aggregation, related stories, wikinews/Wikipedia integration, tagging/metadata, Flickr photos, and tweets.

# Final Recommendation

**Recommend categories:**  
['news-services', 'wiki', 'social', 'tagging', 'photos', 'semantics']

**Recommend all matched APIs:**  
['webhoseio', 'guardian', 'new-york-times-article-search', 'reuters-spotlight', 'daylife', 'wikipedia', 'wikilocation', 'dbpedia', 'dbpedia-spotlight', 'flickr', 'twitter-search', 'twitter-streaming', 'tagalus', 'what-trend', 'thomson-reuters-open-calais', 'amplify', 'rxnlp-text-similarity', 'rxnlp-cluster-sentences-and-short-texts']
./output/gpt/plan_and_solve/responses.json
データが保存されました: ./output/gpt/plan_and_solve/responses.json (キー: klezio-1)
------------------------------
評価中のサービス: belizemapia
Iteration 1, Total call: 105
**Reasoning**:

The user wants a mashup where they can find attractions on a map specifically for Belize and other Central American cities, plus having tabs to watch YouTube videos related to each city.

1. Mapping for Central American cities and attractions:
   - We need an API that supports geolocation and map display functionality, as well as the ability to mark attractions on the map.
   - Recommended APIs are those from mapping category like Bing Maps, Google Maps Places, MapQuest, Mapbox, or OpenStreetMap.
   - We need to find places or points of interest on the map for Belize and other Central American cities, with filtering or search capabilities to highlight attractions.

2. Videos for cities:
   - The user wants YouTube videos related to each city via tabs.
   - YouTube API fits perfectly because it allows searching videos by keyword (city name) and retrieving related videos for embedding or playback.

Therefore, the mashup requires APIs mainly in two categories:

- mapping: for map and attraction information by location
- video: for retrieving and displaying YouTube videos

Specifically, we should propose APIs that support place search or points of interest around coordinates or city names in Central America and provide embedded video content from YouTube.

**Conclusion**:

- Recommend categories: ['mapping', 'video']
- Recommend All matched APIs: ['bing-maps-search', 'google-maps-places', 'mapquest', 'mapbox', 'youtube']
./output/gpt/plan_and_solve/responses.json
データが保存されました: ./output/gpt/plan_and_solve/responses.json (キー: belizemapia-1)
------------------------------
評価中のサービス: japan-talent-data-box
Iteration 1, Total call: 106
**Reasoning**:
- The requirement is to create a directory service specifically for Japanese talents including actors, actresses, and models.
- Such a directory service would entail maintaining, searching, and retrieving profile data of talents.
- Key functionalities would include:
  - Search capability to find talents based on attributes like name, profession, or other metadata.
  - Managing personal and professional information of the talents.
  - Possibly integrating images or multimedia content related to the talents.
  - Possibly social or contact information for talents or their agencies.
- This suggests APIs related to reference data (for storing and querying talent info), social (to integrate social media profiles or connections), and possibly photos or media for images of talents.
- Since the target is Japanese talents, ideally an API or dataset focused on Japanese talent directory, casting, or talent agencies would be suitable — however, no API in the available list explicitly focuses on Asian or Japanese talent directory.
- The best match in the available APIs would be:
  - **reference** category: For authoritative data or structured information storage and queries.
    - Some reference APIs center around general knowledge or specialized datasets which might be adapted to a talent directory.
  - **social** category: For social media data and interaction which is often valuable for talents.
    - APIs like LinkedIn or other social platforms could provide professional profiles or connections.
  - **photos** category: For images of talents.
  - Other categories like **search** could be useful for search functionality within the directory.
- Review the given APIs to see if any provide database or directory info on people, especially talents:
  - The closest are social network APIs like LinkedIn, Vimeo (video), or Facebook Graph (not available), or general reference and database APIs.
  - No direct talent directory APIs.
- So for building a Japanese talent directory service, the following approach can be taken:
  - Use **reference** or **database** APIs to store and retrieve structured data of talents.
  - Use **social** APIs (such as LinkedIn) to gather professional profile data or social connections where possible.
  - Use **photos** APIs to fetch images of the talents or enable uploads.
  - Possibly use **search** APIs for implementing talent search capabilities.
- Therefore, recommend categories mainly: reference, social, photos, and search.
- Match APIs from the available list that can serve as building blocks:
  - **linkedin (Category: social)**: Professional social networking data, user profiles.
  - **flickr, 500px, instagram-graph, pixabay-free-images (Category: photos)**: for images.
  - **google-book-search, open-library-books, librarything (Category: reference)**: general reference APIs.
  - **yelp-fusion, foursquare, yelp-like APIs (social/recommendations)** might be less relevant.
  - For Japanese specific, none listed; may require a custom or local service.
- If the plan is to build from scratch, then combine social data and reference APIs as foundational data sources.
- No direct APIs for Japanese talents exist in the listed APIs; the solution involves combining multiple APIs that facilitate:
  - Data organization (reference)
  - User profiles (social)
  - Media (photos)
  - Search functionality (search).

**Conclusion**:
- Recommend categories: ['reference', 'social', 'photos', 'search']

- Recommend All matched APIs:
  - linkedin (Category: social)
  - flickr (Category: photos)
  - instagram-graph (Category: photos)
  - pixabay-free-images (Category: images/photos)
  - 500px (photos, though no longer publicly available, noted for photo content)
  - open-library-books (reference, for structuring database content)
  - librarything (reference)
  - google-book-search-book-viewability (reference)
  - google-custom-search (search)
  - yahoo-local-search (search)
  - bing-maps-search (if geolocation of talents or offices is desired)
  - google-places / google-maps-places (to link talents to places)
  - yagoo-related-suggestions, and other search APIs for enriching search
- Note: Since there is no explicit Japanese talent directory API, leveraging social and reference categories APIs in a combined solution is the best approach.

# Final Recommendation

Categories:
['reference', 'social', 'photos', 'search']

Matched APIs:
[
  'linkedin',
  'flickr',
  'instagram-graph',
  'pixabay-free-images',
  '500px',
  'open-library-books',
  'librarything',
  'google-book-search-book-viewability',
  'google-custom-search',
  'yahoo-local-search',
  'bing-maps-search',
  'google-maps-places'
]
./output/gpt/plan_and_solve/responses.json
データが保存されました: ./output/gpt/plan_and_solve/responses.json (キー: japan-talent-data-box-1)
------------------------------
評価中のサービス: mapping-events
Iteration 1, Total call: 107
**Reasoning**:

The requirement is to build a mashup that discovers upcoming events and things to do, with a nice and simple interface using Google Maps. The main functionalities include:

1. **Event Search**: Searching for events. Filtering on category, place or date, and sorting on relevance, date, title, popularity or venue name.
2. **Mapping**: Using Google Maps to display event locations and possibly support geographic queries.
3. **Data on IP Location**: Possibly to personalize the event search based on user location via IP.
4. **Search and Aggregation**: Possibly integrating Google AJAX Search or other search APIs for enriching the event content or places.
5. **Supporting APIs**: The mashup may use named APIs for events, mapping, and potentially IP geolocation and search functionalities.

From the Available APIs and Categories:

- **Events category** offers the **Eventbrite API** and **Eventful API**. Eventful is specifically mentioned in the requirement as the event data source. Eventbrite is also a prominent events API.
- **Mapping category** has several APIs, including **Google Maps Places**, **Bing Maps**, **Google Maps Distance Matrix**, **Google Maps Geocoding**, and the deprecated Google Maps API. The requirement mentions Google Maps, so Google Maps Places API and/or Directions, Geocode APIs may be useful for location and place data.
- **Location/IP category** includes APIs for IP-based geolocation, e.g., **WorldIP API** (not in provided list but mentioned in requirement), or proxy APIs like **ip2location**, etc.
- **Search category** includes Google AJAX Search API (mentioned in requirement), Yahoo YQL and Yahoo YUI (used for data querying and processing).
  
Given the mashup requirement and explicit mention:

- Use **Eventful** API for events search and data.
- Use **Google Maps** API (or relevant available Google Maps APIs) for mapping and showing event locations on the map.
- Use an IP location API like **ip2location** or a similar IP to location API for geolocating the user.
- Use search APIs like **Yahoo Query Language (YQL)** or Google AJAX Search API to enhance search capabilities or fetch related content.

Since the requirement explicitly mentions:

- Eventful API,
- Google Maps API,
- Google AJAX Search API,
- WorldIP API,
- Yahoo YQL and Yahoo YUI

Among these in the Available APIs, we have Eventful and Google Maps Places (closest to Google Maps API), and Yahoo Query Language (YQL) API (referred to as YQL GraphQL), but WorldIP API is not explicitly listed; however, IP geolocation APIs such as ip2location, ip-apicom-geolocation, or smart-ip-geo-ip could substitute.

Hence, the recommended categories are:

- **events** (for event data)
- **mapping** (for map and geocoding)
- **search** (for querying and enrichment/search)
- **location** or **mapping** again for IP-based geolocation (could be mapping or location category)
- Possibly **tools** or **data-mining** for data aggregation, but not mandatory.

Recommended APIs include:

- **eventful** from the events category for event data.
- **google-maps-places** or **google-maps-geocoding** or other Google Maps related APIs to integrate map display and location information.
- **yahoo-query-language-graphql** or **yahoo-yql** (although only YQL GraphQL is available) for data querying.
- An IP geolocation API such as **ip2location**, **ip-apicom-geolocation**, or **smart-ip-geo-ip** to identify user location by IP.
- Google AJAX Search API is mentioned but not listed in the APIs, so we may substitute with **bing** or **bing-maps-search** or Google Custom Search API if appropriate.
  
Given the list, we also see **bing-maps-search** and **bing-maps-locations** providing mapping search services that could substitute for Google AJAX Search or Google Places if needed.

**Conclusion**:

- Recommend categories: ['events', 'mapping', 'search', 'mapping' (for geolocation)]

- Recommend All matched APIs: ['eventful', 'google-maps-places', 'ip2location', 'yahoo-query-language-graphql']

Since Google AJAX Search API and WorldIP API are not present in the available APIs, this recommendation substitutes closest available ones in the required categories.

# Final recommendation

**Recommend categories**: ['events', 'mapping', 'search']

**Recommend all matched APIs**: ['eventful', 'google-maps-places', 'ip2location', 'yahoo-query-language-graphql']
./output/gpt/plan_and_solve/responses.json
データが保存されました: ./output/gpt/plan_and_solve/responses.json (キー: mapping-events-1)
------------------------------
評価中のサービス: padmapper
Iteration 1, Total call: 108
**Reasoning**:

The requirement is to create an improved home rental hunting service similar to housingmaps.com but with additional features:

1. Uses Craigslist as a rental listing source and includes more listings.
2. Has a favorites list to save preferred listings.
3. Provides good filtering options for listings.
4. Has map features like zooming in and showing popular businesses.
5. In NYC, it enables filtering rentals by maximum commute time via subway.

To deliver this mashup service, we need to address the following:

- Housing rental listings data source(s), ideally including Craigslist or more extensive retail real estate data.

- Map and geolocation services for displaying rental locations, zooming, and interactive map features.

- Point of interest (popular businesses) data near rental listings, for adding business info on zoom.

- Favorite listings management for users (backend or local storage).

- Filtering capabilities supported by the data source or added by the app.

- NYC-specific subway commute time filter feature, requiring transit/commute time data.

Looking at available categories and APIs, the relevant ones are:

- **real-estate**: for property listings data, preferably with rental listings.

- **mapping**: for map visualization, geocoding addresses, coordinates, zoom on map, display popular businesses.

- **search**, **recommendations** or **social**: for popular business or points of interest data.

- **travel**, **transportation**: to determine commute times, especially subway commute times in NYC.

- **backend** or **cloud**: for storing users' favorite listings if needed (not mandatory, can be local).

Exploring available APIs that match these requirements:

- For rental listings: The given APIs do not explicitly mention Craigslist integration, but there are real-estate APIs.

- **nestoria** (Category: real-estate) – A vertical search engine for properties in UK and Spain (not US NYC focused). May have APIs for property listings but not NYC specific or Craigslist.

- **booli** (real-estate) – Swedish real estate API, so irrelevant for US NYC.

- **walk-score** (real-estate) – Provides walkability for any location in the US. Can augment listings by giving walk scores. Not rental listings but nice to have.

- **zillow** (real-estate) – Extensive US real estate API: home valuation, property details, demographics, mortgage rates. Zillow is focused on US and includes rental data and housing info. Good candidate.

- **yelp-fusion** (recommendations) – Provides business reviews, ratings, location-based business info. For popular businesses on map, Yelp data is great to show nearby businesses at zoomed locations.

- **bing-maps**, **google-maps-places**, **google-maps-geocoding** – For map rendering, geocoding, showing maps, markers, navigation.

- **google-distance-matrix**, **yahoo-traffic** or **bing-traffic** – For travel time estimation between points. 

- For NYC subway commute time: Classic commute time by subway requires public transit routing data. Since we don't see a direct subway routing API, Google Distance Matrix API often supports transit mode incl transit time estimation, but the Google Distance Matrix API in marketplace is available. Alternatively, the "mapquest-open-directions" or "mapquest" API can be considered if they support transit modes.

- In available APIs, Google Distance Matrix API supports travel distance and time for origins and destinations; it calculates recommended routes and includes travel time. It's RESTful and supports transit mode (which includes subway) – hence suitable for filtering by max commute time.

- Favorites list can be handled within the app/backend; no specific API needed unless we want cloud storage, in which case a backend like CloudMine or QuickBlox may be useful but optional.

- Craigslist scraping is not available directly as API; using Zillow or other real estate APIs is a more stable option, or combining multiple APIs for listings.

**Summarizing:**

- **Real-Estate API**: Zillow – to get rental housing data listings in NYC and beyond.

- **Mapping**: Bing Maps or Google Maps Places API – to show locations and get popular business info around rentals.

- **Travel**: Google Distance Matrix API – to get commute times by transit (subway) in NYC.

- **Recommendations**: Yelp Fusion – to display popular businesses on zoom on map.

- **Optional**: Walk Score API – to add walkability scores for listings.

**Conclusion**:

Recommend categories: ['real-estate', 'mapping', 'travel', 'recommendations']

Recommend All matched APIs: ['zillow', 'bing-maps', 'google-maps-places', 'google-distance-matrix', 'yelp-fusion', 'walk-score']
./output/gpt/plan_and_solve/responses.json
データが保存されました: ./output/gpt/plan_and_solve/responses.json (キー: padmapper-1)
------------------------------
評価中のサービス: inauguration-scrapbook
Iteration 1, Total call: 109
**Reasoning**:

The requirement describes an application/platform developed shortly after the inauguration by Obama supporters that allows millions of people to share, view, and vote on images that capture special moments of those days.

From this description, the key features and involved functionalities are:

- User-generated content submission: users can upload/share images.
- Viewing images shared by others.
- Voting on images (likely upvoting or rating).
- Handling large user engagement or data volume.
- Possibly social features, to allow users to collaborate or interact.
- Hosting and storage of images.
- Possibly some sort of community or social platform features.

Main functionalities needed for such a platform:
- Photos/images handling API: upload, retrieve, display.
- Social category for sharing, voting, and possibly user interactions.
- Backend services for storage, account management, and scaling.
- Possibly analytics to track user engagement.
- Content management for images and interaction history.

Given the above, categories that would best suit this system are:

1. photos - for image sharing, retrieval, and image related data.
2. social - for voting, sharing, and social interaction features.
3. backend - for managing user data, content storage, and scalability.
4. possibly tools or analytics to monitor and improve the service.

From the Available APIs listed, particular APIs stand out:

- For image handling:

  - 500px API (though no longer publicly available) - community for photographers with photo upload, search, etc.
  - flickr - retrieve, upload photos and videos through a public photo sharing service.
  - pixabay-free-images, smugmug, photobucket, instagram-graph - access and integrate photos.
  - google-picasa (deprecated) and instagram-real-time (real-time image push notifications).

- For social/voting/sharing:

  - facebook-graph (deprecated but Facebook Graph API is available elsewhere).
  - twitter-streaming and twitter-related search APIs.
  - plancast, tagalus, buffer - social media related APIs for sharing and data integrations.
  - scoopit, readsocial, addthis-services - content sharing and social integration tools.

- For backend/user management/scaling:

  - quickblox (real-time chat, user presence, notifications).
  - cloudmine (backend as a service with user account creation, content storage).
  - appharbor (cloud platform for hosting web apps, scaling).
  - heroku (cloud platform).
  - ahrefs/backlink API (not relevant here).
  - amazon-s3 or google-drive or other storage APIs for storing images.

- For image hosting and CDN:

  - amazon-s3, rackspace-cloud-files, mediafire, dropbox, box - storage and file hosting.
  
- For content voting/feedback:

  - uservoice (feedback, help ticket management).
  - tagalus (twitter hashtag meaning, some voting possible).
  - scoopit (content curation with API for topics/posts).
  
Given the system focuses on image sharing + voting, the foremost need is a photos API with social aspect and backend support:

Specifically, suitable APIs could be:

- Flickr API (Category: photos) - uploading & retrieving photos via RESTful API.
- Instagram Graph API (photos) - access to users' photos and social interaction.
- 500px (photos) - though limited availability.
- Photobucket (photos) - image hosting.
- CloudMine (backend) - supports user management and content.
- QuickBlox (backend) - real-time messaging and user presence.
- Possibly use social APIs like Twitter or Facebook Graph for sharing or authentication.
- Amazon S3 or Rackspace Cloud Files for image storage/backups.
- UserVoice or similar for feedback and voting capabilities, or a custom voting implementation via backend.

Because the requirement is for a platform to share, view and vote on images capturing the special days, the emphasis is on photo sharing, social interaction, and backend scaling.

**Conclusion**:
- Recommend categories: ['photos', 'social', 'backend', 'storage']

- Recommend All matched APIs: ['flickr', 'instagram-graph', 'photobucket', 'quickblox', 'cloudmine', 'amazon-s3', 'rackspace-cloud-files', 'uservoice', '500px']
./output/gpt/plan_and_solve/responses.json
データが保存されました: ./output/gpt/plan_and_solve/responses.json (キー: inauguration-scrapbook-1)
------------------------------
評価中のサービス: flowd
Iteration 1, Total call: 110
**Reasoning**:
The requirements describe a service called Flowd with two main functionalities:
1. Letting users mark their favorite spots on a map and share them with friends, showing "where the action is happening."
2. Showing nearby gigs of users' favorite artists.

Breaking down the requirements:
- "Mark your favorite spots on the map and tell your friends where the action is happening" involves:
  - Location-based map functionality (mapping, geo-coordinates, storing user selected spots)
  - Social/sharing features to notify friends or display spots in a social context

- "Shows you the nearby gigs of your favorite artists" involves:
  - Live music or event data related to artists
  - Location-aware event searching or filtering (nearby gigs)
  - Possibly artist and event metadata

Mapping and location are fundamental here, so APIs under categories "mapping" and "social" would be relevant.

For music events and artist gigs, music and events categories are relevant.

For social sharing of spots, "social" is appropriate.

Now let's analyze available APIs for these aspects:

**Mapping/location APIs:**
- bing-maps-search (mapping): Allows map search queries including neighborhoods, ratings, etc.
- google-maps-places (mapping): Provides place info and search by location.
- mapquest (mapping): Multiple APIs for directions, geocoding, search.
- openlayers (mapping): JavaScript library for interactive maps.
- mapbox (mapping): Open source mapping tools.
- your-mapper (mapping): Aggregates local government data and geocodes it.
- geonames (reference/mapping): Geo information and reverse geocoding.
These are suitable to mark spots on maps and locate places.

**Social APIs:**
- facebook-graph: Social graph, friends, sharing.
- twitter: tweeting and social sharing.
- foursquare (social): Venue info, check-ins, photos.
- linkedin (social): Professional connections, data.
- plancast (social): Share plans/events with friends.
- tagalus (social): Twitter hashtag meanings.
- tagoo (search/social): Audio/video sharing, social.
- nationbuilder: Community organizing and social.
- scoopit: Content curation and social.
These could help with showing friends or sharing favorite spots.

**Events APIs:**
- songkick (music): Live music events and concerts.
- eventbrite (events): Event creation and retrieval.
- active (events): Sports and outdoor event data.
- bandsintown (music): Local concerts and ticketing.
- brown-paper-tickets (events): Tickets for events.
- viator (travel/events): Tours and activities.
- jamendo, rhapsody, spotify-web (music): music metadata but not specific for events/gigs.
For nearby gigs, songkick and bandsintown are especially relevant.

**Music APIs:**
- songkick: concerts and events of artists.
- bandsintown: live music and events, RSVP, tickets.
- jamendo, rhapsody, spotify-web: music data, metadata.
- musixmatch, beatport: lyrics and music sales.
For artist info and gigs, songkick and bandsintown are best matches.

**Conclusion:**

- Recommend categories: 
  - ['mapping', 'social', 'music', 'events']

- Recommend all matched APIs:
  - For mapping & location of favorite spots:
     - bing-maps-search
     - google-maps-places
     - mapquest
     - openlayers
     - mapbox
     - your-mapper
     - geonames
  - For social sharing and integration:
     - facebook-graph (if wanting to leverage Facebook friends/sharing)
     - twitter (for tweeting where action is)
     - foursquare (venue info and social check-ins)
     - plancast (sharing plans and events)
  - For music artist gigs and events:
     - songkick (live concert data)
     - bandsintown (local concerts and events)
     - eventbrite (general events)
     - active (sports and activities, may include music events)
  
These categories and APIs cover the map marking + sharing spots and showing nearby gigs of favorite artists functionalities.
./output/gpt/plan_and_solve/responses.json
データが保存されました: ./output/gpt/plan_and_solve/responses.json (キー: flowd-1)
------------------------------
評価中のサービス: mapattack
Iteration 1, Total call: 111
**Reasoning**:

The problem describes a game of real-time strategy called MapAttack that is built for real life. Key features to consider from the description are:

- The game involves virtual geofences placed on a map.
- Players must physically go to map locations corresponding to these geofences to capture them.
- This implies location awareness, geofencing capabilities, mapping and geolocation services.
- Real-time elements: game likely needs real-time updates on player locations and game state.
- Possibly needs routing or navigation aids for players.
- May also involve social/game communication features or leaderboards (not explicit but common).
- Integration with mobile devices is implied (users moving physically).

To build such a mashup or app, the following categories are particularly relevant:

1. **mapping**:
   - Core category for handling maps, geofences, geolocation, coordinates.
   - APIs can provide map display, geocoding, reverse geocoding.
   - Support routes, directions, and placing geofences on maps.

2. **location**:
   - For resolving player's real-time location accurately.
   - IP-based location, or GPS integration on devices.
   - APIs offering geolocation, mapping IP addresses, coordinates.

3. **backend**:
   - To support real-time interactions, persistence, syncing game state.
   - Services offering cloud backend, real-time databases, messaging or server logic support.

4. **messaging** (optional but useful):
   - For real-time notifications, alerts, or player communication.
   - Could be used to broadcast geofence captures or game events.

5. **games** or **social** (optional):
   - If social or game-related user data is integrated or multiplayer features used.

Now let's check the available APIs for these categories that provide specifically the required mapping and location features:

- Mapping:
  - bing-maps-search
  - google-maps-places
  - bing-maps-locations
  - bing-maps
  - mapquest-open-directions
  - openlayers
  - mapquest
  - google-geocoding
  - mapquest-geocoding
  - bing-maps-routes
  - bing-maps-geocode-dataflow
  - tomtom-geocoding
  - mapbox
  - arcweb
  - metacarta
  - google-maps-elevation
  - google-latitude
  - google-maps-geolocation
  - bing-traffic
  - google-directions
  - yahoo-internet-location-platform
  - quova
  - smart-ip-geo-ip
  - google-maps-geolocation
  - ip2location
  - geonb
  - geograph
  - geocoderca
  - geoloqi
  - telize

- Location:
  - ipinfoio-ip-geolocation
  - geoloqi
  - ip2location
  - ip-apicom-geolocation
  - smart-ip-geo-ip
  - quova
  - telize
  - garmin-motionbased (GPS data analysis)

- Backend:
  - cloudmine (cloud backend, user management)
  - quickblox (real-time messaging, users, location)
  - ahrefs (link checking, not relevant here)
  - mongolab (MongoDB cloud database)
  - blankslate (platform as a service)
  - elasticsearch (search platform)
  - appharbor (.NET cloud hosting)
  - heroku (cloud application platform)

- Messaging:
  - twilio (SMS and voice)
  - twilio-sms
  - pubnub (real-time messaging, push)
  - slack-real-time-messaging
  - slack-incoming-webhooks
  - amazon-sns (notifications)
  - pubnub-javascript-push
  - clockwork-sms
  - vonage-nexmo-sms
  - att-app-messaging

To capture geofences on a map and interact with real physical locations, the app will need:

- Map visualization + geofencing support from mapping APIs.
- Real-time location from device GPS or IP, so location APIs.
- Backend for user state, scores, game progress, synchronization.
- Optional messaging for notifications or interaction.

**Conclusion**:

Recommend categories:  
['mapping', 'location', 'backend', 'messaging']

Recommend matched APIs:  
- Mapping APIs:  
  - bing-maps-search  
  - google-maps-places  
  - bing-maps-locations  
  - bing-maps-routes  
  - mapquest-open-directions  
  - mapbox  
  - openlayers  
  - google-geocoding  
  - bing-maps  
  - tomtom-geocoding  
  
- Location APIs:  
  - ip2location  
  - ipinfoio-ip-geolocation  
  - smart-ip-geo-ip  
  - quova  
  - telize  
  - geoloqi  
  
- Backend APIs:  
  - quickblox  
  - cloudmine  
  - mongolab  
  - blankslate  
  - heroku  
  
- Messaging APIs (for notifications/alerts):  
  - twilio  
  - twilio-sms  
  - pubnub  
  - clockwork-sms  
  - vonage-nexmo-sms

These recommendations cover all essential functionalities for the MapAttack real-time location-based geofencing game including mapping/geofencing, accurate user location, backend for game state, and messaging for real-time communication/notifications.
./output/gpt/plan_and_solve/responses.json
データが保存されました: ./output/gpt/plan_and_solve/responses.json (キー: mapattack-1)
------------------------------
評価中のサービス: ifttt
Iteration 1, Total call: 112
**Reasoning**:
The requirement is about using the Pushover API and IFTTT to create connections (or custom recipes) that trigger notifications to mobile devices based on activity from other applications or services. The description mentions popular IFTTT recipes that integrate Pushover with other platforms like Box, Dailymotion, Best Buy, Evernote, Facebook, Fitbit, Google Drive, Instagram, LinkedIn, Nike, SMS, Twitter, Yahoo Sports, Yammer, and YouTube.

Therefore, the core needs derived from the requirement are:
1. The ability to send push notifications to mobile devices from various triggers (Pushover API).
2. Integration with multiple other service categories and platforms, implying the smart combination of APIs from many categories like storage, video, ecommerce, personal-information-management, social, fitness, cloud, photos, social, messaging, sports, and video.

Plan:
- Identify the category of the Pushover API (messaging), since the requirement centers on sending notifications.
- Identify the other APIs in the mentioned popular IFTTT recipes that relate to sending triggers and notifications:
  - Box (content)
  - Dailymotion (video)
  - Best Buy (ecommerce)
  - Evernote (personal-information-management)
  - Facebook (social)
  - Fitbit (fitness)
  - Google Drive (storage)
  - Instagram (photos)
  - Linkedin (social)
  - SMS (messaging)
  - Twitter (social)
  - Yahoo Sports (sports)
  - Yammer (social)
  - YouTube (video)

- So recommend these categories that include these APIs to allow mashup creation similar to IFTTT recipes.
- Also recommend Pushover API itself.

Check available categories for these APIs and confirm availability:

- Pushover: messaging - present
- Box: content - present
- Dailymotion: video - present
- Best Buy: ecommerce - present
- Evernote: personal-information-management - present
- Facebook: social - present
- Fitbit: fitness - present
- Google Drive: storage - present
- Instagram: photos - present
- LinkedIn: social - present
- SMS (general): messaging - present (SMS API)
- Twitter: social - present (the twitter API is no longer available but we can include Twitter Streaming under social)
- Yahoo Sports: sports - present (Yahoo Fantasy Sports)
- Yammer: social - (No explicit API listed as Yammer, but since it's social, could consider social category)
- YouTube: video - present

These categories appear within the available categories, so they are recommended.

**Conclusion**:
- Recommend categories: ['messaging', 'content', 'video', 'ecommerce', 'personal-information-management', 'social', 'fitness', 'storage', 'photos', 'sports']
- Recommend All matched APIs:
  ['pushover-message', 'box', 'dailymotion', 'best-buy-products', 'evernote', 'facebook', 'fitbit', 'google-drive', 'instagram-graph', 'linkedin', 'sms', 'twitter-streaming', 'yahoo-fantasy-sports', 'youtube']
./output/gpt/plan_and_solve/responses.json
データが保存されました: ./output/gpt/plan_and_solve/responses.json (キー: ifttt-1)
------------------------------
評価中のサービス: highest-hits-videos
Iteration 1, Total call: 113
**Reasoning**:

The described mashup service is "Highest Hits," a YouTube video search app with the following main features:
- Search and view YouTube videos.
- Share those videos on Facebook.
- Allow users to comment using their Facebook ID.
- Videos can be viewed normally or with a jQuery Lightbox effect.

Breaking down the requirements:
1. Video search and retrieval:
   - We need an API that allows searching and retrieving metadata and streaming links for YouTube videos.
   - The YouTube Data API enables searching for videos, fetching video details, and supports user authentication for additional features.

2. Social sharing and commenting on Facebook:
   - Users share videos on Facebook.
   - Users comment using their Facebook ID, meaning integration with Facebook social graph is needed.
   - The Facebook Graph API allows access and integration to Facebook user data, including posts, comments, likes, and more. This enables sharing videos on Facebook and accessing or submitting comments linked to a user ID or profile.

3. jQuery Lightbox viewing:
   - This is client-side UI functionality for displaying videos in a pop-up/lightbox overlay.
   - No specific API is needed since this is handled in the front-end using existing JavaScript libraries (jQuery Lightbox), not an external service.

Additionally, the app involves user authentication with Facebook to post comments and share content, which would typically use OAuth 2.0 and the Facebook Graph API for profile details.

Summarizing:
- For video search and retrieval: YouTube API.
- For social sharing and comments with Facebook auth: Facebook Graph API.
- For Lightbox viewing: client-side implementation, no external API needed.

Check available categories and APIs:

- YouTube API in "video" category: 
  - [api name: youtube, Category: video, description: The Data API allows users to integrate their program with YouTube and allow it to perform many of the operations available on the website. It provides capability to search for videos, retrieve standard feeds, and see related content...]
- Facebook API in "social" category:
  - [api name: facebook-graph, Category: social, description: The Graph API is a simple, consistent view of the Facebook social graph, that uniformly represents objects in the graph... Users can add social context by utilizing profile, friend, Page, group, photo, and event data...]

Therefore, the best fit APIs for this mashup service are:
- youtube (video search and retrieval)
- facebook-graph (sharing, commenting, user ID integration)

**Conclusion**:

- Recommend categories: ['video', 'social']
- Recommend All matched APIs: ['youtube', 'facebook-graph']
./output/gpt/plan_and_solve/responses.json
データが保存されました: ./output/gpt/plan_and_solve/responses.json (キー: highest-hits-videos-1)
------------------------------
評価中のサービス: friendlynx
Iteration 1, Total call: 114
**Reasoning**:

The requirement is for an application called FriendLynx which helps users find their Facebook friends on Twitter and follow them easily. It also facilitates creating Twitter lists with Facebook friends and mutual following.

To achieve this, the mashup service needs APIs to:
1. Access Facebook user data, specifically friends lists.
2. Access Twitter user data, follow users, and manage lists.
3. Possibly handle authentication (OAuth) for both Facebook and Twitter to gain needed permissions.

Given this, the categories relevant to this service are:

- **social**: Both Facebook and Twitter are social media platforms, and interactions like reading friends and followers, posting follows, creating lists are core social functions.
- **authentication**: Managing user identity and permissions securely with OAuth or similar auth methods is essential.
- **messaging** or others are less relevant since the requirement focuses on friend lookup and social connections, not messaging per se.

Now reviewing the available APIs that can be used:

- For Facebook:
  - There is "facebook-graph" API (although marked as no longer available and split into several APIs, but it is the one that gave access to friends, profiles, and connections).
- For Twitter:
  - "twitter-streaming" - provides high throughput real-time tweets but not focused on users/friends/following API.
  - "twitter-search" - search tweets, not users/friends/following management.
  - Mentioned that Twitter API has been split but no modern Twitter REST API listed here; old ones may be deprecated.
- For general social:
  - "linkedin", "plancast", "hyves", "foursquare", "tumblr", "buffer", "pinterest-domain", "meetup", "facebook-graph" (deprecated), "twitter-streaming" (limited), "nationbuilder", "fullcontact-person", "gravatar", "addthis-services", "social-share-count", "social-actions", "readsocial", "tarpipe", "tilde", "twitpic" (photos), "shizzow" (location checkins), "launchrock", "launchbit" (email ads), "buffer", "linkedin", "pinterest-domain", "tumblr", "meetup", "facebook-graph".
  
Facebook Graph API and Twitter API are essential here but the Facebook Graph API is listed as no longer available here, and Twitter APIs are split. However, given the nature of the requirement and common usage, the Facebook Graph API and Twitter API would be the ones to recommend.

Since the only relevant Twitter API here is "twitter-streaming" (which allows access to tweets but not user relationship management) and "twitter-search", neither directly supports the following/unfollowing or list management required. However, since the user requirement is about social integration with Facebook and Twitter, the best matching category is social, and the APIs are facebook-graph and twitter-streaming (limited).

Similarly, since user authentication is crucial to link and authorize social accounts, authentication category may be relevant if OAuth or other login is required.

Hence:

- Recommended categories: social (for Facebook and Twitter data and integration), authentication (likely required for login and permission management).

- Recommended APIs: facebook-graph (for accessing Facebook friends data and user info), twitter-streaming (limited to accessing Twitter data), and for full follow and list management, though not listed, the official Twitter REST APIs would be needed. But from the current list, twitter-streaming is the closest available.

No direct API listed for creating Twitter lists or following users in the provided collection.

**Conclusion**:
- Recommend categories: ['social', 'authentication']
- Recommend All matched APIs: ['facebook-graph', 'twitter-streaming']
./output/gpt/plan_and_solve/responses.json
データが保存されました: ./output/gpt/plan_and_solve/responses.json (キー: friendlynx-1)
------------------------------
評価中のサービス: popify
Iteration 1, Total call: 115
**Reasoning**:

The requirement is to watch a relevant video playlist full of interesting information with friends. This suggests the need for:

1. Access to video content - APIs that provide videos or video playlists with relevant content.
2. Ability to share or interact with friends - social or chat APIs to allow viewing the playlist together or sharing.
3. Possibly user authentication and account linkage - to manage user profiles and friends.
4. Since the content type is video, video-related APIs are primary.
5. To "watch with your friends," social integration or chat or messaging could be secondary but helpful.

Looking at the available categories:

- video: APIs that provide video content or video libraries or video management.
- social: APIs that provide social network or friend connections or sharing.
- chat: APIs for chatting with friends.
- messaging: for messaging friends.

From the available APIs, the following seem relevant:

Video APIs:
- youtube: The YouTube Data API allows retrieval of video content, playlists, search, etc. This fits well for watching relevant video playlists.
- dailymotion: Another large video platform with access to video content and playback.
- vimeo: Video hosting platform API.
- brightcove: online video publishing platform.
- otnettv: Enables creating custom TV streaming services, managing channels, feeds and media players.

Social APIs:
- facebook-graph: social graph that includes sharing, friends, pages, etc.
- twitter: social platform (though deprecated).
- linkedin, pinterest-domain, tumblr, etc.

Chat and messaging APIs could be added if interaction during watching is needed, but the main requirement is to watch the playlist together with friends — probably sharing and social connections combined with video playback is key.

Since YouTube is a dominant video platform with playlist capabilities and social sharing capacities (sharing URLs on social media like Facebook or Twitter), recommending the YouTube API makes the most sense.

If the requirement had asked for real-time chat during watching, chat APIs like QuickBlox or HipChat or mesibo could be added.

**Conclusion**:
- Recommend categories: ['video', 'social']
- Recommend All matched APIs: ['youtube', 'facebook-graph']
./output/gpt/plan_and_solve/responses.json
データが保存されました: ./output/gpt/plan_and_solve/responses.json (キー: popify-1)
------------------------------
評価中のサービス: sightsmap
Iteration 1, Total call: 116
**Reasoning**:

The goal is to generate sightseeing popularity heatmaps for the whole world based on two data sources: Panoramio photos and FourSquare places.

1. Heatmaps imply geographic data visualization over map interfaces. So, mapping and geographic data APIs will be essential.

2. We want data about sightseeing spots, based on:
   - Panoramio photos: Panoramio was a geolocated photo sharing service that attached photos to specific geographic points. Photos at a location can be a good proxy for popularity or points of interest.
   - FourSquare places: Foursquare is a location-based social network that tracks venues and user check-ins. Places data from FourSquare is valuable for popularity, tips, and venue categories.

3. To create heatmaps over the world, we'll need:
   - Access to geocoded photos (Panoramio)
   - Access to place data and venue info (FourSquare)
   - Ability to visualize these data points on maps efficiently.

4. Panoramio API has been deprecated since 2016 (explicitly mentioned in the API description). But there's an API entry for "panoramio" which states "Deprecated in November 2016." However, for the sake of this requirement, the Panoramio API is still the one to use for photos data from that source. If a replacement or alternative is available, it can be considered.

5. FourSquare's API is current and offers venue and places data, including geographic information.

6. For mapping and heatmap visualization, APIs in the "mapping" category will be recommended. Options include Google Maps (deprecated and split), Bing Maps, OpenLayers, MapQuest, Mapbox, etc.

7. Since the requirement is global, APIs that provide global mapping coverage and flexible integration are best.

8. Other factors:
   - IP geolocation or reverse geocoding APIs are helpful only if user location or IP address was involved, but this is not specifically needed here.
   - Analytics APIs are not the focus here, although tracking or analyzing location popularity could be relevant in other circumstances.
   - The Panoramio API returns geolocated photos in JSON format, suitable for querying photos per location.
   - The FourSquare API provides venue details including name, category, location, and check-in data that can indicate popularity.

9. For visualization, client-side JavaScript mapping libraries like OpenLayers, Mapbox or the Bing Maps AJAX control can be chosen depending on developer preference.

**Therefore**:
- Categories:
   - mapping (maps and geolocation data, for displaying heatmaps)
   - photos (Panoramio geolocated photos, image data)
   - social (FourSquare places and check-ins as social location data)
- Matched APIs:
   - For photos: Panoramio API (Deprecated but still the source for Panoramio photos)
   - For places: FourSquare API
   - For mapping and heatmap display: choose Bing Maps, Mapbox, OpenLayers, or Google Maps related APIs as suitable mapping APIs for embedding and visualizing the heatmap overlays.

**Conclusion**:

- Recommend categories: ['mapping', 'photos', 'social']
- Recommend All matched APIs: ['panoramio', 'foursquare', 'bing-maps', 'mapbox', 'openlayers']

(Note: The user can choose among the mapping APIs according to their integration preference.)
./output/gpt/plan_and_solve/responses.json
データが保存されました: ./output/gpt/plan_and_solve/responses.json (キー: sightsmap-1)
------------------------------
評価中のサービス: tagsinaction
Iteration 1, Total call: 117
**Reasoning**:
The requirement emphasizes the use of hashtags extensively across the web and the importance of hashtags as a core element for the mashup service. Hashtags are primarily a social media feature that categorize topics or content to enable easy discovery, tracking, and engagement on social networking platforms.

To deliver value in an API mashup focused on hashtags and their widespread use, the system should include APIs that provide:
- Hashtag-related metadata and definitions
- Access and management of hashtags on social media platforms
- Trending hashtag discovery and analysis
- Social engagement through hashtag meanings, tagging, and sharing

From the available categories and APIs, we should target:
- The **social** category, as hashtags are mostly linked to social networks.
- Social APIs that provide hashtag functionality, social media data, tagging, and trend tracking.

Matching APIs based on description with strong hashtag or tag support include:
- **tagalus**: Specifically designed for Twitter hashtags; can get and set definitions of hashtags.
- **what-trend**: Provides what is trending on Twitter and explanations of trends (hashtags included).
- **twitter-streaming**: Real-time access to Twitter data including filtering by keywords and hashtags.
- **buffer**: Manages and schedules tweets, can be used to push hashtagged content.
- **social-share-count**: Allows getting share counts on social buttons, which may correspond to hashtag popularity or social sharing.
- **tagoo**: A search engine API for audio and video with features to customize search, related to tagging.
- **plancast**: Event sharing with calendar integration, social sharing, though less hashtag specific.
- **peerindex**: Social media analytics, understanding influence which may involve hashtags.
- **twitter** (deprecated but conceptually relevant): Twitter REST API methods supporting hashtag data.
- **scoopit**: Social media content curation, which can involve hashtags for content tagging.
- **addthis-services / addthis-sharing-endpoints**: Enable content sharing, often involving hashtags.
- **buffer**: Accesses and manages tweets and updates, i.e., hashtagged content.

Among these, **tagalus** and **what-trend** focus particularly on hashtags and their meanings, directly matching the requirement.

**Conclusion**:
- Recommend categories: ['social']
- Recommend All matched APIs: ['tagalus', 'what-trend', 'twitter-streaming', 'buffer', 'social-share-count', 'tagoo', 'plancast', 'peerindex', 'twitter', 'scoopit', 'addthis-services', 'addthis-sharing-endpoints']
./output/gpt/plan_and_solve/responses.json
データが保存されました: ./output/gpt/plan_and_solve/responses.json (キー: tagsinaction-1)
------------------------------
評価中のサービス: music-artist-cloud-app
Iteration 1, Total call: 118
**Reasoning**:

- The requirement is for an Android app that helps users discover music bands and artists similar to their favorites.
- It needs to integrate with Last.fm and YouTube.
- It should use tagclouds to find related artists.
- Therefore, the primary focus is on music-related categories and APIs.
- We want APIs that can provide music artist data, recommendations, and related artists.
- Last.fm is explicitly mentioned, so the Last.fm API is a direct fit.
- YouTube integration is also required to retrieve videos (e.g., music videos), so a Video category API like YouTube is relevant.
- The tagclouds feature for finding related artists suggests usage of metadata and recommendations around music artists; so a music recommendation or music data API would be appropriate.
- Searching the Available APIs, we find:
   - lastfm (Category: music): Provides artist, album, track data, supports building programs using Last.fm music data with read/write access and can handle artist and playlist data.
   - youtube (Category: video): Provides access to YouTube data including searching for videos and retrieving related content, suitable for integrating videos related to artists and bands.
- Optionally, other music APIs (bandsintown, musixmatch, etc.) provide concert info, lyrics, or music catalog but the requirement explicitly mentions Last.fm and YouTube, so those two are primary.
- For tag clouds and related artists, lastfm's API usually offers methods for getting similar artists and tags.
- Thus, the app can use Last.fm API to get band/artist info, similar artists, tags (tagclouds).
- Use YouTube API to fetch videos of those artists or related content for richer app experience.

**Conclusion**:

- Recommend categories: ['music', 'video']
- Recommend APIs: ['lastfm', 'youtube']
./output/gpt/plan_and_solve/responses.json
データが保存されました: ./output/gpt/plan_and_solve/responses.json (キー: music-artist-cloud-app-1)
------------------------------
評価中のサービス: twitter-mood-reader
Iteration 1, Total call: 119
**Reasoning**:

The requirement is to perform sentiment analysis on Twitter statuses and then to draw an animated smiley face based on the sentiment (positive or negative meaning words). This involves two main functionalities:

1. **Sentiment Analysis**: The system needs an API that can analyze text (Twitter statuses) and return sentiment—positive, negative, or neutral.
2. **Twitter Data Access**: The system needs access to Twitter statuses for processing.
3. **Animated Smiley Drawing**: The system requires a method to display or draw an animated smiley face corresponding to sentiment analysis results.

Step-by-step analysis:

- **Sentiment Analysis APIs**: A sentiment analysis API extracts and categorizes words or phrases from text to determine feelings or opinions. Among available APIs, "GetSentiment" API in the "sentiment" category provides keyword extraction, topical categorization, and aspect-based sentiment analysis of text. It is suited for customer feedback, social media analysis, and marketing research, which aligns well with sentiment analysis on Twitter statuses.

RXNLP Text Similarity and RxNLP Cluster API could also be considered, but they focus on text similarity and clustering rather than direct sentiment analysis.

- **Twitter API Access**: We need an API to access Twitter status data. The Twitter Streaming API allows access to real-time Twitter posts filtered by keyword, location, etc. However, the direct "twitter" APIs have been split and the provided Twitter Streaming API is suitable to retrieve live Twitter data.

- **Animated Smiley**: There is no explicit API for animated smileys in the provided list. However, the "dribbble" or "giphy" APIs provide access to animated images (gifs). Specifically, Giphy is an animated search engine for discovering and sharing GIF images, including animated smileys/emojis. The API allows searching for GIFs that can include smiley faces matching the sentiment analysis result.

Alternatively, the drawing of the smiley might be implemented on the client side or custom-built, but the Giphy API provides a quick, rich source of animated smileys related to positive or negative emotions.

- **Overall Workflow**:

   1. Use Twitter Streaming API to fetch Twitter statuses in real-time.
   2. Send the tweets' text to the GetSentiment API to perform sentiment analysis. Get sentiment result (positive/negative).
   3. Use Giphy API to fetch animated smiley GIFs representing positive or negative emotions.
   4. Display the appropriate animated smiley based on the sentiment detected.

**Conclusion**:

- Recommend categories:

  - social (for Twitter Streaming API access)
  - sentiment (for sentiment analysis API)
  - search (for GIF/image search by sentiment keywords)
  
- Recommend All matched APIs:

  - twitter-streaming (Category: social) — for real-time Twitter status access
  - getsentiment (Category: sentiment) — for sentiment analysis of tweets
  - giphy (Category: search) — to retrieve animated smileys based on sentiment results
./output/gpt/plan_and_solve/responses.json
データが保存されました: ./output/gpt/plan_and_solve/responses.json (キー: twitter-mood-reader-1)
------------------------------
評価中のサービス: facebook-funny-jokes
Iteration 1, Total call: 120
**Reasoning**:
The app requirement is to add random jokes to a user's Facebook Profile. The jokes are to be sourced from a Google API-based site.

Step-by-step thought process:
1. The requirement is related to:
   - Social media integration (to post or update Facebook Profile).
   - Sourcing jokes (content retrieval) from a Google API-based site (possibly a search or content API).
   - The main functionalities to solve are: fetching jokes (possibly via a Google-based joke API) and posting/updating on Facebook.

2. From the available categories:
   - 'social' category is relevant for Facebook Profile integration.
   - 'search' or 'other' might be relevant for retrieving joke content, because Google API-based joke source may fall under search or other APIs.
   - Perhaps 'social' is the one to manage Facebook profile updates.
   
3. From the available APIs:
   - For Facebook integration: 
     - 'facebook-graph' API: "The Graph API is a simple, consistent view of the Facebook social graph … Users can add social context to their applications by utilizing profile, friend, Page … The API uses RESTful protocol and responses are in JSON format."
     - This is appropriate for manipulating Facebook profile content.
   - For retrieving jokes from a Google API-based site:
     - There is no explicit "Google jokes" API in the list.
     - But 'google-custom-search' API provides web or image search results data; might be usable if jokes are found via search.
     - None explicitly mention jokes.
     - Alternative would be from generic search APIs or content APIs.
   - Since the requirement is jokes from a "Google API-based site", possibly the best match is 'google-custom-search' API, which can be customized to search for jokes from specific curated sites.
   
4. Therefore:
   - For social posting: 'facebook-graph' API.
   - For sourcing jokes: 'google-custom-search' API.

5. No other APIs specifically indicate jokes or humor database.

**Conclusion**:
- Recommend categories: ['social', 'search']
- Recommend All matched APIs: ['facebook-graph', 'google-custom-search']
./output/gpt/plan_and_solve/responses.json
データが保存されました: ./output/gpt/plan_and_solve/responses.json (キー: facebook-funny-jokes-1)
------------------------------
評価中のサービス: qabic
Iteration 1, Total call: 121
**Reasoning**:
Qabic provides functionality to manage Q&A interactions during talks or panels, specifically allowing audiences to submit questions and vote on them. This type of service aims to enhance audience engagement through event-related interaction tools. The main features focus on event management, interactive participation, and feedback mechanisms.

To address Qabic's needs, we must look for APIs that support:

1. Event management capabilities - to handle talks, panels, attendees, and event schedules.
2. Social interaction tools - for submitting, voting on, and ranking audience questions.
3. Feedback and polling systems - enabling audience engagement through interactive features.

From the available categories, the most relevant are:

- **events**: APIs to create, manage, and retrieve event-related data.
- **feedback**: APIs designed to gather user or audience feedback, which can include voting or polling.
- **social**: APIs that facilitate user interaction, community features, or sharing which can be adapted for question submission and voting.

Reviewing the available APIs in these categories:

1. **eventbrite (events)**: Offers robust event creation and management features, retrieval of attendees and transactions, which are relevant for managing talks and panels.
2. **plancast (social)**: Enables sharing and managing plans and events by users; could be somewhat suited to managing event-related interaction.
3. **uservoice (feedback)**: Provides feedback forums and help ticket services, with API access to end-user interaction functionalities. It is well suited to managing Q&A, voting on questions, and overall feedback handling.
4. **tagalus (social)**: Focused on Twitter hashtag definitions, less relevant to Q&A management.
5. **addthis-services (social)**, **awesm (social)**, **buffer (social)** and **social-share-count (social)**: These provide sharing and social analytics but are not directly related to Q&A or event management.
6. **uservoice (feedback)** stands out as the most fitting for Q&A, as it provides structured feedback, voting, and ticketing mechanisms for questions or concerns.

Given that, a combination of **eventbrite** or similar event management API with **uservoice** for feedback/voting on questions is ideal.

**Conclusion**:
- Recommend categories: ['events', 'feedback', 'social']
- Recommend All matched APIs: ['eventbrite', 'uservoice', 'plancast']
./output/gpt/plan_and_solve/responses.json
データが保存されました: ./output/gpt/plan_and_solve/responses.json (キー: qabic-1)
------------------------------
評価中のサービス: monuments-diversity-democracy-and-freedom
Iteration 1, Total call: 122
**Reasoning**:

1. The application needs to display historical and cultural monuments in Los Angeles. This requires mapping functionality to show the monuments on a map.

2. The focus is on monuments that celebrate diversity, democracy, and freedom, so additional data such as descriptions and photos should be available for each monument.

3. The application includes a table along with the map, so we need API(s) that can provide detailed information about these monuments, including descriptions and photos.

4. Since there are over 900 monuments, efficient data handling and possibly search/filter capabilities could be helpful.

5. The photos are from Flickr, so we should consider an API that offers integration with Flickr photos.

6. Available categories: geography, mapping, photos, search, social, education, history, government, culture-related categories are relevant. However, from the provided categories, 'geography', 'mapping', 'photos' are the most directly relevant.

7. APIs for mapping and geo-location: bing-maps-search, google-maps-places, mapquest, openlayers, bing-maps-locations, google-maps-geocoding, geonames, arcweb, etc.

8. For photos integration (specifically Flickr), there is the flickr API under 'photos' category.

9. For detailed monument descriptions, a database or reference API is needed that includes cultural/historical place data. We have few related general reference and geography APIs but no direct historical monuments database.

10. For location-based image and information retrieval, combining a mapping API (e.g., bing-maps-search or google-maps-places) with Flickr API can fulfill the map location, image retrieval, and description display.

11. For rich descriptions and metadata, a search or reference API can be useful, for example wiki or Wikipedia API (not explicitly listed but 'wikipedia' under 'reference' is provided).

12. Considering the monuments are cultural/historical, Wikipedia or DBpedia (structured Wikipedia data) could provide rich descriptions about these monuments.

**Conclusion**:

- Recommend categories:
  - ['mapping', 'photos', 'reference', 'search']

- Recommend matched APIs:
  - 'bing-maps-search' (mapping, allows searching places, suitable for Los Angeles monuments)
  - 'flickr' (photos, integration and retrieval of photos, suitable for monument photos on Flickr)
  - 'wikipedia' (reference, access to Wikipedia content for monument descriptions)
  - 'dbpedia-spotlight' (reference, useful for extracting structured data and annotations from monument text descriptions)
  - Optionally, 'google-maps-places' could be a substitute or addition for place information

These APIs together allow the application to:
- Display the locations of monuments on a map
- Provide descriptive information about each monument from Wikipedia or DBpedia
- Show related photos from Flickr for visual interest
- Possibly include search/filter functionality based on text or location using mapping and search APIs

This combination meets the requirement to display monuments' locations, descriptions, and Flickr photos effectively.
./output/gpt/plan_and_solve/responses.json
データが保存されました: ./output/gpt/plan_and_solve/responses.json (キー: monuments-diversity-democracy-and-freedom-1)
------------------------------
評価中のサービス: webtomap-news-videos-and-photos-map
Iteration 1, Total call: 123
**Reasoning**:

The user wants to build or proposes a mashup for "Webtomap," described as a platform where users can post and discuss local news, photos, and videos. Users can select content by tag and rating, with the ability to share content easily on major social networks. Login is available via Facebook, Twitter, and Google.

Key features and needs identified:
1. Content posting and discussion with multimedia support (news, photos, videos).
2. Tagging and rating content for selection/filtering.
3. Social sharing on major social networks.
4. User authentication using Facebook, Twitter, and Google accounts.
5. Map integration to display posted content geographically.

Based on these requirements, the solution involves multiple aspects:

- **Social Integration**: APIs for login via Facebook, Twitter, and Google and APIs to share content on these and other social networks.
- **Mapping**: To display local content geographically, mapping APIs for placing content on maps and possibly location searches.
- **Content Management**: Handling news, photos, and video content, including posting, retrieving, rating, and tagging.
- **Authentication**: To allow login via third-party providers like Facebook, Twitter, and Google.
- **Media Handling**: APIs to manage photos and videos.
- **Tagging and Rating**: Possibly via social or content/tagging APIs.

Next, I identify the relevant categories and APIs from the available list:

1. **Social**:
   - Needed to integrate with Facebook, Twitter, Google (for login and sharing).
   - APIs: facebook-graph, twitter (deprecated but twitter-streaming or twitter-search could be considered for tweets), linkedin, pinterest-domain, buffer, scoopit, tumblr, addthis-services, social-actions, social-share-count, twitter-streaming, twitter-search, facebook, launchrock, etc.
   - Also relevant: tagalus (twitter hashtags meaning), tagoo (audio/video search), and peerindex (social media analytics).
   
   For login, the user specifically requires Facebook, Twitter, and Google login:
   - Facebook Login: facebook-graph
   - Twitter Login: twitter-streaming or twitter API (not all currently available, but twitter has streaming)
   - Google Login: google-web-authentication or google-plus (read-only API but might support authentication)

2. **Mapping**:
   - To display content on a map with geographic context.
   - Relevant APIs include bing-maps, google-maps-places, mapquest, openlayers, google-geocoding, bing-maps-search.
   - Since Google Maps API is no longer available as one package, alternatives like bing-maps or mapquest-open-directions, google-maps-places are useful.
   
3. **Photos** and **Video**:
   - Since users can post photos and videos, APIs supporting handling or embedding multimedia are relevant.
   - Photos: flickr, instagram-graph, photobucket, smugmug, pixabay-free-images, giphy (for GIF images), 500px (no longer publicly available), picasa (deprecated), etc.
   - Videos: youtube, brightcove, dailymotion, vimeo, iframe, ivavideo.
   
4. **Authentication**:
   - Login with Facebook, Twitter, and Google accounts.
   - APIs: facebook-graph, twitter, google-web-authentication.
   - Also, OAuth support typically embedded in these APIs.

5. **Content Management/Tagging**:
   - For tagging and rating of content, APIs that allow tagging or semantic analysis.
   - Tagging: thomson-reuters-open-calais (intelligent tagging), tagalus (twitter hashtag meanings), addthis-services.
   - Rating: No explicit rating API given, but social media APIs (facebook, twitter) allow likes and retweets that can count as ratings.

6. **Sharing**:
   - Users can share content on major social networks.
   - APIs like addthis-services, buffer, social-share-count, twitter, facebook-graph.

After analyzing, the core Categories to use based on the requirements would be:

- social (for login, sharing, and social metadata)
- mapping (for geographic map display)
- photos (to handle photo content)
- video (to handle video content)
- authentication or security (login and identity management - the authentication APIs are under social and security categories)
- tagging (for content tagging and metadata)

All these combine well to enable the platform's features.

**Conclusion**:

- Recommend categories:  
  ['social', 'mapping', 'photos', 'video', 'security', 'tagging']

- Recommend all matched APIs:  
  [
    'facebook-graph',        # For Facebook login and social integration
    'twitter-streaming',     # For Twitter login/data and social integration
    'google-web-authentication',  # For Google login authentication
    'bing-maps',             # Mapping and displaying geographic data
    'google-maps-places',    # Place and location info on maps
    'mapquest',              # Mapping services and directions
    'openlayers',            # JavaScript library for maps, embeddable in web pages
    'flickr',                # Photo sharing and photo APIs
    'instagram-graph',       # Instagram photo API
    'photobucket',           # Photo hosting and API
    'youtube',               # Video hosting and API for videos
    'vimeo',                 # Video hosting and API
    'dailymotion',           # Video platform API
    'addthis-services',      # Sharing content on many social networks
    'buffer',                # Social media scheduling and sharing API
    'social-share-count',    # Get counts of shares on social media
    'google-plus',           # Google social platform API (read only for public)
    'tagalus',               # Twitter hashtag meanings and tagging
    'thomson-reuters-open-calais', # Intelligent tagging of text for metadata
    'google-web-authentication',   # For OAuth-based Google login
  ]
./output/gpt/plan_and_solve/responses.json
データが保存されました: ./output/gpt/plan_and_solve/responses.json (キー: webtomap-news-videos-and-photos-map-1)
------------------------------
評価中のサービス: yappoint
Iteration 1, Total call: 124
**Reasoning**:

The requirement is for a marketplace platform where local businesses can allow their clients to book appointments online 24/7. This involves:

- Allowing businesses to create and manage appointments.
- Possibly integrating with scheduling or booking systems.
- Businesses spanning many types, including hairdressers, real-estate, tennis courts, estheticians, etc.
- The system should be accessible for free subscription and online booking.

Given these points, the key functional category here is "booking" as the core service is online appointment scheduling.

Additionally, since this involves interaction with businesses and clients, an "ecommerce" category might be suitable for APIs that handle commercial transactions or marketplace functionalities.

Because the requirement details no specific API but a platform like Yappoint, we look under the "booking" category for matching APIs.

Available categories include: booking, ecommerce, business, enterprise, calendar, project-management, and possibly others, but booking is the primary focus.

From the available APIs, direct booking-related APIs or appointment scheduling APIs are most relevant.

Available APIs under "booking" category:

- bookingcom-content: The Booking.com Content API enables building and maintaining multiple listings on Booking.com (hotels, properties). It includes uploading property photos and facilities info, mostly aimed at accommodation bookings.

Yappoint caters to any business making appointments online (hairdressers, estheticians, tennis courts, real estate) - so more generalized appointment bookings than hotel reservations.

Unfortunately, there is no specific appointment booking API enumerated here that directly matches the Yappoint scenario.

Potentially relevant APIs could be:

- eventbrite (Category: events): events creation and management, list attendees, transactions etc. Not exactly appointments but close in concept.

- brown-paper-tickets (Category: events): Event and ticketing API.

- harvest (Category: project-management): Time tracking and project management, possibly used internally but not client-facing booking.

- wiziq-virtual-classroom (Category: education): For education related scheduling.

No APIs specifically for appointment booking marketplace or scheduling seem listed.

Booking.com API is focused on hotels and properties, not general appointment booking.

Hence, primary category recommendation: "booking"

Since we do not have a precise API to recommend, but the category "booking" fits best.

Secondly, perhaps "business" or "enterprise" for integration with business management.

Thirdly, "calendars" may be relevant for appointment management.

So the recommended categories: booking, business, calendars

No direct API matches the appointment booking marketplace functionality explicitly.

**Conclusion**:

- Recommend categories: ['booking', 'business', 'calendars']
- Recommend All matched APIs: ['bookingcom-content', 'eventbrite', 'brown-paper-tickets'] (best available similar APIs related to booking/appointments/events)
./output/gpt/plan_and_solve/responses.json
データが保存されました: ./output/gpt/plan_and_solve/responses.json (キー: yappoint-1)
------------------------------
評価中のサービス: renttoownquest
Iteration 1, Total call: 125
**Reasoning**:  
The RentToOwnQuest mashup aims to integrate property listings with mapping and related features, focused on rent-to-own homes and financing options across the US. The required functionalities and their correspondences to APIs/categories are:

1. **Property Listings:**  
   - They want to provide access to listings for properties like rent-to-own homes, owner financing, lease options, etc.  
   - Oodle's API is already mentioned as the source powering property listings. Oodle is categorized under *ecommerce* in the available categories and provides classifieds listings data, which includes property listings.

2. **Mapping/Geolocation:**  
   - They utilize Google Maps API for displaying maps and geographical context of the listings. Google Maps APIs fall under the *mapping* category.  
   - This includes possibly geocoding addresses, showing property locations on maps, routes, places, and related spatial data.

3. **Monetization / Advertising:**  
   - Adsense is used, which falls under advertising to enable display of ads to monetize the site.

4. **Property Valuation and Details:**  
   - Zillow API is used, which includes real estate data such as home valuations, property details, market trends, and mortgage info. Zillow is part of the *real-estate* category.

Thus, the mashup involves four main categories:  
- ecommerce (for listings from Oodle)  
- mapping (for Google Maps integration)  
- advertising (for Google Adsense)  
- real-estate (for Zillow’s property data)

Matching available APIs from the data provided:  
- **Oodle** (ecommerce)  
- **Google Maps APIs** (mapping) — note we have google-maps-places, google-geocoding, google-maps-geolocation, google-maps-directions, etc., under mapping, with Google Maps APIs split into multiple parts as noted. For simplicity, general "Google Maps API" or "Oodle" suffices here.  
- **Google AdSense API** (advertising)  
- **Zillow** (real-estate)  

No other APIs are mentioned or necessary based on the description.

**Conclusion**:  
- Recommend categories: ['ecommerce', 'mapping', 'advertising', 'real-estate']  
- Recommend All matched APIs: ['oodle', 'google-maps-places', 'google-geocoding', 'google-maps-geolocation', 'google-maps-directions', 'google-adsense', 'zillow']
./output/gpt/plan_and_solve/responses.json
データが保存されました: ./output/gpt/plan_and_solve/responses.json (キー: renttoownquest-1)
------------------------------
評価中のサービス: webaloud
Iteration 1, Total call: 126
**Reasoning**:  
The user requirement points to a service called WebAloud which integrates Twilio client technology to provide a text-to-speech feature directly inside the browser. The core functionality involves converting selected text to speech and playing it back, likely leveraging telephony/cloud communication capabilities.

To support such an application, we need APIs that focus on telephony or voice communication services, especially with text-to-speech capabilities or real-time voice streaming in the browser.

From the available APIs, "Twilio" stands out clearly because Twilio provides a telephony API and cloud communication platform with voice and SMS communication features. Twilio’s cloud API supports voice communications that could be harnessed for text-to-speech in the browser via the Twilio client.

No other APIs explicitly advertise text-to-speech capabilities or Twilio client integration in this list. While other telephony services exist, none specifically mention browser-based text-to-speech or client-side voice services as clearly as Twilio.

Hence, the best fit category is "telephony" and the best fit API is "twilio."

**Conclusion**:  
- Recommend categories: ['telephony']  
- Recommend All matched APIs: ['twilio']
./output/gpt/plan_and_solve/responses.json
データが保存されました: ./output/gpt/plan_and_solve/responses.json (キー: webaloud-1)
------------------------------
評価中のサービス: molamp
Iteration 1, Total call: 127
**Reasoning**:

The requirement describes "Molamp" as a music discovery and play service. It allows users to search for an artist, returns videos from that artist, and recommends other artists to listen to.

Breaking down the requirement:

1. Discover and play music based on artist queries.
2. Return videos related to the searched artist.
3. Provide recommendations of other artists/music for the user.

To properly support such a mashup, the appropriate APIs should provide:

- Music data: artist info, track info, streaming or playback capability.
- Video content related to music artists (possibly music videos).
- Recommendation engine or music recommendation data based on artists.

From the available categories:

- music: For access to music content, metadata, streaming, and recommendations.
- video: To retrieve music videos related to artists.
- recommendations: For obtaining music or artist recommendations.

From the available APIs, let's identify those that match:

**Music APIs matching the criteria:**

- rhapsody: Provides access to a music service with search, playback, personal recommendations, and more.
- spotify-web: Provides data on artists, albums, tracks, playlists, and user data for music.
- jamendo: Offers access to music database with albums, artists, tracks, playlists, and reviews.
- bandcamp: Music discovery and marketplace providing artist and song sales info.
- lastfm: Provides artist, album, playlist, event data, etc., with music recommendations.
- musixmatch: For lyrics and song metadata.
- soundcloud: Audio platform with music upload, sharing, and metadata features.
- artistdata: Provides artist shows, news, blogs; useful for artist info.
- musikki-music: Provides curated music content and artist/song/album data, recommendations.
- beatport: Catalog leader for electronic music downloads.
- gruvr: Concert data by geo; upcoming concerts by location and band.
- bandsintown: Concert info and event listing for artists.
- songkick: Access to live music database and concert info.
- playme: A large catalog of songs with music discovery.
- blipfm: Social music with personalized content.
- sonicapicom: Audio effects and music processing engines.
- 7digital: Music catalog with extensive metadata, purchasing, and browsing.
- spotify-web: Music data, playlists, user info, etc.
- bandcamp: Artist, label, sales info.
- jamendo: Music albums, artist data, playlists.
- musixmatch: Lyric search associated with songs.
- musikki-music: Curated music content and recommendations.

**Video APIs matching the criteria:**

- youtube: General video platform with search capabilities for videos.
- brightcove: Online digital media platform for publishing videos.
- dailymotion: Video platform with uploading, sharing, and playing videos.
- embedly: Allows embedding videos from 100+ sites (including YouTube).
- vimeo: Video uploading, transcoding, hosting, playback.
- framey: Allows embedding webcam video recording on sites.
- ivi-video: Internet Video Archive providing metadata and video assets.
- trailer-addict: Movie trailers API (less relevant for music videos).
- stüpeflix: Video generation API (less for discovery).

YouTube is the most common source for music videos because it hosts the most music videos. Dailymotion and Vimeo are also video platforms but less specific to music.

**Recommendations APIs matching the criteria:**

- trakt.tv: TV and movies recommendation; not music.
- yelp-fusion: Business reviews, not music.
- peerindex: Social media analytics, not music.
- jamendo: Provides music recommendations.
- rhapsody: Personal recommendations.
- musikki-music: Music recommendations.
- musixmatch: Lyrics and related artists metadata.
- gruvr: Concert data; possible concert recommendations.
- bandcamp: Marketplace; perhaps discovery but less focused on recommendations.
- songkick: Live music events, could support discovery.
- spotify-web: Playlists and user's liked tracks can help as recommendations.
- yammer: Not available.
- None specifically listed as pure recommendation API besides those integrated into music APIs.

**Conclusion**:

For a mashup that searches for an artist, returns music videos, and recommends others to listen to, I recommend to:

**Categories:**

- music (for artist, song, and recommendation data)
- video (for music videos)
- recommendations (for music recommendations)

**Matched APIs:**

- music:
  - rhapsody (music data and recommendations)
  - spotify-web (music data, streaming, recommendations)
  - jamendo (music content and recommendations)
  - bandcamp (music data)
  - lastfm (music data and recommendations)
  - musikki-music (curated music data and recommendations)
  - musixmatch (lyric and music metadata)
  - soundcloud (music tracks and sharing)
  
- video:
  - youtube (search and retrieve music videos)
  - dailymotion (video sharing and playback)
  - brightcove (video platform)
  
- recommendations:
  - rhapsody (has recommendations)
  - jamendo (offers recommendations)
  - musikki-music (offers curated and recommended music data)

These combined would allow a mashup that searches and returns music videos and artist recommendations.

# Final Answer:

**Conclusion**:
- Recommend categories: ['music', 'video', 'recommendations']
- Recommend all matched APIs: ['rhapsody', 'spotify-web', 'jamendo', 'bandcamp', 'lastfm', 'musikki-music', 'musixmatch', 'soundcloud', 'youtube', 'dailymotion', 'brightcove']
./output/gpt/plan_and_solve/responses.json
データが保存されました: ./output/gpt/plan_and_solve/responses.json (キー: molamp-1)
------------------------------
評価中のサービス: imaginalaxy
Iteration 1, Total call: 128
**Reasoning**:
The requirements describe a mashup service centered on collaborative, real-time photo sharing and editing on a large 2D surface with navigation similar to Google Maps. Additional features include placing, arranging, rotating, resizing images (photo collages), real-time editing collaboration with friends, and sharing to social networks such as Facebook and Myspace.

Breaking down the requirements:

1. Photo sharing an enormous 2D surface with GoogleMaps-style navigation:
   - This requires an API that supports mapping or navigation on a large scalable 2D canvas.
   - Possibly a mapping API that allows embedding maps, interactive panning/zooming, with support for layers or custom markers (images).
   - The ability to handle image tiles or large areas, allowing placement and manipulation of photos like map markers.
   
2. Place, arrange, rotate, resize images to form collages:
   - This needs extensive image manipulation capabilities, ideally real-time or via a collaborative API.
   - Editing might be supported either through image API or through a platform/API that supports real-time collaboration on images or documents.
   - Handling canvas, image layering and transformations.

3. Edit images in real-time with friends (collaborative editing):
   - Real-time collaboration features point towards APIs with chat, messaging, or live synchronization.
   - Technologies like WebSockets or APIs that provide real-time data sync could be helpful.

4. Share to Facebook, Myspace, and other services:
   - Integration with social media APIs, especially Facebook.
   - Myspace is no longer widely used but there is an API; however, Facebook Graph API is more relevant and modern.

Now, mapping these to the available categories and APIs:

- **Photos category**: For image hosting and manipulation, services like Flickr, Instagram APIs could help with storage and sharing photos. There is also 500px API (not public), Pixabay (free images), Imgur, SmugMug, Photobucket, Instagram Graph API, Flickr API, Google Picasa (deprecated), etc.

- **Mapping category**: For Google Maps-style navigation and embedding, good options include Google Maps Places API, Bing Maps API, MapQuest, OpenLayers, Mapbox, OpenStreetMap, etc. These provide mapping interfaces, coordinate translations, and large 2D surface navigation features.

- **Chat category** or **Messaging category**: For real-time editing and collaboration with friends, APIs like QuickBlox (chat, video), PubNub, Pusher, Twilio (SMS/voice, less relevant), mesibo (real-time messaging), Slack APIs, HipChat (team chat) could be helpful for synchronization or messaging features.

- **Social category**: For sharing to Facebook and Myspace, Facebook Graph API is ideal. Myspace API is also listed though less relevant in modern context. Other social APIs like Twitter, LinkedIn also exist but Facebook is primarily mentioned.

- **Tools category**: For image editing and manipulation, note APIs like Google-Closure-Compiler (JS optimization, not relevant), jawbone (fitness), datumbox (ML), bing-translator (translation), and more. No direct image manipulation APIs seem listed. 

- Another possibility is a backend or application platform API that allows building the collaborative app's architecture, such as QuickBlox (backend communications), CloudMine (Backend-as-a-Service), or Contentful (content management), but they are more generic.

No explicit photo editing SDK/API is listed, but for real-time collaboration, chat, and messaging could be leveraged.

Hence, the best fit APIs for the main components:

- Mapping/navigation (Google Maps-style navigation and large surface handling):
  - google-maps-places
  - bing-maps
  - mapbox
  - openlayers
  - bing-maps-routes / bing-maps-search

- Photo sharing and image management (uploading, storing, retrieving):
  - flickr (photo hosting, sharing)
  - instagram-graph (photo sharing, social)
  - photobucket
  - imgur

- Real-time editing collaboration:
  - quickblox (chat, video, real-time)
  - pubnub (real-time messaging)
  - pusher (real-time bi-directional)
  - mesibo (messaging, voice, video)
  
- Social sharing integration:
  - facebook-graph (integration with Facebook)
  - myspace (less relevant but matches requirement)
  - pinterest-domain or other social APIs could be secondary options.

Since it requires collaborative image editing in real-time, integration of real-time data sync platforms (QuickBlox, PubNub, Pusher) would be critical.

**Conclusion**:
- Recommend categories: ['photos', 'mapping', 'chat', 'messaging', 'social']

- Recommend matched APIs:
  - Photos: ['flickr', 'instagram-graph', 'photobucket', 'imgur']
  - Mapping: ['google-maps-places', 'bing-maps', 'mapbox', 'openlayers']
  - Chat/Messaging (real-time collaboration): ['quickblox', 'pubnub', 'pusher', 'mesibo']
  - Social sharing: ['facebook-graph', 'myspace']

These cover large 2D navigable surfaces (mapping), image sharing (photos), real-time collaborative editing (chat/messaging), and social sharing capabilities.
./output/gpt/plan_and_solve/responses.json
データが保存されました: ./output/gpt/plan_and_solve/responses.json (キー: imaginalaxy-1)
------------------------------
評価中のサービス: find-car
Iteration 1, Total call: 129
**Reasoning**:

The requirement is to find APIs suitable for a mashup service like findacar.us, which is a platform focused on:
- Finding new and used vehicles for sale across the United States
- Finding car dealerships
- Providing vehicle reviews

From this, the core functionalities that the mashup will likely need include:
1. Vehicle inventory data (new and used cars)
2. Car dealership location and information
3. Vehicle reviews and ratings
4. Possibly some mapping/location functionalities to show dealerships or vehicle locations

Given the available API categories and APIs, I will look for categories and APIs related to:
- Real-estate or vehicles or automotive listings (for vehicle inventory and dealership data)
- Search and recommendations (for vehicle and dealership search and reviews)
- Possibly mapping/location APIs to support location-based dealership search
- Reviews or ratings might be covered under ecommerce or recommendations or reference

Reviewing the available categories and APIs, I see:

- real-estate category: which contains APIs like nestoria (property search), walk-score (walkability of location) - may not be directly automotive but includes location-based listing searches
- reference category: contains Edmunds.com Vehicle API - directly relevant for auto data including year, make, model, vehicle incentives, TMV (True Market Value), vehicle style, etc. This is extremely relevant for vehicles and reviews.
- ecommerce category: often automotive parts and dealer content could be here, but not directly specified.
- mapping category: numerous mapping APIs (Bing Maps, Google Maps variants, MapQuest, etc.) can be useful for showing dealership locations.
- search category: Yummly (recipes), yahoo-local-search (business info with comments and ratings), google-custom-search, etc. Yahoo Local Search API may help with business info and user reviews on dealerships.
- news-services or social may help for review sentiment or social buzz but less directly relevant.
- real-estate category APIs primarily for property, less for vehicles.
- no direct car dealership aggregator API is found, except Edmunds.com Vehicle API in the reference category.
- Also possibly leverage vehicle review data from querying the New York Times Movie Review API or Rotten Tomatoes is irrelevant here.

Therefore, the two strong recommendations are:

- reference category: Edmunds.com Vehicle API (direct vehicle data and reviews)
- mapping category: for locating dealerships (e.g., Google Maps Places API, Bing Maps Search, MapQuest, etc.)
- search category: Yahoo Local Search API (business data including car dealerships, reviews, ratings)
- ecommerce category: Shopify or other ecommerce APIs unlikely to be directly relevant, unless for parts.

Conclusion:

Categories:
- reference (for vehicle and dealership data and reviews)
- mapping (for location and maps of dealerships)
- search (for business search and reviews)
- ecommerce (possibly for dealership or vehicle sales integration, but less certain)

Matched APIs:
- Edmundscom-vehicle (reference): Vehicle and dealership info including reviews.
- yahoo-local-search (search): Search for businesses (car dealerships), with comments and ratings.
- google-maps-places (mapping): Provides info on establishments, including dealerships.
- bing-maps-search (mapping): Search for places including dealerships/businesses.
- mapquest (mapping): Map and directions services, locating dealerships.
- yelp-fusion (recommendations): Business reviews and ratings, useful for dealerships and customer reviews.

Note: Yelp Fusion API is under recommendations category but very relevant for reviews of dealerships.

Thus, include the Yelp Fusion API under recommendations category due to its strong relevance to business reviews.

Hence, final recommended API categories and APIs are:

**Categories**:
- reference
- mapping
- search
- recommendations

**APIs**:
- Edmundscom-vehicle
- yahoo-local-search
- google-maps-places
- bing-maps-search
- mapquest
- yelp-fusion

---

**Conclusion**:

- Recommend categories: ['reference', 'mapping', 'search', 'recommendations']
- Recommend All matched APIs: ['Edmundscom-vehicle', 'yahoo-local-search', 'google-maps-places', 'bing-maps-search', 'mapquest', 'yelp-fusion']
./output/gpt/plan_and_solve/responses.json
データが保存されました: ./output/gpt/plan_and_solve/responses.json (キー: find-car-1)
------------------------------
評価中のサービス: rentmix
Iteration 1, Total call: 130
**Reasoning**:

The requirement is for a "fast, simple vacation rental search" with listings from HomeAway, FlipKey, and AirBnB, laid out on Google Maps.

Let's analyze key aspects:

1. **Vacation rental search with listings from HomeAway, FlipKey, and AirBnB**:
   - These are vacation rental marketplaces.
   - The ideal API would provide aggregated listings or APIs from these platforms individually.
   - From the provided list, none explicitly mention HomeAway, FlipKey, or AirBnB APIs directly.
   - Possibly the requirement is about a mashup app that pulls listings from these vacation rental platforms.
   - If no direct API is provided for these marketplaces, the closest categories are "travel," "booking," and possibly "real-estate" or "ecommerce" if there are APIs relating to property listings.

2. **Laid out on Google Maps**:
   - We want to display the rental listings on a map, specifically Google Maps.
   - Therefore, mapping APIs for Google Maps or equivalent are needed.
   - From the given list, there are several "mapping" category APIs like:
     - google-maps-places: returns information about places including establishments by lat/lon coordinates.
     - google-maps: key for Google Maps embedding (although noted deprecated into specific APIs).
     - google-maps-geocoding: convert addresses to lat/lon.
     - google-maps-elevation, google-maps-distance-matrix are related but peripheral.
   - The maps API should perform geocoding and display map points for rental properties.

3. **Integration considerations**:
   - Since APIs for HomeAway, FlipKey, and AirBnB are not visible here, we may consider alternatives:
     - Use general travel or booking APIs if they provide vacation rental listings.
     - For example, the skyscanner-live-pricing and travel-iq provide travel-related search but primarily flights and hotels, not vacation rentals explicitly.
     - bookingcom-content API provides hotel listings for Booking.com, may be used if vacation rentals are listed there.
   - A more general approach is to use a mapping API for displaying locations and a search API for retrieving vacation rentals.
   - Alternatively, if we cannot get direct rental listings, the system might rely on publicly available data from these services, or an aggregator API if available.

**From the given APIs and categories:**

- Mapping category:
  - 'google-maps-places' - detailed place info using lat/lon.
  - 'google-maps-geocoding' - geocode addresses.
  - 'bing-maps-search' or 'bing-maps' - both provide mapping functionality.
  - 'mapquest' and associated APIs - provide routing, geocoding, maps.
- Travel/Booking category:
  - 'bookingcom-content' - hotel booking and content.
  - 'travel-iq' - travel booking and search.
  - 'skyscanner-live-pricing' - flight pricing.
  - 'viator' - tours and activities (not exactly rentals).
  - 'sabres' - travel marketplace.

However, none of the travel APIs explicitly mention vacation rentals from HomeAway, FlipKey, or AirBnB.

Since HomeAway, FlipKey, and AirBnB APIs are missing, the best we can do is to:

- Use a mapping API (Google Maps Places and Geocoding) to show properties on a map.
- Use a travel or booking API that provides accommodation data as a substitute, e.g., Booking.com API.
- Optionally supplement with general "search" or "listing" APIs if suitable.

Therefore, the categories recommended would be:

- mapping (to display locations on Google Maps)
- travel or booking (to get accommodation or rental listings)
- search (if needed for location or other general search)

**Conclusion**:
- Recommend categories: ['mapping', 'travel', 'booking']
- Recommend All matched APIs: ['google-maps-places', 'google-maps-geocoding', 'bookingcom-content', 'travel-iq']

Explanation:
- 'google-maps-places' for integrating map-based place search and info display.
- 'google-maps-geocoding' for converting rental addresses to map coordinates.
- 'bookingcom-content' as a source of accommodation listings (closest to vacation rental data).
- 'travel-iq' for programmatic hotel and flight search, which may be adapted for vacation rentals.

No direct APIs for HomeAway, FlipKey, or AirBnB exist in the provided list, so these are the best matching alternatives.
./output/gpt/plan_and_solve/responses.json
データが保存されました: ./output/gpt/plan_and_solve/responses.json (キー: rentmix-1)
------------------------------
評価中のサービス: africa-tourism-information-portal
Iteration 1, Total call: 131
**Reasoning**:

The requirement is for an interactive African tourist guide that provides rich interactive content. The technologies mentioned are Microsoft Silverlight for the rich interactive front-end and Google Maps for mapping capabilities.

Key points to consider:
1. Interactive tourism guide: The app would need to display rich content relevant to African tourist spots—this may include maps, points of interest, interactive media, travel info, etc.
2. Microsoft Silverlight: Though largely deprecated, the client specifically wants to use Silverlight, so the solution should be compatible with Silverlight development and potentially integrate with Silverlight APIs.
3. Google Maps: Integration with Google Maps for mapping, geolocation, and geographic content is central.
4. Rich interactive content: May also imply photos, videos, info about locations, potentially events or bookings related to tours.

Now, let's match this with suitable categories and APIs:

- Categories:
  - mapping: For integrating Google Maps and geographic data.
  - media/photos/video: To display rich interactive content like images or videos of tourist destinations.
  - travel: Possibly to get travel or hotel booking data or related info to aid tourism.
  - education or reference: For structured factual content about African tourist spots; however, none of these categories is explicitly required unless developer also wants to integrate educational content.
  - other: Microsoft Silverlight Streaming API can be considered here for integration with Silverlight.

- APIs:

  For Microsoft Silverlight:
  - microsoft-silverlight-streaming (Category: other): The only API that mentions Microsoft Silverlight explicitly, used for uploading Silverlight applications for use on web pages. This API matches the Silverlight front-end integration.

  For Google Maps:
  - google-maps-places (Category: mapping): To get information about places like tourist attractions.
  - google-geocoding (Category: mapping): To convert place names to geographic coordinates.
  - google-maps-directions or google-directions (Category: mapping): To provide route information.
  - google-static-maps or google-maps-elevation or google-maps-geolocation: May be useful for detailed mapping features.

  However, the description notes that the main Google Maps API is no longer available as one API but broken into many. We have individual Google Maps relevant APIs suitable for the task such as google-maps-places, google-geocoding, google-directions, google-static-maps, google-maps-elevation.

  For rich interactive content:
  - photos: flickr, pixabay-free-images, or 500px (deprecated but mentions photos).
  - video: youtube, brightcove, or dailymotion APIs for embedding videos.
  
  For travel-related info in Africa:
  - travel APIs such as amadeus, tripit, viamichelin, or skyscanner-live-pricing might exist, but they mostly focus on flight, hotel booking or travel search but may not specifically provide African tourist destinations content.
  
  For general geographic and map data on Africa:
  - geonames or your-mapper or mapbox could be alternatives.
  
  Since the request is for an African tourist guide built with Silverlight and Google Maps, the primary and necessary categories would be mapping and other (for Silverlight integration). Additional categories could be video or photos for the rich content.

**Conclusion**:

- Recommend categories: ['mapping', 'other', 'photos', 'video']

- Recommend All matched APIs:
  - microsoft-silverlight-streaming (for Silverlight integration)
  - google-maps-places (to get info about places/points of interest)
  - google-geocoding (to convert addresses to geographic coordinates)
  - google-directions (to provide routes/directions)
  - google-static-maps (for embedding map images)
  - flickr (photos to display rich imagery)
  - youtube (video content for tourist spots)
  - pixabay-free-images (free photos for content enrichment)
  - dailymotion or brightcove (for additional video content if desired)

These APIs collectively enable mapping and rich content integration compatible with Silverlight and Google Maps for building an interactive African tourist guide.
./output/gpt/plan_and_solve/responses.json
データが保存されました: ./output/gpt/plan_and_solve/responses.json (キー: africa-tourism-information-portal-1)
------------------------------
評価中のサービス: moment
Iteration 1, Total call: 132
**Reasoning**:

The Requirement describes a service called "Moment" which enables users and their friends to send best wishes at precious moments of life: such as baby showers, birthdays, journeys, etc. It emphasizes filling a "Timeline" with heartfelt words, and includes social interaction to send wishes. This suggests the mashup service needs:

- Social media integration to send/receive/send best wishes, messages, or posts.
- Possibly user authentication and management for the users and their friends.
- Ability to post or interact with messages, such as posting best wishes.
- Possibly aggregation or display of messages in a timeline format.
- Communication features that might be related to chat, messaging, or social networking APIs.
  
Given this, let's analyze the available categories and APIs that would fit this use case:

1. **Social category** - Since the core of "Moment" is social sending of wishes via Twitter and sharing them with friends, Social APIs are central. Twitter-related APIs could be useful, likewise any social networking API enabling posting or reading messages.

2. **Messaging category** - To support sending of best wishes as messages (SMS or direct messages), messaging APIs fit.

3. **Authentication category** - For managing users and friends, potentially single sign-on or OAuth authentication APIs could be useful.

4. **Chat category** - Real-time communication may fit timelines or group conversations.

5. **Email category** - For sending wishes via email as alternative or additional channel.

**Available APIs and Categories Matching the Use Case:**

- **Social**:
  - twitter-streaming: for realtime access to public and protected Twitter data.
  - twitter: legacy Twitter REST API.
  - facebook-graph: Facebook social graph data.
  - buffer: Manage and schedule tweets.
  - linkedin: business social networking APIs.
  - tumblr: blogging/social.
  - plancast: sharing events and plans with friends.
  - awe.sm: social performance analytics.
  - addthis-services: boost sharing and social engagement.
  - scoopit: social media content curation.
  - nationbuilder: people and campaign data.
  - tagalus: Twitter hashtag meanings.
  - social-share-count: share count info.
  - pinterest-domain: pinboards and photo sharing.
  
- **Messaging**:
  - twilio and twilio-sms: programmatically send SMS.
  - clockwork-sms: SMS gateway.
  - vonage-nexmo-sms: SMS integration.
  - pgushover-message: push notifications.
  - postalmethods: sending letters and postcards.
  - slack-real-time-messaging and slack-incoming-webhooks: team messaging.
  - pubnub and pubnub-javascript-push: realtime messaging.
  
- **Authentication**:
  - google-web-authentication
  - yahoo-bbauth
  - google-single-signon
  - janrain-engage
   
- **Chat**:
  - campfire
  - quickblox
  - mesibo-server-side and mesibo-client-side
  - hipchat
  - slack-real-time-messaging
  - mesibo
  
- **Email**:
  - gmail
  - mailjet
  - mandrill
  - mailgun
  - sendgrid
  - constantcontact
  - campaign-monitor
  
Since the Requirement explicitly mentions Twitter for sending wishes, the **twitter-streaming** API is very relevant for building a real-time stream of wishes from users and friends. The **twitter** API (though legacy) matches for posts and direct message sending. The **buffer** API offers tweet scheduling which could assist sending best wishes at right time.

For messaging, Twilio SMS API could help to extend best wishes via text messages.

Authentication is important to manage users securely.

The core will be **Social** with supplementary **Messaging** and **Authentication**.

**Conclusion**:

- Recommend categories: ['social', 'messaging', 'authentication']

- Recommend All matched APIs: ['twitter-streaming', 'twitter', 'buffer', 'twilio-sms', 'clockwork-sms', 'vonage-nexmo-sms', 'gmail', 'mailjet', 'mandrill', 'mailgun', 'sendgrid', 'constantcontact', 'campaign-monitor', 'google-web-authentication', 'yahoo-bbauth', 'google-single-signon', 'janrain-engage', 'campfire', 'quickblox', 'mesibo-server-side', 'mesibo-client-side', 'hipchat', 'slack-real-time-messaging', 'mesibo']
./output/gpt/plan_and_solve/responses.json
データが保存されました: ./output/gpt/plan_and_solve/responses.json (キー: moment-1)
------------------------------
評価中のサービス: birthdaygram
Iteration 1, Total call: 133
**Reasoning**:
The application BirthdayGram focuses on sending a personal audio message to a friend on their birthday. The key features are:

1. Recording an audio message - implies a need for audio recording features.
2. Sending the audio message to a friend - implies some form of messaging or communication channel.
3. Possibly scheduling the audio messages to be sent on the friend’s birthday.
4. Making the process easier than calling - possibly the delivery is via text message (SMS) or social message, but audio based.
5. Could require user authentication to access friend lists, contacts, and permissions.
6. It might also be useful to integrate with social networks or communication platforms for ease of delivering messages.

Given this, these are the primary functional requirements:

- Audio recording or audio file handling (to capture the BirthdayGram message).
- Messaging or telephony API to deliver audio messages.
- Possibly calendar APIs to schedule messages or access birthdays.
- Authentication API (if the service requires user login and access to contacts).
- Possibly social APIs if it integrates with social networks.

From the available categories:
- voice: because it deals with voice communication.
- messaging: for sending the recorded audio messages via SMS or similar.
- telephony: if phone calls or voice delivery is part of the service.
- authentication: for managing user accounts or logging in.
- calendars: potentially to track or schedule birthdays.
- social: if integration with social networks is needed.
- tools: potential audio recording or processing.

From the APIs available, let's identify the ones suitable:

- jawbone (tools): It tracks data for wearable tech and audio, but more health related than audio messaging; might not fit well.
- twilio (telephony): Provides voice and SMS API, including voice calls, phone number management, and sending SMS messages. Excellent fit for voice messaging or SMS delivery.
- twilio-sms (messaging): Specifically allows sending and receiving SMS messages through apps.
- clockwork-sms (messaging): SMS gateway for sending messages.
- plivo (telephony): Voice and SMS API, including conferencing, calls, recording.
- spokenbuzz (telephony): Voice portal API allows making phone calls and recording voice messages. Provides a URL to a playback page for the recorded message. This seems like a very good fit for BirthdayGram. It lets you make a request to initiate a call to a number and allow recipient to record a message that can be played back.
- google-assistant (voice): Allows registering and managing voice devices but might be complex and more for device management.
- pushover-message (messaging): Sending real-time notifications but not necessarily voice messages.
- pubnub (messaging): Real-time messaging service but not necessarily voice.
- amazon-sns (messaging): Notification service but focused on messages rather than voice calls.
- voicemail and voice APIs from plurvo, gokoo, voxeo, etc. but some aren't specifically listed here.
- mailjet, gmail (email): for email messaging but probably less useful for voice messages.

Thus, the combination of SpokenBuzz for voice call initiation and recording voice messages, Twilio or Plivo for SMS/voice call sending capabilities would provide a good foundation.

For scheduling, calendar or time-based triggers can be controlled internally or through calendar APIs like google-calendar, but since calendar integration is optional, it is not mandatory based on description.

Authentication may need basic user login; the google-web-authentication or google-recaptcha or other authentication APIs can be used as needed.

**Conclusion**:
- Recommend categories: ['telephony', 'messaging', 'voice', 'authentication', 'calendars']
- Recommend All matched APIs: ['spokenbuzz', 'twilio', 'twilio-sms', 'plivo', 'clockwork-sms', 'google-calendar', 'google-web-authentication']

Among these, the most critical are spokenbuzz (for voice recording calls), twilio (for voice and SMS), and plivo (voice and SMS).

# Final Recommendations:

**Categories:**
['telephony', 'messaging', 'voice', 'authentication', 'calendars']

**APIs:**
['spokenbuzz', 'twilio', 'twilio-sms', 'plivo', 'clockwork-sms', 'google-calendar', 'google-web-authentication']
./output/gpt/plan_and_solve/responses.json
データが保存されました: ./output/gpt/plan_and_solve/responses.json (キー: birthdaygram-1)
------------------------------
評価中のサービス: motube
Iteration 1, Total call: 134
**Reasoning**:

The service described is moTube, which sends SMS/MMS notifications to subscribers when a new video is published on a YouTube channel. The key points and considerations are:

1. **Video Publishing Notifications**: The service must monitor new video uploads on YouTube channels to trigger notifications.
2. **Sending Text Messages (SMS/MMS)**: Notifications must be sent to subscribers' mobile phones via SMS or MMS.
3. **Subscription Management**: The service likely needs to manage subscribers (i.e., subscribers who want notifications from specific channels).
4. **Integration with YouTube Data**: To access information about new videos published on a channel.
5. **Messaging Infrastructure**: To send SMS and MMS messages.
6. **Potential Scalability and Management Tools**: For managing subscriptions, message delivery, and possibly analytics for delivery status.

Based on this, the solution involves these key parts:

- An API to access YouTube video published data.
- An API to send SMS/MMS messages to users.
- Possibly APIs to manage subscriptions or user information.
- APIs for notifications and messaging delivery systems (SMS gateways).
- Backend or cloud services to host and run the application.

Looking at the available categories and APIs, here is how these needs map:

1. **Video Data API**:  
   - YouTube Data API is critical to access video publishing info.  
   - Available API: `youtube (video)` — There is the `youtube` API, which allows searching for videos, retrieving video data, and user info.  
2. **Messaging API to Send SMS/MMS**:  
   - The service must send SMS/MMS messages.  
   - Available APIs for messaging include:  
     - `twilio-sms` — Popular and reliable SMS/MMS API with RESTful calls.  
     - `clockwork-sms` — SMS gateway for sending messages.  
     - `mogreet` — SMS/MMS marketing service focusing on video, audio, images, bulk SMS.  
     - `vonage-nexmo-sms` — SMS integration for sending and receiving messages.  
     - `att-app-messaging` — SMS and MMS messaging for AT&T subscribers.  
     - `postalmethods` — Postal gateway for letters and postcards (not relevant here).  
     - `pushover-message` — Real-time notifications, but more push notifications than SMS.  
     - `slack-incoming-webhooks` and `pubnub` — messaging platforms but not SMS.  

   Among these, **Twilio SMS API** is the most popular, reliable, and flexible for SMS/MMS sending worldwide and widely adopted in mobile applications. **Mogreet** specifically highlights SMS/MMS marketing with video, which is relevant to moTube's video notifications with potential multimedia messaging. Both are good candidates.

3. **Subscription and User Management**:  
   - While not specifically mentioned, user data and subscription management would be needed. This could be handled by the service itself or use backend or database APIs.  
   - Available `backend` category APIs like `quickblox` or `cloudmine` exist but are not core to sending SMS or YouTube data.  

4. **Cloud or Backend Service**:  
   - Not specifically requested but possible consideration for hosting or management.  

5. **Other Considerations**:  
   - For parsing YouTube information or notifications, RSS feeds or YouTube's push notifications might be useful, but those are not specifically listed as APIs here.  
   - The messaging platform must support MMS if images or video snippets are to be sent in messages.

**Conclusion**:

**Recommended Categories**:  
- ['video', 'messaging']

**Recommended APIs**:  
- 'youtube' (for video data from YouTube channels)  
- 'twilio-sms' (for sending SMS and MMS notifications reliably)  
- 'mogreet' (for SMS/MMS marketing specifically focused on video content delivery)

These APIs cover the needs to monitor YouTube video uploads and send SMS/MMS notifications to subscribers effectively. Twilio is robust, widely used, and supports MMS which aligns with moTube's functionality. Mogreet is also relevant for video-centric messaging and could be a good alternative or complement. The YouTube API is essential for fetching new video data for the channels to which the user is subscribed.
./output/gpt/plan_and_solve/responses.json
データが保存されました: ./output/gpt/plan_and_solve/responses.json (キー: motube-1)
------------------------------
評価中のサービス: outalot
Iteration 1, Total call: 135
**Reasoning**:

The user requires a mashup service, Outalot, that:
1. Tells the user where they are (location detection).
2. Shows nearby points of interest (restaurants, shops, bars, movie theaters).
3. Allows bookmarking, rating, and sharing favorite places.
4. Broadcasts location on Twitter.
5. Needs to be available online and accessible on mobile devices (iPhone and others).

Decompose requirements:

- Location Detection: To "tell Outalot where you are," we need APIs for geolocation or maps.
- Points of Interest (POI): Nearby restaurants, shops, bars, movie theaters. This requires local search/location-based services APIs returning businesses or attractions by category and location.
- Bookmarking, rating, and sharing functionality: Means possibly storing user data (bookmarking, rating), maybe social APIs for sharing.
- Sharing location on Twitter: Means Twitter API or social platform APIs.
- Multi-platform access (web, iPhone): API must be accessible via RESTful or common protocols for web and mobile integration.

Now, match requirements to the available categories and APIs.

1. **For location detection and POI search**:
   - Category: mapping, search, social (for social sharing)
   - Available APIs:
     - google-maps-places (mapping): returns info about places like establishments, POI.
     - yelp-fusion (recommendations): business reviews, ratings, and info for a location.
     - foursquare (social): location-based venue info, check-ins.
     - bing-maps-search (mapping): search for properties such as shops, restaurants etc.
     - google-geocoding / google-maps-geolocation: for geolocation.
     - yahoo-local-search (search): business info including address, phone, category, distance.
   - These APIs can help find nearby restaurants, bars, shops, theaters.

2. **Bookmark, rate, and share favorite places**:
   - Bookmarking functions: Could use a social or bookmarking API or build in-house.
   - For sharing on social media: Twitter API or services that integrate social sharing.
   - Available APIs:
     - tagalus (social): Twitter hashtag related.
     - twitter (social): For posting tweets (although legacy, but contextually Twitter API).
     - facebook-graph: for sharing (not requested specifically, so optional).
     - pocket, readability, zotero: bookmarking but more for articles rather than places.
     - Buffer API (social): manage and schedule tweets.
     - twitter-streaming, twitter-search for twitter integration.
   - For user bookmarking/rating, the app likely manages itself but can use social APIs for broadcasting.

3. **Broadcast location via Twitter**:
   - Twitter APIs: twitter-streaming, twitter (old), or any Twitter related API.

4. **Availability online and mobile**:
   - Use RESTful and JSON-based APIs for ease of integration on web and iPhone.

Summary of best fits:

- Mapping/Geolocation: google-maps-places, bing-maps-search, foursquare, yelp-fusion, yahoo-local-search
- Social/Twitter: twitter-streaming, twitter, tagalus
- Possible Bookmarking: no direct API listed for user-based bookmark storage but can be handled in-app. Sharing enabled by social APIs.
- RESTful, JSON support for smooth integration.

**Conclusion**:

- Recommend categories: ['mapping', 'search', 'social', 'recommendations']
- Recommend All matched APIs: ['google-maps-places', 'bing-maps-search', 'yelp-fusion', 'foursquare', 'yahoo-local-search', 'twitter', 'twitter-streaming', 'tagalus']
./output/gpt/plan_and_solve/responses.json
データが保存されました: ./output/gpt/plan_and_solve/responses.json (キー: outalot-1)
------------------------------
評価中のサービス: your-own-music-television
Iteration 1, Total call: 136
**Reasoning**:

The mashup application requires the following features:

1. Take your top 50 artists from lastFM.
2. Play random music videos by those artists.
3. Support full-screen video playback.
4. Also play music videos by your lastFM friends' favorite artists.

Breaking down the requirements:

- Fetch top artists and friends' favorite artists from lastFM.
   - This requires access to music artist and user data.
- Get random music videos by artists.
   - The app needs music video data and video playback capability.
- Full screen video playback.
   - The video playback is best handled by a video platform API that can provide video streaming or embedding.

Next, we identify categories and APIs that can fulfill these requirements:

1. **Music Data**: lastFM offers the Music API that includes data on artists, users, favorite artists, and more. This fits well for fetching the top 50 artists and friends' favorite artists.

2. **Music Video Playback**: To play music videos, an API providing music video content and playback capabilities is required. YouTube is a strong candidate because it is the largest video platform and supports embedding videos and full-screen playback. The YouTube Data API can be used to search and fetch music videos for given artists.

3. **Music Content Aggregators / Alternative Music APIs**: Other music APIs such as Spotify Web API and Rhapsody provide music metadata but not necessarily video playback. lastFM itself mostly provides metadata, not video streams.

4. **Video APIs**: The YouTube API offers video search, playback, embedding, and supports full screen. Hence it is essential for this mashup.

Therefore:

- For retrieving your top 50 artists and friends' favorite artists: lastFM API.
- For finding and playing music videos by artists: YouTube API.
- For video playback and full screen: YouTube API.

Check if lastFM API is in the available APIs list:

- Yes, lastfm is available in music category and gives info about artists and users.

Check if YouTube API is in the available APIs list:

- Yes, youtube is available in video category, offering video search and playback.

No mention of direct video playback APIs for music videos specifically, so youtube fits well.

**Conclusion**:

- Recommend categories: ['music', 'video']

- Recommend all matched APIs: ['lastfm', 'youtube']
./output/gpt/plan_and_solve/responses.json
データが保存されました: ./output/gpt/plan_and_solve/responses.json (キー: your-own-music-television-1)
------------------------------
評価中のサービス: inflooenz
Iteration 1, Total call: 137
**Reasoning**:

1. Objective:
   Inflooenz is a music discovery tool that uses the concept of "influence" to help users discover unknown musicians based on their favorite artists. Unlike traditional recommendation engines that focus purely on similarity, Inflooenz wants to introduce music that is related but not necessarily "more of the same".

2. Key Functionality Required:
   - Access to a rich music database with artists, albums, tracks, metadata, recommendations, and relationship data.
   - Ability to generate playlists featuring the best songs of artists.
   - Access to data on artist influences and related artists.
   - Music recommendations based on a starting artist but incorporating wider influence.
   - Possibly access to streaming or playback features to allow playing the songs.
   - Additional metadata such as artist biographies, images, event information (like concerts) or other content to enhance the friendly approach.

3. Relevant Categories:
   - music: Because the application is directly related to music data including artists, tracks, albums, and recommendations.
   - recommendations: Given the focus on recommending artists and playlists based on influence.
   - media: Possibly to find supplemental content or rich media related to musicians.
   - search: if needing search APIs to find music or artists.
   - events: possibly for concert or tour info related to discovered artists.
   - social: if the app integrates social proof or social features related to musicians or fans.

4. Inspecting Available APIs in the music category:
   - rhapsody: It offers comprehensive music data including metadata, search, playback, personal recommendations, session management, commerce, and downloads. It supports OAuth 2.0 and has rich data.
   - discogs: user-built music database with info about artists, labels, and recordings.
   - jamendo: database of albums, artists, tracks, playlists, reviews, with RESTful protocol.
   - beatport: electronic music downloads, artist and label info.
   - playme: large song catalog with info on albums, artists, playlists, radio, streams.
   - lastfm: full slate of music data resources including artists, albums, playlists, events, users, with read and write access.
   - musixmatch: searches songs, gets lyrics and metadata about artists, genres, related artists.
   - artistdata: provides XML feeds of artist shows, news, blogs; helps update artist info.
   - bandsintown: local concerts and music recommendations; provides artist events data.
   - sonicapicom: music/audio processing engines.
   - musikki-music: curated music content including artist, song, album info indexed from diverse music services; supports discovery and recommendation.
   - musicbrainz: large community edited music metadata on artists, albums, tracks.
   - bandcamp: marketplace for music and artist, song sales info.
   - exfm: music discovery platform with curated music feeds.
   - idiomag: music articles, photos, videos, images, playlists, recommendations.
   - gruvr: geocoded concert data for upcoming shows by location or band.
   - songkick: concerts and events, track events, upcoming and past concerts.
   - spotify-web: Spotify's catalog and user playlists, recommendations and more.
   
5. From the above, the best suited APIs for music discovery based on influence, with access to rich metadata and recommendations would be:
   - Last.fm: known for music recommendations, similar artists, events, and user data; allows both read/write.
   - Musixmatch: lyrics and also related artists, genre influence data.
   - Rhapsody: very comprehensive music metadata and personal recommendations.
   - MusicBrainz: extensive music metadata community-driven.
   - Jamendo, Play.me, Bandcamp, Discogs: provide supplementary artist and track data.
   - Spotify Web API (if available) could be extremely useful for personalized playlist generation and recommendations, although it's not directly listed but related APIs are here.
   
6. Also, recommendations category matches the requirement as the concept is a recommendation engine but with influence rather than similarity. Trakt.tv (recommendations on movies and shows) is not relevant here.

7. Other useful categories include:
   - media: For enriching content around artists.
   - events: For concert and tour data related to artists.
   
8. For playlist creation and music playback, Rhapsody and Spotify Web APIs are strong candidates (Spotify-Web is included, Rhapsody is available).

9. For artist influence relationships and wider metadata, Last.fm and MusicBrainz have some data on related artists and user-based tagging.

**Conclusion**:

- Recommend categories: ['music', 'recommendations', 'media', 'events']
- Recommend all matched APIs:
   ['rhapsody', 'lastfm', 'musixmatch', 'musicbrainz', 'jamendo', 'playme', 'discogs', 'bandsintown', 'songkick', 'idiomag', 'gruvr', 'artistdata', 'bandcamp']
./output/gpt/plan_and_solve/responses.json
データが保存されました: ./output/gpt/plan_and_solve/responses.json (キー: inflooenz-1)
------------------------------
評価中のサービス: taxi-fare-calculator-greece
Iteration 1, Total call: 138
**Reasoning**:  
1. The requirement is to develop a taxi cost calculator. The calculator should use traffic forecasting and mapping services to estimate the cost of a taxi ride between locations.

2. Key capabilities needed include:  
   - Route and directions calculation between pickup and dropoff points. This is essential for estimating distance and duration.  
   - Traffic forecasting or traffic data usage to estimate the time of travel under current or predicted traffic conditions, which impacts fare calculation especially when fares depend on time.  
   - Integration of map data to visualize or validate the trip route, if required.

3. Several APIs fit into these capabilities:  
   - Mapping and routing APIs like Google Maps and MapQuest Open Directions API provide route calculation, distances, and often travel time estimates, sometimes including traffic data.  
   - Google Maps API includes many specific services like Directions, Distance Matrix, Maps, Traffic, and Geolocation services.  
   - MapQuest's Open Directions service specifically provides routing/directions with multiple modes of travel including driving, walking, biking, and transit.  
   - For traffic data, Bing Maps has a Traffic API to get traffic incidents and congestion info but it is limited to US and Canada.  
   - Google Maps often has live traffic data incorporated in their Directions API.

4. The requirement mentions combining Google's Maps API and MapQuest's Open Directions service. Therefore, the recommended categories and APIs should include mapping and travel-related APIs.

5. Taxi cost calculation logic typically uses a combination of distance and time travelled; therefore, the route directions and traffic forecast capabilities are important.

6. Additional categories like payments or ride-share do not exactly apply since this is about a taxi cost calculator, not actual booking or payment processing.

**Conclusion**:  
- Recommend categories: ['mapping', 'travel']  
- Recommend All matched APIs: ['google-directions', 'google-maps-places', 'google-maps-geolocation', 'mapquest-open-directions', 'bing-traffic', 'bing-maps-routes']  

Explanation:  
- "google-directions": Provides route calculations between locations, including travel times and distances, essential for cost calculation.  
- "google-maps-places" and "google-maps-geolocation": Handle place data and user's location which may be useful for pickup/dropoff point selection.  
- "mapquest-open-directions": Open-source routing from MapQuest that matches the requirement of combining MapQuest’s service.  
- "bing-traffic": Provides traffic incident and congestion data which can improve traffic forecasting and time estimation.  
- "bing-maps-routes": Route creation incorporating driving or walking, with traffic info from Bing Maps.

Together, these APIs enable robust routing and traffic-aware time and distance estimates to calculate taxi costs accurately.
./output/gpt/plan_and_solve/responses.json
データが保存されました: ./output/gpt/plan_and_solve/responses.json (キー: taxi-fare-calculator-greece-1)
------------------------------
評価中のサービス: textorder.net
Iteration 1, Total call: 139
**Reasoning**:
To fulfil the requirements for TextOrder.net, which provides a complete solution for text message ordering and is used for promotion of specials, new items, news, and word of mouth marketing, we primarily need APIs that support messaging and marketing functions.

- The core functionality is text message ordering and promotion via SMS, so messaging APIs that provide SMS sending and receiving capabilities are essential.
- The promotional and marketing aspect suggests integration with advertising and marketing APIs could enhance capabilities (for example, campaign creation, managing marketing messages).
- Additionally, APIs that provide services for managing contacts or customers can be helpful in personalizing and targeting marketing campaigns.
- Though the requirement mainly focuses on messaging via text, some backend and business categories could also be relevant but are not primary given the focus on text messaging and marketing.

Looking at the available categories and APIs, we identify:

1. **messaging category** with multiple APIs for sending and managing SMS and text messages, including:
   - twilio-sms: Cloud communications platform with SMS functionality.
   - clockwork-sms: SMS gateway for bulk SMS.
   - mogreet: SMS/MMS marketing services.
   - vonage-nexmo-sms: SMS messaging services.
   - postalmethods: Postal gateway but not directly SMS (more about snail mail).
   - pushover-message, not specifically SMS but notifications.
   - slack-incoming-webhooks, and pubnub for messaging but more real-time chat than SMS.
   - amazon-sns supports notifications including SMS.
   Thus, Twilio SMS, Clockwork SMS, Mogreet, Vonage Nexmo SMS are very relevant.

2. **advertising and marketing categories**:
   - yahoo-search-marketing, google-adwords, unbounce, zanox, google-adsense etc. are for managing paid search campaigns and ads.
   - Enthusem specializes in offline to online marketing with printing mail and trackable codes. Could be relevant if multi-channel marketing is considered.
   - Impact and LaunchBit also provide advertising services.
   So for marketing campaign management services, these could be useful.

3. **email category**:
   - Though the requirement mentions text ordering/message, email APIs like Mailjet, Campaign Monitor, Mailchimp, SendGrid may be helpful for complementary marketing through email.

4. **social category**:
   - Social platforms like Twitter or Facebook could help broaden word of mouth marketing but are not the primary need.

The main requirement is text message ordering and promotions through SMS. So the **messaging** category is the best match. For implementing marketing/promotional features, advertising and marketing categories or tools may be secondary enhancements.

**Conclusion**:
- Recommend categories: ['messaging', 'advertising', 'marketing']

- Recommend all matched APIs:

   - From messaging category:
     - twilio-sms (Cloud communications platform for SMS)
     - clockwork-sms (SMS gateway for bulk SMS)
     - mogreet (SMS/MMS marketing service)
     - vonage-nexmo-sms (Nexmo SMS messaging API)
     - pushover-message (for push notifications on mobile devices)
     - postalmethods (for postal gateway - optional)
   
   - From advertising category:
     - yahoo-search-marketing (Programmatic access for campaigns)
     - google-adwords (Google Ads management API)
     - unbounce (landing pages for paid search, banner ads)
     - zanox (API for advertising solutions and monetization)
     - launchbit (email advertising API)
     - impact-radius (performance advertising API)
     - enthusem (offline to online marketing tool for printed mail)
   
   - From marketing category:
     - awesm (social data performance analytics)
     - tagalus (social hashtag management)

Given the main focus on text message ordering and promotions via SMS, the core recommendation is messaging category APIs focused on SMS sending and managing like Twilio SMS, Clockwork SMS, Mogreet, and Vonage Nexmo SMS. Advertising and marketing APIs can augment promotional campaigns if needed.

# Final Recommendation

- Recommend categories: ['messaging', 'advertising', 'marketing']

- Recommend all matched APIs: [
  'twilio-sms',
  'clockwork-sms',
  'mogreet',
  'vonage-nexmo-sms',
  'pushover-message',
  'postalmethods',
  'yahoo-search-marketing',
  'google-adwords',
  'unbounce',
  'zanox',
  'launchbit',
  'impact-radius',
  'enthusem',
  'awesm',
  'tagalus'
]
./output/gpt/plan_and_solve/responses.json
データが保存されました: ./output/gpt/plan_and_solve/responses.json (キー: textorder.net-1)
------------------------------
評価中のサービス: search-and-map-jobs
Iteration 1, Total call: 140
**Reasoning**:

1. Requirement: The mashup is intended to search and map jobs from all the US job sites such as Dice, Monster, ITjobs, CareerBuilder, and others.

2. We need APIs that:
   - Provide job search capabilities across multiple job boards or aggregators.
   - Provide geographic/location data to enable mapping job postings.
   - Possibly include access to listings, company info, salary, and relevant job metadata.
   - Support data formats and search parameters that make it easy to build a comprehensive mashup.

3. From the available categories and APIs, we should focus mainly on:
   - jobs (for job search and listing APIs)
   - mapping (for mapping and geographic visualization)
   - possibly location or geography if relevant for mapping jobs
   - data-as-a-service if it offers job-related aggregated data

4. Review of relevant APIs under the "jobs" category:
   - Careerjet API: A job search engine pulling job postings from various company and organization websites.
   - Indeed API: Search engine for jobs that integrates listings from different boards and company sites.
   - Europass API: Focused on skills and qualifications documents, more about document generation than job search.
   
   These two (Careerjet and Indeed) stand out as relevant for aggregated job search.

5. Review APIs under "mapping" for visualizing job locations:
   - Bing Maps Search could be used for geocoding addresses and mapping job listings.
   - Google Maps Places or Google Maps APIs could be considered, but Google Maps API is deprecated.
   - ip2location, geonames, geocoderca and other mapping services could help with location data.
   - MapQuest or Bing Maps REST APIs can help display maps and routes.

6. Checking "location" or "geography" APIs might help with location metadata or IP geolocation but are less directly useful for job mapping specifically.

7. Since the requirement focuses on US job sites, availability of US-based job listings and geo-coordinates is important.

8. No specific APIs for Dice or Monster were listed, but Careerjet and Indeed aggregate job postings from many places, making them suitable.

9. For mapping jobs, selecting a reliable mapping API for location visualization is necessary.

**Conclusion**:
- Recommend categories: ['jobs', 'mapping']

- Recommend matched APIs: 
  - 'careerjet' (aggregates job postings including from US sites)
  - 'indeed' (widely popular jobs search engine aggregating millions of jobs)
  - 'bing-maps-search' (to perform mapping and location search related to job locations)
  - 'bing-maps-locations' (to get location info from address/postal code)
  - 'google-maps-places' (return information about places, which can be useful for job location mapping)
  - 'geonames' (geographic data and location info, may assist in mapping job locations)
  - 'ip2location' (for geolocation based on IP if needed for additional location data)

These APIs in combination will allow searching aggregated job listings and mapping them by location for the US job sites.

# Final answer:

**Recommended Categories**: ['jobs', 'mapping']

**Recommended APIs**: ['careerjet', 'indeed', 'bing-maps-search', 'bing-maps-locations', 'google-maps-places', 'geonames', 'ip2location']
./output/gpt/plan_and_solve/responses.json
データが保存されました: ./output/gpt/plan_and_solve/responses.json (キー: search-and-map-jobs-1)
------------------------------
評価中のサービス: twitter-and-box.net
Iteration 1, Total call: 141
**Reasoning**:
- The requirement is to create a mashup that enables users of Box.net (a content management and file sharing service) to share files directly from their Box accounts to Twitter.
- This involves integrating two main services: the file storage/sharing service (Box.net) and the social media platform (Twitter).
- First, we need APIs that allow access to files stored in Box.net accounts for retrieving and sharing.
- Second, we need APIs that allow posting or sharing content on Twitter, particularly the ability to post tweets or share links.
- Therefore, the categories needed are:
  - "content" or "storage" or "file-sharing" for Box.net because it's related to file storage and sharing.
  - "social" or "social-media" for Twitter integration because it involves sharing on Twitter.
- Reviewing available categories, "content," "storage," and "file-sharing" are closely relevant to Box. Among available APIs, the `box` API corresponds to Box as a modern content management platform with content APIs suitable for integrating content management and collaboration services into custom apps.
- For Twitter integration, the "social" category is proper. Among available APIs, for Twitter, the verified option is `twitter-streaming` or `twitter-search`, but these are more about accessing streams and search functionality.
- However, the current major Twitter API is not explicitly listed here for posting but there are social APIs such as `twitter-streaming` and `twitter-search`.
- Also, `twitter-streaming` is for real-time data, mainly user timelines and public statuses, may include posting.
- Alternatively, the `twitter` API is mentioned but marked legacy.
- For sharing or posting tweets, the best is an API allowing tweet posting.
- None explicitly mention Twitter posting, but the `twitter-streaming` API is the closest among social APIs related to Twitter.
- Alternatively, `twitter` legacy API is mentioned but noted deprecated.
- For robust posting, normally Twitter's REST API is used. Here, since it's not explicitly present, `twitter-streaming` may be used for data access but might not have posting capability.
- Meanwhile, the user wants sharing from Box to Twitter, so at minimum, integration with Box API for file links and Twitter API for posting tweets or links is needed.
- So, recommend `box` API from Content category and `twitter-streaming` API from Social category.
- Additionally, the "social" category is needed for Twitter, and "content" or "storage" or "file-sharing" for Box.

**Conclusion**:
- Recommend categories: ['content', 'social']
- Recommend All matched APIs: ['box', 'twitter-streaming']
./output/gpt/plan_and_solve/responses.json
データが保存されました: ./output/gpt/plan_and_solve/responses.json (キー: twitter-and-box.net-1)
------------------------------
評価中のサービス: photo-map
Iteration 1, Total call: 142
**Reasoning**:

1. The requirement is to display a real-time photo stream from Twitter on a Google map.
2. This breaks down into two primary functionalities:
   - Accessing and streaming real-time photo data from Twitter.
   - Displaying that photo data as markers or overlays on a Google map.
3. For the Twitter real-time photo stream, we need access to Twitter's social media API that allows streaming or receiving image data embedded in tweets.
   - The historic Twitter API mentioned is deprecated, but from the available APIs, "twitter-streaming" API provides high-throughput near-real-time access to Twitter public statuses filtered by various parameters. However, the Twitter API is deprecated in this listing, but that is our closest from the list.
   - Another alternative is to use social media APIs like "twitter" or "twitter-streaming" (though deprecated), or "facebook-graph" or similar social APIs, but Twitter is specifically requested.
4. For accessing photos from Twitter:
   - Twitter tweets can include photo URLs / media entities. The Twitter streaming API returns tweets including such media entities.
   - Alternatively, "tagalus" or "tagoo" APIs seem unrelated to social media photo streaming.
5. To show photos on Google maps:
   - We need a mapping API that allows displaying markers and embedding images.
   - The Google Maps API has been replaced or split, but related available APIs in the mapping category include:
     - "bing-maps-search" and "bing-maps" (Microsoft Bing Maps)
     - "google-maps-places" - returns info about places and photos, but might not provide full mapping rendering.
     - "google-maps" - deprecated
     - "google-distance-matrix", "google-maps-geolocation" - location-related but not rendering photos
     - More general mapping APIs like "openlayers", "mapbox", "mapquest", and "bing-maps" provide map display and integration functionalities.
   - Since the requirement is a Google map specifically, the best fit from available is "google-maps-places" which supports place photos and locations.
6. Note: Full Google Maps JavaScript API that allows rendering of maps might not be in this list. However, "google-maps-places" is the closest official Google API that provides place info and photos.
7. Combining:
   - Use "twitter-streaming" API for the real-time Twitter photo stream. Filter or extract tweets with photo URLs.
   - Use "google-maps-places" API to plot locations on the Google Map and possibly show photos if applicable.
   - Alternatively, if a more robust mapping SDK is needed, "mapbox" or "openlayers" can be used as a mapping platform if Google is not strictly required, but the requirement states "Google map" so prefer Google APIs.
   
**Conclusion**:

- Recommend categories: ['social', 'mapping']

- Recommend All matched APIs: ['twitter-streaming', 'google-maps-places']
./output/gpt/plan_and_solve/responses.json
データが保存されました: ./output/gpt/plan_and_solve/responses.json (キー: photo-map-1)
------------------------------
評価中のサービス: zyp
Iteration 1, Total call: 143
**Reasoning**:

The requirement is for "Zyp," which is described as a powerful, unobtrusive widget for Google Maps that provides:

- Zip code search
- GeoPlanet queries
- Reverse geocoding
- BirdsEye views
- Google Street views

This indicates a mashup service or widget that integrates mapping and location-based services primarily focused on postal code search, place queries, and various types of map views.

Breaking down the components:

- Zip code search implies the ability to search locations based on postal codes.
- GeoPlanet queries suggest the need to work with geographic data, perhaps including place lookup and hierarchical place information.
- Reverse geocoding means converting latitude/longitude coordinates back to human-readable addresses.
- BirdsEye and Google Street views indicate enhanced mapping imagery and views.

Given the available categories, this use case primarily falls under "mapping" because the core functionalities revolve around geographic location, address lookup, and map visualization types.

Regarding APIs, we look for those that offer:

1. Postal code and place search services.
2. Reverse geocoding.
3. GeoPlanet or similar place query capabilities.
4. Enhanced map imagery such as BirdsEye or Street View.

From the provided API list, the following are relevant:

- **bing-maps-search**: Provides mapping related search queries including neighborhoods, ratings, and more.
- **bing-maps**: REST Services providing mapping features with routes, map imagery, and more.
- **bing-maps-locations**: Get location info associated with map coordinates, postal codes, addresses, multiple protocols.
- **google-maps-places**: Returns info about a place including establishments and geographic locations; includes place search and autocomplete.
- **google-geocoding**: Provides geocoding and reverse geocoding services with location/address.
- **bing-maps-routes**: For creating routes in driving or walking.
- **google-street-view-image**: For retrieving Street View imagery (part of the requirement).
- **yahoo-placemaker** and **yahoo-geoplanet**: For GeoPlanet style queries, geotagging, and named place descriptions — matches GeoPlanet queries specifically.
- **google-maps-geolocation**: Determining device or IP-based geographic location (less critical but related).
- Other mapping APIs like **mapquest-geocoding**, **mapquest-open-directions**, **openlayers**, **mapbox**, **arcweb**, **geonb** etc. but with less direct mention of GeoPlanet or postal codes.

GeoPlanet was a Yahoo! service for geographic locations, so Yahoo APIs relating to GeoPlanet and Placemaker would be essential for GeoPlanet queries.

BirdsEye is a Microsoft Bing Maps feature providing high-resolution aerial and oblique images; so Bing Maps APIs may offer BirdsEye imagery.

Google Street View is specifically available via the **google-street-view-image** API.

Therefore, to cover all aspects:

- For zip code search and reverse geocoding: Google Geocoding API, Bing Maps Locations API.
- For GeoPlanet queries: Yahoo GeoPlanet, Yahoo Placemaker API.
- For BirdsEye: Bing Maps API (specifically Bing Maps REST Services, or Bing Maps Search and Locations).
- For Google Street View images: Google Street View Image API.

Hence, the dominant category is **mapping**.

**Conclusion**:

- Recommend categories: ['mapping']
- Recommend All matched APIs: ['bing-maps-search', 'bing-maps', 'bing-maps-locations', 'google-maps-places', 'google-geocoding', 'yahoo-placemaker', 'yahoo-geoplanet', 'google-street-view-image']
./output/gpt/plan_and_solve/responses.json
データが保存されました: ./output/gpt/plan_and_solve/responses.json (キー: zyp-1)
------------------------------
評価中のサービス: world-nirvana
Iteration 1, Total call: 144
**Reasoning**:

The requirement is to create a dynamic tribute to Kurt Cobain, focused on showing Nirvana live concerts on a Google map by year, and also allow searching for videos directly by keywords.

1. Showing Nirvana live concerts on a Google map by year:
   - We'll need mapping APIs to display concerts geographically.
   - We need a data source for Nirvana live concerts by location and date.
   - Possibly an events API that provides concert or live event data, ideally with date and location.
   - A mapping API that supports Google map embedding or equivalent functionality to show locations with markers filtered by year.
   
2. Search for videos by keywords:
   - Need a video API that can search and return videos based on keywords.
   - It should provide searchable video content data.

Step-by-step plan:
- Find suitable mapping APIs that allow embedding or showing locations, such as Google Maps Places, Google Maps, Bing Maps, or Mapbox.
- Find event APIs that provide access to concert or live event data. For Nirvana specifically, a generic concert or music event API would be ideal.
- Find video APIs that allow search by keywords, e.g., YouTube Data API.
- Combine these: Use the event API to retrieve Nirvana live concerts data with location and dates, use mapping API to visualize on a map by year filter, and use video API to search and display videos by keywords.

Reviewing the available APIs:

Mapping category:
- google-maps-places: Service returning information about places, including geographic locations and coordinate based search.
- google-maps-geolocation, google-maps-geocoding, google-maps-elevation, google-maps-distance-matrix, google-maps, bing-maps, mapbox, mapquest, openlayers, bing-maps-search, bing-maps-routes - various mapping services including search, routes, and embedding.
These allow displaying maps, geocode location of concerts, and plot them with filters.

Events category:
- bandintown (music concerts and events by artists)
- songkick (live music database with concerts)
- eventbrite (general events)
- active (wide range of sports/events)
bandintown and songkick are focused on concerts and music events, very suitable for Nirvana live concerts data.

Video category:
- youtube: search videos by keywords, upload, playlist management.
Perfect for searching videos by keywords.

Summary:
- Use Bandintown or Songkick API to retrieve Nirvana concerts data by date and location.
- Use Google Maps Places API or Google Maps mapping API to show concerts on a Google map, filtered by year.
- Use YouTube Data API to search videos based on user keywords.

**Conclusion**:

Recommend categories: ['mapping', 'events', 'video']

Recommend matched APIs: ['bandintown', 'google-maps-places', 'youtube']
./output/gpt/plan_and_solve/responses.json
データが保存されました: ./output/gpt/plan_and_solve/responses.json (キー: world-nirvana-1)
------------------------------
評価中のサービス: quickfuse-google-maps-mashup
Iteration 1, Total call: 145
**Reasoning**:
- The requirement involves providing driving directions via phone, with a mashup that uses speech recognition to get starting point and destination, then returns driving directions over the phone.
- Key features needed:
  1. Driving directions service (mapping category) to compute routes between locations.
  2. Speech recognition or voice interface to capture user input (starting point and destination).
  3. Telephony API for delivering information over a phone call.
  4. User login/authentication to access the service.

- From the available categories and APIs given:
  - For driving directions, Google Maps Directions API or Bing Maps Routes API are suitable (since requirement explicitly mentions Google Maps, Google Directions API is ideal).
  - For telephony, to deliver directions over the phone, a telephony API such as Twilio or any telephony service supporting voice calls is required.
  - For speech recognition, there is no explicit speech recognition API mentioned in the available APIs; however, Google Assistant API or Alexa Skill Management API could potentially be used, but they seem more geared for smart devices or voice assistants, not telephony-based speech recognition.
  - Alternatively, telephony APIs sometimes provide speech recognition features in their platform (e.g., Twilio), so Twilio would likely be a good fit.
  - The mashup requires users to login to QuickFuse to access, so authentication category with APIs may be relevant if implementing login, but not explicitly requested here.
- Therefore, the best match of categories and APIs to implement the mashup will be:
  - Mapping: to compute and retrieve driving directions (Google Directions API).
  - Telephony: to make phone calls and deliver directions over the phone and possibly capture speech (Twilio).
  - Tools (for speech recognition if available via Twilio or related telephony platforms).
- Regarding the API names:
  - google-directions: for calculating driving directions.
  - twilio: for telephony platform providing voice and SMS communications, including voice calls and possible speech recognition.
  
**Conclusion**:
- Recommend categories: ['mapping', 'telephony', 'tools']
- Recommend All matched APIs: ['google-directions', 'twilio']
./output/gpt/plan_and_solve/responses.json
データが保存されました: ./output/gpt/plan_and_solve/responses.json (キー: quickfuse-google-maps-mashup-1)
------------------------------
評価中のサービス: fitdatasync
Iteration 1, Total call: 146
**Reasoning**:

1. The requirement is for an application that synchronizes data between Garmin devices/accounts and Fitbit accounts. Specifically:
   - Sync activities from a Garmin device to a Fitbit account.
   - Sync weight measurements from Fitbit Aria Wi-Fi Smart Scale to Garmin Connect account.

2. This requires accessing the APIs of both Fitbit and Garmin to:
   - Retrieve activity data from Garmin.
   - Push activity data into Fitbit.
   - Retrieve weight data from Fitbit Aria scale.
   - Push weight data into Garmin Connect.

3. To achieve this, we need APIs (or SDKs) with the following capabilities:
   - Access to Fitbit user activity data and user profiles.
   - Access to Fitbit weight data.
   - Access to Garmin Connect user data (activities, weight).
   - APIs should support user authentication and authorization, probably OAuth 2.0, to access user data securely.

4. Among the available APIs listed:
   - Fitbit API (Category: fitness) is explicitly mentioned. It allows third-party apps to access and write data on behalf of users, including activities and weight.
   - Garmin is not directly listed as Garmin Connect API, but the "garmin-communicator-plugin" API is listed under Category: location; however, it mentions that it transfers data between websites and Garmin GPS devices, reading fitness data from supported devices, geocode address, etc. This may be somewhat related.
   - No direct "Garmin Connect API" listed, but possibly "garmin-communicator-plugin" is closest.
   - Alternatively, since this is a cloud-to-cloud sync between two fitness platforms, focus is on the Fitbit API and Garmin related API.
   
5. The key categories to recommend would be:
   - fitness: for Fitbit API access.
   - tools or location: which may include Garmin related APIs.
   - authentication: if user authorization is needed.
   - applications or backend: for syncing services.
   
6. But primarily, the core category is fitness for Fitbit API, and potentially tools or location for Garmin integration.

7. For APIs:
   - "fitbit" API: enables third-party applications to access and write data on behalf of users on Fitbit.
   - "garmin-communicator-plugin": can transfer data between websites and Garmin devices and read fitness data.
   - Authentication API could be necessary for OAuth flows, but Fitbit API itself supports OAuth 2.0.

**Conclusion**:
- Recommend categories: ['fitness', 'tools', 'authentication']
- Recommend All matched APIs: ['fitbit', 'garmin-communicator-plugin']
./output/gpt/plan_and_solve/responses.json
データが保存されました: ./output/gpt/plan_and_solve/responses.json (キー: fitdatasync-1)
------------------------------
評価中のサービス: lookupisbn.com
Iteration 1, Total call: 147
**Reasoning**:
The requirement is to build or refer to a service like Lookupisbn.com, which allows users to find books by ISBN, Author, or Title. The service utilizes Amazon for product details and related books, and AbeBooks for comparative pricing.

To fulfill this requirement, we need APIs that provide:
1. **Search and retrieve book information by criteria (ISBN, author, title)** - This should include book metadata such as title, authors, descriptions, etc.
2. **Access to product details and related books** - Amazon's product catalog data is useful here.
3. **Comparative pricing data for books** - AbeBooks API is specialized for books and their pricing, including new and collectible books from various sellers.

From the available categories and APIs:

- **Category: search** is relevant for searching books by ISBN, author, or title.
- **Category: ecommerce** is relevant for pricing and product details from vendors like Amazon and AbeBooks.

Matching APIs:

- **Goodreads (Category: books)**: Provides extensive book data and metadata including reviews, ratings, authorship, and shelves. This is useful for book lookup by various parameters.
- **Amazon Product Advertising API (Category: ecommerce)**: Provides product information, including books, from Amazon. This API will provide detailed product listings, descriptions, and related books.
- **AbeBooks API (Category: search)**: Specifically focused on books, allows searching the AbeBooks inventory that includes pricing from multiple sellers; great for comparative pricing.
- **Open Library Books API (Category: reference)**: Also provides access to comprehensive book records, metadata, and cover images. Useful to augment search and detail retrieval.
- **ISBN db (Category: reference)**: An extensive book metadata database searchable by ISBN, author or title.
  
The Lookupisbn.com uses Amazon for product details and AbeBooks for pricing. Therefore, the primary APIs needed are Amazon Product Advertising API and AbeBooks API.

The category of "books" is the domain for book metadata, but the Amazon Product Advertising API falls under "ecommerce," so it makes sense to include both categories: search/ecommerce, possibly reference/books.

**Conclusion**:
- Recommend categories: ['search', 'ecommerce', 'books', 'reference']
- Recommend all matched APIs: ['Amazon Product Advertising', 'AbeBooks', 'Goodreads', 'Open Library Books', 'ISBN db']
./output/gpt/plan_and_solve/responses.json
データが保存されました: ./output/gpt/plan_and_solve/responses.json (キー: lookupisbn.com-1)
------------------------------
評価中のサービス: globaround
Iteration 1, Total call: 148
**Reasoning**:

1. The mashup "GlobAround" is a desktop application that involves searching classified ads for free items globally, as well as sections for job listings and real estate.

2. To accommodate this, we need APIs that provide:
   - Classified ads related functionality (such as product listings, deals, coupons, free items).
   - Job listings and job search functionalities.
   - Real estate property search and information.

3. From the given available categories and APIs, let's identify the relevant categories and APIs that fit the needs:
   - Real Estate: The key to real estate listings is covered by categories like "real-estate" and APIs such as Booli and Nestoria, both explicitly mentioned in the requirements.
   - Jobs: Category "jobs" corresponds to job listing APIs like Careerjet and Indeed API.
   - Classified Ads/Free Items: While there might not be explicitly a "classified ads" category, ecommerce and related deal sites/APIs might serve this purpose. Looking for APIs that have classified ad functions or deal aggregators.
     - Booli: Specifically in real-estate but could include ads listings.
     - Nestoria: Real estate listings via API.
     - For classifieds, possibly APIs under ecommerce or deals. However, since GlobAround specifically uses Booli and Nestoria for real estate and jobs section, presumably it uses other sources as well for free items.
   
4. Since the requirements specify the use of Booli and Nestoria to search classified ads for free items globally and also jobs and real estate, the core APIs are Booli and Nestoria.

5. Furthermore, the categories should include:
   - real-estate (for property listings)
   - jobs (for job listings)
   - ecommerce (for classified ads, free items listings)

6. But given that the user specifically uses Booli and Nestoria for classified ads and real-estate, and the requirements mention jobs, including job APIs like Careerjet or Indeed would be logical.

7. No other APIs are mentioned or obviously relevant for free items or classifieds from the provided list beyond these.

**Conclusion**:
- Recommend categories: ['real-estate', 'jobs', 'ecommerce']
- Recommend All matched APIs: ['booli', 'nestoria', 'careerjet', 'indeed']
./output/gpt/plan_and_solve/responses.json
データが保存されました: ./output/gpt/plan_and_solve/responses.json (キー: globaround-1)
------------------------------
評価中のサービス: ergotxt
Iteration 1, Total call: 149
**Reasoning**:
The service described, ErgoTxt, is a reminder system designed to encourage office workers to take breaks and do some physical activity by sending them hourly text messages. The key functionalities here are:

1. Sending scheduled SMS/text messages to users.
2. Managing registered users/subscribers.
3. Possibly generating or fetching motivational or instruction text messages (ErgoBot on Twitter generates these messages, so there might be a need to fetch or use its data).
4. Integration with social content (tweets from ErgoBot).
5. Automation and backend support to handle messaging delivery.

Given these core functionalities, the solution breakdown involves:

- Messaging API: To send SMS messages to users' phones.
- Social API or search API: To fetch the messages posted/generated by ErgoBot on Twitter (unless the text is directly generated within the service).
- User management or backend API: To manage registered users and schedule messages each hour.
- Possibly tools for scheduling (though not specifically asked, backend/platform services might help here).

From the available categories and APIs, let's identify which ones best fit each aspect:

1. **Messaging** category: Sending SMS text messages is critical. APIs like Twilio, Clockwork SMS, Vonage Nexmo SMS, Mogreet, SMS API, and others are ideal messaging APIs for sending SMS.

2. **Social** category: If the textual content is fetched from Twitter's ErgoBot account, then a Twitter streaming or Twitter search API would be necessary. However, the Twitter API listed is no longer available but there's twitter-streaming as well. Alternatively, social APIs or Twitter alternatives could be useful.

3. **Backend or Tools**: For scheduling and user management, backend APIs like QuickBlox or tools like Zapier could be useful to manage message scheduling or integration workflows.

However, the critical functionality is texting users hourly with reminders generated by ErgoBot.

Hence, the most important category is **messaging** for sending SMS text reminders.

For fetching messages from ErgoBot on Twitter, appropriate **social** APIs that access tweets (e.g., twitter-streaming) would have been useful, but the main twitter API has been deprecated. Alternatives include tagalus (Twitter hashtags), or general social APIs like twitter-streaming or tarpipe, or awe.sm to track social data.

Alternatively, if the messages are generated directly by ErgoBot and you have direct access or you build your own message generation, you might not need to fetch tweets via API.

Considering the focus is on sending texts hourly, the main category recommendation is messaging.

**Conclusion**:

- Recommend categories: ['messaging', 'social', 'tools']

- Recommend All matched APIs:
   - Messaging:
     - twilio-sms: Cloud communications platform to send SMS messages, track and retrieve message history via REST API.
     - clockwork-sms: SMS gateway for sending bulk SMS messages via RESTful API.
     - vonage-nexmo-sms: Nexmo SMS services integration.
     - mogreet: SMS/MMS marketing platform through simple APIs.
     - sms: SMS communication interface using REST and SMPP protocols.
     - pushover-message: Real-time notifications API for Android and iOS (alternative push messages).
     - postalmethods: Postal gateway for sending letters and postcards (if extending beyond SMS).
     - slack-incoming-webhooks: Could be used to send messages via Slack, but less relevant for SMS.

   - Social (to fetch tweets or find ErgoBot messages/examples):
     - twitter-streaming: High-throughput near-realtime access to Twitter public statuses (if access is possible).
     - tagalus: API to get or set Twitter hashtag definitions.
     - tarpipe: Manage social presence and automate social postings.
     - awe.sm: Quantitative social performance analytics.
     - twitter-search: Twitter search API with parameters for tweets (if available).

   - Tools (for backend integration, scheduling, or managing workflows):
     - zapier: Integration with various apps, can schedule and automate workflows.
     - quickblox: Backend communications platform with messaging capabilities.
     - pusher: Real-time messaging and notifications backend.
  
Depending on the implementation, Twilio SMS API is highly recommended due to reliability, widespread use, and powerful features for scheduling SMS. Twitter streaming or search APIs would only be relevant if you want to programmatically get messages from ErgoBot's tweets.

# Final Recommendation:
- Categories: ['messaging', 'social', 'tools']
- APIs: ['twilio-sms', 'clockwork-sms', 'vonage-nexmo-sms', 'mogreet', 'sms', 'twitter-streaming', 'tagalus', 'tarpipe', 'awe.sm', 'zapier', 'quickblox', 'pusher']
./output/gpt/plan_and_solve/responses.json
データが保存されました: ./output/gpt/plan_and_solve/responses.json (キー: ergotxt-1)
------------------------------
評価中のサービス: bills-news
Iteration 1, Total call: 150
**Reasoning**:
Maplight.org’s primary function is to combine political results with financial contributions data to show how capital contributions influence voting outcomes. It is essentially a mashup that deals with tracking political votes, linking those votes to campaign finance data, and enabling insights on the impact of contributions on legislation.

To implement or integrate functionality similar to Maplight.org, we need APIs that:

1. Provide government and political data, particularly:
   - Voting records, legislative bills, or related political datasets.
   - Financial contributions data linked to political entities or individuals.
2. Include datasets covering political contributions and campaign finance.
3. Potentially include government or political campaign data to understand elected officials and their sponsors.
4. Allow querying politicians, bills, and financial contributors.
5. Ideally return relevant data in structured formats like JSON or XML for mashup development.

From the categories available, the most relevant are:

- government: For political data, voting records, elected officials, and bills.
- financial: For financial contributions, campaign finance data, related reporting and transactions.
- data-as-a-service: For datasets that may aggregate or provide structured data useful in combining political results and financial contributions.

Looking at the available APIs pertinent to government and financial data related to political contributions and legislative actions:

- **OpenSecrets (Category: government):** The OpenSecrets API provides access to data on money in U.S. politics and its effect on elections and public policy. The API covers politicians’ top contributors, personal financial disclosures, and more. This is a direct match for campaign finance data.
- **GovTrackUS (Category: government):** Though now deprecated, GovTrack was a resource for legislative data—votes, bills, and information on Congress members. It corresponds to political data.
- **TheyWorkForYou (Category: government):** A nonpartisan site providing access to parliamentary votes and representatives, can be useful for vote tracking.
- **US Census Bureau (Category: government):** Provides comprehensive demographic and government data but less related to political finance.
- **Google Civic Information (Category: government):** Provides civic and election info but less detailed on finance.
- **OpenSecrets is the best for financial contributions, backed by government political data.**
- For financial-specific APIs, like FreshBooks, Xero, or others, they do not provide campaign finance data.
- For mashups of government political data and finance, OpenSecrets is the premier source from the listed APIs.

Hence, the best approach would be to combine government-related APIs (like OpenSecrets, TheyWorkForYou for political data and vote tracking) and financial APIs oriented around political contributions (OpenSecrets).

**Conclusion**:
- Recommend categories: ['government', 'financial', 'data-as-a-service']
- Recommend APIs: ['opensecrets', 'theyworkforyou', 'us-census-bureau', 'google-civic-information']

Specifically:
- **opensecrets**: For political financial contributions and campaign finance data.
- **theyworkforyou**: For political voting and parliamentary records.
- **us-census-bureau**: For demographic and governmental data that may support contextual info.
- **google-civic-information**: For civic information including election officials and polling places.

If the requirement were U.S.-specific political data mashup for tracking influence of contributions on votes, those APIs together best fit the need.
./output/gpt/plan_and_solve/responses.json
データが保存されました: ./output/gpt/plan_and_solve/responses.json (キー: bills-news-1)
------------------------------
評価中のサービス: twitter-design-generator-bookmarklet
Iteration 1, Total call: 151
**Reasoning**:
The requirement is for a bookmarklet that makes it easier to design a Twitter theme. To fulfill this, the solution should focus on APIs related to Twitter (social platform) and possibly those that provide access to Twitter content (like tweets or hashtags) or Twitter theme/design tools.

1. The main functionality revolves around Twitter and its themes or styles. This suggests the need for APIs that allow interaction with Twitter data, e.g., tweets, hashtags, or user information to help customize or preview Twitter themes easily.
2. The tool is mentioned as a bookmarklet, a browser tool. Although the implementation may be client-side, the backend might involve Twitter social data.
3. Relevant categories might include:
   - social: For APIs related to Twitter and social media.
   - tools: If there are any theme-related or design-related helper APIs.
   - search: Twitter search or hashtag search APIs could be useful to get trending topics or hashtags to style themes.

Looking at the available APIs and categories related to Twitter and social media:

- APIs with Category: social and mention Twitter or hash tags:
  - tagalus (social): Lets you declare the meaning of Twitter hash tags, and has API to get and set definitions.
  - twitter-streaming (social): Provides real-time Twitter data access for statuses, filtered by keywords, user id, hashtags.
  - twitter (social): Historical profile, but deprecated.
  - twitter-search (search): Twitter search API with options to restrict language, hashtags, etc. Useful to find tweets or trends.
  - what-trend (social): Find out what's trending on Twitter and why with explanations, tweets, and photos.
  - tagalus is specifically about hashtags, which can be a key part of a Twitter theme or content styling.
  - what-trend helps understand trending Twitter topics, relevant for theme design inspiration.
  - buffer (social): Schedule and manage tweets but not theme design related.
  - twitter-streaming gives real-time data useful for a live theme preview or live hashtag feed.
  - twitter-search helps search tweets or hashtags for theme creation or preview.

Considering the requirement "bookmarklet to make it easier to design Twitter theme", the APIs that help with understanding Twitter tags, trends, and search would be relevant since a theme might adapt to the tags or topics trending or content styling.

There is no explicit Twitter Theme API, but using Twitter search, hashtags, and trends info, a tool can help design themes accordingly.

Therefore, the relevant categories are mainly "social" and "search" where Twitter related APIs are listed.

**Conclusion**:
- Recommended categories: ['social', 'search']
- Recommended APIs: ['tagalus', 'twitter-streaming', 'twitter-search', 'what-trend']
./output/gpt/plan_and_solve/responses.json
データが保存されました: ./output/gpt/plan_and_solve/responses.json (キー: twitter-design-generator-bookmarklet-1)
------------------------------
評価中のサービス: tweetervision
Iteration 1, Total call: 152
**Reasoning**:
The requirement is to build a mashup service where users can watch videos while posting updates to their friends on Twitter simultaneously. This means we need APIs that allow video content access and sharing, as well as social APIs that enable posting to Twitter.

1. **Video Watching Capability**:  
   We should find APIs that provide video hosting, streaming content, or video metadata to enable playback functionality.

2. **Twitter Posting/Integration**:  
   Twitter is a social network, so social APIs including those that allow posting updates (tweets) on Twitter should be utilized.

3. **Combined Use Case (Watching & Posting simultaneously)**:  
   The mashup should combine video content API(s) with Twitter social API(s).

From the available categories and APIs:

- **Video Category APIs**:  
  Several APIs related to video are available, such as:  
  - youtube  
  - brightcove  
  - dailymotion  
  - vimeo  
  - youtube (Data API) for video fetching and playback  
  - ivi-video and iva-video (metadata and movie trailers)  
  These provide content to watch videos via streaming or metadata.

- **Social Category APIs for Twitter Posting**:  
  - twitter-streaming (for streaming Twitter data)  
  - twitter (legacy, but deprecated)  
  - twitter-search (search tweets)  
  Good to look for APIs that allow authentication and posting tweets to Twitter.

Note: The user specifically mentions "post to your friends on Twitter." To post tweets on behalf of a Twitter user, the API should support posting new messages (tweets). Twitter's official API supports this, but in this provided list, the Twitter REST API as such is deprecated.

Alternatively, "twitter-streaming" API allows access to stream tweets, but we need tweeting (write access). The Twitter posting functionality is not explicitly listed here. However, the "twitter-streaming" API is the closest available with interaction to Twitter data.

Given the data source states Twitter's REST API is no longer available and split into multiple APIs. But for posting tweets, an OAuth authentication with Twitter API is needed, which is usually offered by the "twitter" API or successor APIs.

For the mashup, maybe the newer Twitter APIs are not listed here; however, "twitter-streaming" is listed for reading tweets but not posting.

No current Twitter writing API is explicitly listed. So to post tweets, the best available is "twitter-streaming" (though mainly read-only) or other social APIs that may have posting but not explicitly stated.

One workaround is using the "twitter" API as named here (noting it's deprecated, but since it's on the list, maybe suitable in some testing or historic case). However, given the options, we should recommend "twitter-streaming" for Twitter data access and suggest video APIs.

Hence recommended categories:

- video (for watching videos)
- social (for Twitter integration)
- Possibly messaging or chat not needed

Recommended APIs:

- youtube (video streaming and metadata) to get videos users want to watch

- twitter-streaming (to interact with Twitter data) — but note this is primarily streaming tweets, and does not directly mention sending tweets

- facebook-graph or other social APIs are not Twitter-related.

If Twitter posting is mandatory, and given Twitter APIs are deprecated, the best fit is twitter-streaming (read) + need additional implementation for posting tweets outside of the listed APIs.

Alternatively, "twitter" API is listed but deprecated. For completeness:

- Mention youtube API for video

- Mention twitter-streaming API for Twitter integration

**Conclusion**:
- Recommend categories: ['video', 'social']
- Recommend all matched APIs: ['youtube', 'twitter-streaming']

# Final Answer

**Reasoning**:  
To watch videos and post to friends on Twitter simultaneously, the mashup needs video APIs providing streaming video content and social APIs allowing interaction with Twitter for posting updates. The 'video' category covers APIs like YouTube, Vimeo, Dailymotion, and Brightcove for video content and playback. The 'social' category includes Twitter-related APIs such as 'twitter-streaming' for accessing Twitter data in real-time and posting capabilities (though the legacy Twitter API is deprecated). Given the available APIs, YouTube provides robust video access, and Twitter Streaming API allows integration with Twitter data streams. While direct tweeting APIs are not explicitly listed here, 'twitter-streaming' is the closest available Twitter API. Therefore, combining these enables users to watch videos while interacting with Twitter.

**Conclusion**:  
- Recommend categories: ['video', 'social']  
- Recommend All matched APIs: ['youtube', 'twitter-streaming']
./output/gpt/plan_and_solve/responses.json
データが保存されました: ./output/gpt/plan_and_solve/responses.json (キー: tweetervision-1)
------------------------------
評価中のサービス: primocast
Iteration 1, Total call: 153
**Reasoning**:  
The requirement is to create a mashup that allows users to search and find YouTube videos, watch a video, and share it with friends. This involves multiple aspects:

1. Search and discovery of videos: An API that provides video search capability (YouTube search).
2. Video playback: API that allows embedding or streaming video content.
3. Social sharing: APIs that allow sharing content to friends or social networks.

From the available categories and APIs, the key components are:

- Video: The YouTube API provides search, video retrieval, and user-related operations. It is the primary source for YouTube videos.
- Social: To share videos with friends, social APIs or platforms could be relevant. Although there are many social APIs, best integrations usually come from popular social networks or sharing services.
- Search: Video search is encapsulated in the YouTube API under video category; other search APIs may not provide direct video access or playback.
  
The YouTube API directly supports searching for videos, retrieving video feeds, and viewing related content. It also supports user authentication for personalized content, but for basic search and playback, an API key should suffice. Video playback is typically done via embedding YouTube players using the video IDs retrieved from the API.

For sharing, the mashup could either use direct social network APIs or provide sharing links (e.g., URLs) to users which can be manually shared. Among social APIs, Facebook Graph, Twitter, or others would be relevant. However, we should also consider the availability of such APIs and whether the API is accessible and aligns with YouTube sharing.

Given the requirement is mainly "search and find YouTube videos, watch a video, and share it with friends," the direct and best matching API is the YouTube Data API.

Secondary considerations for sharing could be Facebook Graph or Twitter APIs, but they are not explicitly requested in the requirements, and including them would increase complexity.

**Conclusion**:  
- Recommend categories: ['video']  
- Recommend All matched APIs: ['youtube']
./output/gpt/plan_and_solve/responses.json
データが保存されました: ./output/gpt/plan_and_solve/responses.json (キー: primocast-1)
------------------------------
評価中のサービス: localiz.me
Iteration 1, Total call: 154
**Reasoning**:  
Localiz.me is an online treasure hunt game based on Google Maps. Key elements involved here are:  
- Interactive maps for the treasure hunt game to show locations, routes, clues, and player positions.  
- Location-based services that may identify user positions, geocode addresses or coordinates, and handle map visualizations.  
- Possibly routing or directions APIs for creating routes or clues between points.  
- Potential integration with Google Maps or equivalent mapping services for reliable and up-to-date map data and geographic context.  

Given this, the API categories most relevant would be:  
- **mapping**: To handle maps display, geocoding, location data, and mapping visualizations.   
- **games** (if a game-related API): However, a direct "games" category is not listed for mapping or location-based interaction. So more focus is on mapping category.  
- **location**: For geolocation and IP/location related services if player location detection or service personalization is needed.  
- **travel** or **transportation**: If routing or directions for moving from one treasure location to another is involved.  
- **search**: Possibly for searching locations, places or POIs on the map.  

In the Available categories, the most suitable are:  
- **mapping**: Many APIs related to Google Maps, Bing Maps, OpenStreetMap, routing, geocoding, etc.  
- **location**: For IP geolocation and similar services.  
- **travel**: For related routing, traffic and travel deals APIs (less likely for treasure hunt game but can be auxiliary).  
- **search**: For search APIs that might help in querying location names, places or other info.  

For suitable APIs:  
- Google Maps related APIs such as Google Maps Places API, Google Maps Geocoding API, Google Maps Directions or Distance Matrix, and similar Bing Maps APIs. These provide the core map rendering, place information and routing capabilities.  
- OpenLayers or Mapbox APIs are mapping APIs for creating interactive maps suitable for web apps.  
- IP location APIs (ip2location, ip-apicom-geolocation) for user location detection if needed.  
- Routing APIs like Bing Maps Routes API or MapQuest Open Directions API for treasure route creation.  

Other APIs included in "mapping" related to geocoding, static map images, location search:  
- bing-maps-search  
- bing-maps-geocode-dataflow  
- bing-maps-routes  
- google-maps-places  
- google-geocoding  
- google-directions  
- mapquest, mapquest-open-directions  
- openstreetmap, openlayers, mapbox  

Additionally, for a treasure hunt game based on Google Maps, a proper integration with Google Maps API services is crucial to support map, location, route and place data.

**Conclusion**:  
- Recommend categories: ['mapping', 'location', 'search', 'travel']  
- Recommend All matched APIs:  
  - google-maps-places  
  - google-geocoding  
  - google-directions  
  - bing-maps-search  
  - bing-maps-geocode-dataflow  
  - bing-maps-routes  
  - mapquest-open-directions  
  - mapquest  
  - openstreetmap  
  - openlayers  
  - mapbox  
  - ip2location  
  - ip-apicom-geolocation  
  - google-maps-distance-matrix (for computing distances/time between locations)  
  - bing-maps (REST services)
./output/gpt/plan_and_solve/responses.json
データが保存されました: ./output/gpt/plan_and_solve/responses.json (キー: localiz.me-1)
------------------------------
評価中のサービス: smslord
Iteration 1, Total call: 155
**Reasoning**:

The requirement is to build an easy WordPress-based system to manage SMS campaigns. The system should:
- Allow management of SMS campaigns for yourself or on behalf of clients.
- Allow clients to send their own SMS messages.
- Use an accompanying SMS Butler plugin for client message sending.

Breaking it down:
1. The system is WordPress-based, so it should integrate well with WordPress plugins and ecosystems.
2. Managing SMS campaigns implies functionality around sending SMS messages, scheduling messages, and possibly tracking delivery/status.
3. Allowing clients to send their own messages suggests multi-account or multi-user capability.
4. The SMS Butler plugin enables clients to send their SMS; thus the API should allow programmatic SMS sending and management.
5. Therefore, the main focus category should be "messaging," specifically SMS messaging.
6. The required APIs must support features like:
   - Sending SMS messages
   - Managing message history or campaigns (if available)
   - Supporting RESTful calls for easy integration with WordPress plugins
7. Additional considerations:
   - Authentication mechanisms for multi-user/client management.
   - Scalability and reliability.

From the list of available messaging APIs related to SMS:

- **Twilio**: Provides a cloud API for voice and SMS communications. It supports sending and receiving SMS messages, message history, and uses RESTful interfaces with JSON/XML. Well known, widely used, and suitable for multi-user SMS campaigns.

- **Clockwork SMS**: An SMS gateway allowing message sending via RESTful, SOAP, SMPP protocols. Supports bulk SMS sending.

- **Mogreet**: SMS/MMS marketing service for video, audio, images with API for sending blasts to lists, managing content; suitable for marketing SMS campaigns.

- **Vonage Nexmo SMS**: SMS service for sending and receiving SMS messages via API.

- **PostalMethods**: Postal gateway service that allows sending letters and postcards; not SMS focused.

- **Amazon SNS**: Notification service that supports SMS among other notification channels.

- **Hioio SMS**: Global SMS service with flat-rate sending.

- **Slack Incoming Webhooks / PubNub / Pusher / Notifo**: Messaging but focused on push notifications or web socket messaging, not SMS.

- **Business Alerts**: Desktop alerts, not SMS per se.

- **TelAPI / Plivo / Tropo / KooKoo / Hoiio**: Telephony and SMS platforms with SMS sending capabilities similar to Twilio.

Given the above, the most relevant and popular APIs with good WordPress plugin integration potential are:

- **Twilio SMS API**: industry standard, RESTful interface; many WordPress SMS plugins integrate with Twilio.

- **Clockwork SMS API**: simple SMS gateway API, good for sending bulk SMS.

- **Mogreet API**: focused on SMS marketing and MMS; good if rich media messaging is desired.

- **Vonage Nexmo SMS API**: solid alternative for SMS messaging.

- Additionally, **PostalMethods**, **Amazon SNS**, and **Hioio SMS** could be considered but are less popular or more complex.

Therefore, recommended categories and APIs are focused on messaging (SMS), with an emphasis on providing SMS sending and campaign management capabilities.

**Conclusion**:
- Recommend categories: ['messaging']
- Recommend all matched APIs: ['twilio', 'clockwork-sms', 'mogreet', 'vonage-nexmo-sms', 'plivo', 'telapi', 'hoiio-sms', 'postalmethods']
./output/gpt/plan_and_solve/responses.json
データが保存されました: ./output/gpt/plan_and_solve/responses.json (キー: smslord-1)
------------------------------
評価中のサービス: cuteon.me
Iteration 1, Total call: 156
**Reasoning**:  
The CuteOn.Me app is aimed at soliciting shopping advice from friends. The key features it likely requires are:
- Batch link creation to share product URLs with friends conveniently.
- Metadata association so that shared links convey useful information about products.
- Redirection patterns to manage how users are forwarded to product or referral pages.
- Conversion tracking to know which shared links lead to actual purchases.
- Advanced stats retrieval to analyze link click-throughs, conversions, and user engagement.

Given these requirements, the app is primarily related to ecommerce and social/sharing functionalities that provide URL shortening, link tracking, and analytics.

From the available categories and APIs, awe.sm is a social API that offers batch link creation, metadata association, redirection patterns, conversion tracking, and advanced stats retrieval. The app in question is a demonstration of how to use awe.sm's services.

Hence, the specific recommended category includes 'social' because awe.sm's API fits here to provide link management and tracking. Also, since the app involves shopping advice and product sharing, 'ecommerce' might be relevant if integrating product-related data from ecommerce APIs, but based on the problem statement, the standout category is 'social', particularly as it aligns with awe.sm's capabilities.

No other APIs in the list explicitly mention batch link creation, conversion tracking, redirection, and advanced statistics retrieval related to shared shopping advice.

**Conclusion**:  
- Recommend categories: ['social']  
- Recommend All matched APIs: ['awesm']
./output/gpt/plan_and_solve/responses.json
データが保存されました: ./output/gpt/plan_and_solve/responses.json (キー: cuteon.me-1)
------------------------------
評価中のサービス: mapmyfriends-facebook-app
Iteration 1, Total call: 157
**Reasoning**:

The requirements state that the app uses a user's Facebook login and then plots the user's Facebook friends over Google Map in a visually appealing manner.

Breaking down the requirements:

1. User Authentication via Facebook login:
   - The app must be able to authenticate users through Facebook so that it can access their friends' list and relevant information.
   - This requires use of Facebook's social login / authentication API.

2. Access to Facebook friends' data:
   - The app needs to get the friend list (likely with location or other social info) from the Facebook platform.
   - This requires an API that can retrieve Facebook friends and possibly their location data.

3. Map visualization:
   - The locations of these Facebook friends need to be shown on a Google Map.
   - This requires geolocation data, e.g., coordinates of friends if available.
   - Also requires map integration that visually plots points on the map.
   - Google Maps API or similar is necessary.

4. Integration:
   - The app will likely integrate the Facebook API for authentication and data access, and the Google Maps API to display the friends' locations.
   - The requirement states "plots ... over Google Map" — so ideally using Google Maps or compatible mapping APIs.

Looking into the available categories and APIs:

- For Facebook login and accessing friends data:
  - facebook-graph API in the "social" category: Provides access to social graph data of Facebook including friends, profile info, photos, events, etc. This matches login and accessing friends info.
  - facebook API is listed but marked as no longer available, replaced by Facebook Graph API. We should prefer facebook-graph for current use.

- For mapping:
  - Google Maps API is historically the standard for mapping.
    However, the google-maps API is marked as no longer available and split into multiple APIs. If specifics of Google Maps are required, but no explicit google maps API is listed now, some mapping APIs are still available:
    - google-maps-places: For place info, not for general mapping.
    - google-maps-geocode, google-maps-geolocation, google-maps-elevation, google-maps-directions etc. focus on specific features.
    - google-static-maps: For static map images.
    - mapquest, bing-maps, and mapbox are also available mapping APIs.
  - Given the app mentions Google Map specifically, the Google Maps JavaScript API (official Google Maps JS library) is not explicitly listed, but the google-maps-* APIs serve specific functions.
  - Among mapping APIs, "bing-maps", "bing-maps-search" and "bing-maps-routes" provide the ability to embed interactive maps and use mapping services.
  - Alternatively, "google-static-maps" or "google-maps-geocode" can partially help, but for client-side rendering Google Maps JavaScript API would be ideal (not explicitly present here).
  
In the context of available APIs here, the most fitting mapping API to "plot over Google Map" would be the Bing Maps API or Google Maps APIs (google-maps-geocode, google-maps-geolocation, google-static-maps) for geolocation and displaying the map.

An app might get friends' location info from Facebook Graph API and convert it to coordinates (if location is available or resolvable), then plot on map using Google Maps API or similar.

Hence recommended categories:

- social (for Facebook login and friends data)
- mapping (for Google Maps integration and plotting)
- authentication (may be recommended if separate user authentication API was used, but Facebook Graph API covers social login)

Looking for APIs:

- facebook-graph (social) - for Facebook login and friends data
- google-maps-geocode or google-maps-geolocation or google-static-maps (mapping) - to help with mapping and geocoding
- bing-maps or bing-maps-search (mapping) - as alternatives if Google Maps API is unavailable
- google-recaptcha or any other security API not needed here.

No specific authentication API is required outside the Facebook Graph API as it supports OAuth and user authentication.

**Conclusion**:

- Recommend categories: ['social', 'mapping']
- Recommend All matched APIs: ['facebook-graph', 'google-maps-geocode', 'google-maps-geolocation', 'google-static-maps']

If multiple Google Maps APIs are considered too many, google-maps-geolocation and google-static-maps are useful for getting locations and rendering maps. The facebook-graph API will handle social login and friends data access.
./output/gpt/plan_and_solve/responses.json
データが保存されました: ./output/gpt/plan_and_solve/responses.json (キー: mapmyfriends-facebook-app-1)
------------------------------
評価中のサービス: houseincity
Iteration 1, Total call: 158
**Reasoning**:

HouseinCity focuses on being a search portal for residential apartments, focusing on features such as metro connectivity and proximity search. We need APIs that support:

1. **Real Estate/Property listings**: To provide information about residential apartments, we need data related to properties, like listings, locations, details, pricing, etc.

2. **Mapping & Location services**: For proximity search and metro connectivity, accurate location and mapping services are essential to query apartments near metro stations, or within a certain distance of a place.

3. **Geographic data**: To enable metro connectivity features and proximity measures, geographic data including metro locations or transit information is necessary.

4. **Possibly transportation/travel data**: If detailed metro connectivity includes schedules, or travel times, transportation APIs might be relevant.

Checking the provided categories and APIs:

- *Real Estate*: Categories include "real-estate" with APIs like nestoria (property search UK/Spain), booli (Swedish real estate search), zillow (comprehensive US real estate data), walk-score (walkability around an address). These APIs fit the need for property listings and related info.

- *Mapping*: Multiple mapping APIs (Google Maps Places, Bing Maps Search/Routes, MapQuest, openstreetmap, etc.) can provide location, geocoding, distance matrix, and proximity calculations. These are essential to power proximity search and metro connectivity.

- *Transportation/Travel*: Some APIs like yahoo-traffic, bing-traffic, public-transit-data-community, and ride-share might help with live transit data, but as the requirement is mainly metro connectivity and proximity, unless real-time transit data or route planning is needed, the focus should still be on mapping and real estate.

Conclusion: The main categories should be **real-estate** for apartment search listings and information about properties, and **mapping** for geocoding, location data, proximity calculations, and places (like metro stations). Optionally, **travel** or **transportation** if real-time transit or routing features are desired.

**Recommended APIs**:

1. **Real Estate APIs**:
   - nestoria: Real estate property search portal for UK and Spain via API.
   - booli: Swedish real estate search API.
   - zillow: Extensive US real estate data including home valuation and property details.
   - walk-score: Provides walkability scores which can help in proximity and metro connectivity features.

2. **Mapping APIs**:
   - bing-maps-search: Search related to locations with various filters.
   - google-maps-places: Provides detailed information about places including geographic locations and points of interest.
   - google-geocoding: Geocoding address and reverse geocoding services to find coordinates, a core need for proximity search.
   - mapquest-geocoding: Another geocoding API with batch geocoding support.
   - openstreetmap: Open source mapping platform for map data access.
   - google-distance-matrix: For calculating travel distance and duration between points, useful for proximity or connectivity metrics.
   - mapquest-open-directions: For routing and directions, can enrich metro connectivity features.

Optional:
3. **Transportation/Travel APIs** (if transit data is integrated later):
   - public-transit-data-community: for transit data such as bus/train arrivals and routing.
   - yahoo-traffic or bing-traffic: for traffic and incident information.

**Conclusion**:

- Recommend categories: ['real-estate', 'mapping']
- Recommend All matched APIs: ['nestoria', 'booli', 'zillow', 'walk-score', 'bing-maps-search', 'google-maps-places', 'google-geocoding', 'mapquest-geocoding', 'openstreetmap', 'google-distance-matrix', 'mapquest-open-directions']
./output/gpt/plan_and_solve/responses.json
データが保存されました: ./output/gpt/plan_and_solve/responses.json (キー: houseincity-1)
------------------------------
評価中のサービス: gifanator
Iteration 1, Total call: 159
**Reasoning**:

The Gifanator is described as a mashup service that sends or receives randomly generated GIFs via text messaging. It involves two major parts:
1. Serving or sending GIF images, which requires an API that can provide random GIFs and allow searching by keywords (positive and negative emotions).
2. Communication over SMS or text messaging, which requires an API to send and receive text messages programmatically.

From the requirements:

- The GIF source API should allow:
  - Searching GIFs based on emotions (keywords).
  - Retrieving random or specific GIFs.
- The SMS API should allow:
  - Sending and receiving SMS messages.
  - Integrating with the GIF service to send the GIF URLs/texts.

Looking at the available APIs and categories:

- Giphy API (Category: search)
  - Description: Giphy is an animated search engine for discovering and sharing GIF images.
  - Provides endpoints to search for GIFs using various filters and search parameters.
  - Ideal for retrieving random or keyword-specific GIFs, including emotional keywords.
- Twilio API (Category: telephony)
  - Description: Twilio provides voice and SMS communications APIs.
  - Enables the sending and receiving of SMS messages programmatically.
  - Fits the need for integrating SMS text messaging into applications.

Hence, for the Gifanator service:

- Use the Giphy API to get random and keyword-based GIFs.
- Use the Twilio API to send and receive text messages (SMS) containing GIFs.

**Conclusion**:

- Recommend categories: ['search', 'telephony']
- Recommend All matched APIs: ['giphy', 'twilio']
./output/gpt/plan_and_solve/responses.json
データが保存されました: ./output/gpt/plan_and_solve/responses.json (キー: gifanator-1)
------------------------------
評価中のサービス: murali-basa-blog
Iteration 1, Total call: 160
**Reasoning**:

1. The requirement is to build a blog about professional work in lighting design.
2. A blogging platform or service API is suitable for managing posts, comments, and user interactions on a blog.
3. The blog might benefit from APIs that help organize content, tags, and social sharing to increase outreach.
4. Since this is about professional works, embedding related images or media could enhance the blog's appeal. Photo or image APIs could be optionally useful.
5. Social media integration and sharing APIs could support promotion of blog posts.
6. From the available categories and APIs, the ones that fit blogging are those specifically for blogging platforms and tools related to content management.
7. The blogging APIs available include:
   - blogger (for creating, editing, deleting posts, querying by criteria)
   - disqus (for comment management on blogs)
   - wordpresscom (for managing blog posts, comments, likes via REST API for WordPress.com hosted sites)
   - zemanta (to bring contextually relevant content like related articles, images, and tags to the blog)
8. For images or photos related to blog content, photo APIs like Flickr, Pixabay-Free Images, or similar are options, but not necessary explicitly for the blog system itself.
9. For social sharing, APIs like AddThis Services, Buffer, or Social Share Count can be used but are optional extensions.
10. Since the requirement is mainly about professional lighting design blog content creation and management, I will focus on blogging category APIs.

**Conclusion**:

- Recommend categories: ['blogging', 'photos', 'social']
- Recommend All matched APIs: ['blogger', 'disqus', 'wordpresscom', 'zemanta', 'flickr', 'pixabay-free-images', 'addthis-services', 'buffer', 'social-share-count']
./output/gpt/plan_and_solve/responses.json
データが保存されました: ./output/gpt/plan_and_solve/responses.json (キー: murali-basa-blog-1)
------------------------------
評価中のサービス: tennismaps
Iteration 1, Total call: 161
**Reasoning**:

The requirement is for tennis courts and tennis-related services in the United States, organized on an interactive map. The information should include details like the type and number of courts, lighting, backboard availability, water, and bathrooms etc. This means that the solution needs to:

1. Provide geographical data and mapping capabilities for locations of tennis courts, ideally in the US.
2. Include detailed attribute data for each location regarding facilities available.
3. Have a system to organize/display this data interactively on a map interface.

Hence, we need to consider APIs from these categories:

- **mapping**: To show an interactive map with locations and route info if needed. The map should support overlaying tennis courts as points or polygons with detailed info accessible.
- **geography** or **data-as-a-service**: For detailed geographic or location data, if possible including facilities and amenities at these courts.
- **sports** might be relevant if any sports APIs provide detailed coverage of tennis courts.
- **government** might help too if there are government data sources exposing info on tennis facilities.
- Possibly **location** if geospatial or location lookup APIs are useful.
- **business** or **local services** within ecommerce or other categories if tennis courts are registered businesses, but less likely as the primary data source.

From the available APIs and categories given, let's consider APIs that provide detailed map and location data:

- **mapping** category APIs such as:
   - bing-maps-search: For mapping tennis courts with search capabilities.
   - google-maps-places / google-geocoding / mapquest-geocoding: Provide places location info.
   - geonb, geocoderca, mapquest, bing-maps, mapbox: All offer mapping/geocoding services.
   - your-mapper: Aggregates local government data from cities, which could contain public tennis courts.
   - metalocator: Feature-rich locator service for directories.
- **geography** category:
   - geograph: Provides geographically representative images and data of UK area, likely not US.
- **sports** category:
   - ergast, espn, yahoo-fantasy-sports, teamsnap: Mostly focused on sports stats or management, not physical courts mapping.
- **government** category:
   - us-census-bureau, datagovuk, nyc-open-data etc provide public datasets; however, none specifically mention tennis courts.
- **data-as-a-service**, **business**, **location** categories:
   - zoominfo, business-profiles etc are more about companies and people, not suitable here.
- **recommendations** or **search** could help find tennis courts, but likely generic rather than US-wide court data.
- None of the sports APIs specify tennis court facilities particularly.

Given this, the best approach is to use:

- Mapping APIs to build interactive maps.
- Geographic or local government data aggregation APIs that have detailed points of interest (POI) for public facilities including tennis courts.
- Your Mapper API explicitly aggregates local government data city-wide in the US and provides geocoded data updated regularly. This could include tennis courts.
- Bing Maps Search API may allow to query for tennis courts as POIs based on category and display them on maps.
- Google Maps Places API (if available) to get place details about tennis courts.
- MapQuest or Metalocator for search and mapping capabilities.
- Possibly use openstreetmap or openlayers APIs if they cover tennis courts POIs.

No sports or tennis-specific APIs in the list seem to address tennis court location data directly. Government open data portals generally provide data but are not explicitly in the list, and the Your Mapper API seems to be tailored for US local government data aggregation which is promising.

In terms of interactivity, map APIs like Bing Maps, Google Places, MapQuest, or MapBox provide interactive maps with POI data layers.

For the other specifics (lighting, backboard, water, bathrooms), these are detailed attributes about facilities that may or may not be available from generic mapping APIs. Sometimes local government datasets include this info if the courts are public. If not, the only way to have that data is if the provider collects these enhancements.

**Conclusion**:

- Recommend categories: ['mapping', 'geography', 'government']

- Recommend All matched APIs:
  - 'your-mapper' (mapping) — aggregates local government data in the US, likely includes public tennis courts with detailed info.
  - 'bing-maps-search' (mapping) — search mapping related queries to locate tennis courts as POI.
  - 'google-maps-places' (mapping) — for retrieving details about places such as tennis courts.
  - 'mapquest' (mapping) — provides maps, directions and localized searches.
  - 'metalocator' (mapping) — location directory service useful for searchable maps on a website.
  - 'openstreetmap' (mapping) — open map data that may include tennis courts and amenities if properly tagged.
  - 'nyc-open-data' (government) — if focusing on New York City area, might have detailed datasets about tennis courts.
  - 'datagovuk' or other government CKAN APIs (government) — for public open data access but UK focused, less relevant for US.
  - 'us-census-bureau' (government) — US data but unlikely detailed tennis courts data.
  
If the concern is US tennis courts, "your-mapper" is the prime candidate for government aggregated data on tennis courts. Mapping APIs (bing maps search, google maps places, mapquest) are necessary for interactive map visualization and lookup. OpenStreetMap is a freely available rich POI dataset that might have tennis courts tagged including their attributes.

No single API among these provides all tennis court facility details explicitly, but together these APIs can be integrated into a mashup that meets requirements.

# Final recommendation:

Categories:
['mapping', 'government']

Matched APIs:
['your-mapper', 'bing-maps-search', 'google-maps-places', 'mapquest', 'metalocator', 'openstreetmap', 'nyc-open-data']
./output/gpt/plan_and_solve/responses.json
データが保存されました: ./output/gpt/plan_and_solve/responses.json (キー: tennismaps-1)
------------------------------
評価中のサービス: enomalism-elastic-computing
Iteration 1, Total call: 162
**Reasoning**:

The requirements specify looking for an open source, web-based virtual infrastructure platform that deals with complex, globally dispersed virtual server environments. It helps automate transitions to cloud computing. Keywords suggest functionality like virtual server management, cloud infrastructure automation, and support for cloud computing environments.

Key points:
- Open source and web-based platform for virtual infrastructure management
- Address complexity in globally dispersed virtual servers
- Supports automation in transition to cloud environments

We need to find from the available APIs ones related to:
- Cloud platforms and infrastructure automation
- Backend or application platform services hosting virtual servers
- APIs associated with cloud infrastructure control and management

Looking through the available categories and APIs:

**Relevant categories:**
- cloud
- backend
- applications
- platform-as-a-service

**Relevant APIs:**

From the given data, the closest match that explicitly deals with cloud infrastructure platform for hosting virtual or web apps, and managing computing resources automatically is:

- **AppHarbor** (Category: applications): It's a Platform as a Service (PaaS) for .NET apps, with an API to create, manipulate, and monitor apps. It deals with hosting web apps (related to virtual infrastructures and cloud).

- **Amazon EC2** (Category: cloud): Web service enabling launch and management of Linux/Windows server instances on Amazon infrastructure. It is exactly a virtual infrastructure platform and automates compute resources on the cloud. REST-based API.

- **Google App Engine** (Category: tools) was deprecated but Google App Engine Admin and related APIs replaced it. So potentially relevant for virtual apps hosting on the cloud, but given lack of current version in the list or only historical references, less usable.

- **Heroku** (Category: cloud): Cloud application platform to deploy and manage applications via API. RESTful API to manage and deploy apps to Heroku platform. Similar to AppHarbor, but for a wider range of apps.

- **CloudMine** (Category: backend): Backend-as-a-service platform with RESTful APIs to create backend solutions, including data storage, user account management, business logic. It targets developers building cloud backend solutions, which is related.

- **Google Cloud Platform APIs** (multiple categories: cloud, backend, etc.) Not explicitly listed.

Since the requirement also notes "open source," AppHarbor, Amazon EC2, Heroku are commercial cloud platforms, generally proprietary. But given the available options, Amazon EC2 and Heroku are closest in functionality to managing global virtual infrastructures.

The problem description strongly matches a cloud infrastructure platform like Amazon EC2, which provides API access to launch, manage virtual servers globally.

Further, AppHarbor offers a developer platform for managing applications in the cloud, which automates transition to cloud environment. Both offer RESTful APIs for management.

No explicit mention of fully open source cloud infrastructure API in the provided list, only commercial cloud providers or platforms.

**Conclusion**:

Recommend categories: ['cloud', 'applications', 'backend', 'platform-as-a-service']

Recommend APIs:

- 'amazon-ec2' (cloud computing platform for virtual servers with RESTful API)

- 'appharbor' (cloud-based PaaS for .NET apps with API for app deployment and management)

- 'heroku' (cloud app platform with RESTful API for managing and deploying apps)

- 'cloudmine' (backend-as-a-service to build cloud backend solutions, supports automation)

These best match the description of a web-based platform addressing complexity in managing globally dispersed virtual infrastructure and help automate cloud transition.
./output/gpt/plan_and_solve/responses.json
データが保存されました: ./output/gpt/plan_and_solve/responses.json (キー: enomalism-elastic-computing-1)
------------------------------
評価中のサービス: wikipedia-mobile
Iteration 1, Total call: 163
**Reasoning**:
To enable users to see Wikipedia articles faster, more clearly, and economically on mobile devices, we want an API that directly accesses Wikipedia content in a structured and efficient manner. This API should ideally support retrieving articles quickly, possibly with formatted or parsed content that enhances readability on mobile.

Key points and considerations:
- Wikipedia content is stored and accessed via MediaWiki, which has an official API.
- The available APIs list includes a "wikipedia" API, which is described as an unofficial Wikipedia API allowing code-level access to the entire Wikipedia reference using a RESTful call with wide format support (XML, JSON, PHP, YAML, etc.).
- This API lets clients get, post, and modify data, which means it potentially provides robust access to article content.
- An API that can retrieve article content as JSON or XML allows building a mobile-friendly reader, where content can be styled and formatted for clarity and speed.
- The "wikipedia" API supports various output formats including JSON, which is lightweight and suitable for mobile.
- Since Wikipedia content is large and can include media, an API that can selectively retrieve articles or sections will optimize bandwidth and accelerate loading times, matching the "more economic" requirement.
- The categories most relevant here are "reference" (for encyclopedic content) and potentially "wiki" (for Wikipedia and similar knowledge bases).
- No other category/API offers direct access to Wikipedia content.
- For handling content on mobile, the "reference" category is the best fit, since Wikipedia is a reference source.
- Also, "wiki" category should be recommended because Wikipedia data is a wiki content.
- Therefore, the best matches are the "wikipedia" API and categories "reference" and "wiki."

**Conclusion**:
- Recommend categories: ['reference', 'wiki']
- Recommend All matched APIs: ['wikipedia']
./output/gpt/plan_and_solve/responses.json
データが保存されました: ./output/gpt/plan_and_solve/responses.json (キー: wikipedia-mobile-1)
------------------------------
評価中のサービス: ilocy
Iteration 1, Total call: 164
**Reasoning**:
The phrase "Love your town!" is broad and could be interpreted in a few ways related to local engagement, community information, or services that help people connect with their town or city. Potential functionalities could include:

- Providing local geographic or location information
- Offering local events and activities
- Showing local points of interest, landmarks, or places
- Enabling social interactions or community-building features
- Offering local services or recommendations (businesses, restaurants, etc.)
- Possibly enabling travel or transportation insights within the town
- Enhancing the local experience with media, news or other engagement tools

Given the phrase, it’s likely the mashup service aims to enhance local town experience or connection, which suggests a focus on mapping/geography/location, events, local social interaction, local recommendations, and possibly local news or media.

I will select categories that align with these possible interpretations to provide a comprehensive and rich mashup interface for "Love your town!":

- mapping: to get local map, location, points of interest
- events: to find local events, concerts, activities
- social: to integrate local social community or interaction features
- recommendations: to offer local business and venue recommendations
- news-services: to provide local news and information
- geography: for geographic details and data about the town
- photos: to show local images and visuals enhancing local pride and engagement

Next, I will choose relevant APIs from the above categories that provide the type of data or services needed:

mapping APIs:
- bing-maps-search (property name, neighborhoods, ratings)
- google-maps-places (detailed place info)
- mapquest, openlayers, bing-maps (mapping APIs)
- geonames (geographic data)
- ip2location (locate IP address in the region)
- smart-ip-geo-ip (determine geo-location of IP)
- geocoderca (forward and reverse geocoding)
- mapbox (interactive maps)

events APIs:
- eventbrite (create/maintain events, attendees)
- eventful (global events data)
- active (sports and outdoor events)
- brown-paper-tickets (ticketing and event management)

social APIs:
- facebook-graph (widely used social platform data)
- twitter-streaming, twitter (Twitter data)
- foursquare (venues and check-ins)
- linkedin (business networking)
- nationbuilder (community organizing)
- scoopit (content curation)
- buffer (social media scheduling)
- plancast (events sharing among friends)

recommendations APIs:
- yelp-fusion (business review and rating)
- qype (local business reviews)
- gratitudes (not listed, but social recommendation)
- yelp-fusion is the main strong one here

news-services APIs:
- new-york-times-archive (historical articles)
- guardian (news content)
- reuters-spotlight (news and multimedia)
- npr-one-station-finder (local NPR stations)
- reddit (social news/discussion)
- webhoseio (structured web data)

geography APIs:
- geograph (geographically representative images)
- geonames (geographic data)
- yahoo-geoplanet (geographical place info)

photos APIs:
- flickr (photo feeds and uploading)
- instagram-graph (photos sharing)
- 500px (photos community, but no longer publicly available)
- pixabay-free-images (free CC0 photos)
- photobucket (photo sharing)
- smugmug (photo hosting and sharing)

Given the "Love your town!" theme, it makes sense to have rich geo/spatial data, events, local social data, recommendations, news and photos. These APIs together can create a rich mashup that helps users explore, enjoy, and engage with their town at multiple levels.

**Conclusion**:
- Recommend categories: ['mapping', 'events', 'social', 'recommendations', 'news-services', 'geography', 'photos']
- Recommend All matched APIs: [
    'bing-maps-search',
    'google-maps-places',
    'mapquest',
    'openlayers',
    'bing-maps',
    'geonames',
    'ip2location',
    'smart-ip-geo-ip',
    'geocoderca',
    'mapbox',
    'eventbrite',
    'eventful',
    'active',
    'brown-paper-tickets',
    'facebook-graph',
    'twitter-streaming',
    'foursquare',
    'linkedin',
    'nationbuilder',
    'scoopit',
    'buffer',
    'plancast',
    'yelp-fusion',
    'qype',
    'new-york-times-archive',
    'guardian',
    'reuters-spotlight',
    'npr-one-station-finder',
    'reddit',
    'webhoseio',
    'geograph',
    'yahoo-geoplanet',
    'flickr',
    'instagram-graph',
    'pixabay-free-images',
    'photobucket',
    'smugmug'
]
./output/gpt/plan_and_solve/responses.json
データが保存されました: ./output/gpt/plan_and_solve/responses.json (キー: ilocy-1)
------------------------------
評価中のサービス: china-weather-forecast
Iteration 1, Total call: 165
**Reasoning**:  
The user's requirement is to "View weather forecasts for cities in Asia." To fulfill this requirement, we need an API or APIs that provide weather forecast data and cover locations in Asia, ideally cities. The API should have the capability to return forecast data, not just current weather or historic data.

Considering the available categories, the most relevant category is obviously "weather," as weather APIs offer data about forecasts, current conditions, alerts, etc.

Within the available APIs, there are many under the "weather" category. Some of them are deprecated or superseded by others, so we need to select the ones that are active and provide forecast data.

The key attributes to look for include:

- Provides weather forecasts (not just current or historic weather data).  
- Coverage includes cities in Asia (global coverage is good).  
- Supports querying by city names or geographic coordinates.

From the weather APIs listed:

- aerisweather: Provides weather data including forecasts. RESTful calls and JSON responses.

- norway-weather: Provides weather forecasts for Norway and 6.3 million places worldwide, so likely covers Asia as well.

- national-weather-service-ndfd: NOAA data, presumably U.S.-centric, less useful for Asia.

- noaa-national-weather-service-nws-ndfd-soap: U.S.-centric.

- openweathermap: Deprecated, but replaced by several APIs like 'Current Weather Data', '5 Day Weather Forecast', '16 Day Weather Forecast'. (We do not have direct entries for replacements but the original OpenWeatherMap API is provided as deprecated.)

- aerisweather and norway-weather both mention forecast data.

- world-weather-online: Deprecated.

Hence, aerisweather and norway-weather are more appropriate.

Further, Bing maps search or mapping APIs are unrelated to weather content. Other categories don't relate to weather data.

Therefore, the "weather" category is recommended.

**Conclusion**:  
- Recommend categories: ['weather']  
- Recommend All matched APIs: ['aerisweather', 'norway-weather']
./output/gpt/plan_and_solve/responses.json
データが保存されました: ./output/gpt/plan_and_solve/responses.json (キー: china-weather-forecast-1)
------------------------------
評価中のサービス: fone-findr
Iteration 1, Total call: 166
**Reasoning**:
The requirement is for an application or service that can call you when you lose your phone and allows you to record or set a public message telling everyone where you found it. This implies two main functionalities:

1. Telephony call capability to reach the owner of the lost phone.
2. Ability to record or publish a message publicly or notify others about the phone's status.

Breaking this down:

- The first functionality requires APIs from the **telephony** category that provide programmable voice calls or messaging services. This lets the system contact the phone owner or others to inform them about a lost phone.

- The second functionality involves recording a message or broadcasting the information. This could be via voice recordings linked to the calls or a public message accessible to anyone who finds the phone. This could be handled through APIs related to **telephony** (for voice recording and playback) or **messaging** (for text notifications). There might also be a need for a public messaging platform, but since the requirement says "telling everyone where you found it," the simplest interpretation is a voice message or voice call-based announcement.

Looking through the available APIs:

- Several telephony APIs provide the ability to make calls and receive voice messages:

  - **Twilio**: Cloud API for voice and SMS communications, supports building voice communications including programmable phone calls, messages, voice applications, etc.

  - **SpokenBuzz**: Voice portal that allows initiating phone calls where recipients can record a short voice message, and returns a playback URL. This matches the need for letting someone record a message telling where the phone was found.

  - **TelAPI**: Platform for telephony applications including voice and SMS features.

  - **Voxeo**: SIP voice platform supporting voice services like call control and recording.

  - **Plivo**: Telephony platform with call making/receiving capabilities.

  - **HoIio Voice & SMS**: Global communication with voice and SMS APIs supporting calls and IVR.

  - **Tropo**: Cloud API for telephony including calling and voice recognition.

  - **KooKoo**: Telephony API that allows placing/receiving calls and gathering input.

Of these, **SpokenBuzz** stands out because it specifically mentions a service to initiate a phone call and allow the recipient to record a short voice message and then provides a URL for playback, which closely matches the requirement to "record a public message telling everyone where you found it."

**Twilio** is broadly used for programmable voice calls and SMS and could also be used to build such a feature, including call initiation, calls to the phone owner, and recording messages.

Hence, the combination of telephony APIs with voice call and recording features is most suitable for this mashup.

No explicit social or public messaging APIs seem necessary unless the message is to be broadcast via a social network, which is not specifically requested.

**Conclusion**:
- Recommend categories: ['telephony', 'messaging']
- Recommend all matched APIs: ['SpokenBuzz', 'Twilio', 'TelAPI', 'Voxeo', 'Plivo', 'Hoiio Voice', 'Tropo', 'KooKoo']
./output/gpt/plan_and_solve/responses.json
データが保存されました: ./output/gpt/plan_and_solve/responses.json (キー: fone-findr-1)
------------------------------
評価中のサービス: e.p.-carrillo
Iteration 1, Total call: 167
**Reasoning**:

To address the requirement of finding out where and what people are saying about cigars in real-time around the globe, and offering the best places to smoke cigars using a "places to smoke cigars" feature, we need to break down the problem into two main components:

1. Real-time social and public content monitoring for cigars:
   - We need access to real-time social media or public chatter (e.g., Twitter, blogs, social platforms) mentioning cigars globally.
   - APIs that provide real-time streaming or updated social content related to specific keywords or topics.
   - This could include trend analysis, sentiment, or at least a stream of mentions with geolocation if possible.

2. Places to smoke cigars (locational data):
   - We need location-based services that offer information about places, particularly places related to cigars or cigar lounges, or at least general places where cigar smoking is popular or allowed.
   - APIs providing venue data with categories, user reviews, or detailed info.
   - Ideally, APIs that combine place search with user reviews or social data to pinpoint the best places to smoke cigars.

From the available categories and APIs, we need:

- Social APIs (to monitor what people say in real-time about cigars)
- Mapping and Places APIs (to find locations related to cigar smoking spots)
- Possibly recommendations or local business data to identify best cigar places

**Step 1: Social content APIs for real-time mentions**

From the list, APIs like:

- twitter-streaming: Allows high-throughput near-real-time access to public Twitter data filtered by keyword, location etc. This is ideal for listening to cigar mentions globally in real time.

- webhoseio: Provides on-demand access to structured web data like news, blogs, and online discussions. Can be used to track mentions of cigars.

- twitter, twitter-search, twitpic (photos on Twitter), facebook-graph (social data) - but some are deprecated or less suited for real-time data.

- What-trend: Find what’s trending on Twitter with explanations.

- tagalus: Twitter hashtag definitions, to help understand hashtags people use with cigar mentions.

Hence, twitter-streaming is the best fit for real-time chatter on cigars globally.

**Step 2: Places to smoke cigars - place locator/recommendation APIs**

We want a service that provides searchable places data with possible reviews or ratings where people can smoke cigars.

Available mapping and location APIs include:

- google-maps-places: Return info about a place, establishment, or point of interest using location and search queries. Provides place details and photos.

- yelp-fusion: Business reviews, ratings, and photos in a geographic area. Excellent for finding specific cigar bars/lounges with social reviews.

- foursquare: Location-based venue info, user photos, tips. Could be good for cigar smoking places.

- yelp-fusion specifically mentions neighborhood info, reviews, photos.

- tagalus and other social-tag related APIs are more for social metadata, less for place location.

- bing-maps-search and bing-maps-locations: mapping related searches for places. Could be used for place data but may lack user reviews.

Additionally:

- citygrid: APIs for premium local content, reviews, and user content on businesses in neighborhoods.

- google-places-like APIs and yelp-fusion are the most comprehensive for locating specific venues.

**Step 3: Combining both**

- Use twitter-streaming API to catch real-time mentions on cigars and extract location info from tweets when available.

- Use yelp-fusion API or google-maps-places API to list cigar bars, cigar lounges, or "places to smoke cigars" near those geolocations or in general.

- If further social insight is needed, webhoseio or foursquare can supplement.

**Conclusion**:

Recommend categories: ['social', 'mapping', 'recommendations']

Recommend all matched APIs:

- 'twitter-streaming' (real-time social data on cigar mentions worldwide)

- 'yelp-fusion' (business reviews and ratings to identify best places to smoke cigars)

- 'google-maps-places' (place search and details API to find cigar smoking places)

Optionally if desired:

- 'webhoseio' (structured web data including blogs and discussions for broader social sentiment)

- 'foursquare' (location-based experiences and user photos/tips to augment place data)

- 'citygrid' (local business reviews and user content for places)

But the core necessary APIs are twitter-streaming, yelp-fusion, and google-maps-places.
./output/gpt/plan_and_solve/responses.json
データが保存されました: ./output/gpt/plan_and_solve/responses.json (キー: e.p.-carrillo-1)
------------------------------
評価中のサービス: nexmo-mailchimp-mashup
Iteration 1, Total call: 168
**Reasoning**:

The requirement is to enable users to send SMS messages to their Mailchimp subscribers while leveraging the benefits of Nexmo's (now Vonage) wholesale SMS rates and its direct-to-carrier model available in over 200 countries.

To achieve this, the mashup service needs to integrate two core functionalities:

1. **Mailchimp Subscriber Management:**
   - Ability to access and manage the list of Mailchimp subscribers. This includes retrieving subscriber contact details (email and ideally phone numbers, if stored) to whom SMS messages should be sent.
   - Sending SMS to Mailchimp subscribers implies either that the subscribers have mobile phone numbers collected and stored within Mailchimp or linked to subscriber contact records accessible via the Mailchimp API.

2. **SMS Sending Capability using Nexmo (Vonage):**
   - Nexmo provides a wholesale SMS API enabling direct connectivity to carrier networks worldwide with better pricing and reliability.
   - This service will be used to actually send out the SMS once subscriber mobile numbers have been retrieved.

Therefore, the mashup service should combine:

- The **email marketing management** features of Mailchimp to fetch subscriber information.
- The **messaging/SMS sending** capabilities of Nexmo (Vonage) to send SMS messages at cheap rates globally.

Reviewing the provided categories and APIs:

- **Email category:**
  - Contains APIs like Mailchimp (for email campaign and subscriber management).
- **Messaging category:**
  - Contains Nexmo (referred to as Vonage Nexmo SMS API) for sending and receiving SMS.
- **Payments/metering/enterprise categories** are not directly relevant here.
- No other categories or APIs combine email marketing and SMS services as directly as Mailchimp and Nexmo/Vonage.

So, the two main categories and APIs to integrate are:

- **Email**: mailchimp (for subscriber management)
- **Messaging**: vonage-nexmo-sms (for SMS sending)

**Additional considerations:**

- The Mashup should use Mailchimp API to fetch subscriber lists, their phone numbers, and then leverage Nexmo API to send SMS messages.
- Nexmo's direct carrier model and cost benefits fulfill the requirement to benefit from wholesale rates and global delivery.
- Mailchimp's API supports managing contacts and subscriber lists.
- Both APIs use RESTful protocols and JSON format, making integration straightforward.

**Conclusion**:

- Recommend categories: ['email', 'messaging']
- Recommend All matched APIs: ['mailchimp', 'vonage-nexmo-sms']
./output/gpt/plan_and_solve/responses.json
データが保存されました: ./output/gpt/plan_and_solve/responses.json (キー: nexmo-mailchimp-mashup-1)
------------------------------
評価中のサービス: starbucks-digital-network
Iteration 1, Total call: 169
**Reasoning**:  
The requirement describes an integration for Starbucks Digital Network (SDN) used in-store by Starbucks customers. The key feature is to show nearby DonorsChoose.org classroom projects to the customer based on their location within the store or proximity to Starbucks locations.

Breaking down the problem:

1. Starbucks customers use free Wi-Fi in Starbucks stores and are presented with a curated content experience.
2. The "My Neighborhood" section prominently features DonorsChoose.org.
3. When a Starbucks customer clicks the DonorsChoose.org tile, DonorsChoose.org's API "projects near me" functionality is used to show the closest classroom projects based on the customer's location.
4. This requires:
   - Access to DonorsChoose.org API for retrieving classroom projects filtered by geographic location.
   - A way to determine the user's (customer's) location to pass it to the DonorsChoose.org API for "near me" project searches. This could be approximate geolocation based on IP or Wi-Fi info or the store location itself.
   - Possibly, integration of location services or geo APIs for location determination or handling geospatial queries.

From the provided available categories and APIs:

- The DonorsChoose.org API is clearly the central API here. It is under the `education` category. It supports retrieval of classroom project listings by location and filtering criteria, exactly matching the requirement of showing "projects near me".
- To present projects near a user's location within Starbucks, some location data is needed. While the requirement states the proximity search is on DonorsChoose.org side, Starbucks or the integrated system would need to know or infer the user location.
- Mapping and location APIs may be helpful for location services or to process geographic queries, but the main focus is on DonorsChoose.org's own API for project retrieval.
- Optionally, IP geolocation or mapping APIs could support the location detection for the user, but since the problem is already solved by DonorsChoose.org with "projects near me" functionality, this isn't mandatory.
- Starbucks Digital Network itself is not listed as an API here, so outside integration is focused on using the DonorsChoose.org API.

Therefore, the categories and APIs directly relevant:

- Category: `education` (for DonorsChoose.org API)  
- API: `donorschoose`

**Conclusion**:  
- Recommend categories: `['education']`  
- Recommend all matched APIs: `['donorschoose']`
./output/gpt/plan_and_solve/responses.json
データが保存されました: ./output/gpt/plan_and_solve/responses.json (キー: starbucks-digital-network-1)
------------------------------
評価中のサービス: science-stack
Iteration 1, Total call: 170
**Reasoning**:
The requested service, "Science Stack," is a powerful tool designed for researchers. It combines search functionalities from scientific literature platforms like Mendeley and PLoS (Public Library of Science) with innovative interaction methods such as "select and search" capabilities integrated with browsers like Firefox.

To fulfill this requirement, the system should encompass:

1. APIs that provide access to scholarly and scientific literature, documents, and research materials.
2. APIs that enable integration with or extend functionalities of scientific research platforms.
3. APIs that support powerful search functionalities in the fields of science and education.
4. Secondary support tools that handle data interaction, text processing, or usability enhancements for the selection and search experience.

In the available APIs, the following stand out as closely matching:

- **Mendeley API** (from Category: science)
   Provides programmatic access to Mendeley's platform where scholars collaborate and access scientific references, datasets, documents, groups, annotations, etc.
- **PLoS Search API** (from Category: reference)
   Provides access to scientific articles from the Public Library of Science archive, enabling search and integration with applications.
- **Zotero API** (from Category: bookmarks)
   Zotero is a research tool for collecting and citing sources. Offers functionalities like retrieving tags, user items, collections, etc. This supports research workflows.
- **Altmetric API** (from Category: education)
   Tracks online conversations about scientific articles from social media, news outlets, and scholarly bookmarks; useful for augmenting research with impact metrics.
- **Victoria-Albert-Museum API** (education) - less relevant, focused on museum collections.
- **GreatSchools API** (education) - unrelated.
- **Wikimedia/Wikipedia API** (reference, wiki)
   Indirectly useful for research by supporting encyclopedia content.
   
For search functionalities integrated in innovative ways like "select and search," the core would be to leverage APIs with rich search capabilities, including:

- **Mendeley** for management of scientific literature and further research.
- **PLOS Search API** for direct access to scientific datasets and articles.
- Possibly **Zotero** to handle user research data interaction.
- Optionally **Altmetric** to complement by integrating social impact data.

The requirement specifies combining Mendeley and PLoS searches, so these two APIs are certainly necessary. Other supporting APIs like Zotero add value for managing research sources. Altmetric can enhance insight into article impact, providing a more useful stack for researchers.

**Conclusion**:
- Recommend categories: ['science', 'reference', 'bookmarks', 'education']
- Recommend All matched APIs: ['mendeley', 'plos-search', 'zotero', 'altmetric', 'victoria-albert-museum']
./output/gpt/plan_and_solve/responses.json
データが保存されました: ./output/gpt/plan_and_solve/responses.json (キー: science-stack-1)
------------------------------
評価中のサービス: coast-rack
Iteration 1, Total call: 171
**Reasoning**:

The requirement is for a service called "Coast Rack" that searches artists, tracks, and their videos from multiple sources including Last.fm, MusicBrainz, and YouTube.

- First, the service needs to search or retrieve information about artists and tracks. So we need APIs that allow access to music metadata such as artist information, track listings, album data, etc.
- Last.fm is a popular music service with a comprehensive API for music data, including artists and tracks.
- MusicBrainz is a large open music metadata database with an API to search artists, albums, and tracks.
- YouTube is the main source of music videos, so we need a video API that accesses YouTube videos for music-related content.

From the available categories:

- "music" category for music-related data such as artist and track info.
- "video" category for video content, e.g., YouTube videos.

From the listed APIs:

1. Last.fm (Category: music): Provides artists, albums, playlists, events, etc. The API supports fetching information about artists and tracks, which meets part of the requirement.

2. MusicBrainz (Category: music): Provides access to a large music metadata database on artists, albums, and tracks. The API is RESTful and provides XML.

3. YouTube (Category: video): The YouTube Data API offers access to video content, search, uploading, playlists, user info, etc. It allows searching for videos, which helps in finding music videos for the respective artists and tracks.

Therefore:

- Categories needed: "music" and "video"
- Matched APIs: "lastfm", "musicbrainz", "youtube"

These APIs combined cover all aspects of the problem: artist metadata, track information, and video access.

**Conclusion**:

- Recommend categories: ['music', 'video']
- Recommend All matched APIs: ['lastfm', 'musicbrainz', 'youtube']
./output/gpt/plan_and_solve/responses.json
データが保存されました: ./output/gpt/plan_and_solve/responses.json (キー: coast-rack-1)
------------------------------
評価中のサービス: kakao2-weather-map
Iteration 1, Total call: 172
**Reasoning**:

- The requirement is for "kakao2," described as an interactive weather map allowing users to view cloud cover and weather updates by manipulating a map of Asia.
- Key components to consider:
  1. Interactive map: The service needs map features, including zoom, pan, display of layers like cloud cover.
  2. Weather data: The service needs weather updates, specifically cloud cover and presumably other weather information.
  3. Geographic focus: Asia, so the map provider should cover this or global data is acceptable.
  4. The platform is interactive with overlay of weather data on map tiles.

- To support these requirements, the necessary categories will involve:
  - Mapping: For map rendering, geolocation, layers, and interaction controls.
  - Weather: For weather data including cloud cover and updates.
  - Possibly analytics or other categories are less relevant here.

- From the available categories, "mapping" and "weather" stand out as primary categories for this requirement.

- Now, consider the available APIs that provide such capabilities:

**Mapping APIs:**
- Multiple mapping APIs are available such as:
  - bing-maps-search
  - google-maps-places (though Google Maps API is split, nevertheless, it is present)
  - openlayers (JavaScript API for dynamic maps)
  - mapquest
  - arcweb
  - mapbox (open source mapping tools)
  - bing-maps-routes
  - google-static-maps
  - bing-maps
  - google-geocoding
  - yahoo-internet-location-platform
  - microsoft-bing-maps

- Out of these, APIs like Mapbox, OpenLayers, Bing Maps, MapQuest, and Google Maps related APIs offer interactive map capabilities.

**Weather APIs:** 
- APIs providing cloud cover and weather information include:
  - aerisweather (weather advisories, forecasts, storm reports)
  - norwey-weather (global weather forecasts)
  - national-weather-service-ndfd (NWS data, XML weather forecasts)
  - openweathermap (deprecated but replaced by better APIs)
  - noaa-national-weather-service-nws-ndfd-soap (NOAA weather data)
  - met.no (Norwegian weather with global coverage)
  - aerisweather (extensive weather platform)
  - bing-traffic and bing-traffic-related APIs are traffic, not weather.

- The best options among these for general weather data, including cloud cover and satellite imagery that can be mapped, are:
  - AerisWeather
  - National Weather Service NOAA APIs
  - Met.no
  - OpenWeatherMap successors (not explicitly listed here, but note openweathermap is deprecated)
  - Bing Maps also provides some weather-related overlays indirectly.

**Integration considerations:**
- The mapping API needs to support overlay or at least the ability to layer weather data (e.g., clouds or radar overlays).
- The weather API provides weather data; cloud cover as a satellite image or numeric data can be overlaid if the API provides imagery tiles or raster data for clouds.
- Consider map APIs that allow overlays or tile layers (e.g., Mapbox, OpenLayers, Bing Maps).

**Matching to the requirement:**
- Kakao2 needs interactive map + weather overlays (cloud cover/weather updates).
- Therefore:
  - Recommend "mapping" for map capabilities.
  - Recommend "weather" for cloud cover and weather update data.

**Conclusion**:

- Recommend categories: ['mapping', 'weather']

- Recommend matched APIs:

  - Mapping:
    - mapbox (suite of open source mapping tools with embedding and custom maps; supports multiple platforms)
    - openlayers (JavaScript API for dynamic maps supporting layers)
    - bing-maps (REST services for map and imagery)
    - mapquest (platform with developer tools for mapping solutions)
    - arcweb (free web services mapping API)
  
  - Weather:
    - aerisweather (API providing weather data including advisories, forecasts, storm reports; supports JSON)
    - national-weather-service-ndfd (NOAA's weather service providing customizable forecast data)
    - met.no (Norwegian Meteorological Institute forecasts in English globally)
    - noaa-national-weather-service-nws-ndfd-soap (NOAA SOAP-based weather data)
    - norway-weather (met.no's broader API, global coverage)
  
- These APIs together can provide the interactive map and weather data needed for kakao2.

# Final Recommendation

**Recommend categories**: ['mapping', 'weather']

**Recommend matched APIs**:  
['mapbox', 'openlayers', 'bing-maps', 'mapquest', 'arcweb', 'aerisweather', 'national-weather-service-ndfd', 'met.no', 'noaa-national-weather-service-nws-ndfd-soap', 'norway-weather']
./output/gpt/plan_and_solve/responses.json
データが保存されました: ./output/gpt/plan_and_solve/responses.json (キー: kakao2-weather-map-1)
------------------------------
評価中のサービス: nearplace
Iteration 1, Total call: 173
**Reasoning**:

1. Requirement Understanding:
   - The product "NearPlace" is a free store locator widget.
   - It leverages Google Maps markers.
   - It is user-friendly and advanced, with easy management.
   - Features include maintaining actual news, opening hours, products, services, etc.
   
2. Core Features Implied:
   - Store location search and display on maps.
   - Management and display of business information such as opening hours, news, products, services.
   - Integration with mapping service for displaying markers and geolocation.
   - Ideally, support data management for stores (content, services) and easy integration within a widget.

3. Suggested Categories:

   - mapping: Because it involves using Google Maps markers and store location management.
   - business: To handle business-related data like opening hours, products, services.
   - widgets: Since it is a widget that needs to be embedded and managed on websites.
   - possibly content: for managing and displaying dynamic content like news.
   
4. APIs Matching These Needs:

   - mapping:
     - google-maps-places: Returns information about places, including establishments. Supports place search, details, photos, autocomplete. Key for store locator with maps integration.
     - google-maps-geocoding: To convert addresses to coordinates and reverse, which is essential for store location mapping.
     - bing-maps-search / bing-maps / bing-maps-routes: Other mapping APIs that could be alternatives or additional services.
     - mapquest: Provides mapping, geocoding, and search.
   
   - business:
     - sap-anywhere: Offers business data integration and management via API.
     - lightspeed-retail: Supports inventory, sales, and customer management.
     - tradegecko: Inventory and order management.
     These may help with products, services management but are more for large backend integrations.
   
   - widgets:
     - google-gadgets: To create widgets that can be embedded.
     - widgetbox: Helps in creating widgets for social or start pages.
     This category might be less relevant if NearPlace is standalone or integrated manually.

5. Given the core user requirement focuses primarily on:
   - Location / store marker functionality with maps.
   - User-friendly store data management (open hours, products, services).
   - News and updates related to stores.

6. The strongest recommendation is around the mapping and business categories with APIs providing place and location data. This will ensure that the widget can locate the stores and show markers, related store information, and possibly integrate dynamic data like news or products.

**Conclusion**:

- Recommend categories: ['mapping', 'business', 'widgets']

- Recommend All matched APIs: [
  'google-maps-places',
  'google-maps-geocoding',
  'bing-maps-search',
  'bing-maps',
  'mapquest',
  'sap-anywhere',
  'lightspeed-retail',
  'tradegecko',
  'google-gadgets',
  'widgetbox'
]
./output/gpt/plan_and_solve/responses.json
データが保存されました: ./output/gpt/plan_and_solve/responses.json (キー: nearplace-1)
------------------------------
評価中のサービス: geosay-super-local-information
Iteration 1, Total call: 174
**Reasoning**:  
The requirement is to find out what people have said on popular platforms, including Twitter and Foursquare, and also on "geosay" itself. The results need to be ordered by distance very precisely, i.e., by geo-location proximity.

Breaking down the requirement:

1. **Social media platforms with geolocation-aware posts**:  
   The mention of Twitter and Foursquare indicates the need for APIs that provide social posts and status updates enriched with location information. This is generally in the "social" category.

2. **Geo-specific retrieval and sorting by distance**:  
   To order results by distance and get posts nearest to a geo-location (down to the nearest meter), we need to be able to filter by location and also get precise geo-coordinates with the content.

3. **Platforms Available**:  
   - Twitter: There are APIs named "twitter-streaming" (social), "twitter-search" (search), and "twitter" (deprecated). Twitter Streaming API allows filtering tweets by geographic location ("by geographic location...").  
   - Foursquare: "foursquare" API is in the social category; Foursquare Places API provides location-based venue information, user photos and check-ins, etc.  
   - geosay itself is mentioned as a platform to find what is said. There is no explicit "geosay" API in our list, but the requirement implies the mashup taps into multiple social networks including geosay-like data. Possibly this is for aggregation, and we can focus on Twitter and Foursquare.  
   - Tagalus API (social) - access Twitter hashtags meanings, but it does not explicitly return geolocated posts or location ordered results. Probably not a main match.  
   - What-trend (social) and Tagalus provide information on trending topics or hashtags, but not general geolocated posts. Not good fit.  
   - Social APIs: Facebook Graph (deprecated), LinkedIn (social), NationBuilder (social), Plancast (social), Hyves (social), Tumblr (social), Pingpipe, Buffer, Google Plus (social, deprecated), vk, etc. However, Twitter and Foursquare are the prime mention by the user.  
   - ip2location and other mapping/location APIs help with geolocation data but do not provide social post content.  
   
4. **Geographical ordering capability**:  
   - Twitter Streaming API states "filter by geographic location". It can stream tweets near to a location, so ordering by distance is possible.  
   - Foursquare Places API provides location-based data related to venues and check-ins, so can be used to find user comments and activity sorted by location.  
   - There are no explicit APIs for geosay, but possibly the core requirement is to combine social data from Twitter and Foursquare with location-based search.  

5. **Final checks**:  
   - "twitter-streaming" API supports filtered real-time tweets, including by geo-location.  
   - "foursquare" API supports location based experiences with info about venues, photos, check-ins; includes location and user-generated content.  
   - "twitter-search" API provides search with optional language, from, to and hashtags but does not explicitly mention geo filtering or ordering by distance.  
   - "tagalus" API manages Twitter hashtag definitions (not relevant).  

Hence, APIs from the "social" category about Twitter and Foursquare with geo filtering/ordering would be the best match.  

**Conclusion**:  
- Recommend categories: ['social', 'mapping']  
  - 'social' to get Twitter and Foursquare data and user posts.  
  - 'mapping' to support ordered retrieval by geo coordinates, distance filtering, and possibly to manage geo queries.  
- Recommend All matched APIs: ['twitter-streaming', 'foursquare']  

These will allow fetching of posts (tweets, check-ins, photos, comments) from popular social platforms nearest to a given geo-location, ordered by distance as requested.
./output/gpt/plan_and_solve/responses.json
データが保存されました: ./output/gpt/plan_and_solve/responses.json (キー: geosay-super-local-information-1)
------------------------------
評価中のサービス: beer-textbooks
Iteration 1, Total call: 175
**Reasoning**:

The mashup described is an application for college students that will allow them to quantify how many different types of beer (kegs, cases, bottles) they can purchase by selling their used college textbooks. The mashup involves two main elements:

1. Textbooks sales data integration: The app needs access to textbook information, preferably including prices or marketplace functionality to simulate or get real data on the value of used textbooks. This suggests a need for APIs that provide book or textbook catalog information, pricing or marketplace capabilities. Categories like books, ecommerce, or financial might be relevant.

2. Beer data and conversions: The output is quantified in terms of beer units (kegs, cases, bottles). While the statement does not specify a data source for beer prices or data, integrating SMS notifications or queries is part of the requirement.

3. SMS messaging: The mashup is stated to use Twilio and Twilio SMS for communication with users regarding how many kegs, cases, bottles they can buy. The messaging component requires a telephony and messaging API.

Based on the available categories and APIs:

- For textbook data, the APIs under 'books' category or 'ecommerce' category that provide book/catalog/pricing data could be useful. Example APIs in the list include:
  - goodreads (books): Provides book information but may not include pricing data necessary for selling books.
  - abebooks (search/books/ecommerce): It provides book search including secondhand books which is appropriate for used textbook pricing.
  - amazon-product-advertising or amazon-marketplace-web-service (ecommerce): Provides product info and pricing for books, possibly including used textbook prices.
  - direct-textbook (ecommerce): Price comparison for textbooks.
  
- For beer pricing or beer marketplace data, there is no specific beer API mentioned. Since the focus is on calculation of how many units of beer can be bought for a specified book sale price, we might consider fixed prices or have that entered as a parameter.

- For SMS messaging, Twilio and Twilio SMS APIs are directly mentioned:
  - twilio (telephony): For integrating telephony and SMS.
  - twilio-sms (messaging): Specifically for SMS messaging.

Hence, the mashup requires the following categories:

- 'books' and 'ecommerce' for textbook and pricing data integration.
- 'telephony' and 'messaging' for SMS functionality.

APIs that match this requirement:

- Twilio (telephony)
- Twilio SMS (messaging)
- Abebooks (search, books)
- Direct-textbook (ecommerce)
- Amazon Product Advertising (ecommerce)
- Goodreads (books) - optional for book metadata
- Also optionally Shopify Admin or any ecommerce API providing pricing/catalog to simulate textbook sales, but abebooks/direct-textbook are better suited as they specialize in book sales.

Since the problem notably references only Twilio for communications, and the sale of textbooks to beer conversion can be done programmatically once prices are accessible, the essential APIs are Twilio and a book information/pricing API such as Abebooks or Direct-textbook.

**Conclusion**:

- Recommend categories: ['books', 'ecommerce', 'telephony', 'messaging']

- Recommend All matched APIs: ['twilio', 'twilio-sms', 'abebooks', 'direct-textbook']
./output/gpt/plan_and_solve/responses.json
データが保存されました: ./output/gpt/plan_and_solve/responses.json (キー: beer-textbooks-1)
------------------------------
評価中のサービス: wifipdx
Iteration 1, Total call: 176
**Reasoning**:
- The requirements mention WifiPDX, Portland’s wireless Internet connection service, with updated maps and geolocation options.
- The core elements evident here are wireless internet service (Wi-Fi), mapping, and geolocation functionalities.
- The service is associated with providing wireless internet connectivity primarily, thus possibly falling under "wi-fi".
- Since the site version includes updated maps and geolocation options, relevant mapping and geolocation API categories and APIs are key.
- From the given available categories, "wi-fi" is explicitly recognized.
- Also, "mapping" is an appropriate category for handling updated maps and geolocation.
- Reviewing the APIs, several mapping and geolocation-related APIs exist:
  - open-garden (wi-fi) is more about sharing internet and Wi-Fi connections via devices. This aligns well with a wireless internet connection service.
  - google-maps-places, bing-maps, mapquest, openstreetmap, and other mapping APIs can serve for the updated maps and geolocation options.
  - ip2location and smart-ip-geo-ip provide IP-based geolocation services that could support location-based functionality.
- Therefore, the primary categories should be "wi-fi" for the wireless internet service component, and "mapping" for the updated maps and geolocation aspect.
- APIs to recommend include those that specifically support Wi-Fi functionality and geolocation/mapping services:
  - open-garden (for Wi-Fi sharing/service)
  - bing-maps (maps, routes, geocoding)
  - google-maps-places (place information with geolocation)
  - google-maps-geolocation (geolocation based on cell towers and Wi-Fi nodes)
  - openstreetmap (open-source map data and map rendering)
  - ip2location (IP address to location lookup)
  - smart-ip-geo-ip (precise IP geolocation service)
  - mapquest (mapping platform with geocoding and routing)
- These APIs combined would enable WifiPDX to offer robust map displays, place/connection-related geolocations, and Wi-Fi service integration.
  
**Conclusion**:
- Recommend categories: ['wi-fi', 'mapping']
- Recommend All matched APIs: [
    'open-garden',
    'bing-maps',
    'google-maps-places',
    'google-maps-geolocation',
    'openstreetmap',
    'ip2location',
    'smart-ip-geo-ip',
    'mapquest'
  ]
./output/gpt/plan_and_solve/responses.json
データが保存されました: ./output/gpt/plan_and_solve/responses.json (キー: wifipdx-1)
------------------------------
評価中のサービス: biodiversity-taxonomic-catalogue
Iteration 1, Total call: 177
**Reasoning**:
The requirement is to build or find a way to explore all life forms in a taxonomic way, suitable for students, scientists, and curious people. This means the service needs to provide structured biological or biodiversity data with taxonomy information.

Key aspects to consider:
- Taxonomic exploration implies hierarchical data access (Kingdom, Phylum, Class, Order, Family, Genus, Species).
- Target user groups indicate the data should be scientifically reliable or educational.
- The user is interested in two specific APIs: Flickr and GBIF.
- Flickr provides photos which can be useful to visualize life forms.
- GBIF (Global Biodiversity Information Facility) provides access to biodiversity data, species data including scientific names and occurrence records, and classifications that align with taxonomic needs.
- Combining these two APIs (photos from Flickr and biodiversity data from GBIF) can meet the functional and educational goals.

From the provided available APIs:
- GBIF is categorized under "reference" with API description matching exactly the Global Biodiversity Information Facility, providing species data, classifications, and is suitable for the taxonomic exploration need.
- Flickr is categorized under "photos" and provides access to photos that can be used to illustrate or support the exploration of life forms.

Hence, the relevant categories are reference (for taxonomic data) and photos (for images), matching the two APIs mentioned.
APIs matched are GBIF and Flickr.

**Conclusion**:
- Recommend categories: ['reference', 'photos']
- Recommend All matched APIs: ['global-biodiversity-information-facility', 'flickr']
./output/gpt/plan_and_solve/responses.json
データが保存されました: ./output/gpt/plan_and_solve/responses.json (キー: biodiversity-taxonomic-catalogue-1)
------------------------------
評価中のサービス: blizzalert-0
Iteration 1, Total call: 178
**Reasoning**:

Blizzalert is an alert notification service that notifies users about storm events at selected ski areas via text messages. The key functionalities required for the mashup service are:

1. Access to weather forecasts and storm alert data for specific geographic locations — ski areas in this case.
2. The ability to send SMS/text message alerts to users when storm conditions are predicted or occurring.
3. Possibly a way to manage user selections of ski areas they want to monitor.

Breaking down the requirements:

- Weather data (especially storm forecasting) is essential to know when to send alerts. Therefore, APIs related to weather information should be included.
- Messaging APIs are needed to send text message alerts to users.
- Potentially mapping/location APIs could help in defining or selecting ski areas or associating weather data with ski areas, but it may not be strictly required if locations are predefined.

Available categories that fit these needs include:

- weather (to provide storm and weather conditions)
- messaging (to send SMS alerts to users)

Reviewing available APIs for weather:

- aerisweather: Provides weather data including weather advisories, forecasts, storm reports; RESTful JSON API.
- noaa-national-weather-service-nws-ndfd-soap: Provides forecasts, weather watches/warnings, tropical cyclone advisories; XML via SOAP or REST.
- norsway-weather: forecast data for multiple locations globally.
- national-weather-service-ndfd: forecast data with parameters.
- weather-channel (now IBM): weather forecasts and conditions.
- others with similar features.

Messaging APIs:

- twilio: Cloud API for voice/SMS, RESTful, widely used.
- clockwork-sms: SMS gateway service.
- vonage-nexmo-sms: Message sending service via Nexmo.
- pushover-message: Push notifications to mobile devices.
- postalmethods: Postal mail sending (less relevant).
- mailjet, gmail, other email APIs (email not relevant since requirement is for text message).
- amazon-sns: multi-protocol notification system.
- others like slack-real-time-messaging, pubnub, but they are messaging not SMS-centric.

A combination of a reliable weather forecasting API and an SMS gateway API would enable Blizzalert to monitor ski area weather conditions and send notifications via text.

**Conclusion**:

- Recommend categories: ['weather', 'messaging']
- Recommend All matched APIs: ['aerisweather', 'noaa-national-weather-service-nws-ndfd-soap', 'twilio', 'clockwork-sms', 'vonage-nexmo-sms', 'pushover-message']
./output/gpt/plan_and_solve/responses.json
データが保存されました: ./output/gpt/plan_and_solve/responses.json (キー: blizzalert-0-1)
------------------------------
評価中のサービス: tweaker-tweet-speaker
Iteration 1, Total call: 179
**Reasoning**:
The Tweaker the Tweet Speaker application is designed to provide real-time spoken updates of tweets from the global Twitter stream. This requires access to Twitter's global tweet data, filtering or categorizing tweets into specific topics or popular users, and converting those tweets into speech. Hence, there are two main functionalities that need to be integrated:

1. Accessing real-time Twitter data, including tweets by popular users, keywords, or categories.
2. Text-to-speech (voice) capability to vocalize the tweets as they arrive.
   
To fulfill the first requirement, social media or Twitter-related APIs that provide access to tweets, user data, and topics should be used. The second requirement involves voice or speech APIs that can convert text (tweet content) into audible speech.

From the available categories and APIs, the following categories and APIs are relevant:

- **Social:** For accessing Twitter data streams and Twitter user information.
  - The Twitter streaming API allows access to the global Twitter stream in near real-time.
  - The Tagalus API allows access to Twitter hashtags but is limited to tags only.
  - The Twitter Streaming API is explicitly listed and offers real-time access to Twitter data including statuses, trends, and filtered streams.
  - The Twitter Search API can also help in getting tweets by keyword or user, but less real-time than streaming.

- **Telephony / Voice:** For providing capability to vocalize tweets.
  - Twilio API: Provides voice (and SMS) communication APIs and can do text-to-speech to read tweets aloud.
  - Amazon Alexa Skill Voice Service or Google Assistant could be considered but are likely more complex.
  - Basic voice APIs like "voice" category or any text-to-speech APIs, but none explicitly mentioned here.

However, in this list, no directly named or defined text-to-speech APIs are listed. The best candidate would be Twilio's hosted API for voice communications, as it supports voice calls and could be used to read tweets aloud.

Therefore, the two main APIs are:

- Twitter Streaming API from 'social' category for real-time access to tweets.
- Twilio API from 'telephony' category for voice output of tweets.

Alternatively, if there is an Alexa or Google Assistant API from the voice category, it could be considered, but those are not explicitly indicated as text-to-speech APIs. The Alexa Skill Management API or Google Assistant API can enable building voice apps, but may be more complex. Given the brief, Twilio is a robust API to incorporate voice features.

**Conclusion**:
- Recommend categories: ['social', 'telephony']
- Recommend All matched APIs: ['twitter-streaming', 'twilio']
./output/gpt/plan_and_solve/responses.json
データが保存されました: ./output/gpt/plan_and_solve/responses.json (キー: tweaker-tweet-speaker-1)
------------------------------
評価中のサービス: music-spider
Iteration 1, Total call: 180
**Reasoning**:  
The problem describes the creation of a music exploration and sharing service named MSpider.net with the following key features and requirements:

1. **Music Exploration**: 
   - Allows users to explore music from different regions or types.
   - Users might want to hear music related to an artist they enjoy.
   - Ability to generate jukebox-like playlists or background music.

2. **Music source**:
   - The music is located on YouTube, which makes the universe of available content broad — including interviews, live events, singles, and more.
   - The service can leverage YouTube’s large and diverse music catalog.

3. **User stations and sharing**: 
   - Users can create "stations" that compile music or related content.
   - Stations can be shared with friends, specifically via Facebook timeline posts.

4. **Social Sharing and Connectivity**: 
   - Sharing on Facebook implies integration with social networking APIs.

Given these requirements, the solution would involve:

- **Music data and content access**: APIs that provide access to music data and content metadata across various music types. The YouTube API (or associated video APIs) will help to access the music content itself, including videos tagged as music, live events, interviews, etc.

- **Music Catalog and Metadata**: Use music data APIs for artist info, recommendations, and related music exploration to enrich the music experience and recommendations.

- **Video/music playback API**: Since the music is on YouTube, YouTube's API for video search and playback would be essential.

- **Social Sharing**: Facebook API integration for users to share their "stations" via timeline posts.

**Matching Categories**:  
- **music**: For music data, metadata, artist info, recommendations, etc.  
- **video**: Since music is on YouTube, video API is relevant.  
- **social**: For Facebook user data and sharing functionality needed to post stations on timelines.

**Relevant APIs**:  

From the available APIs, the relevant matches would be:

- **music**:  
  - rhapsody: For metadata, search, playback, library, and personal recommendations related to music.  
  - spotify-web: For access to music catalog and user related info.  
  - lastfm: Provides read & write access to music data resources including artists, albums, events, playlists.  
  - bandsintown: For local concerts and music event information, which can enrich music experience.  
  - jamendo: Access to albums, artists, tracks, playlists.  
  - musiXmatch: For lyrics and additional metadata.  
  - soundcloud: Popular audio platform with sharing and upload capabilities.  
  - musikki-music, beatport, blipfm, gruvr: additional music APIs with music data and events.  

- **video**:  
  - youtube: Direct access to YouTube's videos, search, playlist management, upload, and playback. This is primary for the music videos, interviews, live events.  
  - brightcove, dailymotion, vimeo, framey: Video hosting and embedding APIs but YouTube is most relevant here.  

- **social**:  
  - facebook-graph: The Facebook Graph API for sharing "stations" on user timelines and integration of friends, posts, and connections.  
  - linkedin, twitter, instagram-graph, pinterest-domain: Other social networks but Facebook is specified in the requirement.  
  - buffer, scoopit: For social sharing and scheduling.  

The most critical APIs to fulfill the requirements are:  
- The **YouTube API** for video/music content.  
- A **music API** that provides metadata, recommendations, and related artist information such as **rhapsody**, **lastfm**, or **spotify-web**.  
- The **Facebook API** for social sharing features.

**APIs not relevant**: Other categories like payments, analytics, catalog ecommerce, weather, government, etc., are not related to the music exploration, video content, or social sharing.

---

**Conclusion**:

- Recommend categories: ['music', 'video', 'social']  
- Recommend All matched APIs: ['youtube', 'rhapsody', 'spotify-web', 'lastfm', 'bandsintown', 'facebook-graph']
./output/gpt/plan_and_solve/responses.json
データが保存されました: ./output/gpt/plan_and_solve/responses.json (キー: music-spider-1)
------------------------------
評価中のサービス: share-location-twitter
Iteration 1, Total call: 181
**Reasoning**:
The user wants to build a service related to Twitter messages, specifically involving sending a tweet with GPS coordinates and tags for location to a specific Twitter handle (@tweetaloc), and then having those tweets be searchable on that service.

Requirements analysis:
1. The service is centered around Twitter messages related to geolocated content (tweets with GPS coordinates and location tags).
2. It requires interaction with Twitter for posting and retrieving tweets.
3. Searching capabilities over tweets with location and tag data is needed.
4. The service would likely need to handle social data (tweets, hashtags, user mentions).
5. Possibly require geolocation or mapping features to process GPS coordinates.

From the available categories and APIs, let's consider:

- Category: social
  - Twitter-related APIs that pertain to tweets, searching, streaming, or social data.
- Category: mapping
  - For handling or visualizing GPS coordinate data related to the tweets.
- Category: search
  - Given that searchable functionality is desired.
- Category: messaging
  - Twitter is microblogging, but direct messaging and messaging is more specialized; Twitter API is most relevant in social category.
- Category: natural-language-processing
  - If any semantic or tag extraction is needed, but this does not appear to be requested.

From the available APIs related to Twitter/social/search/mapping:

- twitter-streaming: Provides high-throughput near realtime access to Twitter data, filtered by keywords, geolocation, user ID, hashtags, etc. It includes streaming of tweets which is well suited for retrieving geolocated tweets sent to @tweetaloc.
- twitter (deprecated profile): Historical Twitter REST API that includes tweet update timelines, status data, but deprecated.
- twitter-search: Twitter search API (optional restriction on hashtags, language, etc.). Possibly useful for searching tweets matching criteria.
- tagalus: Allows declaring the meaning of Twitter hashtags and accessing them. Could be useful to interpret tags.
- tagalus and twitter-streaming are relevant.
- Additionally, social category with other APIs like facebook-graph, linkedin, but Twitter-based is best fit here.
- Mapping APIs such as bing-maps-search or google-maps-places are also relevant for handling location data. However, the requirement is only about tweets with GPS coordinates indicating location tagging and search on those tweets. If the user wants to show or interpret GPS data on a map, mapping APIs would be beneficial but are not explicitly requested.
- Since the main function is sending/searching tweets with coordinate tags to a Twitter handle, the primary API category should be "social" with Twitter APIs, particularly "twitter-streaming" (for realtime tweet capture), and "twitter-search".
- Also, "tagalus" for tag management if needed.
- For geolocation or mapping enhancement, mapping category APIs (like bing-maps-search) could be secondary but not explicitly required.
- The user wants to send out a tweet with GPS coordinates and tags for location to @tweetaloc. This may involve the Twitter REST API for sending tweets and the Streaming or Search API for retrieving/searching tweets.

**Conclusion**:
- Recommend categories: ['social', 'search', 'mapping']
- Recommend All matched APIs: ['twitter-streaming', 'twitter-search', 'tagalus', 'bing-maps-search']
./output/gpt/plan_and_solve/responses.json
データが保存されました: ./output/gpt/plan_and_solve/responses.json (キー: share-location-twitter-1)
------------------------------
評価中のサービス: geopix-fractal-view
Iteration 1, Total call: 182
**Reasoning**:

The GeoPix fractal view appears to be an application featuring a fractal tiled structure overlaying an interactive map interface. The user manipulates the point of view and zoom scale via the map, and the underlying system dynamically loads the corresponding tiles filled with appropriate images to render the fractal map.

To develop or integrate with such a system, the primary needs include:

1. **Mapping and Geospatial Data Services**:  
   - To display and control an interactive map with zoom and pan controls.  
   - To handle tiled map imagery serving and coordinate transformations.  
   - Possibly to perform geocoding, reverse geocoding, and other spatial queries.

2. **Image Handling Services**:  
   - To retrieve, manage, and render map tiles or fractal imagery corresponding to map areas.  
   - Possibly to integrate with image/photo APIs for fractal tile content.

Considering these needs, the focus is on **mapping** and related **photos/images** categories primarily. Since the fractal view is dynamic and user-controlled, the mapping API must support dynamic requests for specific tile images or map data, preferably with RESTful protocols and JSON/XML responses.

From the available categories, the relevant ones are:

- **mapping**: For interactive maps, geocoding, map tiles, routes, and location data.  
- **photos / images**: For image retrieval and embedding on tiles (if fractal tiles use images from a photo service).  
- **search**: Possibly for image or location search functionality relevant to tiles.  
- **location / geography**: If needed for detailed geospatial or geographical data.  

Among the available APIs in the mapping category, several notable options can support fractal tiled mapping:

- **Bing Maps APIs** (bing-maps, bing-maps-routes, bing-maps-locations, bing-maps-search) offer mapping controls, geocoding, routing, and imagery services suitable for supporting map-based tiled fractal interfaces.  
- **MapQuest APIs** (MapQuest Open Directions, MapQuest Geocoding) enable routing, geocoding, and map services with open data (OpenStreetMap).  
- **OpenStreetMap** ecosystem offers open source mapping data suitable for rendering tiles and use in fractal mapping.  
- **Google Maps and related APIs** (Google Maps Places, Google Geocoding, Google Maps Geolocation, Google Static Maps, Google Maps Distance Matrix, Google Maps Elevation) provide comprehensive map data and imagery.  
- **Mapbox** is a powerful mapping platform for interactive and custom map tiles.  
- Other Geo APIs like **ArcWeb**, **MetaLocator**, **Geonames** can supplement data or services.

For fractal tile images, if the tiles contain photographic or image content, then photos or images categories can be considered such as:

- **Pixabay-Free-Images**, **Flickr**, **500px** (though 500px API is no longer public), **Google Picasa** (deprecated), **Unsplash** (not listed), or general **Images API** for royalty-free images.

However, primarily the mapping category APIs provide map tiles and imagery suited for fractal tiled map applications.

**Conclusion**:

- Recommended Categories: ['mapping', 'photos', 'images']

- Recommended APIs:  
  - 'bing-maps' (Bing Maps for interactive map controls, tiled imagery, and locations)  
  - 'bing-maps-routes' (for route creation if needed)  
  - 'bing-maps-locations' (for location geocoding on tiles)  
  - 'google-maps-places' (for place information on the map)  
  - 'mapbox' (for customizable interactive map tiles suitable for fractal map rendering)  
  - 'openstreetmap' (open source map data and map tiles)  
  - 'mapquest' (mapping platform with directions and geocoding)  
  - 'bing-maps-search' (searching places and properties on map)  
  - 'images' (for integrating clip art or relevant images as fractal tile content)  
  - 'pixabay-free-images' (license-free images for tile filling)  
  - 'flickr' (photo sharing and image retrieval to fill tiles if necessary)

If the fractal tile images are more specialized or custom, more specific image or data APIs relevant to that content may be needed. But for the fractal tiled interactive map with dynamic user control, mapping and image/photo APIs are most suitable.

# Final Recommendation:

**Recommended Categories:**  
['mapping', 'photos', 'images']

**Recommended APIs:**  
['bing-maps', 'bing-maps-routes', 'bing-maps-locations', 'bing-maps-search', 'google-maps-places', 'mapbox', 'openstreetmap', 'mapquest', 'images', 'pixabay-free-images', 'flickr']
./output/gpt/plan_and_solve/responses.json
データが保存されました: ./output/gpt/plan_and_solve/responses.json (キー: geopix-fractal-view-1)
------------------------------
評価中のサービス: music-favmap
Iteration 1, Total call: 183
**Reasoning**:

The requirement is to create a map visualization reflecting the favorite music of Last.fm listeners with the following details:
- A map displaying locations related to these listeners or artists.
- Visualization involves circles whose size and position encode data:
  - Circle size reflects more plays per listener.
  - Circles on the right indicate more plays per listener.
  - Y axis shows chronology: oldest tracks at top.
  - Larger circles mean more plays received by an artist.

To fulfill this, several functionalities are needed:

1. **Music Data**: Access Last.fm's musical data including artists, tracks, play counts, and user listener statistics. This is fundamental as it provides the core music info: artists, play counts, chronology etc.

2. **Mapping**: A map API to create geospatial visualizations is necessary to plot circles at specific locations. The location data might correspond to either the geographic location of listeners or origin of artists/tracks if available.

3. **Visualization**: To effectively render the circles on the map with size and position encoding the data, preferably support for map customization with markers or overlays is needed.

From the provided API list:

- Under **Category: music**:
  - **lastfm**: The Last.fm API provides the ability to build programs using Last.fm data, including artists, tracks, play counts, and user information. It allows obtaining music data needed to build a favorite music map. It supports RESTful API and responses in XML or JSON.
  - Other music APIs (bandsintown, jamendo, soundcloud, spotify-web) are available but have no direct relation to Last.fm listener data.
  
- Under **Category: mapping**:
  - Multiple APIs support mapping like **bing-maps-search**, **google-maps-places**, **mapquest**, **openlayers**, **mapbox**, **microsoft-bing-maps**, **google-geocoding** etc. To create a map visualization where circles can be overlaid in specific ways, we need APIs that allow drawing circles and control size and position.
  - **mapbox** is a good choice as it supports interactive map creation with various overlays including circles, markers, and custom visualization. The description states it allows creating interactive maps and embedding them.
  - **bing-maps** and **microsoft-bing-maps** also offer robust mapping and route/direction functionalities.
  - **google-maps-places** and **google-geocoding** are geospatial data oriented but the original Google Maps API is deprecated in favor of separate APIs.
  - **openlayers** offers dynamic maps and support for vector data overlays, including markers and polygons, ideal for customized visualization.
  
- Under **Category: analytics** or **tools**:
  - While analytics might be useful in data processing, the request specifically is about data visualization on maps. Analytics APIs like Galileo, Google Analytics, or Mixpanel may be overkill or unrelated.

- For chronology and play counts plotting along Y axis and circle size, this will mainly be done on client or server side visualization using the data pulled from the Last.fm API, combined with the mapping API capabilities to place markers with specific size and relative position.

**Therefore, the plan to solve the problem is:**

1. Use **lastfm** API to query the music data:
   - Retrieve top tracks or artists, their play counts, and listener data.
   - Get chronology info for tracks/artists (e.g. release date or first play date).
2. Use a **mapping API** that supports dynamic and customizable map visualization:
   - For example, **mapbox**, **openlayers**, or **bing-maps**.
   - This API will be used to map circles sized by plays and placed accordingly.
3. Implement the visualization logic using data from lastfm and draw the circles accordingly on the map:
   - Position circles on the map related to listener or artist locations (lastfm may give listeners' geolocation or artist origin).
   - Use circle size for the volume of plays.
   - Use the Y axis (vertical positioning) on the map or a separate chart alongside the map for chronology.
4. Possibly combine the map and chart visualization in a mashup or frontend client.

**Conclusion**:

- Recommend categories: ['music', 'mapping']
- Recommend All matched APIs: ['lastfm', 'mapbox', 'openlayers', 'bing-maps', 'microsoft-bing-maps']
./output/gpt/plan_and_solve/responses.json
データが保存されました: ./output/gpt/plan_and_solve/responses.json (キー: music-favmap-1)
------------------------------
評価中のサービス: elseif
Iteration 1, Total call: 184
**Reasoning**:

- Elseif is described as a hangout place for developers, programmers, and hackers.
- It focuses on curated screencasts and the discovery of repositories.
- The "curated set of screencasts" suggests a need for media and video hosting or delivery APIs, to possibly embed or stream video content.
- The "explore and discover the wonderful world of repositories" strongly suggests a need for access to developer and code repository information or services.
- Since it aims to curate content in an easily findable way, some form of content management, search, or categorization APIs may be useful.
- Specifically, APIs related to developers, programming, code repositories, video hosting, and potentially social aspects (developers sharing content) would be relevant.
- Reviewing the available categories and APIs:

1. categories related to developers, programming, repositories:
   - developers
   - tools
   - video (for screencasts)
   - social (for community and sharing aspects)
   - blogging (could be relevant if parts of the content includes blogs)
   - storage or cloud (for hosting media or files)

2. Available APIs that match developer repository or developer tool services:
   - github (Category: tools) - Repository hosting and collaboration.
   - gitlab (Category: developers) - Developer platform for code collaboration.
   - bitbucket is not listed, but GitHub and GitLab are.
   - Additionally, APIs for video hosting to handle screencasts:
     - vimeo (Category: video)
     - brightcove (Category: video)
     - dailymotion (Category: video)
     - youtube (Category: video)
     - framey (Category: video) - for webcam recording (may be relevant)
   - APIs for content management systems or applications:
     - contentful (Category: applications)
     - appharbor (Category: applications)
   - APIs with social features:
     - twitter (although deprecated, twitter-streaming is available for social content)
     - facebook-graph (deprecated)
     - linkedin (Category: social)
- Given the focus on repositories and screencasts, the most relevant are GitHub and GitLab APIs for repository access, and popular video APIs like Vimeo or YouTube for video content access and embedding.
- Possibly also some social APIs if the platform integrates social features.

**Conclusion**:

- Recommend categories: ['developers', 'tools', 'video', 'social', 'applications']

- Recommend All matched APIs: ['github', 'gitlab', 'vimeo', 'youtube', 'brightcove', 'dailymotion', 'contentful', 'appharbor']
./output/gpt/plan_and_solve/responses.json
データが保存されました: ./output/gpt/plan_and_solve/responses.json (キー: elseif-1)
------------------------------
評価中のサービス: kiva-world-map
Iteration 1, Total call: 185
**Reasoning**:
The mashup requires plotting microfinance loans from Kiva lenders on a Google Map. This involves two major functions: 

1. Accessing and retrieving microfinance loan data specifically from Kiva (loans and borrower details).
2. Displaying this information on a map, ideally with interactive features like popups showing loan and borrower details.

Analyzing the given requirements:

- For retrieving microfinance loans data and details about borrowers, we need the Kiva API, which is a financial API related to micro-lending.

- For plotting data on a map with popups, a mapping API such as Google Maps or any similar mapping service is required.

Checking the available APIs and categories:

- The Kiva API is listed under the "financial" category and provides access to micro-lending data.

- For mapping, the Google Maps API would be a natural choice for integration. Among the provided categories and APIs, Google Maps APIs for embedding maps and showing markers are included under "mapping." Note the Google Maps API itself is deprecated and split into multiple ones, but for the sake of this purpose, any capable mapping API available would suffice. For example, Google Maps Places, Google Maps Geocoding, or the Bing Maps API.

- Since the requirement explicitly mentions Google Maps, using the Google Maps suite of APIs (or alternatives like Bing Maps) makes sense. The API should be able to plot points and show popups with details.

In summary, the mashup needs:

- The Kiva API for access to borrower and loan data.

- A mapping API, ideally Google Maps or comparable, for rendering the map and displaying loan info popups.

**Conclusion**:
- Recommend categories: ['financial', 'mapping']

- Recommend All matched APIs: ['kiva', 'google-maps-places']

(Note: If the Google Maps API specifically for plotting and interaction is unavailable, alternatives such as 'bing-maps' or 'bing-maps-search' can be recommended instead.)
./output/gpt/plan_and_solve/responses.json
データが保存されました: ./output/gpt/plan_and_solve/responses.json (キー: kiva-world-map-1)
------------------------------
評価中のサービス: mapmynearest
Iteration 1, Total call: 186
**Reasoning**:
The requirement is to use Google Maps & Places API to make viewing nearby search results easy. The key functionalities needed are mapping and places search. The Google Maps API suite includes different APIs for various mapping needs such as map visualization, geocoding, directions, and places.

From the available API list, the matching API that directly aligns to "Google Maps & Places API" which is used for place searches and returning info about geographic locations or prominent points of interest (POIs). The related category is "mapping".

No direct mention of "Google Maps & Places API" explicitly in the provided APIs, but the closest match from the given list is:

- google-maps-places: Category: mapping, description fits the requirement perfectly: The Google Maps Places API provides information about a place including establishments, geographic locations, and points of interest using HTTP requests and supports place search, details, photos, and autocomplete queries.

Additionally, since the requirement involves viewing nearby search results easily, the relevant category is mapping, and Google Maps Places API is the best fit to fulfill this.

No other API matches the exact requirement of using Google Maps & Places API to handle nearby search results.

**Conclusion**:
- Recommend categories: ['mapping']
- Recommend All matched APIs: ['google-maps-places']
./output/gpt/plan_and_solve/responses.json
データが保存されました: ./output/gpt/plan_and_solve/responses.json (キー: mapmynearest-1)
------------------------------
評価中のサービス: icommunity.tv
Iteration 1, Total call: 187
**Reasoning**:
The described service, iCommunity.TV, is a collaborative broadcast network focused on local news with an emphasis on citizen reporting using video media. The core needs for such a mashup likely include:

1. Video Content Management and Delivery: The platform must support uploading, hosting, streaming, and managing videos contributed by citizens.

2. Media Metadata and Search: To organize local news content, enriched metadata and search capabilities for videos and news content are essential.

3. News Content Aggregation: For local news, integrating or sourcing news data (events, articles, and potentially citizen reports) can enrich the platform.

4. Collaboration and Social Features: Since it is collaborative, APIs enabling social interaction, user management, sharing, and possibly real-time communication (chat, comments) would be relevant.

5. Location/Mapping: Since it’s about local news, geolocation and mapping capabilities help display or filter news or videos based on location.

6. User Authentication and Management: To manage contributors and viewers.

7. Possibly Analytics: For measuring video views, user engagement, etc.

From the available categories and APIs:

- **Video**: There are several video platform APIs such as Brightcove, YouTube, Vimeo, Dailymotion, Roku Web Service, OtNet.tv, and Stupeflix which help in hosting, managing, and streaming video content.

- **News-Services**: APIs like the Guardian, Reuters Spotlight, New York Times, and Webhose.io offer access to news content that can be integrated.

- **Social**: APIs such as Facebook Graph, Twitter Streaming, NationBuilder, Meetup, and others provide social network capabilities and integration.

- **Mapping**: Multiple robust mapping APIs (Bing Maps, Google Maps Places, MapQuest, OpenLayers, Mapbox etc.) can support geo-location tagging of news or visualization of local news geographically.

- **Chat**: APIs such as QuickBlox, Campfire, Mesibo provide real-time chat or communication facilities if collaborative interaction is involved.

- **Authentication**: There are authentication APIs such as google-web-authentication, yahoo-bbauth, Janrain Engage to manage user sign-on.

- **Analytics**: APIs like Google Analytics, Mixpanel, New Relic, Galileo for monitoring and analytics.

Looking further, the core emphasis is on video and local news, so prioritizing video, news-services, social, and mapping categories is logical.

Among video APIs, Brightcove, YouTube, Vimeo, and Dailymotion are prominent platforms that support video hosting and streaming.

For news-services, integrating sites such as the Guardian or Reuters can enrich content.

Social APIs for collaboration and sharing, especially Twitter (tweets on local events), Facebook, and Meetup (local events) are useful.

Mapping APIs help show local events or the location of the citizen report.

Authentication ensures user management.

Hence, these categories are most aligned.

**Conclusion**:

- Recommend categories: ['video', 'news-services', 'social', 'mapping', 'authentication', 'chat', 'analytics']

- Recommend All matched APIs: ['youtube', 'brightcove', 'vimeo', 'dailymotion', 'guardian', 'reuters-spotlight', 'webhoseio', 'facebook-graph', 'twitter-streaming', 'meetup', 'nationbuilder', 'bing-maps-search', 'google-maps-places', 'mapquest', 'openlayers', 'mapbox', 'janrain-engage', 'google-web-authentication', 'quickblox', 'campfire', 'mesibo-server-side', 'google-analytics-core-reporting', 'mixpanel', 'galileo']
./output/gpt/plan_and_solve/responses.json
データが保存されました: ./output/gpt/plan_and_solve/responses.json (キー: icommunity.tv-1)
------------------------------
評価中のサービス: initt
Iteration 1, Total call: 188
**Reasoning**:

1. The requirement is to create "Initt," a simple start page created for Spanish-speaking countries. A start page typically serves as a launchpad or dashboard for users, providing quick access to essentials like search engines, news, weather, local information, social media, email, and possibly language or cultural relevant content.

2. Key aspects to consider for a start page tailored for Spanish-speaking countries:
   - Localization of content (language and region-specific).
   - Access to relevant search engines, news, weather, maps, and social networking.
   - Access to local information such as events, communities, and recommendations.
   - Simple and quick lookups of commonly used services.
   - Support for Spanish content, or at least general global content with Spanish localization where possible.

3. Based on the available categories and APIs, the categories that would suit a start page experience are:
   - search: For providing search functionality and localized queries.
   - news-services: To deliver the latest news tailored for Spanish-speaking users.
   - weather: To show localized weather information.
   - social: To integrate social networks or data that might appeal to users.
   - mapping: To include local maps, directions, and geo information.
   - email: For integration with common mail providers to provide quick access or notifications.
   - bookmarks: For managing quick access links or for content curation.
   - translation or language: If language detection or multilingual support is needed.
   - events: For displaying local events or cultural happenings.
   - recommendations: For localized recommendations on food, places, or entertainment.

4. Additionally, since the users are Spanish-speaking, it is important to include APIs that support Spanish or are global with support for Spanish language content or region-specific data for Spanish-speaking countries.

5. Reviewing the APIs for relevant and popular global services:
   - Search: Google Custom Search, Bing Search, Yahoo Local Search, Yummly (for recipes), Open Movie Database, vast, etc.
   - News: New York Times, Guardian, Webhose.io, Reddit, Reuters, Daylife, etc. (though mostly English, still news feed sources).
   - Weather: AerisWeather, National Weather Service, Openweathermap (deprecated), Norway Weather, etc.
   - Social: Facebook Graph (no longer available, but Facebook API exists), Twitter Streaming (deprecated), LinkedIn, Foursquare, Tumblr, Buffer, etc.
   - Email: Gmail API, Mailjet, Sendgrid, Mailgun, etc.
   - Mapping: Google Maps Places, Bing Maps, MapQuest, OpenStreetMap, etc.
   - Language/Translation: Microsoft Translator, Google Cloud Translation.
   - Events: Eventbrite, Eventful, Brown Paper Tickets, Active.
   - Recommendations: Yelp Fusion, Trakt TV, Rotten Tomatoes, etc.

6. For Spanish-speaking countries, regional or global services with multi-language support are preferred, such as:
   - Google Custom Search (can be localized).
   - Bing Maps and Bing Search.
   - Yahoo Local Search with Spanish content (Yahoo serves many Spanish-speaking users).
   - AerisWeather or Norway Weather for weather.
   - Social networks like LinkedIn, Buffer, and Tumblr, which have Spanish users.
   - Eventbrite and Eventful for events.
   - Email providers like Gmail for ease of access.

7. Including API categories for backend or tools is less relevant to user-facing start page.

**Conclusion**:

- Recommend categories:
  ['search', 'news-services', 'weather', 'social', 'mapping', 'email', 'events', 'recommendations', 'language', 'bookmarks']

- Recommend APIs:
  [
    'google-custom-search',  // for localized search capabilities
    'bing',  // for search integration
    'yahoo-local-search',  // local business and search data for Spanish users
    'aerisweather',  // global weather data with localization
    'norway-weather',  // weather alternative
    'new-york-times-article-search', // news data
    'guardian',  // news services
    'webhoseio',  // news/web data aggregation
    'eventbrite',  // events platform
    'eventful',  // large event database
    'buffer',  // social media management and posting
    'linkedin',  // business social network with global user base
    'tumblr',  // social blogging platform
    'gmail',  // email access and notifications
    'mailjet',  // email platform
    'mailgun',  // email services
    'bing-maps',  // mapping and location data
    'google-maps-places',  // place search and maps
    'openstreetmap',  // open mapping data
    'yelp-fusion',  // recommendations for businesses and venues
    'yummly',  // recipe search (popular content)
    'pocket',  // bookmarking & reading later
    'zotero',  // bookmarking for research and reading
    'microsoft-translator',  // translation services
  ]
./output/gpt/plan_and_solve/responses.json
データが保存されました: ./output/gpt/plan_and_solve/responses.json (キー: initt-1)
------------------------------
評価中のサービス: knowledgetree-live
Iteration 1, Total call: 189
**Reasoning**:
KnowledgeTreeLive is a hosted, on-demand document management system that provides functionality around managing documents, securing them, and enabling collaboration. This suggests the need for APIs related to document storage, content management, user authentication/security, and collaboration tools. 

To propose suitable API categories and services, consider these factors:  
1. Document Management: Requires APIs that allow uploading, organizing, editing, searching, and retrieving documents. These may belong to categories like "office", "content", "storage", or "cloud".  
2. Security: Protecting documents typically involves authentication, access control, and possibly digital signatures or encryption. This aligns with categories like "security", "authentication", or "electronic-signature".  
3. Collaboration: Supporting multiple users working on documents simultaneously or in a workflow requires project-management or collaboration-oriented APIs, or chat/messaging APIs for communication.  
4. Integration & Extensions: The system might expose APIs that enable integration with other services and custom apps.

Let's break down the categories and then identify matching APIs that fit KnowledgeTreeLive's document management, security, and collaboration functions:

- office: APIs related to document editing, creation, collaboration, merging, and management. Examples: WorkflowMax (project and job management), Scribd Platform for document hosting, actual-reports for printing and reports, google-cloud-print (printing service).  
- content: Content management platform APIs like Box, Contentful. Useful for managing documents and metadata.  
- storage: APIs like Google Drive, Amazon S3, Rackspace Cloud Files, Dropbox, SugarSync for storing documents on the cloud.  
- security or authentication: For managing secure access, single sign-on, and authorization controls. Examples: google-recaptcha, google-web-authentication, janrain-engage (social login), google-single-signon (SAML based SSO), docusign-enterprise (electronic signature).  
- electronic-signature: For signing documents legally online, e.g., DocuSign.  
- project-management: APIs that allow managing workflows and collaboration, e.g., basecamp, harvest, intellinote, conceptshare.  
- collaboration/chat: Messaging or chat APIs like quickblox, campfire, hipchat, slack, mesibo, to support collaborative communication.  

Among the available APIs, the closest ones that cover core document management and content collaboration include:  
- scribd-platform (office): REST API to upload, convert, search, manage documents.  
- box (content): Content management platform, secure content storage and collaboration features.  
- google-drive (storage): Cloud document storage and integration.  
- dropbox (storage): Cloud storage and synchronization.  
- sugarsync (storage): Cloud storage and syncing for files.  
- docusign-enterprise (electronic-signature): For integrating electronic document signing functionality.  
- workflowmax (project-management): Job and invoice/project management which may be useful in document collaboration workflows.  
- basecamp (project-management): Project collaboration with messaging and document sharing.  
- conceptshare (project-management): Online design collaboration including commenting and managing participants, which is relevant for document collaboration.  
- quickblox (backend/chat): Real-time messaging, voice/video chat for collaboration.  
- slack-web or slack-real-time-messaging (tools/messaging): Team chat platforms useful for collaboration.  
- janrain-engage (security): Social login and authentication.  
- google-single-signon (security): SAML-based SSO for secure authentication.

Since KnowledgeTreeLive is a document management platform, the emphasis should be on "office", "content", "storage", "security", and "project-management" categories along with collaboration/messaging to facilitate user collaboration. 

**Conclusion**:  
- Recommend categories: ['office', 'content', 'storage', 'security', 'project-management', 'messaging', 'electronic-signature']  
- Recommend All matched APIs: [  
  'scribd-platform',  
  'box',  
  'google-drive',  
  'dropbox',  
  'sugarsync',  
  'docusign-enterprise',  
  'workflowmax',  
  'basecamp',  
  'conceptshare',  
  'quickblox',  
  'slack-web',  
  'slack-real-time-messaging',  
  'janrain-engage',  
  'google-single-signon'  
]
./output/gpt/plan_and_solve/responses.json
データが保存されました: ./output/gpt/plan_and_solve/responses.json (キー: knowledgetree-live-1)
------------------------------
評価中のサービス: youtube-video-map
Iteration 1, Total call: 190
**Reasoning**:

The user's requirement is an advanced search tool for YouTube videos with integration of Google Maps. The search filters needed include category, upload date, time, city, and keyword.

Let's analyze the requirements step-by-step:

1. **YouTube Video Search**:  
   We need an API to search YouTube videos programmatically. It should allow filtering or querying videos based on keyword, category, upload date/time, etc.  
   - There is "youtube" API under the video category, which provides search and video retrieval capabilities.
   - The YouTube Data API supports searching videos by keywords, categories, upload date, and more.

2. **Google Maps Integration**:  
   The tool should leverage Google Maps for searching videos geographically or using city/location as a filter.  
   - For mapping and location-based data for city, coordinates, or geolocation, selecting a Google Maps or mapping API that supports place or location queries is essential.
   - Among the mapping APIs, "google-maps-places" offers a service that returns information about places including establishments or geographic locations from latitude/longitude.
   - "google-geocoding" API allows converting addresses into lat/long coordinates and vice versa.
   - "google-maps-geolocation" API provides location based on cell towers or wifi.
   - The "youtube" API itself does not have direct mapping/location based filtering, so we use Google Maps APIs alongside it.

3. **Query Results by Category, Upload Date, Time, City, and Keyword**:  
   - YouTube video API allows search with keywords and filter by category, upload date, and time.
   - To filter by city, the search tool may need to convert city names to geocoordinates via geocoding and then either use location metadata of videos or map the video locations accordingly.
   - Location data filtering on YouTube videos is limited but typically videos may have location tags, so filtering results geographically combines YouTube search and Google Maps geolocation services.

**Plan to address the problem**:

- Use the "youtube" API to search for videos and apply filters for keyword, category, upload date, and time.
- Use "google-maps-places" or "google-geocoding" API to convert city names into geographic coordinates.
- Optionally, use these coordinates or place IDs to help further filter or narrow down videos by geographic location.
- Build the interface to combine search results from YouTube and overlay/select locations using Google Maps data.

**Conclusion**:  
- Recommend categories: ['video', 'mapping']  
- Recommend All matched APIs: ['youtube', 'google-maps-places', 'google-geocoding']

These APIs combined can implement a search tool for YouTube videos with geographic filtering and map integration as requested.
./output/gpt/plan_and_solve/responses.json
データが保存されました: ./output/gpt/plan_and_solve/responses.json (キー: youtube-video-map-1)
------------------------------
評価中のサービス: escnostalgia
Iteration 1, Total call: 191
**Reasoning**:
The ESCNostalgia service aims to provide an archive and rediscovery platform for Eurovision Song Contest events from 1957 to today. The features include:

- Displaying past event data, results, and performance histories.
- Integrating video content for performances, presumably through YouTube.
- Integrating audio content for listening to the songs, presumably through Spotify.

For this mashup, the main requirements are:

1. A comprehensive database or APIs that offer historical event data, including contest results and metadata about songs and performances across many years.

2. Access to music content (audio streaming) that is linked to the historical contests to allow users to listen to the songs.

3. Access to video content to display videos of the performances.

4. Possibly, official or community-driven APIs that provide rich metadata on music and entertainment events.

Looking into the available categories and APIs, we want to identify those that fit these needs:

- "entertainment": APIs providing data about entertainment events.
- "music": APIs providing music catalogs, metadata, and streaming integration (Spotify, or similar).
- "video": APIs providing video hosting and playback capabilities (e.g., YouTube).
- "events": APIs related to events, including concerts and other live performances.
- "news-services": may provide relevant archived news about events.
- Possibly "search" and "media" categories if relevant for content discovery.
- Possibly "social" if user interaction or social features are needed (not explicitly requested here).

Reviewing the available APIs for matching functionality:

- music:
  - spotify-web: The Spotify Web API provides access to the Spotify music catalog including artists, albums, and tracks. This is an ideal choice to integrate listening functionality.
  - jamendo: Access to albums, artists, tracks, playlists, reviews.
  - bandsintown: Concert listing and live music recommendations (more about concerts than past archival data).
  - lastfm: Music data and metadata including artists, albums, playlists.
  - musixmatch: Lyrics and artist metadata.
  - discogs: User-built database of artists and labels.
  - playme: Large song catalog with streaming and download.
  - blipfm, idiomag, musikki-music: Various music metadata and streaming APIs.
  - bandcamp: Music discovery and sales.
  
- video:
  - youtube: Provides searching for videos and retrieving video content. Ideal for integrating video of performances.
  - brightcove, dailymotion, vimeo, embedly: Other video platforms but YouTube is most popular and specified.

- entertainment:
  - movie-database-tmdb: Focused on movies and TV shows, likely less relevant for Eurovision.
  - rovi-cloud-services: Metadata and recommendations related to entertainment; may be useful.

- events:
  - eventbrite, eventful, active: APIs for various events including concerts and sports.
  - bandsintown covers concerts and music events.
  - Sabre Travel Network is a travel marketplace, not relevant here.

- search:
  - google-custom-search: Could be used to enable search functionality for ESC content.
  - primal: Content search and interest graphs.
  - open-movie-database: For movie data, less relevant.

- social:
  - facebook-graph, twitter, tumblr, vk, linkedin: Social APIs, probably optional here.

Therefore, for core needs:

- To retrieve historical ESC results and event info, we will need a content repository or have to rely on specific event data. From the listed APIs we do not see specialized ESC or Eurovision event data. So the best option might be to use:
  - "entertainment" category APIs like rovi-cloud-services to get metadata about events, artists, and performances if applicable.
  - "music" category APIs to access music catalog info and streaming (spotify-web).
  - "video" category APIs to play performance videos (youtube).

Hence, the recommended categories are: [music, video, entertainment, events]

Recommended APIs:

- spotify-web (music streaming for songs)
- youtube (video hosting and playback for performances)
- rovi-cloud-services (metadata, recommendations, entertainment info)
- bandsintown (for concert/event info, if used to supplement)
- eventful or eventbrite (event data, if relevant)
- lastfm or discogs (music metadata and artist info, optional)

However, since the requirements specifically mention Spotify and YouTube integrations for audio and video, those two APIs are definite.

For the chronological ESC event data with results and performances, no specialized API is listed. The mashup may rely on an internal database or site data for ESC event metadata.

**Conclusion**:
- Recommend categories: ['music', 'video', 'entertainment', 'events']
- Recommend All matched APIs: ['spotify-web', 'youtube', 'rovi-cloud-services']
./output/gpt/plan_and_solve/responses.json
データが保存されました: ./output/gpt/plan_and_solve/responses.json (キー: escnostalgia-1)
------------------------------
評価中のサービス: tv.listandplay.com
Iteration 1, Total call: 192
**Reasoning**:

The user wants to enter 1 song and get 150 similar songs back, effectively creating a music discovery and playlist generation service, akin to a personalized MTV. They also want integration with Last.fm and Youtube services, and Facebook integration for discovering music friends like. Additionally, Bit.ly is used for sharing playlist URLs.

Breaking down requirements:

1. Input a single song and get a large number (around 150) of similar songs.
   - This requires music metadata, music recommendation, and music discovery APIs.
2. Combine Last.fm & YouTube functionalities.
   - Last.fm API offers artist, album, track data and recommendations.
   - YouTube API allows video search (music videos), playback, and playlist management.
3. Facebook integration to discover music friends like.
   - Social API for accessing user friends and preferences.
4. Bit.ly for shortening URLs to share playlists.
   - URL shortening API.

Matching categories:

- music (for track and artist data and recommendations)
- video (for YouTube videos)
- social (for Facebook integration)
- url-shortener (for Bit.ly URL shortening)

Matching APIs:

1. Last.fm API (music): Provides music metadata, user listening history, and recommendations.
2. Youtube API (video): Used for searching music videos on YouTube, managing playback.
3. Facebook Graph API (social): For integrating Facebook friend data and preferences related to music.
   - Note: Facebook API is deprecated but Facebook Graph API is a replacement.
4. Bit.ly (url-shortener): For shortening playlist URLs for easy sharing.

Additional notes:

- None of the given APIs explicitly combine Last.fm & YouTube & Facebook & Bit.ly, so mashup of multiple APIs is needed here.
- Last.fm provides similar song recommendations.
- YouTube can provide videos for songs.
- Facebook API helps discover friends' liked music.
- Bit.ly API shortens the playlist link.

**Conclusion**:

- Recommend categories: ['music', 'video', 'social', 'url-shortener']
- Recommend all matched APIs: ['lastfm', 'youtube', 'facebook-graph', 'bitly']
./output/gpt/plan_and_solve/responses.json
データが保存されました: ./output/gpt/plan_and_solve/responses.json (キー: tv.listandplay.com-1)
------------------------------
評価中のサービス: acid-reflux-information-site
Iteration 1, Total call: 193
**Reasoning**:

The requirement is to build a site that provides reliable and concise information about Acid Reflux. The site must be produced within a 5-day time constraint and use multiple APIs to pull in content about this condition.

Step 1: Understand the domain and content needed. Acid reflux is a medical condition, so we need medically relevant data and trusted content on symptoms, causes, treatments, and possibly research or patient resources.

Step 2: Given the 5-day constraint, using already available content APIs or curated databases is preferable rather than building data from scratch or crawling.

Step 3: We look for categories relevant for providing medical information, trusted content, and articles such as:
- medical
- education (for authoritative info from museums or schools)
- news-services (for latest news about medical developments)
- reference (for trusted encyclopedic content)
- social (for patient communities or social sentiment)
- natural-language-processing or text (for content analysis or summarization if needed)

Step 4: Identify APIs among available ones that provide relevant content:
- **NHS (medical):** Provides API with health content including Conditions, Medicines, Videos, and more. NHS is a trustworthy source.
- **National-library-medicine-dirline (medical):** Provides info about organizations, research resources, projects relevant to health and biomedicine.
- **Healthfindergov (government):** Offers Quick Guide to Healthy Living; customizable health content.
- **Wikipedia (reference/wiki):** Wikipedia API can provide general info on Acid Reflux.
- **Altmetric (education):** Tracks social media mentions about scientific articles, could be useful for latest scientific interests.
- **Mendeley (science):** Researcher-oriented platform to access scientific papers and documents.
- **Wolfram-alpha (reference):** Can provide computations and curated knowledge.
- **Medline (If available) or PLoS Search (reference):** For scientific article access.
- **Guardian (news-services):** Can provide journalistic content.
- **Webhoseio (news-services):** Aggregates web data including news and blogs.
- **NPR-one-station-finder, New-york-times-archive (news-services):** For past and current news articles.
- **Yummly (search):** Although primarily for recipes, nutrition-related APIs can be helpful.
- **DocuSign or other electronic-signature APIs irrelevant here.**
- **Google Books or Goodreads (books) could be useful for medical books or literature references.**

Step 5: Given the tight timeline, some good choices to quickly get authoritative and trustworthy content include NHS, Wikipedia, Healthfindergov, and possibly news aggregation APIs like Guardian or Webhoseio.

Step 6: Using natural language processing or text similarity APIs (RxNLP-text-similarity, NLPTools) could help in content summarization or filtering to ensure conciseness.

Step 7: Since the site focuses on Acid Reflux information, images might be helpful. So, APIs from photos category (e.g., Pixabay-free-images) might be useful to get medical illustrations.

Step 8: Social or community-driven APIs (e.g., Scoop.it, Scoop.it for content curation, or social sentiment APIs) might be used to provide user discussions or sentiment about Acid Reflux.

Step 9: For overall project management, a well-structured approach is:
- Use medical APIs (NHS, Healthfindergov) as primary source for trusted medical info.
- Use reference APIs (Wikipedia, Wolfram-alpha) for general knowledge coverage.
- Use news APIs (Guardian, Webhoseio) to keep the site updated with latest news.
- Use text processing APIs for making content concise and relevant.
- Use photos API to enrich content with images.
- Optional: use social APIs to show community or patient discussions.

Step 10: Check feasibility and availability:
- NHS API requires registration but offers rich medical content.
- Wikipedia is free and widely used for general info.
- Healthfindergov is a US government health API, good for authoritative content.
- Guardian and Webhoseio provide news content that could be filtered for Acid Reflux.
- NLPTools or RxNLP will help in text mining or similarity to extract relevant summaries.
- Pixabay for free medical images.
- Altmetric and Mendeley for scientific article metadata if needed.

**Conclusion**:

Recommend categories: ['medical', 'education', 'reference', 'news-services', 'text', 'photos', 'natural-language-processing']

Recommend All matched APIs: [
- 'nhs' (medical trusted content on conditions, live well, medicines)
- 'healthfindergov' (government health content)
- 'wikipedia' (reference free encyclopedia information)
- 'guardian' (news-services for latest news articles)
- 'webhoseio' (news-services for aggregated web content)
- 'pixabay-free-images' (photos for medical images)
- 'rxnlp-text-similarity' or 'nlp-tools' (text processing and NLP)
- 'altmetric' (education: scientific article mentions)
- 'mendeley' (science: scientific literature metadata)
- 'wolfram-alpha' (reference: computational knowledge)
]

This set of categories and APIs meets the requirement to produce a site with authoritative, reliable, and concise information about Acid Reflux within 5 days by leveraging existing medical content, reference information, news updates, and text summarization tools.
./output/gpt/plan_and_solve/responses.json
データが保存されました: ./output/gpt/plan_and_solve/responses.json (キー: acid-reflux-information-site-1)
------------------------------
評価中のサービス: umapitup
Iteration 1, Total call: 194
**Reasoning**:
The requirement is for a mashup service named uMapItUp.com that combines advanced mapping capabilities with YouTube video search based on geographic location and additional search parameters such as keywords, author, timeframe, and radius. The purpose is purely for entertainment.

1. Core functionalities needed:
   - Mapping service that allows interaction based on geographic coordinates.
   - Search functionality for YouTube videos filtered by location and other video parameters.
   - Integration of video content (YouTube).
   - Filters including keyword search, author (video uploader), timeframe, and search radius.
   
2. Mapping API:
   - The Google Maps API is mentioned as part of the underlying tech.
   - Looking into available mapping APIs that support geo-based searches and displaying geolocated data.
   - The YouTube Data API is also mentioned, so we need an API that offers YouTube search access, especially geo-filtered.

3. Available APIs and categories relevant to the task are:
   - Categories: mapping and video.
   - APIs:
      - Under mapping:
        - Several Google Maps related APIs:
          - google-maps-places (search for places and POIs with location)
          - google-maps-geocoding (convert addresses/coordinates)
          - google-maps-distance-matrix (travel time/distance)
          - google-maps (legacy)
          - google-maps-elevation, street view, static maps
        - bing-maps (mapping, routes, geocode dataflow)
        - mapbox (mapping tools)
        - openlayers, openstreetmap (open source mapping tools)
        - mapquest (mapping)
        - google-maps-geolocation (location based on cell towers/WiFi)
        - google-maps-places (to search for places and points of interest, helpful for geo search)
      - Under video:
        - youtube (Data API)
        - brightcove, dailymotion, vimeo, etc. (alternative video services)
        
4. Since the requirement specifically mentions Google Maps API and YouTube Data API, these match perfectly:
   - The "youtube" API is exactly the YouTube Data API - it allows searching for videos, retrieving feeds, performing searches and can filter by geographic parameters.
   - The Google Maps related APIs allow geocoding, map display, places search, distance matrix and more, which suits the mapping requirement.

5. Entertainment aspect:
   - The data served is for user entertainment by searching YouTube videos in a geographic context.

6. Therefore, the recommended categories are:
   - mapping
   - video
   
7. The recommended APIs that match the requirement from the list:
   - google-maps-places (for location-based place searches related to mapping)
   - google-maps-geocoding (for geocoding addresses or converting locations)
   - google-maps (if legacy Google Maps Api access is allowed)
   - youtube (YouTube Data API for video search and retrieval by location, keyword, author, timeframe, radius)
   
8. While the user mentions Google Maps API specifically, YouTube Data API as well, additional Google Maps APIs may be useful, but the key APIs are the YouTube API and the Google Maps Places API (which supports geographic queries).

**Conclusion**:
- Recommend categories: ['mapping', 'video']
- Recommend All matched APIs: ['google-maps-places', 'google-maps-geocoding', 'youtube']
./output/gpt/plan_and_solve/responses.json
データが保存されました: ./output/gpt/plan_and_solve/responses.json (キー: umapitup-1)
------------------------------
評価中のサービス: fedex-office-and-box.net
Iteration 1, Total call: 195
**Reasoning**:

The requirement is to enable Box.net users to send documents from their Box.net account to FedEx for printing and shipping. The problem can be broken down as follows:

1. Access documents from users' Box.net accounts:
   - This involves integrating with Box.net to access and retrieve documents programmatically.
   - We need an API under the "content" or "storage" category that provides access to Box.net files.

2. Send documents to FedEx for printing and shipping:
   - This requires integration with FedEx's API services that support document shipping, printing, and possibly label generation.
   - We need an API under the "shipping" category that allows sending documents or shipping packages.

3. Workflow:
   - User selects document(s) from their Box.net storage.
   - The system sends these document files to FedEx's service for fulfillment (print + ship).
   - Optionally, track shipment or get status updates.

From the Available categories and APIs:

- For Box.net users, the suitable category for accessing files is "content" or "storage". The API "box" under "content" matches Box.net users accessing and managing files.

- For interfacing with FedEx to ship the documents, we need a "shipping" category API. The "fedex" API listed provides ability to integrate FedEx shipping functionality such as shipment processing, tracking, rate gathering, label generation, and pickup booking.

Therefore, to solve this problem, integration with "box" API for file access and "fedex" API for shipment is needed.

**Conclusion**:

- Recommend categories: ['content', 'shipping']
- Recommend All matched APIs: ['box', 'fedex']
./output/gpt/plan_and_solve/responses.json
データが保存されました: ./output/gpt/plan_and_solve/responses.json (キー: fedex-office-and-box.net-1)
------------------------------
評価中のサービス: sms-team
Iteration 1, Total call: 196
**Reasoning**:

The user wants to build a cost-effective app to mass notify a team using SMS. The app will also integrate Google Contacts to quickly access contacts without managing a separate address book.

Let's break down the requirements and figure out the needed features and supporting API categories:

1. **Mass SMS notification**:  
   - The app needs SMS sending capabilities in bulk or mass mode to notify all team members efficiently.  
   - The SMS functionality should include sending and potentially tracking messages.  
   - This falls under the **messaging** category and possibly **telephony** category.

2. **Google Contacts integration**:  
   - The app requires functionality to access, read, and possibly manage contacts from Google Contacts.  
   - This relates to accessing personal or organizational contact data, so the **other** category (since Google Contacts is under "other") is applicable.

3. **Cost-effectiveness**:  
   - Among the APIs that provide SMS functionality, we want ones that are widely used, reliable, and scalable, with pricing models suitable for mass notifications.

4. Combining the APIs:  
   - We can use an SMS API for sending messages; options include Twilio SMS, Clockwork SMS, Mogreet, Vonage Nexmo SMS, and others.  
   - To integrate Google Contacts, the "google-contacts" API is suitable to access the contacts data.

Now, let's identify the APIs matching those needs:

**Messaging APIs for SMS sending (mass notification):**  
- **twilio-sms** (Category: messaging)  
- **clockwork-sms** (Category: messaging)  
- **mogreet** (Category: messaging)  
- **vonage-nexmo-sms** (Category: messaging)  
- **pubnub** (Category: messaging) - but more for real-time messaging than bulk SMS  
- **sms** (Category: messaging) - generic SMS API  
- **custom gateways** like business-alerts (push notifications but not SMS), postalmethods (physical mail), etc.

Among these, **twilio-sms** is a very popular, scalable and flexible API, widely regarded as cost-effective for mass SMS.  
Other options like **clockwork-sms**, **mogreet**, and **vonage-nexmo-sms** also provide SMS API capabilities. They can be evaluated depending on pricing and regional availability.

**Google Contacts access:**  
- **google-contacts** (Category: other). Allows applications to view and update contacts content via Google Data API feeds.

Therefore, we need to choose the following categories:  
- **messaging** (to send SMS notifications)  
- **other** (for accessing Google Contacts API)  

Is there a better category for Google Contacts? The list places google-contacts in "other" category. So "other" is suitable.

**Conclusion**:

- Recommend categories: ['messaging', 'other']  
- Recommend All matched APIs: ['twilio-sms', 'clockwork-sms', 'mogreet', 'vonage-nexmo-sms', 'sms', 'google-contacts']
./output/gpt/plan_and_solve/responses.json
データが保存されました: ./output/gpt/plan_and_solve/responses.json (キー: sms-team-1)
------------------------------
評価中のサービス: twitter-spy
Iteration 1, Total call: 197
**Reasoning**:

The requirement is to display the Twitter public timeline in real-time with Google Maps integration. This task involves:

1. Accessing Twitter public timeline data in real-time.
2. Integrating the retrieved Twitter data with a mapping service, specifically Google Maps, to display geographic information (e.g., location tags associated with tweets).

Breaking down the components:

- **Twitter Real-time Public Timeline**: 
  We need an API that provides near real-time access to Twitter's public tweets. 
  From the available APIs, the **"twitter-streaming"** API allows high-throughput near-real-time access to various subsets of Twitter data, including public statuses filtered by keywords, user ID, or location. This is the closest match for Twitter's real-time public timeline.

- **Google Maps Integration**:
  For mapping, we need APIs that provide Google Maps functions such as displaying maps, geocoding, placing markers, etc.
  
  While the original "Google Maps API" is no longer available, the ecosystem provides multiple Google Maps related APIs as alternatives:
  - **google-maps-places**: returns info about geographic locations and points of interest; useful for enriching location data but not central to the display of the map.
  - **google-maps-geocoding**: converting address/location names to latitude/longitude, useful if tweets only provide text locations.
  - **google-maps-geolocation**: determines location based on cell towers or wifi, potentially useful for geolocating users/devices.
  - **google-maps-distance-matrix, google-maps-elevation, google-maps-routes**: useful for directions or map enhancements but less central.
  - **google-static-maps**: allows embedding of a static map image showing pins, good for displaying locations on a map.
  
  The **Google Static Maps API** could be useful for simple map image embedding with location data.
  
  Also, **bing-maps-search** or **bing-maps-locations** are alternatives for mapping but since the requirement states Google Maps specifically, Google Maps related APIs are better.

- **Displaying Tweets on Map**:
  Tweets can contain geo-coordinates that can be used directly as markers on the map.
  If not, the geolocation APIs (geocoding) can help convert text-based locations from tweets to coordinates.

- **Real-time Update with Map**:
  Combining the "twitter-streaming" API for live tweet data with Google Maps API for mapping visualizations fulfill the requirement.

Other relevant considerations:

- The twitter-streaming API provides data in JSON/XML that can be parsed and extracted for geolocation metadata.
- Google Maps APIs require API keys and proper authentication, typical for integration.

**Conclusion**:

- Recommend categories: ['social', 'mapping']

- Recommend all matched APIs: ['twitter-streaming', 'google-maps-places', 'google-maps-geocoding', 'google-static-maps']

These APIs collectively enable accessing the real-time Twitter timeline data and visualizing it on Google Maps in a web or mobile application.
./output/gpt/plan_and_solve/responses.json
データが保存されました: ./output/gpt/plan_and_solve/responses.json (キー: twitter-spy-1)
------------------------------
評価中のサービス: datantify
Iteration 1, Total call: 198
**Reasoning**:
Datantify.com is a service that provides B2B databases across various industries and countries to help businesses locate new potential customers and boost sales. The key features include:

- Building lists from any industries and countries with verified data.
- Providing databases with various sorting options.
- Helping to locate new potential customers (B2B focus).
- Enhancing sales through data-driven marketing.

Given that Datantify deals with verified business contact data for leads, sales, and marketing, the most relevant category from the listed Available categories is:

- data-as-a-service: This category generally includes APIs that provide access to large datasets, including business databases, contact information, and similar services.

Alternatively, the following categories might be considered given the use-case:

- business: For APIs related to business data and business-to-business services.
- marketing or sales: Because the service is used to boost sales and locate customers.
- enterprise: Since these datasets and integrations are generally used in an enterprise context.

Among the Available APIs, we look for APIs that provide business B2B data, company profiles, contact information, or data services for sales and marketing.

Checking the list of APIs under the relevant categories:

- zoominfo (Category: data-as-a-service): Provides access to a database of 135 million business people and 8.5 million businesses. Known for B2B data. This looks like a perfect match.

- business-profiles (Category: enterprise): Provides search access to a large database of public registrations and disclosures required for corporations. Useful for validating company data, good standing, contacts.

- infogroup-infoconnect (Category: database): Provides access to immense consumer and business database, including searching for companies or people, useful to find target customers or clean data.

- fullcontact-person (Category: social): Provides person profiles based on email, phone, social handles. Can augment contact information.

- datagovuk or other government APIs could be useful as a data source but don't directly fit B2B sales context.

Other relevant APIs like crunchbase (Company and investment data) could be an option, but primarily for startup and tech profile, less data breadth compared to ZoomInfo.

Among these, the best fit API is zoominfo for B2B data.

Hence, based on the described needs of Datantify.com, I recommend:

**Conclusion**:
- Recommend categories: ['data-as-a-service', 'enterprise', 'business']
- Recommend All matched APIs: ['zoominfo', 'business-profiles', 'infogroup-infoconnect', 'fullcontact-person', 'crunchbase']
./output/gpt/plan_and_solve/responses.json
データが保存されました: ./output/gpt/plan_and_solve/responses.json (キー: datantify-1)
------------------------------
評価中のサービス: feedly-android
Iteration 1, Total call: 199
**Reasoning**:

The requirement describes Feedly as an RSS feed aggregator that summarizes a user's favorite sites into cards, supports syncing across Android devices, and facilitates sharing to social hubs. It also integrates with personal information management apps like Pocket, Instapaper, and Evernote.

From this, we can extract key functional needs:
- Aggregation of RSS/blog feeds and managing subscriptions.
- Personal information management integration (e.g., syncing, saving content).
- Social sharing functions.
- Multi-device syncing and user account management.
- Possibly providing a stream or feed of news/content items.

Categories matching these functions:
1. **blogging** — Because RSS feeds are usually associated with blogs and news feeds. Also, related to blog feed readers and RSS aggregation.
2. **bookmarks** or **personal-information-management** — Since Feedly syncs with Pocket, Instapaper, and Evernote, these categories cover bookmarking, saving, and managing read-later content.
3. **social** — For sharing functions between Feedly and social hubs.
4. **email** — Could be relevant if email newsletter integration or sending content via email is supported, but the requirement doesn't explicitly mention email.
5. **apps** or **applications** — The Feedly app itself is an app, but more relevant is integration with apps.
6. **feeds** — Since Feedly is fundamentally about RSS feeds, the feeds category is highly relevant.
7. **tools** — Could be relevant for syncing and device management.

Now, let's look at available APIs matching these functions.

- The **feedly API** is listed exactly as "feedly," in category blogging, described as an RSS/blog-feed reader allowing aggregation and tracking subscribed feeds, which fits perfectly.
- **Pocket API** (under bookmarks) is mentioned; since Feedly syncs with Pocket, this is relevant to personal information management.
- **Instapaper API** (bookmarks) is another personal information management like Pocket with read-later capability.
- **Evernote API** (personal-information-management) is described with note, tag and notebook management and is mentioned in the requirement.
- For social sharing, APIs like **buffer**, **addthis-services**, **facebook-graph**, or **twitter** could be candidates, but since the requirement just mentions "major social hubs" and emphasizes Feedly's social functions, buffer or addthis-services might be a fit.
- The **social** category APIs such as Buffer or AddThis could be recommended for social integration.
- The syncing and device integration could be under tools or applications, but no specific API is mentioned related to syncing multi device Feedly data (besides feedly API itself).
- Feedly, Pocket, Instapaper, Evernote APIs are the core ones aligned with the description.

Thus the recommendation is to emphasize categories that match the core of Feedly:

- blogging (for feed aggregation)
- bookmarks (for integration with saving read-later services)
- personal-information-management (Evernote integration)
- social (for sharing)
- feeds (for feed management)

And recommend these APIs:

- feedly (blogging)
- pocket (bookmarks)
- instapaper (bookmarks)
- evernote (personal-information-management)
- buffer or addthis-services (social) — since these facilitate sharing to social networks in a developer-friendly way.

**Conclusion**:
- Recommend categories: ['blogging', 'bookmarks', 'personal-information-management', 'social', 'feeds']
- Recommend All matched APIs: ['feedly', 'pocket', 'instapaper', 'evernote', 'buffer', 'addthis-services']
./output/gpt/plan_and_solve/responses.json
データが保存されました: ./output/gpt/plan_and_solve/responses.json (キー: feedly-android-1)
------------------------------
評価中のサービス: fb-time-machine
Iteration 1, Total call: 200
**Reasoning**:

The user wants to create a mashup called "FB Time Machine," which allows users to view all of their friends' status updates and posted links on Facebook, potentially as a time travel or historical archive view. This mashup:

- Uses Facebook for accessing social data.
- Uses Facebook Graph API to retrieve friends' status updates and posted links.
- Uses Google App Engine for hosting or backend services (although the original Google App Engine API is deprecated, nonetheless, Google App Engine as a platform is relevant).

The main requirements for such an application are:

1. Access to Facebook social graph data (friends, status updates, links).
2. Ability to query and fetch content related to user's friends and their posts.
3. Hosting or backend environment to run the application code and process data.
4. Possibly features for displaying content (although the user focuses on data retrieval).

From the available categories:

- Social: Required for Facebook and Facebook Graph API integration (social graph, user data, posts).
- Applications and/or platform-as-a-service: For Google App Engine or hosting backend services.
- Possibly "developers" or "backend" could be relevant, but "platform-as-a-service" fits Google App Engine better.

From the available APIs:

- facebook-graph (Category: social) - Provides access to Facebook's social graph including posts, status updates, and user data.
- google-app-engine (Category: tools) - deprecated, but mentioned in the problem statement. Regardless, Google App Engine can be understood as a Platform-as-a-Service category.
- facebook (Category: social) - Deprecated; replaced by facebook-graph.
  
The problem clearly centers around Facebook Graph API for data, and Google App Engine as hosting backend. Thus, the main categories are social (for Facebook APIs) and platform-as-a-service (for Google App Engine).

**Conclusion**:

- Recommend categories: ['social', 'platform-as-a-service']

- Recommend all matched APIs: ['facebook-graph', 'google-app-engine']
./output/gpt/plan_and_solve/responses.json
データが保存されました: ./output/gpt/plan_and_solve/responses.json (キー: fb-time-machine-1)
------------------------------
評価中のサービス: geowalk
Iteration 1, Total call: 201
**Reasoning**:
1. The requirement is to build a useful worldwide travel guide available in German and English. So language support and content diversity are essential.
2. It should combine embedded data from Wikipedia, Flickr, and Google News:
   - Wikipedia data relates to reference knowledge, educational and encyclopedic content.
   - Flickr data refers to photos and images related to places worldwide.
   - Google News provides latest news content about locations or travel.
3. The guide should be map-centric with an interactive feature: double-click anywhere on the map to get detailed information of a location. This means:
   - Mapping APIs are essential for displaying the map and responding to interactive events like double-clicks.
   - Integration with geolocation services or place info services is needed to tie map clicks to location data.
4. Multilingual support (German and English) is required, so APIs that serve content or have multilingual capabilities would be advantageous.
5. For Wikipedia content, the "wikipedia" API from the 'reference' category is directly mentioned and fits perfectly.
6. For Flickr photos, the "flickr" API in the 'photos' category is ideal for photo retrieval capabilities.
7. For Google News, Google News API is deprecated historically, but there is "google-news" or similar APIs not specifically mentioned here. The "google-news" API isn't directly listed; however, Yahoo and other news APIs like "google-news" are not directly available. The "google-news" API is not in the list but the "bbc-nitro" or "new-york-times-archive/newswire/article-search" APIs exist as news sources but are not globally comprehensive. Another approach is to leverage general "news" APIs or content APIs, but since the requirement specifically states Google News, the closest option is perhaps Yahoo News related or general news services.
   - Since Google News is not listed, but "webhoseio" offers structured web data including news, that could be an alternative to provide news integration.
8. For mapping with interactive features, APIs like:
   - bing-maps,
   - google-maps (deprecated, replaced by multiple APIs),
   - google-maps-places (for places information),
   - openlayers,
   - mapbox
   are relevant.
   Among these, "bing-maps" offers REST and SOAP services with route, location, and imagery data.
   "google-maps-places" provides detailed place info including photos and autocomplete queries.
   "openlayers" is a JavaScript mapping library for dynamic maps including markers.
   "mapbox" is also a powerful open-source mapping tool that supports map hosting and interactivity.
9. For the embedded Wikipedia and Flickr data when a user double-clicks on the map, the location (lat,long) needs to be captured and used to query Wikipedia and Flickr APIs for relevant data:
   - Wikipedia API supports querying by page or geographic coordinates.
   - Flickr API supports search by geographic coordinates.
10. Internationalization (German and English) can be partially handled by choosing Wikipedia articles in both languages (Wikipedia API supports language queries).
11. For news, given the Google News API is not in the list, "webhoseio" provides on-demand access to structured web data including news, blogs and online discussions with flexible filtering - good for retrieving local news data for a location.
12. Combining mapping, Wikipedia reference data, Flickr photos and news content (via webhoseio) satisfies the requirement to deliver a comprehensive worldwide travel guide with rich media and data.
   
**Conclusion**:
- Recommend categories: ['mapping', 'reference', 'photos', 'news-services']
- Recommend All matched APIs:
  - 'wikipedia' (reference) - to provide location-specific Wikipedia articles in multi-languages
  - 'flickr' (photos) - to provide geolocated photos for places on the map
  - 'bing-maps' or 'google-maps-places' or 'mapbox' or 'openlayers' (mapping) - to provide the interactive worldwide map and capture user interactions (double click) to locate a place
  - 'webhoseio' (news-services) - to provide location-based news content like Google News as Google News API is not directly available

These APIs together enable the creation of a multilingual, interactive worldwide travel guide with embedded Wikipedia content, Flickr images, and current news sourced from Webhose.io integrated with a powerful mapping solution.
./output/gpt/plan_and_solve/responses.json
データが保存されました: ./output/gpt/plan_and_solve/responses.json (キー: geowalk-1)
------------------------------
評価中のサービス: geoslideshow
Iteration 1, Total call: 202
**Reasoning**:
- The requirements describe a service called Geoslideshow that creates trails of travels with Google Maps and Flickr photos.
- This mashup involves:
  1. Mapping technologies for trails and geolocations: Google Maps integration, KML support.
  2. Photos integration, specifically Flickr photos.
- From the available categories, we want to primarily consider:
  - mapping: because the core functionality relies on maps and geospatial data.
  - photos: because Flickr photos are integrated into slideshows tied to locations.
- Regarding APIs:
  - For maps and trails using Google Maps, relevant APIs include:
    - google-maps-places: for places data, photos, and autocomplete (to supplement maps)
    - google-directions: for routing or trails between points on a map
    - google-maps-geocoding or google-geocoding: for geocoder (addresses to coordinates)
    - google-maps-elevation, google-maps-distance-matrix etc. may be less relevant.
  - For Flickr photos, the obvious choice is Flickr API itself, which provides access to photos and metadata.
  - For KML support, APIs that support KML or geospatial data like google-maps or bing-maps might be helpful.
- Specifically from the given APIs:
  - google-maps-places (mapping): Provides place info, photos, autocomplete queries.
  - flickr (photos): Retrieve photos from Flickr service with many feeds.
  - google-directions (mapping): Provides directions between locations, which can help create trails.
  - google-geocoding (mapping): for address to lat/lng geocoding.
  - google-static-maps (mapping): Useful for embedding simple static maps.
  - bing-maps (mapping): Alternative mapping API with route support.
- But since the requirement is explicitly about Google Maps and Flickr photos, Google Maps APIs and the Flickr API are the perfect fit.
- Additionally, some optional complementary APIs:
  - google-maps (historic, now split) is mentioned, so the related specialized Google Maps APIs above are recommended.
  - openlayers or mapbox are mapping APIs, but not specifically Google Maps.
  - KML integration can be done client-side using Google Maps itself, so no separate API needed.

**Conclusion**:
- Recommend categories: ['mapping', 'photos']
- Recommend All matched APIs: ['google-maps-places', 'google-directions', 'google-geocoding', 'flickr']
./output/gpt/plan_and_solve/responses.json
データが保存されました: ./output/gpt/plan_and_solve/responses.json (キー: geoslideshow-1)
------------------------------
評価中のサービス: battlecell
Iteration 1, Total call: 203
**Reasoning**:

The requirement describes a game inspired by Risk that evolved into a massive Google Maps game having 55 million cells and instant action Arena tournaments.

Let's interpret the main points:

- "Risk evolved into massive Google Maps game": Indicates a strategy-based game with a very large geographic or cell-based map, probably requiring interactive maps, geographic data handling, and possibly real-time updates.

- "55 million cells": Implies a very large grid or map cells, so the underlying system should support large-scale spatial data, efficient map rendering, and geolocation services.

- "instant action Arena tournaments": This implies real-time or near real-time multiplayer gaming elements, possibly involving online chat, messaging, or backend realtime infrastructure for game state synchronization and tournaments.

From this, the key capabilities needed:

1. Mapping and geographic location: To support the massive map grid with geographic context and rendering. Maps should be interactive and scalable.

2. Real-time communication and backend support: Real-time messaging and backend services to sync game states, enable tournaments, chat or collaboration among players.

3. Possibly analytics or monitoring to track game metrics or user progress in the tournaments.

4. Possibly social features for communication or sharing game status.

With the above, we can pick relevant categories and APIs.

**Relevant Categories**:

- mapping: For map and geolocation functionalities.

- backend: For cloud-hosted backend services to support game data, user states, synchronization.

- chat / messaging: For real-time communication, chat rooms, game notifications.

- games: For gaming related APIs.

- analytics / monitoring: To track and monitor game usage or events.

- social: For social networking features, players interaction.

Now, let's check APIs matching these categories and capabilities.

**Mapping APIs**:

There are many solid mapping APIs:

- bing-maps (mapping) - REST services, routes, map rendering.

- google-maps-places, google-maps-geolocation, google-maps-elevation (mapping) - various Google Maps related services.

- openlayers (mapping) - open-source JavaScript API for maps.

- mapbox (mapping) - open source, interactive maps.

- mapquest (mapping) - mapping and routing APIs.

- bing-maps-search, bing-maps-locations - Bing Maps location and search services.

- arcweb (mapping) - Web services mapping API.

- openstreetmap (mapping) - open source maps and data.

- google-maps (deprecated but used for historical reference).

For large maps and many cells, APIs that allow vector tile rendering and high scalability like mapbox or bing-maps or openlayers would be suitable.

**Backend APIs**:

- quickblox (backend) - chat, voice, video, presence, notifications, user management, realtime SDKs, useful for multiplayer.

- cloudmine (backend) - backend as a service for data storage, user management, etc.

- ahrefs (backend) - unrelated to this domain.

- blankslate (database/backend) - platform as a service building blocks.

- mongolab (database) - cloud MongoDB service.

- appharbor (applications) - PaaS for .NET apps.

**Chat or Messaging APIs**:

- quickblox (backend category but great for chat & messaging).

- pubnub (messaging) - real-time messaging for mobile and web.

- twilio, twilio-sms (telephony and messaging) - SMS and voice but maybe less relevant for in-game chat.

- mesibo (chat) - real-time chat, voice, video.

- slack-real-time-messaging - real-time messaging platform, not necessarily gaming but real-time messages.

- pusher (tools) - WebSockets-based real-time.

- clockwork-sms, mogreet, vonage-nexmo-sms - SMS gateway not relevant.

**Games Category**:

- The provided "games" category includes spore, secondlife, etc. There is no direct API explicitly named "Risk" or strategy game. But our use case might not mandate a games-specific API as the core is map + backend + realtime collaboration.

**Analytics / Monitoring**:

- new-relic, galileo, mixpanel, kissmetrics, datadog, google-analytics-managment, google-analytics-core-reporting, looker: All analytics options. Might be auxiliary, but useful.

**Social Category**:

- facebook-graph, twitter, linkedin, foursquare, buffer etc. Social networks, could be added for sharing.

**Summary of Matches**:

- mapping: bing-maps, google-maps-places, mapbox, openlayers, mapquest, bing-maps-routes.

- backend: quickblox, cloudmine.

- messaging/chat: quickblox, pubnub, mesibo, pusher.

- games: (few direct API, but quickblox and pubnub usable for real time game support)

- analytics: galileo, new-relic, mixpanel.

- social: facebook-graph, twitter-streaming (for social sharing but maybe secondary).

**Conclusion**:

Recommend categories: ['mapping', 'backend', 'messaging', 'games', 'analytics']

Recommend all matched APIs: ['bing-maps', 'google-maps-places', 'mapbox', 'openlayers', 'mapquest', 'bing-maps-routes', 'quickblox', 'cloudmine', 'pubnub', 'mesibo-server-side', 'mesibo-client-side', 'pusher', 'galileo', 'new-relic', 'mixpanel']

# Final answer

**Conclusion**:
- Recommend categories: ['mapping', 'backend', 'messaging', 'games', 'analytics']
- Recommend all matched APIs: ['bing-maps', 'google-maps-places', 'mapbox', 'openlayers', 'mapquest', 'bing-maps-routes', 'quickblox', 'cloudmine', 'pubnub', 'mesibo-server-side', 'mesibo-client-side', 'pusher', 'galileo', 'new-relic', 'mixpanel']
./output/gpt/plan_and_solve/responses.json
データが保存されました: ./output/gpt/plan_and_solve/responses.json (キー: battlecell-1)
------------------------------
評価中のサービス: explorer
Iteration 1, Total call: 204
**Reasoning**:
1. The Explorer app described needs to provide users with:
   - Cool ways to find videos.
   - Access to the latest news.
   - Functionality to create YouTube music playlists based on up to 5 artists.

2. For video searching and playlist creation, YouTube’s Data API should be used. It provides access to videos, playlists, user data and the ability to create and manage playlists.

3. To get the latest news, a news service API is required that offers news articles and metadata. The New York Times APIs provide a rich set of news-related endpoints to retrieve the latest articles, archives, and top stories.

4. From the available categories, the relevant ones are:
   - video (YouTube API)
   - news-services (New York Times API)

5. The relevant APIs from the given list:
   - youtube (Category: video): For videos and playlist creation.
   - new-york-times-archive or new-york-times-article-search (Category: news-services): For retrieving latest and archival news articles.
   
   Since the requirement just says "latest news," the "new-york-times-article-search" API is relevant for keyword or general news search and retrieval of current articles.

6. The playlist creation based on multiple artists implies using YouTube's API to search for videos or music related to those artists and then compile the results into a playlist.

**Conclusion**:
- Recommend categories: ['video', 'news-services']
- Recommend All matched APIs: ['youtube', 'new-york-times-article-search']
./output/gpt/plan_and_solve/responses.json
データが保存されました: ./output/gpt/plan_and_solve/responses.json (キー: explorer-1)
------------------------------
評価中のサービス: thrutu-button-collection
Iteration 1, Total call: 205
**Reasoning**:
The requirements describe a collection of independently developed add-in buttons to enhance the functionality of the Thrutu app on Android, with functionalities such as barcode reader, recommending installed apps, browsing to a webpage, sharing browser bookmarks, and sharing BBC News articles. The collection integrates with Thrutu calls, including cross-platform use with iPhone versions. 

Given this, the key elements involve:
- Telephony integration: Thrutu is a telephony app allowing enhanced call-time features.
- Sharing capabilities especially bookmarks and news articles.
- Possibly barcode reading (though barcode reading itself is not covered in the given APIs, but sharing and telephony are).
- Sharing functionalities suggest interaction with bookmarks and news services.
- Browsing to web pages and recommending installed applications require interaction with device features or URL content.
- "Share BBC News article" suggests integration with news services, specifically BBC APIs.

According to the available categories and APIs:

- Category "telephony": Thrutu API is available. This is directly relevant since the buttons augment Thrutu.
- Category "bookmarks": Sharing browser bookmarks would be related to bookmarks APIs, but there is no direct mention of a barcode reader API.
- Category "news-services": BBC Nitro API is present and related to BBC news articles.
- Category "social": Could be relevant for sharing, but the requirement does not mention social networking explicitly.
- Category "other" or "tools": For general purposes, but less relevant here.
- The requirement does mention sharing bookmarks – however, the bookmark APIs such as zotero, readability, pocket, instapaper, delicious-0, and others are available. But since the requirement just says "Share browser bookmark" probably the interaction is basic and direct with bookmarks, not necessarily through a bookmark service API.
- Barcode reading is a hardware/device function; no specific barcode reader API is in the list.
- Recommending installed applications could use an API to get installed app info, but no such API is explicitly listed.
- Browse to My WebPage is likely handled locally or via generic web browsing, possibly no API needed.
- Share BBC News article – matches directly to BBC Nitro API in news-services for retrieving and sharing BBC content.
- Since "Thrutu" is itself a telephony app, and the add-in buttons make Thrutu more useful, the Thrutu API is very relevant.

Hence, the best matches are:
- Telephony category: "thrutu" API
- News-services category: "bbc-nitro" API

No direct API for barcode reader or app recommendation is listed in the available APIs, so we only highlight the APIs that clearly align.

**Conclusion**:
- Recommend categories: ['telephony', 'news-services']
- Recommend All matched APIs: ['thrutu', 'bbc-nitro']
./output/gpt/plan_and_solve/responses.json
データが保存されました: ./output/gpt/plan_and_solve/responses.json (キー: thrutu-button-collection-1)
------------------------------
評価中のサービス: virtual-classroom-api-integration
Iteration 1, Total call: 206
**Reasoning**:

The user's requirement centers around integrating a Virtual Classroom API with various Learning Management Systems (LMS) or Content Management Systems (CMS) such as WordPress, Drupal, and Moodle. Key points to consider:

1. The need for Virtual Classroom APIs that support instructor-led live classes.
2. Seamless integration capability with different technologies such as ASP.net, PHP, Node.js, or LMS/CMS platforms including WordPress, Drupal, and Moodle.
3. Recognition that many open source LMS like Moodle handle asynchronous courses fine, but lack ready-to-use free solutions for live instructor-led classes.
4. Examples mentioned like Big Blue Button (BBB), WizIQ Classroom API, Zoom, and Free conference call.
5. The expertise mentioned includes eLearning development, LMS, Virtual Classroom, and API integration.

Based on these points, the core requirement is for Virtual Classroom APIs and LMS integration tools.

Now, considering the available categories:

- **education**: Since the requirement revolves around LMS and learning systems, this category is relevant.
- **learning-management-systems**: This is the most specific relevant category for APIs related to LMS platforms like Moodle or similar.
- **applications**: Could be relevant if the API provides application integration across platforms.
- **tools**: Often APIs for integration and developer utilities reside here.
- **video/chat**: Virtual classrooms often include video conferencing, but these categories are not explicitly listed as chatting or video categories are listed individually. "chat" category exists, but we need APIs relevant to virtual classrooms specifically.
- **backend**: Could be relevant for server-side API access to virtual classrooms.
- **enterprise**: Sometimes LMS and classroom tools are enterprise-grade.
- **project-management**: Less likely related.
- **social**: Not directly relevant.
- **cloud**: General cloud APIs.
- **authentication** and **security**: Not the prime concern.
- **messaging**: Partially relevant if messaging is a component.
- **events**: Could be relevant if live class sessions are treated as events. But more of a stretch.

Now, examining the available APIs (many named), looking for:

- Virtual Classroom API
- LMS APIs (like Moodle)
- APIs that directly mention virtual classroom functionality, online education, instructor-led live classes.

From the list, relevant matching entries include:

- **moodle** (Category: learning-management-systems): Open source LMS, supports core APIs.
- **wiziq-virtual-classroom** (Category: education): Described explicitly as a rich toolset for online teaching including virtual classroom, scheduling, content management for live classes. Uses RESTful calls and XML responses. This is a prime candidate.
- **schoology** (Category: education): Online classroom and education management, API provides access to user management, assignments, comments, documents. Good complementary API, but more for management.
- **bigbluebutton** - not listed explicitly as an available API, though mentioned in the problem statement as a known solution.
- Other notable education-related APIs:
  - **finalsite** (education)
  - **opendoar** (education)
  - **greatschools** (education)
  - **donorschoose** (education)
  - **quizlet-flashcards** (education)
  - **altsmetric** (education)
  - **wiziq-virtual-classroom** appears the most on-point.
  
No direct mentions of Big Blue Button API or Zoom are present in the available APIs, so we rely on what's given.

We also note the category **learning-management-systems** only has "moodle" API listed.

Thus, for a Virtual Classroom API with integration capabilities with any LMS/CMS like Moodle, WordPress, Drupal, the best match is the **wiziq-virtual-classroom** API in category **education**, and the **moodle** API in the **learning-management-systems** category for LMS integration.

**Conclusion**:

- Recommend categories: ['education', 'learning-management-systems']
- Recommend All matched APIs: ['wiziq-virtual-classroom', 'moodle']
./output/gpt/plan_and_solve/responses.json
データが保存されました: ./output/gpt/plan_and_solve/responses.json (キー: virtual-classroom-api-integration-1)
------------------------------
評価中のサービス: plugthe.net
Iteration 1, Total call: 207
**Reasoning**:
- The request is to create or integrate a "Social Local Web Scan Plugin" for a website. This plugin likely needs to scan or aggregate socially relevant, location-based web content or data.
- The keywords here are "Social", "Local", "Web", and "Scan." The social aspect suggests it should work with social media data. The "Local" suggests a geographic component, likely linked to location or mapping data. "Web scan" implies some type of content discovery, search, or scraping of relevant content.
- To fulfill this, we want to recommend APIs that can:
  1. Provide social data or social media content and analysis.
  2. Deliver geographic or location data so that web content can be filtered or enhanced by location.
  3. Offer search or crawling capabilities to scan or aggregate web or social content.
- Based on the available categories and APIs:
  - Categories: social, mapping, search
  - Relevant Social APIs: Facebook Graph, Twitter Streaming, LinkedIn, Foursquare, Buffer, Tagalus (tweet hashtag definitions), What-Trend (Twitter trending topics explanations), Social Share Count, ReadSocial, Scoop.it, PeerIndex (social analytics), etc.
  - Mapping/Local APIs: Google Maps Places, Bing Maps Search, MapQuest, Foursquare, Geonames, IP2Location (IP geolocation), Smart-IP-Geo-IP, Your Mapper, etc.
  - Search APIs: Google Custom Search, Yahoo Local Search, Twitter Search, Yummly Recipe Search (specific), SEMrush, and general search engines.
- The plugin can utilize social APIs to access posts, hashtags, mentions, user profiles, and activity; mapping APIs to localize content by geographic info; and search APIs to scan web content related to social and local data.
- Since it is a "social local web scan," multiple APIs from social and mapping categories are needed to get comprehensive social content per location and scan trends or relevant local posts.
- Recommendation is to combine Social, Mapping, and Search categories.
- Recommended APIs:
  - For social data: twitter-streaming, facebook-graph, foursquare, buffer, tagalus, what-trend, peerindex, scoopit, linkedin, twitter-search
  - For mapping/local data: google-maps-places, bing-maps-search, ip2location, geonames, smart-ip-geo-ip
  - For search/web scan: google-custom-search, yahoo-local-search, yahoo-term-extraction, primal (interest graph)
  
**Conclusion**:
- Recommend categories: ['social', 'mapping', 'search']
- Recommend All matched APIs: [
    'twitter-streaming',
    'facebook-graph',
    'foursquare',
    'buffer',
    'tagalus',
    'what-trend',
    'peerindex',
    'scoopit',
    'linkedin',
    'twitter-search',
    'google-maps-places',
    'bing-maps-search',
    'ip2location',
    'geonames',
    'smart-ip-geo-ip',
    'google-custom-search',
    'yahoo-local-search',
    'yahoo-term-extraction',
    'primal'
  ]
./output/gpt/plan_and_solve/responses.json
データが保存されました: ./output/gpt/plan_and_solve/responses.json (キー: plugthe.net-1)
------------------------------
評価中のサービス: second-thought
Iteration 1, Total call: 208
**Reasoning**:

The user wants to create a dynamic image and text composition system called "Second thought," where text (words) can be changed dynamically, and this can affect the picture or the displayed word. The user specifically mentions using APIs from Flickr, Summize, and Twitter.

1. Let's analyze what the user needs in the system:

   - Dynamic image handling: The system should be able to get images (possibly matching certain keywords or user inputs) and compose or change images dynamically alongside text.
   - Dynamic text handling: The system should be able to change text dynamically, possibly influenced by user input or fetched data.
   - Use APIs from:
       - Flickr (photos)
       - Summize (which is possibly a Twitter search engine or related to social media content, note: Summize Twitter search was acquired by Twitter and became Twitter Search API)
       - Twitter (microblogging service with tweet content).

2. We need to identify categories and APIs that align with:

   a. Using Flickr for image search or retrieval (photos).
   b. Using Summize and Twitter APIs for text or social media content retrieval or search.
   c. The dynamic composition of image and text will likely involve photo, search (for text or hashtags), and possibly social categories.

3. Let's verify the availability of the exact APIs the user requested (Flickr, Summize, Twitter) and if alternatives are available:

   - Flickr:
     - Category: photos
     - Description: Flickr API can be used to retrieve photos from Flickr photo sharing, including searching and uploading.
     - Hence, Flickr API matches the source for images.

   - Summize:
     - Summize was a Twitter search engine acquired by Twitter and integrated into Twitter search.
     - "twitter-search" API is listed as a Twitter search API, with optional restrictions on language, hashtags, etc.
     - User mentions Summize and Twitter, so "twitter-search" API fits.

   - Twitter:
     - The original "twitter" API is marked as no longer available; it has been split into multiple APIs including Twitter Search Tweets API.
     - The user wants Twitter API access; the "twitter-search" API matches the search needs.
     - For live or streaming data, "twitter-streaming" API is also available.
   
4. Considerations on dynamic image and text composition:

   - For dynamic searching and fetching relevant images based on keywords, Flickr can provide images that match the user's selected words.
   - For text input or retrieval, Summize (twitter-search) and Twitter APIs provide access to tweets, hashtags, or trending topics, which can be used to dynamically update text.
   - The user's system can combine both to create compositions: dynamically changing the displayed picture based on words from Twitter/Summize, or vice versa.

5. Relevant categories based on the above:

   - photos (for Flickr)
   - social (for Twitter and Summize: social content and search)
   - search (for using Twitter search capabilities, Summize)
   
6. Matching APIs from the available APIs list:

   - flickr (Category: photos)
   - twitter-search (Category: search) (formerly Summize Twitter search)
   - twitter-streaming (Category: social) (though user specifically mentioned Twitter and Summize, so twitter-search more relevant if searching tweets)
   - twitter (Category: social) marked deprecated, so better to use twitter-search or twitter-streaming.
   
**Conclusion**:

- Recommend categories: ['photos', 'search', 'social']
- Recommend All matched APIs: ['flickr', 'twitter-search', 'twitter-streaming']

Note: Since Summize is now part of Twitter search, using the "twitter-search" API covers that requirement. Twitter API has multiple offerings; "twitter-search" is suitable for fetching tweets and content dynamically that can influence text/image composition. Flickr provides images to use for the dynamic images requested.
./output/gpt/plan_and_solve/responses.json
データが保存されました: ./output/gpt/plan_and_solve/responses.json (キー: second-thought-1)
------------------------------
評価中のサービス: bluehire
Iteration 1, Total call: 209
**Reasoning**:

We start by understanding the given requirement, which is for "BlueHire," a platform that integrates an interactive voice response (IVR) system. This IVR will allow job candidates to participate in an online audio interview as part of the job application and screening process. Each candidate's audio responses will be stored for later review by the hiring employer.

From this, the core functionalities needed include:

1. **Interactive Voice Response (IVR) / Telephony**:  
   The system must support interactive audio interfaces over phone or web, typically through telephony APIs that facilitate:
   - Making/receiving calls
   - Playing prompts or questions
   - Recording candidates' audio responses
   - Managing call flows (menus, input gathering)

2. **Voice recording and storage**:  
   The platform must store the recorded audio for later retrieval and review. This implies:
   - Integration with a backend storage or file hosting (cloud storage or backend services)
   - Possibly cloud-based backend services to manage and store audio files
   - The ability to retrieve and play back recorded audio responses

3. **Additional possible features (optional but useful):**  
   - User authentication for employers to access candidate responses (authentication category)  
   - Notifications or messaging to alert employers or candidates regarding interviews status  
   - Integration of analytics or transcription/natural language processing (NLP) to analyze responses (optional but beneficial)

Given these points, let's find the **Available Categories** that align with these needs:

- **telephony**: APIs allowing voice calls, IVR, SMS, call control, and recording. This is the primary category for interactive voice response systems.

- **backend** or **cloud** or **storage**: For storing and managing recorded audio files.

- **messaging** (optional): For notifications or alerts via SMS or other messaging methods.

- **authentication** (optional): For securely managing access by employers to candidate responses.

- **natural-language-processing** or **speech-to-text** (if transcription is required - not explicitly mentioned but relevant).

However, the core requirement is IVR + audio recording + storage.

Now, examine **Available APIs** for telephony and backend/storage:

- **telephony** APIs:

  - **twilio**: Provides a cloud API for voice and SMS communications, suitable for creating scaled voice apps, including IVR and recording.

  - **plivo**: Telephony platform for calls, conferencing, recording, call tracking.

  - **spokenbuzz**: Voice portal offering voice message recording via call.

  - **voi-xeo**, **telapi**, **kookoo**, **hoiio-sms**, **hoiio-voice**, **plum-fuse**, **vonage-nexmo-sms**, **tropo-scripting**: Various telephony platforms supporting voice calls, IVR, and potentially recording.

- **cloud / backend / storage**:

  - **cloudmine**, **amazon-ec2**, **google-cloud-print**, **amazon-s3**, **dropbox**, **sugarsync**, **google-drive**, **rackspace-cloud-files**, **digitalocean**: Cloud storage and backend services for storing audio files.

- **messaging**:

  - **twilio-sms**, **vonage-nexmo-sms**, **clockwork-sms**, **pushover-message**, **postalmethods**: Messaging APIs to notify or communicate with users.

- **authentication**:

  - **google-web-authentication**, **yahoo-bbauth**, **janrain-engage**: Authentication services for user login management.

Based on completeness, community scope, documentation, and usage, the strongest candidate APIs for creating an IVR with audio recording and storage are:

- **Twilio Telephony API**: well-known, robust, supports voice calls, IVR, voice recording, playback, RESTful interface.

- **Plivo Telephony API**: similar feature set to Twilio, supports calls, recording, conferencing, RESTful.

- **Hoiio Voice API**: offers calls, IVR, voice responses, TTS, recording.

- **Cloud storage APIs like Amazon S3 or Google Drive** to handle recording storage and retrieval (Twilio also offers recording storage integrated, but external storage could be used).

For employer side access to review recordings, authentication APIs could be used but aren't immediately necessary for initial matching.

**Conclusion**:

- Recommend categories:  
  ['telephony', 'storage', 'backend']  (primary categories for IVR, voice recording management, and storage)

- Recommend All matched APIs:  
  ['twilio', 'plivo', 'hoiio-voice', 'amazon-s3', 'google-drive', 'cloudmine']

Note: Optional messaging or authentication APIs may be integrated later, but are not core to the interactive voice response audio interview and storage use case.
./output/gpt/plan_and_solve/responses.json
データが保存されました: ./output/gpt/plan_and_solve/responses.json (キー: bluehire-1)
------------------------------
評価中のサービス: pengerio
Iteration 1, Total call: 210
**Reasoning**:
The requirement is for a web portal called Penger.io operating in the Norwegian market that compares credit cards and loans. Specifically, the site pulls data from the Finansportalen API (which relates to financial product data for the Norwegian market) and combines it to produce aggregated comparison pages and individual product listing pages with rich detail. Additionally, the site shows business information about the banks offering these products, such as legal names, contact info, websites, and addresses.

The problem breaks down into a few key aspects:

1. **Financial Product Data** - The core data for loans and credit cards is sourced from Finansportalen's API. Finansportalen provides financial product data specifically for Norway, making it highly relevant.

2. **Business Information** - To show information about banks (legal name, contact info, address), ideally we want an API that can provide business profile data relevant to the Norwegian market or globally with sufficient coverage. Since the Finansportalen API primarily covers financial products, additional business information may require another source.

3. **Aggregation and Detailed Listing** - While the portal mashups the data itself, the API provisioning should support the data needs for individual listings and aggregated listings.

Given the available categories and APIs, the Finansportalen API fits perfectly for financial products on the Norwegian market. For business information about the banks, the "business" category and related APIs should be considered. In the available APIs, "business-profiles" under "enterprise" category stands out as it provides data on corporations worldwide including legal names, contact phone, websites, addresses, etc. This would fit the need to display bank info.

No other APIs from the list are directly related to Norwegian financial product data besides Finansportalen, nor are there better choices for business information than business-profiles.

Hence the main categories are:
- financial (for loan and credit card product data) via Finansportalen
- enterprise (for business profile data) via business-profiles API

No other categories or APIs would be as relevant or needed for this use case.

**Conclusion**:
- Recommend categories: ['financial', 'enterprise']
- Recommend All matched APIs: ['finansportalen', 'business-profiles']
./output/gpt/plan_and_solve/responses.json
データが保存されました: ./output/gpt/plan_and_solve/responses.json (キー: pengerio-1)
------------------------------
評価中のサービス: voicebuzz
Iteration 1, Total call: 211
**Reasoning**:

The user wants to update their Facebook status using a phone call specifically in India. Additionally, the service should support SMS integration and voice-to-text transcription. This implies a need for telephony capabilities (voice calls and SMS) with speech transcription, plus integration with Facebook social platform for updating status.

Breaking down the requirements:

1. Update Facebook status:
   - Need access to Facebook API that allows programmatic updating of user status.
   - Historically, Facebook used Graph API to enable such features.
   
2. Phone call to trigger status update:
   - Need a telephony API capable of receiving calls or providing voice-call integration.
   - The API should support India as a region — hence, telephony providers with presence or capability in India are preferable.
   
3. SMS integration:
   - The ability to send and receive SMS in the application context.
   - SMS could be used for confirmation or alternative messaging.
   
4. Voice to text transcription:
   - When the user calls, their voice is transcribed into text.
   - This requires either a telephony API with transcription capability, or a separate speech-to-text API.
   
Therefore, the solution involves:

- Using a telephony API that supports voice calls, SMS, and possibly voice transcription.
- Using Facebook Graph API to update the status.
- Integrate the telephony API with Facebook API such that when a phone call is received, the voice data is transcribed and then a status update is posted to Facebook on behalf of the user.

Reviewing available APIs relevant to these functionalities:

- Telephony APIs that support voice calls and SMS: Twilio, TelAPI, Vonage Nexmo SMS, Plivo, KooKoo, Tropo, Hoiio, etc.
- Transcription capabilities: Some telephony APIs provide transcription (e.g., Twilio has voice transcription services).
- Facebook API: The Facebook Graph API allows updating user status.
- India support: Twilio supports India for voice and SMS; some others may or may not have India presence (Twilio is well-known to support India).

From the provided API list:

- **Twilio** (Category: telephony): Cloud API for voice and SMS communications. Supports voice calls, SMS, and responses formatted in JSON and XML. Known to offer voice transcription features. Twilio supports India as country for telephony.
- **Facebook Graph** (Category: social): Provides access to update or interact with Facebook data, including posting to user’s timeline (status updates). 
- **Vonage Nexmo SMS** (Category: messaging): SMS messaging API.
- **Plivo** (Category: telephony): Telephony platform with voice calling and SMS capabilities, returns JSON.
- **TelAPI** (Category: telephony): Voice and SMS features.
- **KooKoo** (Category: telephony): VoIP and telephony app platform supporting calls and SMS.
- **Tropo Scripting** (Category: telephony): Cloud API for phone, SMS and IM applications.
- **Hoiio** (Category: messaging and telephony): Provides voice API and SMS.

Given the requirement to update Facebook status, the Facebook Graph API is the obvious choice for the Facebook piece.

For telephony and SMS with voice transcription likely needed, Twilio is the most popular and widely supported platform that provides voice (call handling), SMS, and speech-to-text transcription capabilities and supports India.

Other telephony options exist, but Twilio is most mature and documented for such a use case.

Hence, recommended categories would be:

- telephony (for voice call features)
- messaging (for SMS functionality)
- social (for Facebook status update)

Recommended APIs:

- twilio (telephony with voice, SMS, and transcription support)
- facebook-graph (for Facebook status update)

Optionally, other telephony APIs like plivo or telapi could be alternatives, but twilio is preferable given its goodness of fit and India presence.

**Conclusion**:

- Recommend categories: ['telephony', 'messaging', 'social']
- Recommend all matched APIs: ['twilio', 'facebook-graph']
./output/gpt/plan_and_solve/responses.json
データが保存されました: ./output/gpt/plan_and_solve/responses.json (キー: voicebuzz-1)
------------------------------
評価中のサービス: textmob
Iteration 1, Total call: 212
**Reasoning**:

The requirement is for a service called "Textmob" which allows users to create an SMS group centered around a trip or event. The functionality includes:
- Creating SMS groups easily.
- Sending SMS messages to the group.
- Allowing friends to join the group via SMS.

Key functionalities involved here:
1. **Messaging / SMS**: The central feature is sending and receiving SMS messages, forming groups, and communicating via SMS.
2. **Events or Trips**: The group is around a trip or event, so event management or travel-related features might be helpful.
3. **Social features**: Ability to invite friends and manage group members.
4. **Potential backend integration**: There will be a backend service managing group membership and message distribution.
5. **Authentication/Authorization** might be relevant but no explicit requirement here.
6. **Possibly location/transportation** if the event or trip involves this, but it is not explicitly requested.

From the available categories, we should focus on:

- **messaging**: Because the main function is sending/receiving/grouping SMS.
- **events** or **travel**: Since the groups are around trips or events. Event APIs allow managing event info, attendees, etc.
- **backend**: If available APIs support backend functions to manage groups or messaging.
- Optionally, **social** might be useful if social integration or friend management is needed.

Next, check for available APIs within key relevant categories:

- **messaging** APIs:
   - Twilio: SMS and voice communications API, supports sending SMS, tracking, receiving messages.
   - Clockwork SMS: SMS gateway to send messages programmatically.
   - Mogreet: SMS/MMS marketing with messaging API.
   - Vonage Nexmo SMS: SMS send/receive integration.
   - Hoiio SMS, PostalMethods, PostalMethods, etc. Various messaging APIs.
   - Pushover, Slack Incoming Webhooks, PubNub (though more real-time messaging than SMS).
   
Among these, **Twilio** is well-known and commonly used for SMS group/messaging services and supports incoming SMS, which can be used to join groups via SMS. 

- **events** APIs:
   - Eventbrite, Eventful, Brown Paper Tickets, Active.com, etc.
   Given that the core feature offered is the SMS group around a trip or event, an event API could enhance the management of the event/trip details and attendees.

- **travel** APIs:
   - Skyscanner Live Pricing, TripIt, Amadeus, Travel IQ, Bing Traffic, etc.
   Travel APIs often include booking and pricing, whereas the need here is more lightweight: grouping and messaging around trips. Travel APIs may be overkill unless detailed travel data integration is needed.

- **backend** APIs:
   - QuickBlox, CloudMine, Ahrefs (not really backend but data), etc.
   QuickBlox offers chat and messaging backend, but more focused on chat and app messages than SMS.

- **social** APIs:
   - Some social networking APIs (Facebook, Twitter, etc.), but the question does not explicitly require social network integration.

- **security/authentication** isn't specifically noted in requirements here.

Therefore, the most relevant are:

- messaging (for SMS functionality)
- events (around trips/events)
- optionally travel if needed but less critical
- possibly backend for server-side management

Specific API recommendations:

- **Twilio (messaging)**: For sending and receiving SMS messages, managing group messaging via SMS and handling user replies or joins. Twilio is robust, supports inbound SMS (which can be used to join), outbound SMS, and phone number management.

- **Eventbrite or Eventful (events)**: could be used to create and manage events or trips programmatically, retrieve event data, get attendees info, which could be useful in managing the event around which the SMS group revolves.

- **Clockwork SMS or Vonage Nexmo SMS (messaging)**: Other SMS APIs available for sending SMS messages as an alternative to Twilio.

- **QuickBlox (backend)**: If advanced chat features needed in addition to SMS or for app integration.

**Conclusion**:

- Recommend categories: ['messaging', 'events', 'backend']

- Recommend matched APIs: ['twilio', 'eventbrite', 'eventful', 'clockwork-sms', 'vonage-nexmo-sms', 'quickblox']

Given the centrality of SMS group messaging, Twilio is the highest priority, with Eventbrite or Eventful for event management, and optional other messaging and backend APIs as alternatives or supplements.
./output/gpt/plan_and_solve/responses.json
データが保存されました: ./output/gpt/plan_and_solve/responses.json (キー: textmob-1)
------------------------------
評価中のサービス: twitter-trends
Iteration 1, Total call: 213
**Reasoning**:

The requirement is to build a website that shows the most discussed topics on Twitter (i.e., Twitter trends) and allows searching by location using Google Maps.

Key points:
1. Display most discussed topics on Twitter (trends).
   - This involves accessing real-time or recent trending Twitter data.
   - The trends should be possibly filtered or viewed by location, since Twitter trends can be location-specific.

2. Allow searching by location through Google Maps.
   - User should be able to search and specify locations using Google Maps or a Maps API.

So the mashup service needs:
- Access to Twitter trends data.
- Access to Google Maps (or Google Maps-related) API for location search and display.

From the available APIs and categories:

For Twitter trends:
- The "tagalus" API is about Twitter hashtag meanings but not trends.
- "twitter-streaming" API provides real-time access to public and protected Twitter data including status, keyword or geographic filtered data streams. This can be used to catch Twitter data but API doesn't explicitly mention trends.
- "what-trend" API: "Find out what's trending on Twitter and why. For each trend, What The Trend provides a quick explanation of why it's trending. You can also see the latest tweets, Flickr photos and news stories." This API is specifically designed for trending Twitter topics. This is an ideal match for the "most discussed topics on Twitter".
- "twitter-search" API: Twitter search API to find tweets, people and trends. This also mentions trends explicitly.
- "topsy" mentions social conversations on Twitter.
- "twitter" API profile is deprecated, split into multiple APIs.

For mapping and location search:
- "google-maps-places" API allows searching places with latitude and longitude; supports place search, autocomplete, photos; this can help in searching locations and showing details.
- "bing-maps-search" API also allows mapping related search queries. But requirement specifically wants Google Maps.
- "google-maps" API is deprecated and split into multiple APIs like google-maps-places, google-maps-geocoding, google-maps-directions.
- Other Google Maps related APIs like google-maps-geocoding, google-maps-geolocation, google-maps, google-maps-elevation are available.
- For location search and display, "google-maps-places" is relevant.
- "google-geocoding" API is useful for converting addresses to geo-coordinates and vice versa.
- To enable user to search locations on map and view locations, "google-maps-places" fits best.

Thus, the best fit is using:
- For Twitter trending topics: "what-trend" API (specialized in showing trending topics on Twitter, with explanations).
- For maps and location search: "google-maps-places" API (Google Maps Places API) for searching locations.

Other useful Twitter APIs that mention trends could be considered:
- "twitter-search" (has trends)
- "twitter-streaming"
But "what-trend" is the most directly focused on Twitter trending topics with explanations about why topics are trending — matching the "most discussed topics" requirement.

Using Google Maps Places API allows location-based searching and displaying map data, which fulfills the "searching by location through Google Maps" requirement.

**Conclusion**:

- Recommend categories: ['social', 'mapping']
- Recommend All matched APIs: ['what-trend', 'google-maps-places']
./output/gpt/plan_and_solve/responses.json
データが保存されました: ./output/gpt/plan_and_solve/responses.json (キー: twitter-trends-1)
------------------------------
評価中のサービス: vthumbs
Iteration 1, Total call: 214
**Reasoning**:
The user wants to create a mashup service that allows viewing images and videos of celebrities. A mashup implies combining two or more APIs to provide enriched content. Here, specifically a mashup of Flickr and YouTube is mentioned, which means:
- Flickr will be the source for celebrity images/photos.
- YouTube will be the source for celebrity videos.

Flickr is under the category "photos" and provides access to photos and images uploaded by users including celebrities. 
YouTube is under the category "video" and offers video content, including celebrity videos.

We need to select categories relevant to photos and videos (multimedia content). So relevant categories are:
- photos (for images, photo services like Flickr)
- video (for video services like YouTube)

The APIs that match the user's requirement:
- flickr (photos): for images/photos of celebrities
- youtube (video): for videos of celebrities

By combining these two APIs, the service can show images and videos of celebrities.

No other APIs mention both images and videos related to celebrities or explicitly mention "flickr" or "youtube" functionality. The user expressly wants a mashup of Flickr and YouTube, so these two APIs are the most relevant.

**Conclusion**:
- Recommend categories: ['photos', 'video']
- Recommend All matched APIs: ['flickr', 'youtube']
./output/gpt/plan_and_solve/responses.json
データが保存されました: ./output/gpt/plan_and_solve/responses.json (キー: vthumbs-1)
------------------------------
評価中のサービス: mymaps.dk
Iteration 1, Total call: 215
**Reasoning**:

The requirement is to provide local information and maps for the 7000 main cities and places in Denmark. This indicates a need for geographic data, mapping capabilities, and potentially rich local or city data for Danish locations.

Breaking down the problem:

1. **Local Information**:
   - Need geographic data points for cities/places in Denmark.
   - City/population/municipality details might be included.
   - Possibly images or local metadata are desired.
   
2. **Maps**:
   - Services to show maps, geocode locations, retrieve map images, directions.
   - Ability to integrate mapping resources or embed maps in an application.
   - Possibly reverse geocoding (converting coordinates to place names) and forward geocoding (place names to coordinates).

3. **Scale**:
   - Focus is on about 7000 key cities/places in Denmark, so APIs with detailed and well-maintained geographic coverage for Denmark are important.

Given these, the most relevant categories are:

- **mapping**: For providing map data, visualization, geocoding, and general spatial information.
- **geography**: For geographic info, place names, locations, metadata about those places.
- **reference**: If additional info about places or other reference info is needed.
- Potentially **data-as-a-service** if external curated datasets are needed.

Next, from the available APIs, I must identify which support geographic data specifically for Denmark or have wide international coverage including Denmark.

Checking notable APIs from 'mapping' category:

- **geograph**: Provides geographically representative images and data for England and Ireland only, so not for Denmark.
- **ip2location**, **ip-apicom-geolocation**, **ipinfoio-ip-geolocation**, **smart-ip-geo-ip**, **quova**: Mostly focused on IP-based geolocation which might be too coarse or indirect.
- **bing-maps-search**, **bing-maps**, **bing-maps-geocode-dataflow**, **bing-maps-locations**, **bing-maps-routes**, **bing-traffic**: Bing Maps provide global coverage, including Denmark. Search, routing, geocoding are supported.
- **google-maps-places**, **google-geocoding**, **google-maps-elevation**, **google-maps-geolocation**, **google-maps-distance-matrix**, **google-directions**, **google-street-view-image**: Google Maps related APIs with wide international coverage including Denmark.
- **mapquest**, **mapquest-geocoding**, **mapquest-open-directions**: Provide services based on OpenStreetMap data possibly including Denmark.
- **mapbox**: Open source mapping tools with global coverage.
- **openstreetmap**: OpenStreetMap is worldwide and includes Denmark; it also includes several APIs and SDKs for maps and data.
- **geonb**: Canadian province New Brunswick mapping only, not relevant.
- **geonames** (reference): Extensive geographical database with data on places worldwide including city names, postal codes, weather and timezone info; includes Denmark.
- **your-mapper**: Aggregates local US government data only, so not relevant.
- **yahoo-internet-location-platform** and **yahoo-geoplanet**: Provides place vocabulary and geographical management globally.
  
Among geography:

- **geonames**: global, well-known for geographic names database, likely to include Danish cities.
- **geograph** is England/Ireland only, so no.
- **geonb** is Canada only.
- No other strong geography or city focused API for Denmark observed.

Among reference:

- Some generic references like **geonames**, **wikilocation**, and **yahoo-internet-location-platform** can provide geographical metadata about places.

Looking for local info data specifically for Denmark:

- **ckan-norway**, **ckan-czech-republic**, **ckan-italy**, **ckan-brazil** etc are country-specific open data portals, but none for Denmark is listed.

Therefore, for local info and mapping of Danish places, the recommendation is:

- Use **geonames** API for locale geographic info (names and coordinates).
- Use mapping APIs like **bing-maps**, **google-maps-places**, **mapquest**, **mapbox**, **openstreetmap** (JavaScript SDK) for maps and map related visualization.
- Optionally use **yahoo-internet-location-platform** for more geographic hierarchies or place metadata.

Note: Many Google Maps APIs are deprecated or split into many sub APIs but they cover Denmark comprehensively.

**Conclusion**:

- Recommend categories: ['mapping', 'geography', 'reference']

- Recommend All matched APIs: [
    'geonames',
    'bing-maps-search',
    'bing-maps',
    'bing-maps-geocode-dataflow',
    'bing-maps-locations',
    'bing-maps-routes',
    'google-maps-places',
    'google-geocoding',
    'google-maps-distance-matrix',
    'google-directions',
    'mapquest',
    'mapquest-geocoding',
    'mapquest-open-directions',
    'mapbox',
    'openstreetmap',
    'yahoo-internet-location-platform',
    'yahoo-geoplanet',
    'wikilocation'
  ]
./output/gpt/plan_and_solve/responses.json
データが保存されました: ./output/gpt/plan_and_solve/responses.json (キー: mymaps.dk-1)
------------------------------
評価中のサービス: cheap-flights-to
Iteration 1, Total call: 216
**Reasoning**:
The user's requirements focus on finding and comparing prices on flights, airline tickets, and hotel deals to thousands of trip vacations in partnership with major travel agencies. To satisfy this, the APIs and categories recommended should provide access to comprehensive travel data, pricing, and booking functionalities associated with flights and hotels.

Given the extensive list of available categories and APIs, we can filter based on the key points:

1. Focus on travel-related categories: "travel", "booking", "ecommerce" (for bookings and price comparisons), possibly "payments" for transaction processing (though the user only asked for price finding and comparison).

2. Look for APIs that specifically mention:
   - Flight search and pricing
   - Hotel bookings
   - Travel deals from major agencies
   - Ability to retrieve and compare pricing info

From the provided APIs in the "travel" category, several stand out:

- **Skyscanner Live Pricing:** Provides live flight pricing info, a travel search engine that offers instant comparisons for flights, hotels, and car hire.

- **Easytobook:** Provides hotel bookings for over 120,000 hotels and allows hotel search, availability checks, photo retrieval, and booking with major travel agencies; includes an affiliate program.

- **Travel IQ:** Online travel booking service offering hotel booking, flight search, and location data, via RESTful API.

- **Amadeus:** Connects to travel data powering top travel sites, providing flight and hotel search, booking capabilities, destination content, and AI travel insights.

- **Sabre 0:** Global travel marketplace connecting airlines, hotels, tour operators, etc., offers a comprehensive API portfolio for travel business.

- **TripIt:** Provides access to itinerary and travel information; good for organizing trips but less focused on price searching.

- **Viator:** Sells tours and activities, with XML data accessible but with limited documentation.

In the "booking" category:

- **Booking.com Content:** Allows building and maintaining multiple property listings and uploading photos, with restricted access to certified partners. Provides hotel info.

In the "ecommerce" category, some sites provide deals and comparisons but travel-specific not direct:

- **Groupon:** Daily deal aggregator, including travel deals.

- **DealSurf:** Daily deal aggregator including LivingSocial, Groupon.

- **RetailMeNot:** Online coupons and discounts.

But these are more generalized coupon/deal APIs and less direct flight/hotel comparison engines.

Therefore, the primary recommended categories:

- travel
- booking
- ecommerce (because some travel deals may be aggregated here)

For APIs, main focus on those that provide flight and hotel search, pricing, and booking interfaces with major travel agencies:

- Skyscanner Live Pricing (travel) - for flights, hotels, car hires, live pricing and instant comparisons.

- Easytobook (travel) - SOAP API for hotel searching and booking.

- Amadeus (travel) - comprehensive flight and hotel data, booking, destination content.

- Sabre-0 (travel) - global distribution system for air/hotels/tours, large API portfolio.

- Booking.com Content API (booking) - property info and photos from a leading travel agency.

- Travel IQ (travel) - online travel booking with hotel and flight search.

Optionally:

- Viator (travel) - tours and activities.

- Groupon (ecommerce) - for additional deal aggregation if coupons/deals are desired.

- DealSurf (ecommerce) - daily deal aggregator, including travel.

Since the request is primarily about finding and comparing the prices on flights/airline tickets and hotel deals to thousands of trips with biggest travel agencies, the first five travel/booking APIs should be prioritized.

**Conclusion**:
- Recommend categories: ['travel', 'booking', 'ecommerce']

- Recommend All matched APIs: ['skyscanner-live-pricing', 'easytobook', 'amadeus', 'sabre-0', 'bookingcom-content', 'travel-iq']

Optional additional APIs for deals aggregation (if desired): ['groupon', 'dealsurf']
./output/gpt/plan_and_solve/responses.json
データが保存されました: ./output/gpt/plan_and_solve/responses.json (キー: cheap-flights-to-1)
------------------------------
評価中のサービス: zipments
Iteration 1, Total call: 217
**Reasoning**:

The requirement is for a community-based courier service called "Zipments" that delivers items when and where needed, including items from local merchants. This indicates the service will need:

1. **Ride-share or transportation capabilities**: To enable couriers to service deliveries.
2. **Telephony and SMS messaging**: To communicate orders, notifications, confirmations, and possibly real-time chat between customers, merchants, and couriers.
3. **Ecommerce integration**: To manage merchant items and orders.
4. **Possibly mapping/location services**: To handle geolocation, route optimization, or displaying delivery routes.
5. **The requirement specifically mentions using Twilio and Twilio SMS APIs**: Which are APIs for telephony and SMS messaging.

From the provided available categories and APIs:

- **Categories**:
  - **ride-share**: for access to ride-share services.
  - **telephony**: for voice and SMS communications.
  - **messaging**: for SMS or other message channel integrations.
  - **ecommerce**: to manage merchant-related data.
  - **mapping**: to assist in navigation, location detection, route calculation.

- **APIs**:
   - **twilio** and **twilio-sms** – Telephony APIs that enable voice calls and SMS messaging to support communication and notifications between couriers, customers, and merchants.
   - **lyft** – Ride-share API that can be used to integrate ride and transport-related features.
   - Possible other APIs:
     - **shopify-admin** (ecommerce) – If merchants use Shopify, can integrate product and order data.
     - **mapquest**, **bing-maps-search**, or **google-maps-places** (mapping) – For geolocation, mapping routes, or searching locations.

Since the requirement specifically highlights Twilio and Twilio SMS APIs, these must be included in the recommendation.

**Conclusion**:

- Recommend categories: ['ride-share', 'telephony', 'messaging', 'ecommerce', 'mapping']
- Recommend all matched APIs: ['twilio', 'twilio-sms', 'lyft', 'shopify-admin', 'bing-maps-search']
./output/gpt/plan_and_solve/responses.json
データが保存されました: ./output/gpt/plan_and_solve/responses.json (キー: zipments-1)
------------------------------
評価中のサービス: ipaper-and-box.net
Iteration 1, Total call: 218
**Reasoning**:
- The requirement is to allow Box.net users (Box platform users) to preview documents stored in their Box accounts using iPaper by Scribd. This means the integration needs to connect the Box content storage platform with the Scribd iPaper document viewer.
- First, the content management and storage platform relevant here is Box. There is the "Box" API available that allows integration to access and manage content stored in Box accounts.
- Second, the document preview functionality desired is specifically using "iPaper by Scribd", which is a document viewer platform. There is a "scribd-ipaper" API that provides JavaScript API to control how documents display when embedded on a webpage, and lets developers customize their document presentation.
- Combining these two APIs will enable developers to fetch documents from Box accounts and then present them via the Scribd iPaper viewer.
- There is no mention of needing additional categories like authentication or user management explicitly, so the main categories are content (Box) and office/pdf/document viewing (scribd-ipaper).
- The Box API is in the "content" category.
- The Scribd iPaper API falls into the "office" category (according to the listing).
- Thus, recommend categories: content, office.
- Recommend APIs: 'Box', 'scribd-ipaper'.

**Conclusion**:
- Recommend categories: ['content', 'office']
- Recommend All matched APIs: ['Box', 'scribd-ipaper']
./output/gpt/plan_and_solve/responses.json
データが保存されました: ./output/gpt/plan_and_solve/responses.json (キー: ipaper-and-box.net-1)
------------------------------
評価中のサービス: blizzalert
Iteration 1, Total call: 219
**Reasoning**:

1. The service "Blizzalert" is designed to alert skiers and snowboarders about favorable snow conditions at ski areas via text message alerts.
2. Key functionalities needed:
   - Access to ski area weather and snow condition data to determine when "snow is coming through."
   - Ability to send alerts via SMS (text messages) to users when snow conditions meet alert criteria.
3. Therefore, we need to:
   - Find APIs that provide weather data, particularly related to snow or winter weather forecasts for ski areas.
   - Find messaging APIs that can send SMS messages to alert users.
4. From the available categories and APIs:
   - "weather" category has multiple APIs offering weather forecasts and data.
   - "messaging" category has APIs like Twilio SMS, Clockwork SMS, Mogreet, etc., which provide SMS sending capabilities.
5. We also might consider "travel" or "events" but less relevant here.
6. We don't require mapping directly, although geo-location might be involved if the ski area location is needed, but it's secondary.
7. For weather data, we may consider APIs that provide detailed weather forecasts including snow or precipitation.
8. For sending SMS alerts, our focus is on reliable messaging services with easy integration.
9. Specific APIs to recommend for weather:
   - aerisweather (weather advisories, forecasts, storm reports) - might cover snow.
   - national-weather-service-ndfd (official NOAA weather forecasts and data).
   - norway-weather or other available weather APIs if relevant to location.
   - skyscanner-live-pricing and others under travel are more for booking and flight data, less for snow conditions.
   - OpenWeatherMap is deprecated, so skip.
10. For messaging (SMS):
    - twilio-sms: cloud communications API with SMS sending and receiving.
    - clockwork-sms: SMS gateway for sending bulk messages.
    - mogreet: SMS/MMS marketing with video, images etc.
    - vonage-nexmo-sms: SMS messaging features.
    - pushover-message: real-time notifications to mobile devices.
    - other messaging APIs, such as postalmethods, postal gateway - for letters, so not appropriate.
11. Thus, the most straightforward solution combines a reliable weather API delivering snow forecasts and a messaging API to send the alert SMS.
12. Additionally, the system should store user-selected ski areas, map those to weather geolocations or ski area IDs, and process those data feeds to decide alert thresholds for snow.
13. The reasoning favours weather and messaging categories primarily.
14. Optionally, if the service needs to provide location services or mapping (e.g., locating ski areas), mapping APIs can be considered but not mandatory here.

**Conclusion**:
- Recommend categories: ['weather', 'messaging']
- Recommend All matched APIs:
  - Weather APIs (with snow or detailed weather forecasts capabilities):
    - aerisweather
    - national-weather-service-ndfd
    - norway-weather (if coverage is relevant)
  - Messaging APIs (for sending text message alerts):
    - twilio-sms
    - clockwork-sms
    - mogreet
    - vonage-nexmo-sms
    - pushover-message (as an alternative notification method)
./output/gpt/plan_and_solve/responses.json
データが保存されました: ./output/gpt/plan_and_solve/responses.json (キー: blizzalert-2)
------------------------------
評価中のサービス: zoob-tube
Iteration 1, Total call: 220
**Reasoning**:
ZoobTube is a mashup that works by first extracting the artist name and song title of the most recent song played on a radio station called Radio Paradise. Then, it takes those extracted keywords and performs search operations on two different media platforms: Flickr for photos and YouTube for videos, to find related content.

To implement such a mashup, we need APIs that provide:

1. Access to Radio Paradise song metadata (artist and title of the most recent track). However, none of the provided APIs list Radio Paradise or an audio/music streaming radio metadata feed directly. We may use a music API that supports event or track metadata for radio or streaming services if available; if not, it might require a custom or unofficial Radio Paradise API or RSS feed (which is not listed here). Since this is not in the given API list, we will focus on the photo and video search parts.

2. Search APIs to retrieve photos related to the artist and song title keywords. Among the available APIs, Flickr API is mentioned under "flickr" in the photos category, which allows retrieving photos related to keywords.

3. Search APIs to retrieve videos related to the artist and song title keywords. The "youtube" API is available in the video category, offering capabilities to search videos with keyword queries.

Hence, the focus is on media content search APIs (photos and videos). Key categories that support this are "photos" and "video." For social music data, there are music APIs listed, but the requirement is for searching photos and videos related to artist and songs, so we do not necessarily require a music metadata API for this task.

Thus, the recommended categories would be "photos" and "video."

Recommended APIs: flickr (photo search), youtube (video search).

**Conclusion**:
- Recommend categories: ['photos', 'video']
- Recommend All matched APIs: ['flickr', 'youtube']
./output/gpt/plan_and_solve/responses.json
データが保存されました: ./output/gpt/plan_and_solve/responses.json (キー: zoob-tube-1)
------------------------------
評価中のサービス: myflickrtool
Iteration 1, Total call: 221
**Reasoning**:
The requirements specify a Flash application that should be developed using two specific APIs: Flickr and Yahoo Map APIs.

1. Understand the requirements:
   - The app is developed in Flash (though this is less relevant to API selection).
   - The core APIs to be integrated are Flickr and Yahoo Map APIs.

2. From the list of available APIs, identify the ones related to Flickr and Yahoo Maps:
   - Flickr is a photo sharing service with its own API categorized under "photos."
   - Yahoo Map APIs are mapping-related, so look for APIs under "mapping" category that mention Yahoo Maps.

3. From the available APIs:
   - Flickr API: Listed under category "photos" with Flickr as API name.
   - Yahoo Maps APIs in the list include:
     - yahoo-map-image (mapping): URL to get a map image.
     - yahoo-placemaker (mapping): for geo-enrichment, disambiguates places in content.
     - yahoo-local-search (search): business info, ratings, etc.
     - yahoo-geoplanet (mapping): manages geo-permanent named places.
     - yahoo-internet-location-platform (mapping): resource for geo-permanent named places on Earth.

4. Since the requirement is to develop with Flickr and Yahoo Map APIs, the exact Yahoo Maps API depends on the intended map features. The typical Yahoo Maps API used in Flash apps is the Yahoo Map Image API for rendering maps.

5. Considering a Flash application traditionally would integrate maps via static images or dynamic maps, "yahoo-map-image" is a direct Yahoo Maps API that returns a graphic of a map according to specified parameters.

6. Also, for enriching map content, "yahoo-placemaker" is useful, but it may be secondary to getting map images.

7. Therefore, the recommended categories are "photos" for Flickr and "mapping" for Yahoo Map-related APIs.

8. Recommended APIs are "flickr" (for photo sharing and retrieval) and "yahoo-map-image" (for Yahoo Maps integration to display maps).

**Conclusion**:
- Recommend categories: ['photos', 'mapping']
- Recommend All matched APIs: ['flickr', 'yahoo-map-image']
./output/gpt/plan_and_solve/responses.json
データが保存されました: ./output/gpt/plan_and_solve/responses.json (キー: myflickrtool-1)
------------------------------
評価中のサービス: zip-mashup
Iteration 1, Total call: 222
**Reasoning**:

1. The mashup requires integration of three main types of data sources based on the user's input US ZIP code:
   - Job listings (Indeed)
   - Social events/venues (Yahoo)
   - Weather conditions (weather web services)
   - All of these should be geolocated and visualized on Google Maps

2. The mashup will receive as input a US ZIP code, which can be used to:
   - Search for jobs via the Indeed API using the given ZIP code.
   - Search for social events or venues using Yahoo APIs in the context of the ZIP code (Yahoo services related to local search or travel/events can be used).
   - Retrieve current weather and forecasts using a weather API.
   - Use map services to geolocate and mark the returned jobs, events, and weather on the map.

3. Choose appropriate APIs from the available list for each requirement:
   - For jobs: Indeed API (Category: jobs) is explicitly named and suitable to pull job listings relevant to the ZIP code.
   - For social events/venues: Yahoo Local Search API (Category: search) is a good candidate since it provides local business, user comments, ratings, and traffic-alert info. It supports location-based queries.
     Alternatively, eventbrite or eventful APIs provide event data, but the requirement is to use a Yahoo service (Yahoo is explicitly mentioned in the requirement).
   - For weather: The requirement is weather web services. Multiple weather APIs are available such as aerisweather, national-weather-service-ndfd, norway-weather, openweathermap (deprecated), and others. Since the mashup is generic, pick a well-known freely available one like aerisweather or national-weather-service-ndfd.
   - For mapping: Use Google Maps API to display all retrieved data on the map.
     From available APIs: google-maps-places, google-maps-geolocation, google-maps, google-maps-elevation, google-maps-directions, google-maps-distance-matrix are available.
     However, the classic Google Maps API is deprecated and split into multiple sub-APIs.
     Use google-maps-places API to get place info, and google-maps to embed/map is deprecated but mentioned.
     Alternatively, Bing Maps or mapquest can be alternatives. Requirement states Google Maps, so choose appropriate Google Maps APIs.

4. Based on this, the plan is:

- Use Indeed API to get jobs matching the input ZIP code.
- Use Yahoo Local Search API to search for social events, venues, or businesses related to that ZIP code.
- Use an appropriate weather API such as AerisWeather or National Weather Service NDFD or Norway Weather to get weather conditions for that ZIP code.
- Use Google Maps Places and Geocoding API to locate and display those jobs, events, and weather information on the map.

**Conclusion**:

- Recommend categories:
  - ['jobs', 'search', 'weather', 'mapping']

- Recommend all matched APIs:
  - 'indeed' (jobs)
  - 'yahoo-local-search' (search)
  - 'aerisweather' (weather)  *(or alternatively one of the NOAA National Weather Service APIs)*
  - 'google-maps-places' (mapping)
  - possibly 'google-maps-geocoding' to convert ZIP code to lat/lon for map placement

These APIs collectively cover the requirements: job data from Indeed, social events/venues from Yahoo's Local Search, weather from AerisWeather, and display/location on Google Maps Places and Geocoding APIs.
./output/gpt/plan_and_solve/responses.json
データが保存されました: ./output/gpt/plan_and_solve/responses.json (キー: zip-mashup-1)
------------------------------
評価中のサービス: find-best-three
Iteration 1, Total call: 223
**Reasoning**:

The requirement describes "Find Best Three," which is a buying suggestion and product comparison tool. The tool aims to identify the three best goods from different categories and compare them side by side. Additionally, it gathers video reviews, photos, and other relevant information to answer "who is the best?"

Based on this, the solution requires integration of several types of data and functionalities:
1. Product Information and Comparison: To list and compare product details from multiple categories.
2. Reviews and Ratings: To pull user or expert reviews, ratings, and other qualitative information for ranking.
3. Multimedia Content: To collect video reviews, photos, and potentially other media related to the products.
4. Possibly search and recommendation to identify the top products for comparison.

Breaking down the requirements to API categories:

- **ecommerce**: To fetch product information, categories, prices, etc. This is the essential core for any product comparison tool.
- **recommendations**: For providing best picks or product recommendations which may be based on user reviews, ratings, or algorithms.
- **videos** (video category): To fetch video reviews of products (e.g., unboxing videos, reviews).
- **photos** (photos category/images): To retrieve photos of the products.
- **search**: To perform queries to find relevant products and media.
- **media**: Possibly for other rich media content.
- **social**: For gathering user feedback, tags, or social proof, especially ratings or opinions from users.

Next, we look for Available APIs that best fit these requirements:

**Ecommerce APIs**:  
- **shopify-admin** (ecommerce): Robust ecommerce API with endpoints for products, orders, customers.  
- **amazon-product-advertising** (ecommerce): Offers access to Amazon's product data and e-commerce functionality, including product discovery and affiliate marketing. Perfect for Amazon product comparison.  
- **ebay-shopping** (ecommerce): eBay product information and search.  
- **best-buy-products** (ecommerce): Full product info with pricing and availability for Best Buy.  
- **walmart-open** (ecommerce): Provides product catalogue info.  
- Other useful ecommerce APIs with product data: **magento-soap**, **pinnaclecart-rest**, **etsy**.

**Recommendations APIs**:  
- **yelp-fusion** (recommendations): Business reviews and ratings which can be informative for product-related local sellers or services.  
- **rotten-tomatoes** (recommendations): Specific to movies, less likely relevant.  
- **trakt.tv** (recommendations): For movies/TV. Not relevant.  
- **task related to products recommendations** are limited in this list, so focus on ecommerce product ratings or social signals.

**Video APIs**:  
- **youtube** (video): Best source for video reviews and rich content including user-uploaded product review videos.  
- **brightcove** (video): Video publishing platform, less general than YouTube but can be used.  
- **dailymotion** (video): Another video platform alternative.  
- **vimeo** (video): Video sharing platform.  
- **embedly** (video): For embedding video from multiple providers, including video meta data.

**Photos APIs**:  
- **flickr** (photos): Rich photo sharing platform.  
- **pixabay-free-images** (images/photos): License-free photo images which might include product photos.  
- **instagram-graph**: Social photos, useful for real-world photos.  
- **photobucket**: Photo sharing.  
- **500px**: Photography platform, possibly less focused on product images.  

**Search APIs**:  
- **google-custom-search** (search): Can be used to search across multiple websites.  
- **bing** / **bing-maps-search** (search/mapping): limited for product search.  
- **yahoo-local-search** (search): Local business oriented.  
- **primal** (search): Semantic interest graph content, possibly useful for product search.  
- **semrush** (search): SEO oriented, not product search.  
- **twitter-search** (search): Social media search.

**Social APIs**:  
- **facebook-graph**, **twitter-streaming**, **linkedin**: large social platforms, useful to gauge social sentiment or get social data relevant to products.  
- **tagalus**, **buffer**, **addthis-analytics**: social data and sharing metrics.  
- **yelp-fusion**: reviews as social proof for businesses.

From above, the most important APIs will focus on ecommerce for product data, YouTube and video platforms for video reviews, and photo APIs for images. Recommendation and social sentiment can come from reviews on ecommerce sites or aggregated data.

Hence, the core categories and APIs for this tool would be:

**Categories**:  
- ecommerce  
- video  
- photos  
- search  
- recommendations (possibly)  
- social (optional, for user feedback or social signals)

**APIs**:  
- ecommerce: amazon-product-advertising, shopify-admin, ebay-shopping, best-buy-products, walmart-open  
- video: youtube (primary), dailymotion, vimeo  
- photos: flickr, pixabay-free-images, instagram-graph  
- search: google-custom-search  
- recommendations: yelp-fusion (for consumer service related products), possibly rovi-cloud-services (for entertainment related products)  
- social: facebook-graph, twitter-streaming (if social feedback is desired)

**Conclusion**:

- Recommend categories: ['ecommerce', 'video', 'photos', 'search', 'recommendations']

- Recommend All matched APIs: ['amazon-product-advertising', 'shopify-admin', 'ebay-shopping', 'best-buy-products', 'walmart-open', 'youtube', 'dailymotion', 'vimeo', 'flickr', 'pixabay-free-images', 'instagram-graph', 'google-custom-search', 'yelp-fusion']
./output/gpt/plan_and_solve/responses.json
データが保存されました: ./output/gpt/plan_and_solve/responses.json (キー: find-best-three-1)
------------------------------
評価中のサービス: caption.me
Iteration 1, Total call: 224
**Reasoning**:

1. The requirement involves an ongoing photo caption competition:
   - The photos are sourced from a group on Flickr.
   - Users add funny captions to these selected photos.
   - Two photos are selected daily for the competition.

2. The solution also incorporates advanced visualization and technology:
   - Uses D3.js (a JavaScript library for producing dynamic, interactive data visualizations in web browsers) and Node.js (a JavaScript runtime used for server-side scripting).
   - Uses Bing image search to help show a collaborative mind map to brainstorm caption ideas.

3. From this, the core functionalities to cover:
   - Photos: We need a photos API to access photo content and potentially upload data or comments (captions).
   - Social or collaboration: For user-submitted captions, potentially some social or collaborative features or storage.
   - Search: Integration with Bing image search to pull images relevant to brainstorming.
   - Visualization or charting tools: While D3/node.js is mentioned for visualization, this is more implementation, not an API to recommend.
   - Possibly mind map visualization or collaborative brainstorming, but no direct API is mentioned for mind maps.

4. From Available Categories and APIs:
   - photos: Flickr API, 500px (not publicly available), Pixabay, Instagram, Imgur, Photobucket, Picasa (deprecated), etc.
     - Flickr is explicitly mentioned for the photos coming from the Flickr group.
     - Flickr API supports retrieving photos, groups, adding tags and comments.
   - search: Bing Search or Bing image search to get images related to captions.
     - We have Bing Maps Search (mapping), Microsoft Bing (search including images).
     - Microsoft Bing API is available for search including images.
   - social: For collaborative captioning, social integration could be beneficial. Facebook Graph API is no longer supported, but APIs like Twitter, Facebook (deprecated), Tagalus, or even general social APIs could be used.
     - However, the main collaboration is the captioning competition on the Flickr photo group and brainstorming through a mind map visualization.
   - tools: For integrating D3.js and node.js, the actual libraries are more of development frameworks rather than APIs here.
   - tagging, natural-language-processing, text, or social might be relevant for managing captions and facilitating fun captions or content, but are not explicitly required.
   - video, messaging, chat categories do not align directly with the requirement.

5. Exact APIs matching the need:
   - Flickr (Category: photos, API: flickr) to access the group photos and potentially manage photo data.
   - Microsoft Bing (Category: search, API: microsoft-bing) to perform Bing image search programmatically.
   - Possibly the Bing Maps Search API is irrelevant because it's for mapping-related search.

6. For collaborative mind map visualization, D3.js and Node.js are developer tools/frameworks, no API recommendation necessary.

7. Summary:
   - Must at least recommend Flickr API (to get photos from Flickr groups).
   - Must also recommend Microsoft Bing API for Bing image search capability.

**Conclusion**:
- Recommend categories: ['photos', 'search']
- Recommend All matched APIs: ['flickr', 'microsoft-bing']
./output/gpt/plan_and_solve/responses.json
データが保存されました: ./output/gpt/plan_and_solve/responses.json (キー: caption.me-1)
------------------------------
評価中のサービス: soundeer
Iteration 1, Total call: 225
**Reasoning**:
1. The requirement is a new way of discovering music artists and albums.
2. It involves reading Tumblr reviews about artists and albums.
3. It also involves browsing music recommendations, likely based on user activity or content analysis.
4. To enable reading Tumblr reviews, we need an API that allows interaction with Tumblr's blogging and post data.
5. To browse music recommendations, we can use music-related APIs that provide artist, album data, metadata, and recommendations.
6. Additionally, a social or recommendation category might have APIs that help with discovering trending or recommended content.
7. The Tumblr API is available under the category "blogging" which allows reading and writing of Tumblr posts, user info, and tags, so it can be used to fetch music reviews posted on Tumblr.
8. For music discovery and recommendation, several music APIs like Spotify Web API (spotify-web), MusicBrainz, Last.fm, Bandsintown, Jamendo, MusiXmatch, Songkick, and TraktTV offer artist and album data, events, and recommendations.
9. Among these, Spotify Web API is a leading service providing extensive music catalog and recommendations.
10. Last.fm also provides music data and recommendations.
11. MusicBrainz has rich metadata on artists and albums.
12. Bandsintown and Songkick give live music and concert data (good for artist discovery).
13. TraktTV focuses on TV and movies, so less relevant here.
14. Jamendo and MusiXmatch offer additional music metadata and lyrics.
15. To fulfill the requirement of reading Tumblr music reviews, interacting with the Tumblr API is essential.
16. Then, to enhance discovery and recommendation, Spotify Web API and potentially Last.fm API can be used.
17. Additionally, the Tagalus API under "social" could potentially be used if hashtags or tags from social networks like Twitter are relevant, but the core need is Tumblr reviews so it's less directly relevant.
18. So, the primary categories recommended are: blogging, music, social (for tagging or recommendations if needed).
19. The primary APIs recommended: tumblr (for reviews), spotify-web, lastfm, musicbrainz, and optionally bandsintown or songkick for live events.

**Conclusion**:
- Recommend categories: ['blogging', 'music', 'social']
- Recommend All matched APIs: ['tumblr', 'spotify-web', 'lastfm', 'musicbrainz', 'bandsintown', 'songkick']
./output/gpt/plan_and_solve/responses.json
データが保存されました: ./output/gpt/plan_and_solve/responses.json (キー: soundeer-1)
------------------------------
評価中のサービス: docs-pound-docs
Iteration 1, Total call: 226
**Reasoning**:  
The requirement is for a business application that:
- Shares documents from Microsoft SkyDrive (now known as OneDrive).
- Shares access to those documents via SMS.
- Uses Twilio for sending and receiving SMS.
- Runs on Windows Azure as the hosting platform.
- Allows users/customers to text a specific number to receive a link to a public file shared via SkyDrive.

Key elements and corresponding necessary technologies/APIs:  
1. **Document sharing/storage**: The requirement specifically mentions "Microsoft SkyDrive" which is essentially OneDrive (Microsoft's cloud storage service). However, in the provided list, the service called "LiveConnect" allows integration with Hotmail, SkyDrive (which matches SkyDrive, the old name of OneDrive), and Windows Live Messenger. It provides RESTful API calls and JSON for managing content, including media stored in SkyDrive. This fits the need for accessing and managing SkyDrive hosted files programmatically.

2. **SMS sending and receiving**: Twilio is explicitly mentioned for SMS integration. Twilio provides a robust RESTful API to send and receive SMS messages, supports phone calls, and integrates well with cloud services (like Azure). This API facilitates inbound SMS to a Twilio number and sending text back to users.

3. **Cloud hosting/backend**: The app runs on Windows Azure, which is a cloud platform. There is no direct specific Azure API listed here, but the app's environment is important. Azure itself can host the application logic, but the relevant APIs to support the requirement are more about the messaging and file sharing.

4. **Additional features**:
   - Ability to select which SkyDrive account to share from.
   - Setting a public file to share.
   - Responding to incoming texts with a link to the shared document.

Microsoft LiveConnect API fits the SkyDrive integration.  
Twilio fits SMS and telephony requirements.  
Azure is the hosting platform but not an API on this list (no direct API reference).

**Conclusion**:  
- **Recommend categories**: ['storage', 'messaging', 'cloud']  
  - 'storage' because Microsoft SkyDrive/OneDrive is a cloud storage service.  
  - 'messaging' because Twilio API handles SMS sending and receiving.  
  - 'cloud' because the app runs on Windows Azure, which is a cloud platform hosting the app.

- **Recommend All matched APIs**: ['liveconnect', 'twilio', 'amazon-cloudwatch', 'google-mirror', 'google-app-engine']  
  However, from the list specifically relevant:  
  - 'liveconnect' (Category: calendars) — for Microsoft SkyDrive integration and accessing shared files.  
  - 'twilio' (Category: telephony) — for SMS sending and receiving functionalities.

No explicit Azure APIs are listed here to recommend, so only those two are directly relevant to the problem requirements.

Hence, the most appropriate APIs are:  
- 'liveconnect'  
- 'twilio'
./output/gpt/plan_and_solve/responses.json
データが保存されました: ./output/gpt/plan_and_solve/responses.json (キー: docs-pound-docs-1)
------------------------------
評価中のサービス: savemyinbox
Iteration 1, Total call: 227
**Reasoning**:

The requirement is to build a tool that automatically saves Gmail attachments to Dropbox, enabling organization, archiving, and offline access of Gmail attachments.

Key components and their corresponding capabilities needed:

1. Access Gmail attachments automatically:
   - Need an API that can access Gmail mailboxes, retrieve email messages and attachments programmatically.
   - Authentication with Gmail is required using OAuth2 for secure access.
   - The tool should be able to search/filter emails, download attachments, and process them.
   - This fits under the "email" category.
   - APIs matching this include Gmail API (Google's Gmail API).

2. Save files into Dropbox:
   - Need an API that allows for file uploads and storage.
   - The Dropbox API provides RESTful methods to access and integrate file storage.
   - This fits under the "storage" category.

3. Organize and archive attachments, with offline access:
   - Organization and archiving can be done using the Dropbox storage and folder features.
   - Offline access is facilitated by saving the attachments in Dropbox, which supports syncing files locally.
   - May consider supporting folder management and tagging if required.
   
Hence, the obvious categories involved are "email" and "storage".

Checking the available APIs:

- Gmail (Category: email): Google's Gmail API allows access to mailboxes and attachments, supports OAuth2 authentication, is RESTful, and returns JSON data.

- Dropbox (Category: storage): Dropbox offers read/write file access, syncing, and storage, via RESTful API.

Therefore, the recommended categories are "email" and "storage".

Recommended APIs are "gmail" and "dropbox".

**Conclusion**:

- Recommend categories: ['email', 'storage']
- Recommend matched APIs: ['gmail', 'dropbox']
./output/gpt/plan_and_solve/responses.json
データが保存されました: ./output/gpt/plan_and_solve/responses.json (キー: savemyinbox-1)
------------------------------
評価中のサービス: allofcraigs
Iteration 1, Total call: 228
**Reasoning**:

1. The user wants an advanced search engine for Craigslist with real-time Twitter stream integration.
2. Requirements for the search engine: 
   - Search across Craigslist, Backpage, and Kijiji.
   - Support narrow results by region.
   - Support refine results by category.
3. They also want real-time streaming of Twitter data.
4. The user requires APIs that can support:
   - Searching classified ads or listings from Craigslist, Backpage, Kijiji (ecommerce, classifieds, or generalized search).
   - Real-time access to Twitter streaming data.
5. Review available APIs and categories:

   - For Craigslist, Backpage, Kijiji:
     - Unfortunately, none of the explicitly listed APIs mention direct access to Craigslist, Backpage, or Kijiji data.
     - Some ecommerce APIs are present but they appear oriented towards online stores and product shopping rather than classifieds.
     - The "8coupons" API is for local deals.
     - The "oodle" API states: "Oodle makes it easy to use online classifieds. We bring together loads of listings from hundreds of local and national sources..." which indicates it might aggregate classified listings from various sources.
     - The "deal surf" and "yipit" APIs are about deals, coupons, not classifieds.
     - "craigslist" API is not explicitly present.
     - "backpage" and "kijiji" APIs are not explicitly listed.
   - So, for classifieds search across multiple providers:
     - The Oodle API is the closest match for classifieds aggregation.
   - For Twitter real-time streaming:
     - The "twitter-streaming" API is explicitly available: "The Twitter Streaming API allows high-throughput near-realtime access to various subsets of public and protected Twitter data."
6. Location narrowing and category refining:
   - Oodle likely supports location and categories as it aggregates classifieds data.
   - Twitter Streaming API also allows filtering by geographic location or keywords, which could support real-time filtering by region and categories.
7. Categories relevant:
   - "ecommerce" or similar could fit classifieds, since classifieds involve items or services for sale.
   - "search" is a relevant category.
   - "social" category applies for Twitter.
   - Since Twitter streaming is social data, "social" category is appropriate.

**Conclusion**:

- Recommend categories: ['ecommerce', 'social', 'search']
- Recommend All matched APIs: ['oodle', 'twitter-streaming']
./output/gpt/plan_and_solve/responses.json
データが保存されました: ./output/gpt/plan_and_solve/responses.json (キー: allofcraigs-1)
------------------------------
評価中のサービス: twil-tweet
Iteration 1, Total call: 229
**Reasoning**:
The given requirement is for a service called "Twil-a-Tweet" that reads aloud friends' tweets on a cell phone in a robotic 80's style voice. Let's break this down:

1. Fetch tweets of friends:
   - We need access to Twitter data, specifically friends' tweets.
   - This involves social media APIs, particularly Twitter.
   - The API should allow access to user timeline, friends' tweets, or streaming tweets.

2. Playback of tweets as voice on a cell:
   - We need the ability to send voice to cell phones or programmatically make calls.
   - The robotic voice synthesis can be done by Text-To-Speech (TTS) service or voice API.
   - The system needs telephony API capable of making calls and playing synthesized speech.

3. Robotic 80's voice effect:
   - Ideally, a TTS or voice synthesis service that can provide voice effects (robotic/retro).
   - If not directly available, the text can be converted to speech using standard TTS API and then processed for 80's robot voice effect offline or by adding audio filters. For this task, basic TTS suffices.

4. Integration of Twitter and telephony with TTS capability:
   - Twitter API for fetching tweets.
   - Telephony API to make outbound calls and play audio or TTS.
   - TTS service for converting text to speech robotic voice (if the telephony provider supports TTS).

From available categories and APIs, relevant categories would be:
- social (for Twitter and tweet access)
- telephony (for making calls and playing speech)
- tools (for TTS or voice effects, if any)

Available APIs that fit these requirements:

- **Twitter** (or Twitter Streaming, Twitter Search) APIs allow getting real-time or past tweets. Note that the Twitter API here is marked as no longer available, but is the conceptually correct API for tweet access.

- **Twilio** (Category: telephony) provides an API to build voice and SMS applications; it supports making calls and playing voice recordings or TTS.

- **Tropo** (telephony) can be used for building voice applications, supports speech recognition and TTS, also for calls.

- **SpokenBuzz** (telephony) allows making phone calls that play voice messages, suitable for custom voice messages.

- **Amazon Alexa Skill Voice Service** or **Amazon Alexa Proactive Events** (hardware/internet-things categories) is less appropriate as the interface is for Alexa devices, not general cell phone calls.

- Voice/TTS service is not explicitly listed but telephony providers often have TTS built-in (e.g., Twilio).

- Twitter Streaming API is ideal for real-time tweets from friends.

Hence, the main components would be:
- Social category: to access Twitter data (friends' tweets).
- Telephony category: to make calls and play speech (Twilio, Tropo, SpokenBuzz).
- Possibly Tools/Voice for TTS or voice effects (though no specific robotic voice API is listed).

**Conclusion**:
- Recommend categories: ['social', 'telephony', 'tools']

- Recommend All matched APIs: ['twitter-streaming', 'twilio', 'tropo-scripting', 'spokenbuzz']

These provide access to tweets, programmatic voice call capabilities with speech synthesis, and ability to play robotic voice messages to cell phones.
./output/gpt/plan_and_solve/responses.json
データが保存されました: ./output/gpt/plan_and_solve/responses.json (キー: twil-tweet-1)
------------------------------
評価中のサービス: frtr
Iteration 1, Total call: 230
**Reasoning**:

The requirement is for "Frtr" (pronounced fritter), which allows users to easily record a video with their webcam and then tweet that recorded video.

Let's break down what is necessary to realize this functionality:

1. Webcam Video Recording:  
   - The ability to embed or provide webcam recording capabilities on a web platform or application.
   - This suggests the need for an API that enables video recording functionality, ideally a JavaScript API or embeddable service for webcam recording.

2. Video Upload & Management:  
   - After recording, the video must be uploaded, stored, and managed somewhere, typically via a video hosting or storage API.
   - Thus, an API offering video storage and playback would be useful.

3. Twitter Integration:  
   - Once the video is recorded (and possibly stored), the user must be able to tweet that video.
   - This requires Twitter's API integration for upload or media/tweet posting functionality.

Now, let's match these needs against the available categories and APIs:

**For Video Recording / Webcam Video Integration:**

- The API named "framey" is described as a JavaScript application that lets users record video on any website, embedding a webcam recorder into sites, and integrates with the video server. It returns JSON responses. This is a perfect fit for the recording part.

**For Integration with Twitter (Tweeting the Video):**

- Twitter is the main social network for tweeting. Listed APIs related to Twitter:

  - "twitter-streaming": Mainly for reading streaming tweets; probably not for posting.
  - "twitter": Deprecated.
  - No explicit Twitter POST API is listed.
  - However, the requirement is to tweet the video, so Twitter API integration is implied. Even though the documented Twitter API is deprecated here, in general, Twitter's standard API supports media upload and tweeting.

**For Video Hosting:**

- Video hosting APIs include:

  - "youtube": For video playback, uploading etc.
  - "vimeo": Video uploading, transcoding, hosting, playback.
  - "dailymotion": Video uploading, sharing.
  - "britecove": Media API for managing video content.
  - "framey": Embeds webcam recording and manages videos.

Given that "framey" itself provides recording and video upload notifications, it may offer enough backend storage and video management for this use case.

Alternatively, if additional video hosting and management is needed, then APIs like "youtube", "vimeo", or "dailymotion" could be integrated.

**Conclusion about categories:**

- "video": For video recording and hosting.
- "social": For Twitter integration to tweet the video.
- "tools": For JavaScript based webcam recording (framey API is in this category).
- Possibly "messaging" or "chat" if the app had any communication beyond tweeting, but not necessary here.

**Conclusion about APIs:**

- "framey" (video recording)
- "twitter" or "twitter-streaming" (for tweeting, though noted as deprecated in this data set)
- "youtube" / "vimeo" / "dailymotion" (optional, if needing video hosting and playback)
- Possibly "twitpic" if handling photos/images, but video is the focus here.

Since the requirement explicitly is about recording then tweeting the video, and framey fits embedding and recording video from webcam; and tweeting is handled via Twitter API (though deprecated here, Twitter API is needed). For video hosting, framey might handle this or another video API can be used.

**Final Recommendation:**

**Recommend categories:**  
['video', 'social', 'tools']

**Recommend all matched APIs:**  
['framey', 'twitter', 'youtube', 'vimeo', 'dailymotion']

# Answer

**Reasoning**:

The Frtr (fritter) service enables users to record video from their webcam and then tweet that video. Building such functionality requires:

1. **Webcam Video Recording**: An API to embed webcam capture and record videos seamlessly in a web or mobile app.
2. **Video Hosting/Upload**: A way to store or host the recorded video so it can be accessed or linked.
3. **Twitter Integration**: An API to post the recorded video as a tweet.

Matching these functional components against the available APIs:

- For webcam recording, the **Framey API** provides JavaScript-based webcam video recording that can be embedded into sites along with handling the upload and communication about finished videos. This suits the recording requirement very well.
  
- For tweeting, the **Twitter API** or **Twitter Streaming API** would be used to post tweets containing the recorded videos. Although marked deprecated here, in practice Twitter’s API supports media uploads and tweeting functionality.

- For video hosting and management (if additional backend storage or rich video content management is desired), video platform APIs like **YouTube**, **Vimeo**, and **Dailymotion** offer uploading, hosting, and playback services.

Therefore, implementing "Frtr" involves video recording tools, video hosting platforms, and social networking APIs, particularly Twitter.

**Conclusion**:

- Recommend categories: ['video', 'social', 'tools']  
- Recommend all matched APIs: ['framey', 'twitter', 'youtube', 'vimeo', 'dailymotion']
./output/gpt/plan_and_solve/responses.json
データが保存されました: ./output/gpt/plan_and_solve/responses.json (キー: frtr-1)
------------------------------
評価中のサービス: watch2gether.com
Iteration 1, Total call: 231
**Reasoning**:

Watch2Gether is a service that enables synchronized video watching combined with chat, webcam, and audio chat functionalities. The features include:
- Synchronized video playback from multiple sources (YouTube, Vimeo, Dailymotion, SoundCloud)
- Real-time chat-room for communication during video sessions
- Webcam and audio chat capabilities between users

To support or integrate similar functionality using available APIs, we need to identify APIs that provide:
1. Access to media/video content from popular sources like YouTube, Vimeo, Dailymotion, and SoundCloud.
2. Real-time chat and communication services including text, voice, and video chat.
3. Possibly webcam and audio chat functionalities through telephony or voice APIs.
4. Additional social or collaboration features if available.

Analyzing Available Categories and APIs:

1. **Video APIs**:  
   - YouTube API: Provides video search, playback, uploads, playlist management, etc.  
   - Vimeo API: For video storage, uploading, sharing, etc.  
   - Dailymotion API: For uploading, sharing and playing video content.  
   - SoundCloud API: For music uploads, streaming, and sharing.  
   Thus, the **video** category with these APIs is essential.

2. **Chat and Real-Time Communication APIs**:  
   - mesibo (chat, voice, video) provides real-time messaging and calls for mobile apps and websites with SDKs.  
   - QuickBlox (backend) supports chat, voice and video calling across platforms.  
   - Twilio (telephony) with SMS and voice, also video APIs supporting real-time voice/video communications.  
   - Slack (messaging and real-time chat) - more for team collaboration but can be considered.  
   - PubNub (messaging) - real-time messaging platform.  
   - HipChat (chat) for enterprise, but relevant for chat features.  
   These indicate **chat** and **telephony** as relevant categories.

3. **Webcam/Audio Chat**:  
   - APIs like mesibo, QuickBlox, Twilio can handle voice and video communications with SDKs.  
   - Telephony APIs like Voxeo, Plivo, Hoiio also cover voice features.  
   This further confirms **chat** and **telephony** as categories.

4. **Social/Collaboration Tools**:  
   - Watch2Gether has socializing and community aspects, but those are secondary for the base functionality.  
   - Some social category APIs exist but may be out of scope or not fundamental here.

Summary:
- Core needs: video playback from various video/music platforms and real-time communication (chat, voice, video).  
- Main categories to recommend: **video**, **chat**, **telephony** (for audio/video communication with webcam).  
- APIs that match: YouTube, Vimeo, Dailymotion, SoundCloud for media sources; mesibo, QuickBlox for real-time chat & voice/video; Twilio for telephony and SMS; PubNub for messaging.

**Conclusion**:

- Recommend categories: ['video', 'chat', 'telephony']
- Recommend All matched APIs: ['youtube', 'vimeo', 'dailymotion', 'soundcloud', 'mesibo', 'quickblox', 'twilio', 'pubnub']
./output/gpt/plan_and_solve/responses.json
データが保存されました: ./output/gpt/plan_and_solve/responses.json (キー: watch2gether.com-1)
------------------------------
評価中のサービス: kukunu
Iteration 1, Total call: 232
**Reasoning**:  
Kukunu is a travel planning service that allows travelers to collaboratively create itineraries covering various components of a trip: transports, hotels, restaurants, activities, and sights in multiple cities. To build or enhance such a mashup service, the solution needs to integrate APIs that cover:

1. **Travel and Booking**:  
   APIs that provide access to hotel bookings, flight/train/car transport booking, activities, and attractions. These APIs will empower Kukunu to allow users to add and manage bookings and travel arrangements directly within their itinerary.

2. **Mapping and Location**:  
   Since clients are adding different places (hotels, restaurants, sights), mapping/location APIs are essential for geocoding addresses, displaying maps, searching for nearby venues or points of interest, and routing. This can aid the traveler in visualizing their trip and optimizing routes.

3. **Recommendations**:  
   Providing suggestions for activities, restaurants, hotels, and other local experiences enhances the travel planning experience.

4. **Social/Collaboration**:  
   Since travelers can collaborate on itineraries, social or communication integration may enhance the experience (optional).

**Detailed Points**:  
- For **transports**: Flight and car hire APIs like Skyscanner Live Pricing, Amadeus, Sabre, or Bing Maps Routes, Bing Traffic, Lyft, or Uber APIs can help provide transport options and routing.  
- For **hotels**: APIs like Easytobook, Booking.com Content, Travel IQ, or TourCMS are ideal.  
- For **restaurants and local points of interest**: APIs such as Yelp Fusion (recommendations/business reviews), Foursquare Places API, Google Maps Places (though Google Maps API is no longer available as one API), or OpenTable (not listed) could be useful (Yelp Fusion is available).  
- For **activities and sights**: Eventbrite, Eventful, Viator, TripIt, and Jamendo for music events etc., cover events and activities. Viator especially covers tours and activities.  
- For **mapping/location**: Numerous mapping APIs exist like Bing Maps (search, routes, locations), MapQuest, OpenStreetMap, Google Maps Geocoding, Google Maps Places, TomTom Geocoding, Mapbox, Geonames, etc.  
- For **collaboration or social sharing** (optional), social APIs like Facebook Graph, Twitter, Meetup, or NationBuilder could be considered for social interaction/sharing but since the requirement focuses on travel planning and itinerary management, this is secondary.   
- For **itinerary and calendar** integration (optional), Google Calendar could be used to add trip events into calendars.

**From the available APIs**, the best categories that match Kukunu’s needs would be:

- travel
- booking
- mapping
- recommendations
- events (for local activities)
- social (optional for collaboration)
- calendars (optional for scheduling)

**Recommended APIs based on Kukunu requirements**:

- **travel**:  
  - Skyscanner Live Pricing  
  - Easytobook (hotel booking)  
  - Travel IQ (hotel booking and flights)  
  - Sabre-0 (global travel marketplace)  
  - TripIt (itinerary integration)  
  - Bing Traffic (travel traffic info)  
  - Bing Maps Routes (routes for transport)  
  - Lyft, Uber (ride-share options)  
  - Viator (tours and activities)

- **booking**:  
  - Booking.com Content API (hotel listings and bookings)

- **mapping**:  
  - Bing Maps Search, Bing Maps Routes, Bing Maps Locations  
  - Google Maps Places, Google Geocoding, Google Distance Matrix  
  - MapQuest, OpenStreetMap, TomTom Geocoding  
  - Geonames (geographical database)  
  - Mapbox (interactive maps)  

- **recommendations**:  
  - Yelp Fusion (business reviews, restaurant recommendations)  
  - TraktTV (if entertainment shows are part of activities)  
  - Jamendo (music events)  
  - Songkick, Bandsintown, Grvr (concerts & music events)  
  - Tagalus (social tags) could be optional

- **events**:  
  - Eventbrite  
  - Eventful  
  - Brown Paper Tickets (ticketing)  
  - Active (variety of sports and events)

- **calendar (optional)**:  
  - Google Calendar (to add trips/events in calendar)

- **social (optional)**:  
  - Facebook Graph  
  - Twitter Streaming  
  - Meetup

**Conclusion**:  
Recommend categories:  
['travel', 'booking', 'mapping', 'recommendations', 'events', 'calendars', 'social']

Recommend all matched APIs:  
[  
"Skyscanner Live Pricing",  
"Easytobook",  
"Travel IQ",  
"Sabre-0",  
"TripIt",  
"Bing Traffic",  
"Bing Maps Routes",  
"Booking.com Content",  
"Bing Maps Search",  
"Bing Maps Locations",  
"Google Maps Places",  
"Google Geocoding",  
"Google Distance Matrix",  
"MapQuest",  
"OpenStreetMap",  
"TomTom Geocoding",  
"Geonames",  
"Mapbox",  
"Yelp Fusion",  
"TraktTV",  
"Jamendo",  
"Songkick",  
"Bandsintown",  
"Grvr",  
"Tagalus",  
"Eventbrite",  
"Eventful",  
"Brown Paper Tickets",  
"Active",  
"Google Calendar",  
"Facebook Graph",  
"Twitter Streaming",  
"Meetup",  
"Lyft",  
"Uber",  
"Bing Maps Routes"  
]
./output/gpt/plan_and_solve/responses.json
データが保存されました: ./output/gpt/plan_and_solve/responses.json (キー: kukunu-1)
------------------------------
評価中のサービス: us-virtual-neighborhood
Iteration 1, Total call: 233
**Reasoning**:  
The requirement is to view local businesses and other shops around a neighborhood based on a zipcode, city, or state in the US. This implies needing data related to local business listings, geographic location-based search, and perhaps user reviews or other useful information. The solution should provide a way to search local businesses efficiently with location filtering.

1. The relevant category for this would be "ecommerce" or "recommendations," but more appropriately "ecommerce" or "reference" or "mapping" (if location data is involved). However, since we want listings of local businesses and shops searchable by zipcode, city, or state, the category "ecommerce" or "reference" (for business listings) or "mapping" could be relevant.

2. From available APIs, we want APIs that provide local business search and details by geographic parameters in the US.

3. Among the given available APIs, the "CityGrid" API stands out:
   - Category: ecommerce
   - Description: Provides search access to premium local content including user reviews, editorial content, merchant messages, across 75K neighborhoods in the US.  
   - Functionality includes searching local businesses, offers, reviews by geographical location or categories. This fits best with the requirement.

4. "Yelp Fusion" API:
   - Category: recommendations
   - Description: It provides business reviews and ratings for a particular geographic region or location. It returns business review, rating info, neighborhood info etc. This is also fitting for local business search.

5. "Google Local Search" or "Yahoo Local Search" is relevant:
   - "Yahoo Local Search" API is in the search category and provides business info, including address, phone, category, rating, and distance, and supports search by various location specs. This also fits well.

6. "Sensis Business Search" API:
   - Provides business listings from Yellow Pages and White Pages Australia, so not relevant for US.

7. "OpenTable" or "Foursquare" can be used for venues but not explicitly mentioned here for business/shop search by zipcode/city.

8. "Google Maps Places API" is in "mapping" category and provides information about places (establishments, geographic locations), accepts location by lat/lng, etc. This is also highly relevant for local business search.

9. Other mapping APIs like Bing Maps Search or MapQuest Search provide mapping and location-based search but may not have detailed business listing data.

10. "Zillow" is for real estate, so not relevant here.

11. We want to avoid purely mapping APIs that don't provide detailed business/shop info.

12. The request is specifically for USA neighborhoods/businesses, so focus on US-focused or international APIs that cover the US.

**Summary of fitting APIs**:  
- CityGrid (ecommerce) - premium local content including local businesses, reviews and offers by geography in US.  
- Yelp Fusion (recommendations) - business reviews and ratings by geographic location.  
- Yahoo Local Search (search) - local business info including address, phone, category, rating, distance; supports US locales.  
- Google Maps Places API (mapping) - information about places including establishments, well suited for local business search.  

**Conclusion**:  
- Recommend categories: ['ecommerce', 'recommendations', 'search', 'mapping']  
- Recommend all matched APIs: ['citygrid', 'yelp-fusion', 'yahoo-local-search', 'google-maps-places']
./output/gpt/plan_and_solve/responses.json
データが保存されました: ./output/gpt/plan_and_solve/responses.json (キー: us-virtual-neighborhood-1)
------------------------------
評価中のサービス: awayfind
Iteration 1, Total call: 234
**Reasoning**:
AwayFind is fundamentally about urgently notifying users when they receive important emails, using multiple communication channels such as calls, SMS, IM, Twitter DM, and delegation features. The requirements suggest a solution that involves:
1. Accessing and managing emails to detect important or urgent messages.
2. Sending notifications via different messaging or communication channels (calls, SMS, IM, direct messages on Twitter).
3. Possibly some integration with social or telephony services for message delegation or alerting.
4. Potentially managing contacts or profiles for delegation.

From the available categories and APIs:

- **Email category**: Since the core source of data in AwayFind is email, APIs which allow managing emails including reading, filtering, and possibly advanced email features (like Gmail, Mailjet, Mandrill, SendGrid, Mailgun, Yahoo Mail) are relevant.

- **Messaging category**: Since notifications are sent via call, SMS, IM, Twitter DM, Messaging APIs that support SMS and messaging capabilities are essential (e.g., Twilio, Clockwork SMS, Vonage Nexmo SMS, PubNub, Hoiio, Slack Incoming Webhooks, Pushover).

- **Telephony category**: For urgent calls, APIs that support telephony calls and voice messaging are needed (Twilio, Voxeo, Plivo, TelAPI, SpokenBuzz, Tropo Scripting, Plum Fuse).

- **Social category**: Since the notifications can also be done via IM, DM (Twitter), integration with social APIs such as Twitter, Facebook, or other social platforms might be useful. Twitter API is deprecated but Twitter Streaming or alternate social APIs may help. Also, Tagalus or social APIs like Buffer or NationBuilder might be helpful. However, for direct message sending on Twitter, the standard Twitter API is no longer available but "twitter-streaming" is there - but mainly for streaming data, not sending DMs. Possibly newer platform APIs could be used; but based on this dataset, social APIs like twitter-streaming may help with notifications.

Other categories such as backend or cloud are less directly relevant here as the core requirement is communication and messaging.

Therefore, the main categories that fit are: email, messaging, telephony, social.

Recommended APIs should include:

- For email access: gmail, mailjet, mandrill, sendgrid, yahoo-mail, contextio (mailbox indexing), mailgun.

- For messaging: twilio, clockwork-sms, vonage-nexmo-sms, pushover-message, pubnub, slack-incoming-webhooks, postalmethods (for postal messaging, less likely), postalmethods for letter notifications maybe less relevant but still remote notifications.

- For telephony: twilio (voice and SMS), voxeo, plivo, telapi, spokenbuzz, tropo-scripting, plum-fuse.

- For social: twitter-streaming (for listening), buffer (managing tweets), tagalus (hashtag meanings, less directly relevant), nationbuilder (for community management), twitter or twitter-streaming (partial), facebook-graph (deprecated, but social notifications), disqus (unlikely).

- Additional integration with notification systems like pushover.

**Conclusion**:
- Recommend categories: ['email', 'messaging', 'telephony', 'social']
- Recommend all matched APIs:
  [
    'gmail', 'mailjet', 'mandrill', 'sendgrid', 'yahoo-mail', 'contextio', 'mailgun', 
    'twilio', 'clockwork-sms', 'vonage-nexmo-sms', 'pushover-message', 'pubnub', 'slack-incoming-webhooks', 
    'voxeo', 'plivo', 'telapi', 'spokenbuzz', 'tropo-scripting', 'plum-fuse', 
    'twitter-streaming', 'buffer', 'nationbuilder'
  ]
./output/gpt/plan_and_solve/responses.json
データが保存されました: ./output/gpt/plan_and_solve/responses.json (キー: awayfind-1)
------------------------------
評価中のサービス: music-artist-cloud-1
Iteration 1, Total call: 235
**Reasoning**:

1. The requirement is to discover music a user likes by using a tag cloud of similar artists including video clips, and the backend platform is Google Java App Engine.

2. The key functionality needed:
   - Discover and retrieve music information, related artists, and tags (tag cloud)
   - Support or provide access to music video clips
   - Possibly have recommendation or similarity features for artists or music
   - Support integration on Google Java App Engine (not all APIs mention this explicitly, but many APIs are RESTful and should be integrable)
   
3. We must find APIs in categories related to music, video, and possibly recommendations or social (for tag cloud or related tags)

4. From the available APIs, related to music:
   - rhapsody: Provides metadata, search, playback, library, recommendations, and session management. Supports OAuth 2.0 and various data services, so it aligns well with discovering music and recommendations.
   - jamendo: Offers albums, artists, tracks, playlists, reviews, and more with search capabilities.
   - musixmatch: Enables search for songs by artist, title, or lyrics and provides metadata.
   - bandcamp: A music discovery and marketplace with features including artist, label, song sales, and merchandise.
   - spotify-web: Provides access to artists, albums, tracks, and user-related data for music discovery.
   - soundcloud: Provides access to audio sharing, recording, and music data.
   - idiomag: Provides access to music articles, photos, videos, playlists, and a music recommendation engine.
   - playme: Gives access to a large song catalog for playlist and music discovery.
   - blipfm: Allows access to users and custom music stations, with social music curation.
   - beatport: Provides access to electronic music catalog data.
   - sonicapicom: Provides audio effects and music processing, potentially useful but less about discovery.
   - gruvr: Provides geocoded concert data, less video focused but related to music events.
   - jambase: Focused on live events and concerts.
   - musikki-music: Curated music content and data on artists, songs, albums.
   - bandsintown: Concert and live music information with recommendations.
   - songkick: Live music data and events.
   - lyrdb: Lyrics search API.
   - muzixmatch and musikki also handle metadata around lyrics and music discovery.
   - rhapsody mention includes personal recommendations and playback, and video might be accessible via metadata or linked content.
   
5. For video clips, APIs related to video:
   - youtube: Extensive video hosting service, widely used for music videos. Could integrate video clips for artists.
   - embedly: Provides embedding for video and other rich content.
   - vimeo: Video hosting platform with REST API.
   - brightcove: Video platform for uploading, managing and distributing videos.
   - dailymotion: Video platform with upload, share and play content.
   - ivi-video and other video APIs focus on movies or TV shows.
   - youtube has large music video content, and API is suitable for searching videos by artist or track.

6. For tag clouds or similarity of artists (related artists or tags):
   - rxnlp-text-similarity: Used for text similarity analysis, but not music specific.
   - primal: Generates interest graphs and ranks content by semantic relevance. This may support tag cloud or similarity-based queries.
   - tagalus: Deals with Twitter hashtags, might provide tags but not music specific.
   - yelp-fusion or other social APIs are related to reviews.
   - idiomag: provides access to music recommendation engine and might support tagging and discovering articles/videos.
   - rhapsody: includes personal recommendations which may include similarity of artists.
   - peerindex: social media influence analytics, less relevant.
   
7. For backend running on Google Java App Engine:
   - Almost all APIs are RESTful or have HTTP-based interfaces. Google App Engine supports Java with REST calls easily. So preference is to RESTful APIs.

**Summary of best matches:**

- Categories: music, video, recommendations (for similarity/tag cloud), applications (Google Java App Engine is a platform but not an API category)
- For music data and discovery: rhapsody, spotify-web, jamendo, playme, musikki-music, soundcloud, bandcamp, idiomag
- For videos: youtube (to get video clips of artists/songs)
- For recommendations/tag cloud (similar artists): rhapsody (has personal recommendations), primal (interest graph), idiomag (recommendation engine)
  
**Conclusion**:

- Recommend categories: ['music', 'video', 'recommendations']

- Recommend All matched APIs:
  ['rhapsody', 'spotify-web', 'jamendo', 'playme', 'musikki-music', 'soundcloud', 'bandcamp', 'idiomag', 'youtube', 'primal']
./output/gpt/plan_and_solve/responses.json
データが保存されました: ./output/gpt/plan_and_solve/responses.json (キー: music-artist-cloud-1-1)
------------------------------
評価中のサービス: guido
Iteration 1, Total call: 236
**Reasoning**:

The requirement is to create a mashup site/app that combines "click to call" functionality with invoicing services. The primary use case is to simplify the job of tracking unpaid invoices and client communications related to those bills.

Key aspects to consider:
1. Invoicing: The service should provide functionality to create, manage, and track invoices and client bill payments. It should provide access to invoices, clients, payments, etc.
2. Click to call: The service should enable the ability to initiate phone calls or interact via telephony from within the app. This includes API capabilities like sending calls, managing voice communications.
3. The mashup should integrate both these functionalities into a seamless user experience.
4. The communication-related API should be easy to integrate and support typical telephony use-cases.
5. The invoicing API should support CRUD operations on invoices/bills, customers, payments.

Based on the above, I will:
- Identify relevant categories for invoicing/accounting and telephony.
- Select APIs that provide invoicing/accounting and telephony capabilities.
- Twilio is explicitly mentioned for click to call.
- FreshBooks is explicitly mentioned for invoicing.
- Check if these APIs exist in the provided list.
- For telephony, Twilio is a well-known API for voice calls & SMS.
- For invoicing, FreshBooks provides an API with JSON interface for managing invoices.
- The problem statement already mentions these specifically, confirming their suitability.

Other background considerations:
- Authentication and integration ease.
- RESTful APIs for modern integration.
- Response formats supporting JSON and XML (both Twilio and FreshBooks support these).
- Both APIs are widely used and supported.

**Conclusion**:

- Recommend categories: ['telephony', 'financial']
- Recommend All matched APIs: ['twilio', 'freshbooks']
./output/gpt/plan_and_solve/responses.json
データが保存されました: ./output/gpt/plan_and_solve/responses.json (キー: guido-1)
------------------------------
評価中のサービス: google-earth-book-tour
Iteration 1, Total call: 237
**Reasoning**:

The task requires creating a mashup involving Google Earth and showing book tours happening globally. This implies two key components:

1. **Mapping/Geospatial Component**: The mashup should display events (book tours) on a geographic map interface that is similar or connected to Google Earth. So, a mapping or geography category API related to Google Earth or mapping services would be necessary to power the geographic visualization part.

2. **Book Tour Event Data Component**: The mashup requires data about book tours or literary events happening worldwide. Ideally, we want an API that provides information about book tours or events related to books, authors, or literary activities. This might be from the books category or event category. If there's a specialized API for book events or book-related live tour info, that is a good fit. Alternatively, an event API with a broad scope but access to cultural or literary events.

Considering the above, we must find:
- A mapping API that can be integrated with or is similar to Google Earth to show tours worldwide.
- An API that provides book tours or literary events data.

From the provided APIs and categories:

- **Google Earth API** under mapping is mentioned as:
  > "The Google Earth Engine API allows developers to run algorithms on georeferenced imagery and vectors stored on Google's infrastructure."

  While this is not specifically a map display API like Google Maps, it relates closely to Google Earth with geospatial data manipulation capabilities.

- For mapping, multiple mapping APIs are available: bing-maps, google-maps-places, mapquest, openlayers, etc., but since the requirement specifically mentions Google Earth, the Google Earth related API is the most relevant, or a mapping API compatible with Google Earth data.

- For event data:
  - **Eventbrite** API under events category provides creation and retrieval of events and attendees.
  - **Eventful** API under events category is described as: offers the world's largest collection of events, including concerts, sports, political rallies, etc. Its API provides access to the entire database enabling event and venue searches.
  
We need something specific to book tours or at least literary events. No direct "book tour" API is explicitly mentioned here, but Eventbrite or Eventful handle events generally, which may include book tours.

- For books, some APIs exist like Goodreads, Open Library Books, and Victoria Albert Museum API. They mainly provide book-related data, not event/tours.

- To connect book tours to geographic locations (Google Earth), we need to link the event location to a map coordinate.

Therefore, the best approach:

- Use Google Earth API for the mapping/geographical visualization component.
- Use Eventbrite or Eventful API to retrieve event data, including possibly book tours.
- Possibly use a books API (e.g., Goodreads or Victoria Albert Museum API) to find book or author information related to the events, enriching data if needed.

However, since the requirement is specifically about book tours on Google Earth, the vital parts are:

- Mapping (Google Earth or mapping APIs suited for the task)
- Event data source looking for book tours or literary events

We have:

- Google Earth API (mapping)
- Eventful API (events) - general events but broad
- Eventbrite API (events) - similarly broad, can include book tours if filtered properly via categories

**Conclusion**:

- Recommend categories: ['mapping', 'events', 'books']

- Recommend All matched APIs: ['google-earth', 'eventbrite', 'eventful'] 

Optionally, the books API like 'goodreads' could be added to enrich the data but is not essential for showing tours on the map.
./output/gpt/plan_and_solve/responses.json
データが保存されました: ./output/gpt/plan_and_solve/responses.json (キー: google-earth-book-tour-1)
------------------------------
評価中のサービス: church-management-software
Iteration 1, Total call: 238
**Reasoning**:

The mashup requested is to integrate Google Calendar, Google Maps, and a church management software that tracks church events and locations of small groups meeting.

The main functions of the mashup are:
- Access and manage church events (calendar functionality).
- Access and manage locations of small groups meeting (mapping/location functionality).
- Integration with church management software to track events and locations.

Step 1: Understand Core Requirements
- Calendar management (create, update, delete events, view event details).
- Mapping/location based functions (geocoding, place search, routing, visualizing maps).
- Church management software APIs (for event and group management) or similar business/event management APIs.

Step 2: Identify available categories for the above
- calendars: for event and calendar management.
- mapping: for geolocation and map-related services.
- events: for managing, creating, or retrieving event-related data.
- business or enterprise categories might have church management style software, but specific church management API is not listed.

Step 3: Available APIs matching Calendar
- google-calendar API provides full event and calendar management functionality, RESTful, supports creation and updating of events.
- liveconnect (also supports calendars) but Google Calendar API is more straightforward for direct calendar needs.

Step 4: Available APIs matching Mapping/Location
- google-maps-places: provides place info, geocoding, search, photos etc.
- google-geocoding: for geocoding addresses.
- google-distance-matrix or google-directions for routing.
- bing-maps (and its components) covering routes, geocoding, search.
- mapquest-open-directions: open data routes.
- Other mapping APIs like mapbox, openlayers, etc.

Step 5: Event Management and Church Management
- There isn't a direct church management software API listed.
- eventbrite (events management) might be useful for event integrations.
- booking (Booking.com) and travel (travel APIs) are less relevant here.
- project-management APIs like basecamp or harvest are not aligned to church events.

Step 6: Integration plan
- Use Google Calendar API for calendar event management (church events).
- Use Google Maps Places API or Geocoding for locations for small groups meetings.
- Possibly integrate eventbrite if needed for public events, but church smaller group events likely private/internal.
- For church management software, if it has an API, could use business or enterprise APIs like SAP Anywhere or tradegecko, but no direct matches found. So assume the church management software is a home-grown or private system, and this mashup is enhancing it with calendar and maps integration.

Therefore, the mashup focuses mainly on calendar and mapping APIs.

**Conclusion**:

Recommend categories: ['calendars', 'mapping', 'events']

Recommend matched APIs: ['google-calendar', 'google-maps-places', 'google-geocoding', 'bing-maps-search']

Optional (for more event data/services): ['eventbrite']

Explanation:
- google-calendar: For managing and syncing church events.
- google-maps-places and google-geocoding: For managing and locating small group meeting locations.
- bing-maps-search: An alternative mapping search API if needed.
- eventbrite: If public event management or ticketing/sharing is needed.

Since the user specifically referred to Google Calendar and Google Maps, the priority is to recommend these Google APIs specifically, along with related mapping services to enhance location management.
./output/gpt/plan_and_solve/responses.json
データが保存されました: ./output/gpt/plan_and_solve/responses.json (キー: church-management-software-1)
------------------------------
評価中のサービス: globebop
Iteration 1, Total call: 239
**Reasoning**:

The requirement describes an app called Globebop, which acts like a tourist guide with these key features:
- Map View with Wikipedia article markers about places of interest nearby.
- Globe interaction to spin it and transport to random places.
- Integration of Google Street View photo-spheres for immersive visuals.
- The ability to read Wikipedia articles about current or searched places.
- Seamless toggling between Map View and Street View.
- A feature that avoids showing places already visited for fresh discovery ("couch-potato tourism").

From this, the necessary functionality/APIs should cover:
1. **Mapping and Geolocation**: Need maps for markers, locations, directions, geographic data, and to handle toggling between views like Map View and Street View.
2. **Geographic Place Data and Wikipedia Integration**: For showing relevant Wikipedia articles for places nearby and upon search.
3. **Street View / Panoramic Imagery**: For viewing immersive photo spheres from Google Street View or similar.
4. **Search Capabilities**: To look up places by name or possibly search Wikipedia content about places.
5. **Random Location Retrieval/Globe Spinning**: To get random locations globally for the spinning globe feature.
6. **Place Exclusion Logic**: To exclude already visited places.

Given the available categories and APIs, here are relevant fits:

- **Categories**:
   - `mapping`: For map views, location data, and possibly geocoding.
   - `reference` or `wiki`: For accessing Wikipedia or similar knowledge base content to get article markers and place descriptions.
   - `search`: To enable local searches for places and Wikipedia articles.
   - `photos`: For accessing panoramic images or street view photospheres (Google Street View Image API, for example).
   - `natural-language-processing` or `semantics`: Potentially to help with content retrieval/filtering or search result relevance.

- **APIs**:
   - Wikipedia API (Category: reference, wiki): For fetching Wikipedia articles about nearby places and general place information.
   - Google Street View Image API (Category: photos): To get the photo spheres and imagery needed for immersive views.
   - Google Geocoding or Google Maps Places API (mapping): For resolving place names to coordinates and fetching nearby places.
   - Bing Maps Search or Bing Maps Routes API or Google Maps APIs (mapping): To provide map display, location services, routes, and toggling Map View.
   - OpenStreetMap API (mapping): As a free mapping alternative for geospatial data.
   - GeoNames API or Geonames (reference): For geographic data enrichment.
   - Yahoo Placemaker or similar for geo-enrichment of unstructured content (mapping).
   - Possibly Primal API (search): For interest-based content search or query refinement.
   
   For the "rarely shows you places you've already visited" feature, this is more of an application logic to filter out places and might be implemented client-side or with external user state management, not directly reliant on an API here.

**Conclusion**:

- Recommend categories:
   - ['mapping', 'reference', 'photos', 'search', 'wiki']

- Recommend all matched APIs:
   - Wikipedia (Category: reference, wiki) — for Wikipedia articles and data on places of interest.
   - Google Street View Image API (Category: photos) — for immersive Street View photo spheres.
   - Google Geocoding API (Category: mapping) — for converting place names to locations and reverse geocoding.
   - Google Maps Places API (Category: mapping) — to find places of interest nearby, provide map markers.
   - OpenStreetMap API (Category: mapping) — for alternative free mapping data.
   - Bing Maps Search (Category: mapping) — for place search and mapping integration.
   - GeoNames API (Category: reference) — for geographic data and place info.
   - Yahoo Placemaker (Category: mapping) — for geo-enrichment of content.
   - Primal (Category: search) — for semantic search and content filtering.

These APIs together enable the key components of the Globebop app: mapping, place discovery, Wikipedia article integration, photo spheres, and search.

# Final Recommendations

**Categories**:  
['mapping', 'reference', 'photos', 'search', 'wiki']

**Matched APIs**:  
['wikipedia', 'google-street-view-image', 'google-geocoding', 'google-maps-places', 'openstreetmap', 'bing-maps-search', 'geonames', 'yahoo-placemaker', 'primal']
./output/gpt/plan_and_solve/responses.json
データが保存されました: ./output/gpt/plan_and_solve/responses.json (キー: globebop-1)
------------------------------
評価中のサービス: near-here-map-bing-maps
Iteration 1, Total call: 240
**Reasoning**:
- The requirement is for a travel-ready, lead-generating iPhone app that helps find, research, and contact leads.
- The D&B Direct API is mentioned to extend the power of Hoover's Near Here mobile application to enterprise sales tools.
- The use case involves enhancing enterprise sales tools with lead finding, researching and contacting capabilities.
- This suggests the need for APIs related to business data, enterprise information, and sales leads.
- Looking through the categories, 'enterprise' and possibly 'database' categories align with accessing business and company information.
- The D&B Direct API from the 'reference' category fits well as it directly provides access to business data, including company profiles, contacts, subsidiaries, and related enterprise information.
- No other API specifically named "D&B Direct" is available, but the description for the API named "db-direct" matches perfectly with D&B Direct, providing access to a database of over 200 million companies worldwide with company profiles and search functionality.
- Hence, for lead generation and extension of sales tools, the 'enterprise' and 'reference' categories are relevant, but the 'db-direct' API clearly matches the needs.
- Other APIs related to business profiles or enterprise CRM might be helpful, but the requirement specifically mentions D&B Direct API.

**Conclusion**:
- Recommend categories: ['reference', 'enterprise']
- Recommend All matched APIs: ['db-direct']
./output/gpt/plan_and_solve/responses.json
データが保存されました: ./output/gpt/plan_and_solve/responses.json (キー: near-here-map-bing-maps-1)
------------------------------
評価中のサービス: gpsies.com
Iteration 1, Total call: 241
**Reasoning**:

The user describes GPSies.com, a service where users can view and download GPS device recorded tracks. The tracks are for outdoor activities like running, hiking, and biking, and users can search for routes and download them.

The requirements suggest the need to build or integrate functionalities to:

- Search for routes/tracks (running, hiking, biking)
- View these tracks on a map
- Provide geolocation or geographic data related to tracks
- Download or access track details from GPS devices

To support these functionalities, we need APIs related to:

1. **Mapping** — for displaying routes and tracks on maps, geocoding, reverse geocoding, and getting location data.
2. **Geography/Location** — to handle geographic data, landmarks, coordinates, and nearby points of interest.
3. Possibly **Data-as-a-Service** or **Data-Mining** if the system provides extensive datasets or enriched data about the routes.
4. Possibly **Sports/Fitness** if tracking and fitness data is involved but less relevant since the focus is on route search and download.
5. Possibly **Travel/Transportation** but more focused on transit; less relevant unless the tracks or routing is for bike or pedestrian routing.
6. Possibly **Other** if some specialized function cannot be covered by the above.

From the available categories and APIs:

- The best matching category is **mapping**, critical for route display and geographic queries.
- Also possibly **geography**.
- For tools enabling route queries and geolocation functions.
- APIs that allow searching and retrieving GPS tracks or similar route data are not directly listed. But we may find a mapping API allowing handling of routes and tracks.

Looking at the APIs in the **mapping** category, some fit the intended use:

- bing-maps-search: Allows parsing mapping search queries and returning results. SOAP/XML.
- google-maps-places: For place search and details, latitude/longitude, very useful for location info.
- google-distance-matrix: Provides travel distances and duration between points.
- mapquest-open-directions: Open source mapping API based on OpenStreetMap providing routing including walking, biking.
- bing-maps-routes: For creating routes with multiple locations, driving and walking, with traffic info.
- google-directions: REST directions between locations with waypoints.
- openlayers: JavaScript API for dynamic maps, loading map tiles, vector data, markers.
- mapbox: Open source mapping tools for creating interactive maps.
- openstreetmap: Free wiki world map, including data downloads, mapping libraries (LeafletJS), and querying options.
- your-mapper: Aggregates local government GIS data, geocodes, map services.
- geolocerca, geonb, yahoo-placemaker, geocoderca: Geocoding and geographic data APIs.

Among these, **mapquest-open-directions** stands out as an open routing API with support for driving, walking, and biking directions, which fits GPSies' use case of hiking, running, and biking routes.

**openstreetmap** is important as it provides open and freely editable map data, which is useful for routing and track displays.

**openlayers** is a mapping web library for developers to embed maps, draw tracks and routes, and load vector data, helpful for the interactive viewing of GPS tracks.

**bing-maps-search** and **bing-maps-routes** provide search and route creation, but require SOAP/XML and are commercial.

**google-maps-places**, **google-directions**, and other Google APIs provide routing, directions, places info.

Possibility to combine multiple of these for full functionality.

About downloading tracks: no API specifically mentions reading GPS tracks or downloading routes, but map-related APIs can work with coordinates and routes data.

Hence the primary categories are:

- **mapping** (for route display, searching, and directions)
- **geography** (for geographic contextual data and landmarks)
- Possibly **tools** or **data-as-a-service** if needed for extensions.

**Conclusion**:

- Recommend categories: ['mapping', 'geography']

- Recommend All matched APIs:
  - 'mapquest-open-directions' (open routing API supporting biking, walking routes)
  - 'openstreetmap' (open map data and editing API)
  - 'openlayers' (JavaScript API for embedding maps and vectors)
  - 'bing-maps-search' (search mapping queries and results)
  - 'bing-maps-routes' (route creation and mapping)
  - 'google-directions' (route calculation via RESTful requests)
  - 'google-maps-places' (location info and places search)
  - 'your-mapper' (aggregates local government GIS data and geocodes)
  - 'geonames' (geographic database with placenames, weather, timezone)
  - 'geocoderca' (forward/reverse geocoding for USA/Canada)
  - 'geonb' (geomapping for New Brunswick, Canada)
  - 'yahoo-placemaker' (location extraction and geo-enrichment)

This selection covers displaying, searching, and downloading geographic route data, as well as enriching geographic information to support GPSies.com functionalities.
./output/gpt/plan_and_solve/responses.json
データが保存されました: ./output/gpt/plan_and_solve/responses.json (キー: gpsies.com-1)
------------------------------
評価中のサービス: aussie-pubcrawl
Iteration 1, Total call: 242
**Reasoning**:

1. The app targets Australians and aims to find pubs near the user.
2. It requires integration with two APIs:
   - Sensis API (Yellow Pages search) to find pubs.
   - Yelp API to retrieve recent reviews and fresh photos for those pubs.
3. The Sensis API is categorized under "reference" and specifically provides business listings from Yellow Pages Australia.
4. Yelp API is available and categorized under "recommendations" with functionalities for business review and rating, including review information and pictures.
5. The app would use the Sensis Business Search API to get a list of nearby pubs by location (e.g., Melbourne).
6. Then, for each pub found via Sensis, it would query the Yelp Fusion API for recent review photos of these pubs.
7. The app involves location-based search, business info retrieval, and social user-generated content (reviews and photos).
8. The key categories involved are "reference" (Sensis Business Search) and "recommendations" (Yelp Fusion).  
9. Both APIs support RESTful calls, JSON formatting, and user authentication.
10. Since the app is focused on Australian pubs and fresh reviewer photos, no other categories or APIs are required.

**Conclusion**:

- Recommend categories: ['reference', 'recommendations']  
- Recommend All matched APIs: ['sensis-business-search', 'yelp-fusion']
./output/gpt/plan_and_solve/responses.json
データが保存されました: ./output/gpt/plan_and_solve/responses.json (キー: aussie-pubcrawl-1)
------------------------------
評価中のサービス: geognos
Iteration 1, Total call: 243
**Reasoning**:
To fulfill the requirement of showing textual and visual information for all world countries, with live maps, photos, translated maps, and data visualization using Google Charts, we need to identify APIs that collectively offer these capabilities:

1. Textual and general country information: Ideally an API that provides comprehensive country details.
2. Visual information including photos: An API that can supply photos or images related to countries.
3. Live maps: An API that supports interactive or live maps for locations around the world.
4. Translated maps: Maps that can be displayed in different languages to support localization.
5. Data visualization using Google Charts: While this is a client-side library, related APIs should provide data that can be visualized using Google Charts.

From the available categories and APIs:

- **Reference category** may have country data and related info.
   - No explicit country general info API in the list but some references like "Geonames" provide geographical data about places including countries.
- **Mapping category** offers live map APIs and location data.
   - Google Maps-related APIs are deprecated but alternatives or replacements exist.
   - APIs like `mapbox`, `bing-maps`, `google-maps-places`, `google-maps-geocoding` provide mapping and location services. These can be used for live maps.
- **Photos category** has APIs to get photos.
   - `pixabay-free-images` provides high-quality, free photos searchable by query. Could be used to get country-specific images.
   - `flickr` API also retrieves photos with geo info.
- **Translation** capabilities: None of the explicit translation or localization APIs are called out for maps, but Google Charts supports localization.
- **Data visualization** with Google Charts is not an API but a client-side library that will consume data from APIs.

After carefully checking:

- **Geonames (Reference)**: provides geographical and country-related data which can be used for textual info.
- **Bing Maps (Mapping)**: supports live maps and imagery, e.g., for countries.
- **Pixabay-free-images (Photos)**: provides photos related to search terms including countries.
- **Google Charts**: The requirement states using Google Charts for data visualization. Google Charts itself is not an API listed but a client-side JS library. So no API needed for that.

Therefore, to meet the requirement, the best approach is to combine:

- Geonames API for textual/geographical country info.
- Bing Maps API for live maps in different languages (Bing Maps usually supports localization).
- Pixabay API for photos for the countries.

These together will cover textual info, live maps, photos, and translated maps if the mapping API supports localization.

No single API covers all, so a mashup of these categories is appropriate.

**Conclusion**:
- Recommend categories: ['reference', 'mapping', 'photos']
- Recommend All matched APIs: ['geonames', 'bing-maps', 'pixabay-free-images']
./output/gpt/plan_and_solve/responses.json
データが保存されました: ./output/gpt/plan_and_solve/responses.json (キー: geognos-1)
------------------------------
評価中のサービス: picompit