nohup: ignoring input
------------------------------
評価中のサービス: slidemypics
Iteration 1, Total call: 1
**Reasoning**:

1. **Identify Core Features**:  
   - The mashup requires creating free HTML5 slideshow components.  
   - It uses content (photos and videos) from Facebook, Flickr, Photobucket, Smugmug, Picasa, and Youtube (for soundtrack music).  
   - Incorporation of the SlideshowBox HTML5 slideshow component is needed, which is related to slideshow presentation.  

2. **Identify Relevant API Categories**:  
   - **photos**: Since content comes mainly from photo-sharing platforms (Flickr, Photobucket, Smugmug, Picasa, Facebook photos).  
   - **video**: YouTube is used as a source of soundtrack music and possibly video content integration.  
   - **social**: Facebook is primarily a social platform. Access to Facebook data belongs here.  

3. **Match APIs from Relevant Categories**:  
   - Photos APIs:  
     - flickr: Dedicated photo-sharing service API.  
     - photobucket: API for photo and video hosting and sharing.  
     - smugmug: Photo sharing platform with API access.  
     - instagram-graph: Instagram API; not mentioned in requirements, so exclude.  
     - google-picasa: Picasa API for photo access (note: deprecated, but still listed).  
   - Social APIs:  
     - facebook: To access Facebook photo content, social data, etc.  
   - Video APIs:  
     - youtube: For integrating YouTube videos as soundtrack music.  
  
4. **Select the Most Suitable APIs**:  
   - flickr, photobucket, smugmug, google-picasa, facebook for photo content retrieval in slideshow.  
   - youtube for video soundtrack integration.  
  
**Conclusion**:  
- Recommend categories from 2.: ['photos', 'social', 'video']  
- Recommend All matched APIs in 3.: ['flickr', 'photobucket', 'smugmug', 'google-picasa', 'facebook', 'youtube']  
- Final recommended APIs: ['flickr', 'photobucket', 'smugmug', 'google-picasa', 'facebook', 'youtube']
./output/gpt/few_cot_infer/responses.json
データが保存されました: ./output/gpt/few_cot_infer/responses.json (キー: slidemypics-1)
------------------------------
評価中のサービス: best-malta-hotels
Iteration 1, Total call: 2
**Reasoning**:

1. **Identify Core Features**:  
   - The mashup needs to show hotels located in Malta.  
   - It must include mapping integration to show the hotel locations visually.  
   - Integration of YouTube videos related to hotels or Malta on the map.

2. **Identify Relevant API Categories**:  
   - **travel**: Provides hotel data and booking related information.  
   - **mapping**: Needed for displaying maps and plotting hotel locations.  
   - **video**: Required for accessing and embedding YouTube video content.

3. **Match APIs from Relevant Categories**:

   - **travel APIs**:  
     - `easytobook`: Provides hotel booking, hotel search, and hotel data including photos and details. Easterbook supports SOAP with XML which can support Malta hotels.  
     - `amadeus`: Offers access to hotel search, booking, and travel content globally. Suitable for hotel data including Malta.  
     - `tripit`: Travel itinerary and booking data – less focused on hotel listings.  
     - `travel-iq`: Hotel and flight search in Germany, possibly less relevant globally.  
     - `sabre-0`: Large global travel marketplace including hotels but may be complex.  
     - `bookingcom-content`: Specifically for listings and information about properties on Booking.com. Could provide comprehensive hotel data for Malta, but access is restricted to partners.  
     - `viator`: Focuses more on tours and activities than hotel data.  
     - `hotwire-travel-ticker-deals`: Deals and hotel info, useful but less focused on hotel details and mapping.  
     - `sletohcom`: Hotel comparison tool with pricing data from multiple sites. May provide hotel data for Malta.

   - **mapping APIs**:  
     - `bing-maps-search`: Location search service that can return mapped results.  
     - `google-maps-places`: Provides place information, including hotels and points of interest. Good for mapping hotel locations in Malta.  
     - `mapquest`: Offers online mapping solutions suitable for plotting hotels.  
     - `mapbox`: Open source mapping tools supporting interactive maps.  
     - `openlayers`: JavaScript mapping library to draw maps with markers for hotels.  
     - `bing-maps`: Full-featured Bing Maps API capable of map rendering and geocoding for hotel locations.  
     - `google-geocoding`: To get coordinates of hotels if address data is available.  
     - `bing-maps-routes`, `bing-maps-geocode-dataflow`, `geonb`, `geocoderca` (Canada/USA focused): less relevant for Malta.  
     - `yahoo-placemaker`, `yahoo-geoplanet`, `internet-location-platform`: may not be as mature or direct for mapping hotel locations.

   - **video APIs**:  
     - `youtube`: The official YouTube Data API allows searching, retrieving videos, playlist data, and embedding videos. Crucial for integrating YouTube videos related to Malta hotels or travel.  
     - `vimeo`, `brightcove`, `dailymotion`: Other video platforms but slightly less relevant than YouTube.  
     - `embedly`: For embedding videos from various platforms including YouTube, but itself requires video URLs or IDs.

4. **Select the Most Suitable APIs**:

   - From **travel** category:  
     - `easytobook`: Good for hotel data with robust hotel search and booking capabilities, includes details and hotel photos making it highly relevant for Malta hotels.  
     - `amadeus`: Comprehensive travel API with support for hotel data globally, including Malta. Reliable choice for hotel listings and info.  
     - `bookingcom-content`: Highly comprehensive and focused on hotels, but access is restricted — useful if partnership is possible.  
     - Among these, `easytobook` and `amadeus` balance accessibility and data relevance.

   - From **mapping** category:  
     - `google-maps-places`: Extensive support for place data, including hotels, and well-documented API integrates places with mapping and coordinates.  
     - `bing-maps`: Alternative mapping platform with support for mapping, imagery, geocoding, useful for plotting hotels in Malta.  
     - `mapbox`: Flexible with different map styles and overlays, good for customized maps.  
     - Among these, `google-maps-places` is most popular, widely supported and rich in data.

   - From **video** category:  
     - `youtube`: The dominant video platform and the best API to access videos about Malta hotels or travel-related content to embed in map locations or listings.  
     - Other video APIs less relevant here.

**Conclusion**:

- Recommend categories from 2.:  
  `['travel', 'mapping', 'video']`

- Recommend All matched APIs in 3.:  
  `['easytobook', 'amadeus', 'bookingcom-content', 'google-maps-places', 'bing-maps', 'mapbox', 'youtube']`

- Final recommended APIs:  
  `['easytobook', 'amadeus', 'google-maps-places', 'youtube']`

**Reasoning for final selection**:  
- `easytobook` and `amadeus` provide solid, accessible hotel data and booking-related info for Malta hotels.  
- `google-maps-places` offers comprehensive place and mapping services to plot hotels accurately on a map.  
- `youtube` is essential to fetch and embed relevant video content linked to Malta hotels, enhancing user experience.  

This combination efficiently covers the core requirements of the mashup: Malta hotel data, mapping integration, and embedded YouTube video content.
./output/gpt/few_cot_infer/responses.json
データが保存されました: ./output/gpt/few_cot_infer/responses.json (キー: best-malta-hotels-1)
------------------------------
評価中のサービス: scupal
Iteration 1, Total call: 3
**Reasoning**:

1. **Identify Core Features**:  
   The requirement highlights Scupal as a social buying website, emphasizing social network-based buying targeted at Indian consumers. This implies a blend of social networking features and e-commerce capabilities. Key functionalities inferred include:  
   - Social networking and social interaction around buying, possibly sharing deals or activities with others.  
   - Ecommerce infrastructure to list, promote, and facilitate purchase of products or deals.  
   - Potentially recommending deals based on social connections or preferences.

2. **Identify Relevant API Categories**:  
   Based on the core features, the relevant categories are:  
   - **social**: To enable integration with social networks or to leverage social behaviors and interactions, such as sharing, liking, or following deals and users.  
   - **ecommerce**: To handle product listings, purchases, payments, inventory, and possibly track deals and transactions.

3. **Match APIs from Relevant Categories**:

   - **social APIs**:  
     - *tagalus*: For Twitter hashtag meanings and social tagging, useful if social media integration is part of the buying experience.  
     - *awesm*: Provides social data analytics, helping understand user behavior and driving social-based recommendations.  
     - *facebook*: Though legacy, Facebook Graph API enables access to a large user social graph and interactions.  
     - *nationbuilder*: Supports community building and organizing, which might enhance social buying power.  
     - *plancast*: Event sharing API useful if social buying includes planning or event-driven deals.  
     - *launchrock*, *meetup*, *tumblr*, *foursquare*: Also candidates if social interactions with events, groups or location are relevant.

   - **ecommerce APIs**:  
     - *bolcom-open*: A large Dutch online retailer API offering product info, search, and cart features.
     - *amazon-product-advertising*: Provides access to Amazon’s extensive product catalog and e-commerce features, suitable for curated product buying.
     - *shopify-admin*: Useful for managing online stores, inventory, and orders; good if Scupal integrates or operates on Shopify platform.
     - *groupon*: As a daily deals platform, it aligns closely with social buying concepts and deal aggregation.
     - *retailmenotcom-community-ideas*, *8coupons*, *yipit*, *wishpot-shopping*: Coupon or deals focused ecommerce APIs that can augment social buying by providing deals, discounts, and wishlists.

4. **Select the Most Suitable APIs**:  
   Considering Scupal’s focus on India-based social buying and unique social buying model (not daily deals), integration with social networks for sharing and recommendations is key. Thus, social APIs with strong social graph capabilities are valuable.  

   On ecommerce front, APIs providing product info, shopping cart, and deal management are essential. Given many daily deal APIs are global, *amazon-product-advertising* and *shopify-admin* provide extensive ecommerce infrastructure suitable for social commerce. *groupon* and coupon-focused APIs offer deal aggregation features but as the requirement notes that Scupal is not a typical daily deal site, these may be secondary.  

   Therefore, the best mix is a combination of core social APIs plus versatile ecommerce APIs that allow rich product offerings and social sharing.

**Conclusion**:

- Recommend categories from 2.: ['social', 'ecommerce']  
- Recommend All matched APIs in 3.: ['tagalus', 'awesm', 'facebook', 'nationbuilder', 'plancast', 'bolcom-open', 'amazon-product-advertising', 'shopify-admin', 'groupon', 'retailmenotcom-community-ideas', '8coupons', 'wishpot-shopping']  
- Final recommended APIs: ['facebook', 'awesm', 'amazon-product-advertising', 'shopify-admin']
./output/gpt/few_cot_infer/responses.json
データが保存されました: ./output/gpt/few_cot_infer/responses.json (キー: scupal-1)
------------------------------
評価中のサービス: snoopf
Iteration 1, Total call: 4
**Reasoning**:

1. **Identify Core Features**:  
   - The service focuses on finding restaurant coupons and gift cards.  
   - It involves searching restaurants by cuisine type or location nationwide.  
   - Provides restaurant hours, locations, and coupons.  
   Therefore, the service needs:  
   - Access to restaurant and food-related data (restaurant info, cuisine types, locations)  
   - Access to deals, coupons, or promotional offers data  
   - Search capabilities by location and cuisine

2. **Identify Relevant API Categories**:  
   - **food**: For direct restaurant, cuisine, and food-type data.  
   - **ecommerce**: As coupons and gift cards involve commerce, deals, and promotional offers.  
   - **recommendations**: To find or suggest deals, offers, or relevant coupons tailored to users or locations.  
   - **location** or **mapping** could be considered for geolocating restaurants, but since location is part of searching, focusing more on APIs that specifically support restaurant/location-based search is appropriate.

3. **Match APIs from Relevant Categories**:  
   - In the **food** category:  
     - `open-dining-network-food-ordering`: Provides menus and functionality to search for nearby restaurants and menu items, including viewing restaurant details. This matches cuisine, location, and restaurant data needs.  
     - `untappd`: Although more about beer and vendors, it provides vendor and user info for food venues but limited to beer-focused social sharing; less relevant.  

   - In **ecommerce**:  
     - `8coupons`: Aggregates deals from restaurants and local services, supports retrieving deals by location. This service fits perfectly with coupons and deals for eateries.  
     - `groupon`: Offers daily deals on activities including restaurants. Could be related for coupons and discount data.  
     - `retailmenotcom-community-ideas`: Provides coupon and deal data, mostly broad retail but some food-related.  
     - `bolcom-open`: More general product retail, less focused on restaurants.  
     - `wishpot-shopping`: Focuses on wishlists and prices, less direct restaurant coupon focus.  

   - In **recommendations**:  
     - `yelp-fusion`: Provides business review, rating, and detailed info about local businesses including restaurants. It also supports tracking reviews and pictures.  
       Yelp includes coupons data and business offers as part of their platform. Yelp Fusion is a strong candidate for accurate restaurant data with deals.  
     - `qype`: Provides reviews and ratings of restaurants and local businesses, multi-lingual. Could be used for social proof and deals.  
     - `rotten-tomatoes`: Movie focused, not relevant.  
     - `trakttv`: TV shows, unrelated.  

4. **Select the Most Suitable APIs**:  
   - `open-dining-network-food-ordering` is an excellent match for restaurant details, locations, cuisine, and menu-related information.  
   - `8coupons` offers coupon and deal data specifically for local services and restaurants, matching coupons/gift card requirements well.  
   - `yelp-fusion` provides comprehensive restaurant info including reviews and ratings, and likely relevant for finding deals and coupons as well as locations and operating hours.  
   - `groupon` is a widely known source for restaurant and local deals and could supplement coupons and gift cards data, though generally focuses more on daily deals and discounts.  

Other APIs like Untappd and RetailMeNot Community Ideas are less central or more tangential.

**Conclusion**:
- Recommend categories from 2.: ['food', 'ecommerce', 'recommendations']
- Recommend All matched APIs in 3.: ['open-dining-network-food-ordering', '8coupons', 'yelp-fusion', 'groupon']
- Final recommended APIs: ['open-dining-network-food-ordering', '8coupons', 'yelp-fusion']
./output/gpt/few_cot_infer/responses.json
データが保存されました: ./output/gpt/few_cot_infer/responses.json (キー: snoopf-1)
------------------------------
評価中のサービス: speedyitunes-planet
Iteration 1, Total call: 5
**Reasoning**:

1. **Identify Core Features**:  
   The requirement is for a custom engine that integrates multiple file hosting and sharing platforms, including YouTube, RapidShare, MegaUpload, and more. Key functionalities needed are:  
   - Access to video content and metadata (YouTube).  
   - Access to file hosting, sharing, and possibly downloading features (RapidShare, MegaUpload type services).  
   - Search, retrieve, and embed content from these services.  
   The engine likely needs to aggregate data from multiple sources and provide a unified interface for searching and accessing files/videos.

2. **Identify Relevant API Categories**:  
   - **video**: To access YouTube videos and similar multimedia content.  
   - **file-sharing**: For RapidShare, MegaUpload (file hosting/sharing) equivalents, managing uploads/downloads and metadata.  
   - **search**: To enable search functionality across these platforms or related content.  
   - **media** (optional): For managing media content beyond just videos, could include general audio, video metadata, or streaming content.

3. **Match APIs from Available Categories**:  
   - **video APIs**:  
     - **youtube**: Direct access to YouTube videos, search, user uploads, metadata, embedding, etc.  
     - **vimeo**: Another video hosting platform with uploading and embedding features. Could complement YouTube content.  
     - **dailymotion**: Another large video platform.  
     - **brightcove**: Professional video hosting and streaming platform API.  
     - **ibu-video**: Multimedia metadata and promotional video assets.  

   - **file-sharing APIs**:  
     - **mediafire**: Cloud-based file storage and sharing, with API for uploading, downloading, managing files. Similar to RapidShare and MegaUpload.  
     - **4shared**: Online file sharing service API with full access.  
     - **filestube**: File search engine API, aggregates data from multiple file sharing websites.  
     - **dropbox**: Cloud storage and file sharing, broader scope but overlaps with file-sharing functionality.  
     - **sugarsync**: Cloud storage service API.  

   - **search APIs**:  
     - **giphy**: Animated GIF search engine (less relevant here).  
     - **google-custom-search**: General web and site-specific search. Could be used to build custom search.  
     - **yahoo-local-search**: Local business search, less relevant for file hosting search.  
     - **open-movie-database**: Movie info search, not file hosting.  
     - **earth911-search**: Recycling directory search, irrelevant.  
     - **tagoo**: Audio/video search API. Possibly relevant for multimedia search.

4. **Select the Most Suitable APIs**:  
   For core functionality, video content access is essential, so the **youtube** API is a must-have.  
   For file hosting & sharing comparable to RapidShare and MegaUpload, the **mediafire** and **4shared** APIs are the best matches available.  
   To facilitate file search across multiple platforms (like RapidShare and MegaUpload search engines), **filestube** API is relevant.  
   Including additional video platforms such as **vimeo** and **dailymotion** could enrich the video content scope but are optional, depending on requirements.  
   General search APIs like **google-custom-search** could help in building meta search but less specialized.

**Conclusion**:  
- Recommend categories: ['video', 'file-sharing', 'search']  
- Recommend All matched APIs: ['youtube', 'mediafire', '4shared', 'filestube', 'vimeo', 'dailymotion', 'google-custom-search']  
- Final recommended APIs: ['youtube', 'mediafire', '4shared', 'filestube']
./output/gpt/few_cot_infer/responses.json
データが保存されました: ./output/gpt/few_cot_infer/responses.json (キー: speedyitunes-planet-1)
------------------------------
評価中のサービス: tweetypants
Iteration 1, Total call: 6
**Reasoning**:

1. **Identify Core Features**:  
   - The mashup fetches a user’s most recent tweets, so it requires access to Twitter data.  
   - It submits tweet content to OpenAmplify for analysis, which is a semantic analysis tool that can extract meaning, sentiment, or other text-based analytics.  
   - The mashup displays numerical and graphical results of the analysis.   
   - It uses QueryPath PHP library, which is more about parsing/manipulating HTML/XML but not directly related to API selection here.

2. **Identify Relevant API Categories**:  
   - **social**: To access Twitter data or tweets from a user’s timeline.  
   - **semantics** or **natural-language-processing** (NLP): To analyze text to extract meaning or insight. OpenAmplify is a semantic analysis service, so likely falls under semantics or NLP categories.  
   - Possibly **tools** if the QueryPath PHP library or similar utilities are considered, but mainly the focus is on social (Twitter) and text analysis.

3. **Match APIs from Relevant Categories**:

   - **social APIs**:  
       - twitter-search (listed but marked as no longer available; however, it's the relevant API for Twitter data historically).  
       - twitter-streaming: Provides real-time Twitter data access.  
       - twitter: Legacy Twitter API (not publicly available but relevant historically).  
       - tagalus: Related to Twitter hashtags meaning. Possibly tangential.  
       - Other social APIs like facebook, google-plus, but those are unrelated to Twitter data.

   - **semantics/natural-language-processing APIs**:  
       - amplify (Amplify is described as semantic text analysis) could be a suitable substitute or equivalent to OpenAmplify.  
       - nlp-tools: Provides sentiment analysis and textual classification, which is related but more sentiment-based.  
       - rxnlp-text-similarity: Focuses on text similarity, which might be less relevant here.  
       - dialogflow-standard-webhooks: For building conversational interfaces; less relevant for tweet analysis numeric/graphical display.  
       - getsentiment: Provides sentiment and topical categorization, similar but more focused on sentiment.  
       
   - **Others**:  
       - No direct OpenAmplify API listed, so Amplify API is the closest analogous semantic analysis API.

4. **Select the Most Suitable APIs**:

   - **twitter-search** or **twitter-streaming**: To fetch recent tweets. Despite twitter-search being deprecated, it's historically the intended API to query tweets. Twitter-streaming is an alternative to get real-time tweets.  

   - **amplify**: Provides semantic analysis similar to OpenAmplify, ideal for extracting meaning numerically and graphically from text content.  

   - Optionally, nlp-tools or getsentiment could also be candidates, but amplify directly states semantic analysis, aligning closer with OpenAmplify.  

**Conclusion**:  
- Recommend categories from 2.: ['social', 'semantics']  
- Recommend All matched APIs in 3.: ['twitter-search', 'twitter-streaming', 'amplify']  
- Final recommended APIs: ['twitter-search', 'amplify']  

**Reasoning for final selection**:  
- twitter-search is the most direct API for retrieving user tweets (even if deprecated, it matches the use case best).  
- amplify provides semantic analysis capabilities similar to OpenAmplify, enabling numerical and graphical analysis of tweets.  
- twitter-streaming is useful but geared towards real-time data, whereas the mashup uses the dozen most recent tweets (historical search).  
- amplify aligns well with the semantic analysis requirement, making it the best fit in that category.
./output/gpt/few_cot_infer/responses.json
データが保存されました: ./output/gpt/few_cot_infer/responses.json (キー: tweetypants-1)
------------------------------
評価中のサービス: austin-property-search
Iteration 1, Total call: 7
**Reasoning**:

1. **Identify Core Features**:  
   - The mashup needs to perform searches for homes in the Austin MLS (Multiple Listing Service). This implies access to real estate property listing data.  
   - Visualization of the search results on maps using Google Maps and Google Earth. This implies geolocation, mapping, and possibly spatial querying.  
   - Integration of data from MLS with mapping platforms requires APIs that can provide or interface with MLS data, as well as mapping APIs for geospatial rendering.

2. **Identify Relevant API Categories**:  
   - **real-estate**: For accessing property listings and home search data from MLS or real estate databases.  
   - **mapping**: For integrating with Google Maps and Google Earth to visualize properties and their locations on maps.

3. **Match APIs from Relevant Categories**:  
   - **real-estate APIs**:  
     - **nestoria**: A vertical real estate search engine with API access to geocoded properties data. Likely suited for searching properties including location information.  
     - **zillow**: Provides real estate and mortgage content including property valuations, details, market stats, etc. Potentially useful for integrating MLS-like data.  
     - **booli**: Swedish real estate data (may not be relevant if focused on US, but still real estate related).  
     - **realtybaron-answers**: Provides a question and answer service for real estate but not property search data. Less relevant.  
     - The Austin MLS itself may not have a publicly listed API here, but nestoria or zillow can give broad real estate data.  
   - **mapping APIs**:  
     - **google-maps** (note: officially deprecated as a unified API but Google Maps services split, assuming here the Google Maps API is available for embedding and geocoding).  
     - **google-maps-geocoding**: for converting addresses from MLS results into coordinates for mapping.  
     - **google-earth**: For rendering geo-referenced imagery and maps as requested.  
     - Other mapping APIs like **bing-maps** or **mapquest** can also be alternatives but requirement is specifically for Google tools.

4. **Select the Most Suitable APIs**:  
   - For real estate data, **nestoria** is clearly a real estate listing API with geocoded data suitable for searching homes; if Austin MLS data or similar is aggregated there or can be supplemented.  
   - **zillow** offers extensive real estate data; it provides valuations and property details and can complement or substitute MLS data if direct MLS is unavailable.  
   - For mapping and spatial visualization, **google-maps-geocoding** and **google-earth** are essential to convert addresses into coordinates and to display on Google Earth respectively.  
   - While the generalized **google-maps** deprecated profile here, the descriptive references suggest that Google Maps API services like geocoding and embedding maps are still relevant.  

**Conclusion**:  
- Recommend categories from 2.: ['real-estate', 'mapping']  
- Recommend All matched APIs in 3.: ['nestoria', 'zillow', 'booli', 'google-maps-geocoding', 'google-earth', 'google-maps']  
- Final recommended APIs: ['nestoria', 'zillow', 'google-maps-geocoding', 'google-earth']
./output/gpt/few_cot_infer/responses.json
データが保存されました: ./output/gpt/few_cot_infer/responses.json (キー: austin-property-search-1)
------------------------------
評価中のサービス: my-powers-out
Iteration 1, Total call: 8
**Reasoning**:

1. **Identify Core Features**:
   - Reporting outages via SMS or email: The app must enable users to send outage reports by SMS or email.
   - Triangulating location of outage: The app needs to determine the geographic location of the outage using triangulation or geolocation.
   - Communication with power company: The app must send location and status updates back and forth with the utility company.
   - Status updates to users: Users receive status notifications about their outage reports.
   
2. **Identify Relevant API Categories**:
   - messaging: To send SMS messages to utilities and users and possibly receive SMS updates.
   - email: To send outage reports or status updates by email.
   - mapping or location: To triangulate or determine precise geographic location of outages from user data.
   - possibly telephony: If the app can incorporate voice or expand communication channels with utilities.
   
3. **Match APIs from Relevant Categories**:

   - **messaging APIs**:
     - twilio-sms: Cloud communications platform for sending and receiving SMS. Suitable for sending outage reports and status notifications.
     - clockwork-sms: SMS gateway supporting sending bulk SMS messages via REST/SOAP; good for reliable SMS delivery.
     - amazon-sns: Supports sending notifications including SMS, suitable for push notifications or alerts.
     - pushover-message: For sending real-time push notifications to devices, could be useful for status updates.
     - vonage-nexmo-sms: SMS messaging API for sending/receiving SMS worldwide, good alternative for SMS services.
     - business-alerts: Desktop alert product sending notifications to desktops, inboxes, mobile phones including Twitter and Facebook notifications; good for multi-channel alerts.

   - **email APIs**:
     - mailgun: Email sending API with analytics, useful for sending outage reports or status emails.
     - sendgrid: Cloud-based email service with delivery and analytics capabilities.
     - mailjet: Cloud email platform to create/send emails and track analytics.
     - gmail: Google's Gmail API to send emails programmatically.
     - amazon-ses: Cloud-based email service, scalable for sending emails.
     
   - **mapping/location APIs**:
     - google-maps-geolocation: Get location info based on cell towers and WiFi nodes; useful for triangulating user location.
     - ip2location: Provides geolocation data based on IP address, including city, latitude/longitude, ISP; helpful for triangulation.
     - ipinfoio-ip-geolocation: Another IP geolocation API with detailed location info for an IP address.
     - smart-ip-geo-ip: Similar IP to city-level geolocation with JSON/XML.
     - geocoderca, bing-maps-locations, google-geocoding, mapquest-geocoding: Geocoding services to convert addresses or coordinates into location info or vice versa. Useful for mapping and confirming outage locations.
     
   - **telephony APIs** (optional):
     - twilio: Includes voice and SMS, useful if phone call reporting or voice confirmation is included.
     - plivo, kookoo, telapi: Telephony services for voice and SMS features.
   
4. **Select the Most Suitable APIs**:
   - For sending and receiving SMS reliably and at scale, Twilio SMS API is widely used, robust, supports two-way SMS, and has global coverage.
   - For emails, SendGrid or Mailgun are reliable options; SendGrid is popular and scalable.
   - For determining geographic location to triangulate the outage, Google Maps Geolocation API offers cell tower and wifi based location detection which suits the triangulation feature.
   - IP-based geolocation (e.g. ip2location) can supplement location triangulation if user IP info is available.
   - Optionally, Amazon SNS can be used to send push notifications as status updates.
   
**Conclusion**:

- Recommend categories from 2.: ['messaging', 'email', 'mapping']

- Recommend All matched APIs in 3.:  
  ['twilio-sms', 'clockwork-sms', 'amazon-sns', 'pushover-message', 'vonage-nexmo-sms', 'business-alerts',  
   'mailgun', 'sendgrid', 'mailjet', 'gmail', 'amazon-ses',  
   'google-maps-geolocation', 'ip2location', 'ipinfoio-ip-geolocation', 'smart-ip-geo-ip', 'geocoderca', 'bing-maps-locations', 'google-geocoding', 'mapquest-geocoding']  

- Final recommended APIs:  
  ['twilio-sms', 'sendgrid', 'google-maps-geolocation']  

**Reasons for final choices**:  
- **twilio-sms**: Best-in-class SMS platform with global coverage, two-way capabilities allow both reporting and confirmations.  
- **sendgrid**: Reliable and scalable email platform with detailed delivery analytics, suitable for outage reporting and status updates by email.  
- **google-maps-geolocation**: Provides triangulated location from cell towers and WiFi nodes, essential for accurately locating the outage area even without exact GPS data.
./output/gpt/few_cot_infer/responses.json
データが保存されました: ./output/gpt/few_cot_infer/responses.json (キー: my-powers-out-1)
------------------------------
評価中のサービス: moveboxer
Iteration 1, Total call: 9
**Reasoning**:

1. **Identify Core Features**:  
   - Finding reputable movers: Requires access to business information with ratings and reviews, particularly for moving companies.  
   - Providing Yelp ratings and reviews: Involves integrating social/review data that illustrates user feedback and ratings.  
   - Price estimate for moving: Needs travel or transportation-related pricing or estimations. Possibly requires access to pricing data, distance/duration calculation, or APIs related to moving or transport.  
   - Contact movers: May imply access to contact details or mappings for locating businesses.

2. **Identify Relevant API Categories**:  
   - recommendations: To get business reviews and ratings, Yelp Fusion or similar APIs fall under this.  
   - ecommerce or payments: Not directly about online payment here, so less relevant.  
   - transportation or travel: For distance, route, or moving cost estimations.  
   - mapping or location: To provide location context or distance from user to moving service.  
   - social: For ratings and reviews, though recommendation is more specific.

3. **Match APIs from Relevant Categories**:  
   - **recommendations**:  
       - yelp-fusion: Provides business review and rating information, covering geographic search and detailed business data, including photos and phone numbers, ideal for finding movers with reputation info.  
       - qype: While this is a prior review database, it has relatively limited scope compared to Yelp.  
       - rotten-tomatoes: Not relevant, movie data.  
   - **transportation**:  
       - ups-shipping: Provides shipping functionalities but more focused on parcel shipments, less relevant for moving services.  
       - uber, lyft: Ride-sharing, not for moving services.  
       - public-transit-data-community: Transit data, not relevant.  
       - bing-traffic: Traffic info, could be useful for estimating times/delays, but indirect.  
   - **mapping/location**:  
       - bing-maps, google-maps-places, mapquest: Useful for geolocation, calculating distances or nearby movers, improving quote accuracy based on distance.  
   - **social**:  
       - foursquare: Offers info about venues but more focused on check-ins than detailed reviews, less optimal than Yelp.  
   
   Among these, **yelp-fusion** stands out as the core API to provide ratings, reviews, and business info about movers. To support price estimates, a **mapping API** like **bing-maps** or **google-maps-places** to get distance or location data would be useful. Mapping data can assist to approximate moving distances helping with price estimates.

4. **Select the Most Suitable APIs**:  
   - **yelp-fusion**: Directly addresses the need for reputable business info including ratings and reviews. An essential API here.  
   - **bing-maps-search** or **google-maps-places**: To provide search and mapping support aiding in quote estimate calculations based on locations.  
   Other APIs related to transportation/shipping are less focused on full-service moving or user quotes and don't directly address business ratings.

**Conclusion**:
- Recommend categories from 2.: ['recommendations', 'mapping']  
- Recommend All matched APIs in 3.: ['yelp-fusion', 'bing-maps-search', 'google-maps-places']  
- Final recommended APIs: ['yelp-fusion', 'bing-maps-search', 'google-maps-places']
./output/gpt/few_cot_infer/responses.json
データが保存されました: ./output/gpt/few_cot_infer/responses.json (キー: moveboxer-1)
------------------------------
評価中のサービス: myetsybook.com
Iteration 1, Total call: 10
**Reasoning**:

1. **Identify Core Features**:  
   - Sellers create a web catalog from their shops.  
   - Integration with Twitter, Blog, and Etsy accounts for social and content connectivity.  
   - Widgetized format, embeddable in other websites.  
   - Acts as a seller homepage, combining ecommerce presence with social/blog content.

2. **Identify Relevant API Categories**:  
   - **ecommerce**: To handle shop/catalog creation and management, product listings, and ecommerce features.  
   - **social**: To enable integration with Twitter and possibly other social media accounts.  
   - **blogging**: For blog content integration.  
   - **widgets**: For embeddable widget creation and integration into other websites.

3. **Match APIs from Relevant Categories**:

   - **ecommerce APIs**:  
     - `etsy`: Direct integration with Etsy shops, product listings, and accounts. Key for seller shop data.  
     - `shopify-admin`: Leading ecommerce platform APIs for managing stores, products, and orders.  
     - `bolcom-open`: Access to a large ecommerce catalog, useful for product data.  
     - `woocommerce`: Popular WordPress ecommerce plugin API, useful if sellers use WooCommerce.  
     - `bigcommerce`: Complete online store management API, allowing catalog and product handling.  
     - `pinnaclecart-rest`: Shopping cart and product API.  
     - `amazon-product-advertising`: Access Amazon product data to augment catalogs.  

   - **social APIs**:  
     - `twitter`: Social microblogging platform API to integrate timelines, tweets, and social presence.  
     - `facebook`: For broader social integration beyond just Twitter, but the requirement only explicitly mentions Twitter.  
     - `plancast`: Social events sharing API, less relevant here.  
     - `tagalus`: Twitter hashtag definition, less relevant.  
     - `buffer`: Social media scheduling and management API, can help manage tweets.  

   - **blogging APIs**:  
     - `wordpresscom`: API to integrate WordPress.com blog content.  
     - `blogger`: Integration with Google Blogger.  
     - `disqus`: Blog comment system, could be useful but not core.  
     - `tumblr`: Popular blogging platform API, potentially useful.  

   - **widgets APIs**:  
     - `google-gadgets`: Framework for creating embeddable web gadgets.  
     - `widgetbox`: API for widget creation and distribution.  
     - `automattic-wordpress-widgets`: Widgets for WordPress sites, helpful if integrated with WordPress blogs.  
     - `netvibes`: Widget framework for various environments.

4. **Select the Most Suitable APIs**:  
   - The core for shop/catalog creation and management is **ecommerce**; since the requirement mentions Etsy explicitly, **`etsy`** API is critical.  
   - For social media integration (explicitly Twitter mentioned), the **`twitter`** API is essential to integrate seller social presence.  
   - For blogs, since WordPress is the most widely used blogging platform and the requirement highlights integration with blogs in general, **`wordpresscom`** API is recommended.  
   - For widgetization and embedding the catalog in other websites, **`google-gadgets`** or **`widgetbox`** APIs would be suitable; choosing **`widgetbox`** here due to its focus on widgets and apps for social network profile, blog, or start pages.  
   - Other ecommerce APIs (like Shopify) are optional unless the scope extends beyond Etsy, but since only Etsy is explicitly mentioned, prioritize the **`etsy`** API.

**Conclusion**:  
- Recommend categories from 2.: `['ecommerce', 'social', 'blogging', 'widgets']`  
- Recommend All matched APIs in 3.: `['etsy', 'shopify-admin', 'bolcom-open', 'woocommerce', 'bigcommerce', 'pinnaclecart-rest', 'amazon-product-advertising', 'twitter', 'facebook', 'buffer', 'wordpresscom', 'blogger', 'tumblr', 'google-gadgets', 'widgetbox', 'automattic-wordpress-widgets', 'netvibes']`  
- Final recommended APIs: `['etsy', 'twitter', 'wordpresscom', 'widgetbox']`
./output/gpt/few_cot_infer/responses.json
データが保存されました: ./output/gpt/few_cot_infer/responses.json (キー: myetsybook.com-1)
------------------------------
評価中のサービス: demo-bookstore-amazon-advertising-api
Iteration 1, Total call: 11
**Reasoning**:

1. **Identify Core Features**:  
   The requirement describes a demo bookstore that categorizes books well and uses the Amazon Product Advertisement API. The focus is on providing book information, categorization, and possibly discovery features related to books.

2. **Identify Relevant API Categories**:  
   - **ecommerce**: The Amazon Product Advertisement API enables product searching and advertising, which fits into ecommerce APIs.  
   - **reference**: Book-related information and categorization can also be supported by reference APIs related to books, such as book databases or catalog APIs.  
   - **books**: Since the service is about books, the books category is directly relevant for APIs that provide book metadata, reviews, ratings, and categorizations.

3. **Match APIs from Relevant Categories**:  
   - From **ecommerce**:  
     - **amazon-product-advertising**: Exposes Amazon's book and product data, enabling search, discovery, and display of books with product details.  
   - From **books**:  
     - **goodreads**: Provides book information, reviews, user shelves, and ratings, enhancing the book discovery and categorization experience.  
   - From **reference**:  
     - **open-library-books**: Provides access to a large open catalog of books including metadata and subject headings that can be used for categorization.  
     - **librarything**: Offers APIs for querying ISBNs, titles, and languages useful for book cataloging and discovery.  
     - **wikipedia**: Can provide supplementary textual information about books or authors, but less direct.  
     - **wordnik**: Focuses on word definitions, spelling, and examples but less directly tied to books as products.  

4. **Select the Most Suitable APIs**:  
   - **amazon-product-advertising**: Directly mentioned in the requirement and the core API for ecommerce/bookstore functionality.  
   - **goodreads**: Adds significant value with user-generated reviews, ratings, and categorization that complements Amazon’s product data.  
   - **open-library-books**: Provides extensive open book data useful for categorization and enriching the bookstore content.  
   - **librarything**: Additional reference data that supports categorization and metadata on books complements the above.  

While other reference APIs exist (Wikipedia and Wordnik), they are less central to the bookstore functionality and more general reference tools.

**Conclusion**:  
- Recommend categories from 2.: ['ecommerce', 'books', 'reference']  
- Recommend All matched APIs in 3.: ['amazon-product-advertising', 'goodreads', 'open-library-books', 'librarything', 'wikipedia', 'wordnik']  
- Final recommended APIs: ['amazon-product-advertising', 'goodreads', 'open-library-books', 'librarything']
./output/gpt/few_cot_infer/responses.json
データが保存されました: ./output/gpt/few_cot_infer/responses.json (キー: demo-bookstore-amazon-advertising-api-1)
------------------------------
評価中のサービス: connected-to-us
Iteration 1, Total call: 12
**Reasoning**:

1. **Identify Core Features**:
   - The service "Connected to Us" aims to create a communication system leveraging existing hardware owned by team members and customers.
   - Core communication features likely include voice calls, messaging (SMS, possibly more), and possibly telephony integration.
   - The system targets both internal team members and external customers, so scalability and reliability are important.
   - Interoperability with existing hardware suggests telephony and messaging APIs are key.
   - Additional useful features might include voice calls, SMS management, possibly caller ID or other telephony data.
   
2. **Identify Relevant API Categories**:
   - telephony: To handle voice calls, call control, and integration with PSTN or VoIP infrastructure.
   - messaging: For sending/receiving SMS and possibly other message-based communications.
   
3. **Match APIs from Relevant Categories**:

   - From **telephony**:
     - **twilio**: Well-known cloud telephony platform providing voice and SMS APIs with scalable, reliable services. Supports voice calls, SMS, MMS, phone number rental, call recording, conferencing, etc.
     - **plum-fuse**: Programmable voice application platform with APIs for IVR, outbound calls, speech recognition, call routing, etc., suitable for call management.
     - **myvox**: Voice-enables applications by turning any phone into a microphone connected to apps, focusing on voice communication.
     - **opencnam**: Caller ID information API, useful for enriching telephony data.
     - **kookoo**: API for telephony and SMS voice service, supports IVR and outbound campaigns.
     - **voxeo**: SIP voice platform with APIs for voice, IVR, speech recognition, call control.
     - **telapi**: Telephony platform allowing voice and SMS integration, managing calls, recordings, phone number management.
     - **hoiio-voice**: Cloud telephony services with APIs for voice calls, IVR, and virtual numbers.
     - **gecko-landmarks**: Location-based telephony landmark info, more niche.
     - **handset-detection**: Telephony API for phone device detection, less core.
     - **spokenbuzz**: Voice portal API for voicemail, call forwarding, message recording.
     
   - From **messaging**:
     - **twilio-sms**: SMS-specific API from Twilio for sending, receiving, tracking SMS.
     - **vonage-nexmo-sms**: SMS APIs for sending and receiving SMS globally.
     - **clockwork-sms**: SMS gateway API allowing bulk SMS.
     - **postalmethods**: Postal mail gateway (less relevant here, since focus is on telephony/hardware).
     - **amazon-sns**: Notification service that supports SMS.
     - **apphatt-messaging**: Messaging via AT&T mobile networks.
     - **sms**: SMS API supporting SMPP and bulk SMS across many countries.
     - **mtnl-sms**, **m8ble-sms** (not listed here, but often used if available).
     - **pushover-message**: Push notification service, less relevant for hardware telephony calls.
     - **business-alerts**: Desktop/mobile alerts, less telephony.
     - **hone.io** (not listed here).
     
4. **Select the Most Suitable APIs**:
   - **Twilio** stands out as a comprehensive, reliable, scalable, and developer-friendly platform for both telephony and messaging that directly meets the voice and SMS communication needs.
   - **Plum Fuse** offers advanced voice application editing and call management features that could be valuable.
   - **TelAPI** and **Hoiio** provide similar features but Twilio is globally well-known and widely supported.
   - For messaging, **twilio-sms** (as part of Twilio) covers SMS messaging needs.
   - Vonage Nexmo SMS is also a good alternative for messaging but less integrated than Twilio's combined offering.
   
**Conclusion**:

- Recommend categories from 2.: ['telephony', 'messaging']
- Recommend All matched APIs in 3.: ['twilio', 'plum-fuse', 'myvox', 'opencnam', 'kookoo', 'voxeo', 'telapi', 'hoiio-voice', 'spokenbuzz', 'twilio-sms', 'vonage-nexmo-sms', 'clockwork-sms', 'postalmethods', 'amazon-sns', 'att-app-messaging', 'sms', 'pushover-message', 'business-alerts']
- Final recommended APIs: ['twilio', 'twilio-sms']

**Reason**: Twilio provides a unified, scalable, feature-rich cloud communication platform that integrates voice calling, SMS messaging, phone number management, and advanced telephony features. Its wide adoption and comprehensive API make it ideal for building a communication system using existing hardware. Twilio SMS complements voice functions with robust messaging capabilities, making the combination perfect for "Connected to Us". If needed, Plum Fuse or TelAPI could be considered as alternatives or for specialized voice app needs.
./output/gpt/few_cot_infer/responses.json
データが保存されました: ./output/gpt/few_cot_infer/responses.json (キー: connected-to-us-1)
------------------------------
評価中のサービス: scanthenet
Iteration 1, Total call: 13
**Reasoning**:

1. **Identify Core Features**:  
   - The mashup "ScanTheNet" is a search tool that aggregates real-time or near-real-time content from multiple social media platforms: Flickr (photos), Instagram (photos), Twitter (microblogging), and YouTube (video).  
   - It enables users to discover fresh and interesting content live from these services and share it.  
   - Core functionalities include searching and retrieving multimedia content (photos, videos, social posts) across these services.

2. **Identify Relevant API Categories**:  
   - **social**: The primary category for integrating APIs of social platforms like Twitter.  
   - **photos**: Specifically for photo-sharing services such as Flickr and Instagram.  
   - **video**: For video content platform YouTube.  
   - **search**: Since ScanTheNet is a search mashup, any general or specialized search APIs relevant could be applicable.

3. **Match APIs from Each Category**:  
   - **social APIs**:  
      - **twitter**: Although the original Twitter API profile is deprecated, it is still the relevant API mentioned for Twitter search access.  
      - **tagalus**: Related to Twitter hashtags but more focused on hashtag meanings and definitions; less relevant for live content aggregation.  
      - **awe.sm** and **topsy**: Provide social data and conversation analytics around Twitter and other platforms; Topsys is Twitter-focused, giving access to social conversations. However, the direct Twitter API is more suitable for retrieving tweets.  
      - **facebook, google-plus**: Not part of the services specified in the requirement.  

   - **photos APIs**:  
      - **flickr**: Official API for photo sharing and search on Flickr.  
      - **instagram-graph**: Official Instagram API, provides access to user authentication, photos, friends, and uploads.  

   - **video APIs**:  
      - **youtube**: Official YouTube Data API for searching and retrieving video content.  

   - **search APIs**:  
      - No explicit general search API covering these platforms is listed, but integrating each platform's specialized API provides the best coverage.  

4. **Select and Recommend the Best-Suited APIs**:  
   - **flickr**, **instagram-graph**, **twitter**, and **youtube** are the core services directly matching the requirement of aggregating content from Flickr, Instagram, Twitter, and YouTube respectively.  
   - These APIs offer the most accurate, comprehensive, and official access to the required content types (photos, tweets, videos).  
   - Supporting APIs such as Tagalus or social analytics tools aren't essential for the core requirement of content aggregation and search.  
   - A combined use of these APIs enables the mashup to perform live discovery and sharing of content across multiple formats and services.

**Conclusion**:  
- Recommend categories from 2.: ['social', 'photos', 'video']  
- Recommend All matched APIs in 3.: ['twitter', 'tagalus', 'flickr', 'instagram-graph', 'youtube', 'awe.sm', 'topsy']  
- Final recommended APIs: ['flickr', 'instagram-graph', 'twitter', 'youtube']
./output/gpt/few_cot_infer/responses.json
データが保存されました: ./output/gpt/few_cot_infer/responses.json (キー: scanthenet-1)
------------------------------
評価中のサービス: izik
Iteration 1, Total call: 14
**Reasoning**:

1. **Identify Core Features**:  
   - Search and Exploration: Izik lets users search and discover web content in a playful way, which means a strong search capability is needed.  
   - Image-rich Results: The results emphasize images, so photo or media-related APIs are essential for retrieval and display of images or image metadata.  
   - Multiple Categories Context: Results are segmented into categories (Lyrics, Gossip, Perfume) providing contextual search results that cover music, entertainment, and possibly products or lifestyle.  
   - Minimal Typing, Suggestive Context: This suggests the need for autocomplete or related suggestion features to support easy searching.

2. **Identify Relevant API Categories**:  
   - **search**: For general search functionality and to retrieve comprehensive web content across diverse topics.  
   - **photos**: To access or integrate image content enriching the search results visually.  
   - **music**: Because the example given includes a music-related category (“Lyrics”), having music metadata or lyrics access is relevant.  
   - **media** or **entertainment** could be relevant for gossip/celebrity or perfume (lifestyle/product) content, but since there is no direct entertainment API listed, using search and recommendations might cover this.  
   - **recommendations**: To create or enhance context-based suggestions and category-specific content discovery.  

3. **Match APIs from Relevant Categories**:  
   - **Search APIs**:  
     - `bing`: Bing API enables flexible web search returning relevant web pages and multimedia content.  
     - `google-custom-search`: Allows adding web search with images and site search capabilities.  
     - `yahoo-local-search`: Provides local business info and reviews but could offer relevant local or product-based results.  
     - `primal`: Uses interest graphs to filter and rank content, helpful for context-based, personalized search.  
     - `giphy`: Specifically for searching GIFs (may not fully cover broad image types but can enhance playful search).  
     - `tagoo`: Audio and video search, could contribute to media searches.  
     - `yahoo-search-marketing`: Primarily marketing oriented, less relevant here.  
   
   - **Photos APIs**:  
     - `flickr`: Large photo sharing network, good for varied image content.  
     - `pixabay-free-images`: Access to high quality free domain images.  
     - `imgur`: Popular image sharing platform, great for image content.  
     - `instagram-graph`: Photo sharing platform API, good for social images.  
   
   - **Music APIs**:  
     - `musixmatch`: Lyrics and music metadata, directly relevant for the Lyrics category.  
     - `lastfm`: Music metadata and user playlist data.  
     - `rhapsody`: Music search and playback data.  
     - `jamendo`: Music and album data.  
     - `spotify-web`: Music catalog access.  
   
   - **Recommendations APIs**:  
     - `yelp-fusion`: Business reviews and recommendations, possibly useful for product or lifestyle content like perfume.  
     - `trakt.tv`: TV/movie recommendations (less relevant here).  
     - `rotten-tomatoes`: Movie/movie data, possibly less relevant.  
     - `trakttv`: Same as trakt.tv.  
     - `idiomag`: Music recommendation engine, complements music content.  
   
4. **Select the Most Suitable APIs**:  
   - **bing**: Robust general web search with multimedia support that matches Izik's diverse and rich search results.  
   - **google-custom-search**: Strong web and image search capabilities that can be customized to different content sources and categories.  
   - **musixmatch**: Key for music lyrics category, providing authoritative lyrics and artist metadata.  
   - **flickr** / **imgur**: Both offer access to large pools of images to ensure image-rich results, fulfilling the visual aspect of Izik. Flickr has broad photo and metadata access; Imgur offers popular image hosting.  
   - **primal**: For interest graph generation and content filtering that can help categorize search into relevant contexts such as gossip, perfumes, lyrics, etc.  
   - **yelp-fusion**: For lifestyle/product recommendations or reviews relevant to categories like Perfume.

**Conclusion**:  
- Recommend categories from 2.: ['search', 'photos', 'music', 'recommendations']  
- Recommend All matched APIs in 3.: ['bing', 'google-custom-search', 'flickr', 'imgur', 'musixmatch', 'primal', 'yelp-fusion']  
- Final recommended APIs: ['bing', 'google-custom-search', 'musixmatch', 'flickr', 'primal']  

**Rationale**: The final selection balances comprehensive search capability (bing, google-custom-search), essential music lyrics support (musixmatch), rich image content access (flickr), and intelligent content categorization (primal) to meet Izik's unique, image-rich, category-driven search experience in a playful mobile environment. Yelp Fusion was considered but excluded from final due to more specific local business focus; it can be optionally included if product reviews are part of the experience expansion.
./output/gpt/few_cot_infer/responses.json
データが保存されました: ./output/gpt/few_cot_infer/responses.json (キー: izik-1)
------------------------------
評価中のサービス: mesh
Iteration 1, Total call: 15
**Reasoning**:

1. **Identify Core Features**:
   - The mashup "Mesh network" syncs with multiple news sources and platforms.
   - It provides access to a vast amount of news content, focused on socio-economic issues.
   - Requires aggregation, searching, and retrieval of news articles from various sources.
   - Possibly the need for filtering or categorizing news on socio-economic topics.
   - The service likely needs updated, real-time or near-real-time news data access.

2. **Identify Relevant API Categories**:
   - news-services: For access to news content, articles, metadata and news aggregation.
   - search: For searching news content and extracting relevant information from varied sources.
   - social (optional): If integration with social platforms is used to source or analyze social signals related to socio-economic topics.
   - analytics (optional): If analyzing patterns in news or user engagement is required.
   
   For core functionalities, **news-services** and **search** categories are most relevant.

3. **Match APIs from Relevant Categories**:
   - **News Services APIs:**
     - webhoseio: provides on-demand access to structured web data including news, blogs, and online discussions. It allows scalable web data extraction, which fits well with multi-source news aggregation.
     - guardian: The Guardian API offers access to a broad news database with many articles and metadata, relevant for socio-economic content.
     - new-york-times-article-search: Provides access to New York Times articles by keyword, which is a good source of socio-economic news.
     - new-york-times-newswire: Offers up-to-the-minute stream of NY Times articles, useful for real-time news.
     - reuters-spotlight: Reuters content includes news, video, pictures, and multimedia articles, useful for a wide coverage.
     - trendrr: For identifying trends across social graphs and networks; may help in capturing socio-economic issue trends.
     - reddit: News content extracted from Reddit could also be valuable, especially socio-economic discussions.
     - npr-one-station-finder: Provides access to NPR member station content, including socio-economic topics.
 
   - **Search APIs:**
     - yahoo-local-search: Access to Yahoo! Local content, includes user reviews, info relevant for local socio-economic issues.
     - bing / microsoft-bing: Bing Search API can be used to search web for relevant articles.
     - google-custom-search: Custom Google Search engine API can be used for querying news content focused on selected topics.
     - earth911-search: While focused on recycling, is an example of a specialized search useful as a model.
     - vast: Crawls and structures web data company-wide, can be used for content discovery including news.
     - semrush: SEO and marketing data, but could be useful for understanding topical search volumes.
   
   Considering the focus is on news aggregation and socio-economic topics, primary APIs from **news-services** and **search** are most relevant.

4. **Select and Recommend Best-suited APIs**:
   - webhoseio: It specializes in news and web data extraction from multiple sources, perfectly fitting the requirement of multi-source news sync.
   - guardian: A respected news source with an API providing a wide range of news content.
   - new-york-times-article-search or new-york-times-newswire: For authoritative and rich socio-economic news content, with broad coverage.
   - reuters-spotlight: Offers access to Reuters news and multimedia content, broad coverage.
   - microsoft-bing: Search API can help support comprehensive news search and relevance, including trending news.
   - google-custom-search: Useful for customizable news searches filtered by topics or sources.

**Conclusion**:
- Recommend categories from 2.: ['news-services', 'search']
- Recommend All matched APIs in 3.: ['webhoseio', 'guardian', 'new-york-times-article-search', 'new-york-times-newswire', 'reuters-spotlight', 'microsoft-bing', 'google-custom-search']
- Final recommended APIs: ['webhoseio', 'guardian', 'new-york-times-article-search', 'reuters-spotlight', 'microsoft-bing']
./output/gpt/few_cot_infer/responses.json
データが保存されました: ./output/gpt/few_cot_infer/responses.json (キー: mesh-1)
------------------------------
評価中のサービス: flickr-slideshow-0
Iteration 1, Total call: 16
**Reasoning**:

1. **Identify Core Features**:
   - The mashup requires displaying a slideshow of photos.
   - Photos can be either your own or based on matching tags.
   - Customization of display options is important.
   - Uses Flickr API for photo access.
   - Uses Widgetbox API likely for embedding or widget functionality.

2. **Identify Relevant API Categories**:
   - photos: Because the main data and content come from photos and photo services like Flickr.
   - widgets: Widgetbox API is used for creating and embedding customizable widgets, fitting the slideshow embedding and customization requirement.

3. **Match APIs from Relevant Categories**:
   - photos:
       - flickr: Provides access to Flickr photo service, supports retrieving photos by user or tags, uploading, editing, and includes various display feeds.
   - widgets:
       - widgetbox: Provides access to tools for creating and embedding widgets, including customizable slideshow widgets.

4. **Select the Most Suitable APIs**:
   - flickr: The definitive photo source for the service, with extensive support for searching photos by tag and user, perfect for photo slideshow creation.
   - widgetbox: As the widget platform, it supports embedding and customization of the slideshow, enabling flexible display options in mashups.

**Conclusion**:
- Recommend categories from 2.: ['photos', 'widgets']
- Recommend All matched APIs in 3.: ['flickr', 'widgetbox']
- Final recommended APIs: ['flickr', 'widgetbox']
./output/gpt/few_cot_infer/responses.json
データが保存されました: ./output/gpt/few_cot_infer/responses.json (キー: flickr-slideshow-0-1)
------------------------------
評価中のサービス: youtube-earth-album
Iteration 1, Total call: 17
**Reasoning**:

1. **Identify Core Features**:  
   Earth Album wants to merge Google Maps and YouTube functionalities to allow users to "tour the videospace of the world" via YouTube tags. This means:
   - It must display maps to show geographical context, locations, or the places associated with the videos.
   - It needs to search and retrieve YouTube videos/videos by tags and possibly filter or localize them by location.
   - Integration between the video content and map locations is essential.

2. **Identify Relevant API Categories**:  
   Based on the core features, relevant categories are:
   - **mapping**: To embed and manipulate maps, show geographic locations, and support location-based queries.
   - **video**: To interact with YouTube for fetching videos by tags and managing video content.

3. **Match APIs from Available Categories**:  
   - From **mapping** category:  
     - google-maps-places: Service to get place information and support place search and autocomplete queries that can relate video tags to geographic locations.  
     - bing-maps, bing-maps-search, bing-maps-locations, bing-maps-routes, etc. are also available but specifically "google" mapping APIs fit the "google maps" requirement best.  
     - google-maps-geocoding or google-geocoding for converting addresses or place names to latitude/longitude coordinates might be relevant.  
     - google-maps (deprecated) but replaced by multiple more specific APIs.  
     - google-maps-elevation, google-maps-distance-matrix are less relevant here because the core feature is map display and place information, not elevations or travel times.  
     - google-maps-places is a primary candidate.  
   - From **video** category:  
     - youtube: The YouTube Data API provides search for videos by tag, video details, and retrieval of video feeds. Matches perfectly with the requirement of using YouTube tags to tour videos.  
     - vimeo and brightcove are video APIs but do not match the specific YouTube integration described.  

4. **Select and Recommend the Best-Suited APIs**:  
   - The best mapping API to support Google Maps functionality for places and geographic context is **google-maps-places**.  
   - The YouTube API named **youtube** is the ideal choice for querying videos by tags, fetching video data, and embedding video playback.  

**Conclusion**:  
- Recommend categories from 2.: ['mapping', 'video']  
- Recommend All matched APIs in 3.: ['google-maps-places', 'youtube']  
- Final recommended APIs: ['google-maps-places', 'youtube']
./output/gpt/few_cot_infer/responses.json
データが保存されました: ./output/gpt/few_cot_infer/responses.json (キー: youtube-earth-album-1)
------------------------------
評価中のサービス: spokenbuzz-map
Iteration 1, Total call: 18
**Reasoning**:

1. **Identify Core Features**:  
   - Voice communication: The service enables users to record their voice messages and reply with voice. This indicates telephony/voice-related APIs allowing making calls, recording, and voice messaging.  
   - Map integration: Users’ voice messages are mapped, implying the need for location/mapping capabilities.  
   - Social interaction: Users can reply and have conversations, implying social or chat capabilities, but the voice call and messaging aspects are more relevant here.  
   - Call initiation on click and recording of thoughts: This requires triggering a phone call or VOIP call that connects the user for voice messaging, indicating telephony APIs.

2. **Identify Relevant API Categories**:  
   - telephony: For voice call initiation, recording voice messages, handling voice replies, and other voice communication features.  
   - mapping: To place voice messages as pins or markers on a map for location-based interaction.  
   - social: For enabling social or conversational features, managing replies, and user interactions. (optional; main focus is telephony and mapping)

3. **Match APIs from Relevant Categories**:  
   - **telephony**:  
     - spokenbuzz: Described as a voice portal that offers voicemail, call forwarding, call screening, outbound calling, and a free API that allows making a request to initiate a phone call and record short voice messages, returning a playback URL. Perfect match.  
     - twilio: Cloud API for voice and SMS, scalable voice communications in the cloud. Could handle voice messaging and calls.  
     - plum-fuse: Cloud-based programmable voice application platform, IVR, outbound calling, call routing. Also relevant.  
     - kookoo: Telephony interface for voice and SMS, voice apps, IVR and outbound campaigns.  
     - myvox: Voice-enable any app by making and receiving calls. Useful for voice integration.  
     - telapi: Platform with voice and SMS, managing calls, recordings, and phone numbers.  
     - hoii0-voice: Powerful voice API, virtual numbers, pay-per-use model.  
   - **mapping**:  
     - bing-maps: Bing Maps REST services support adding map pins, imagery, routes. Useful for mapping voice message locations.  
     - google-maps-geocoding: Geocoding and reverse geocoding for placing locations.  
     - mapquest, google-maps, openlayers: Other mapping APIs for rendering maps and placing markers.  
     - wikilocation: Retrieve Wikipedia articles by location, could complement to enrich map data but not necessary.  
   - **social**:  
     - tagalus, facebook-graph, meetup, twitter-streaming, nationbuilder, etc. These provide social networking or social interaction data, not direct voice. Optional here.

4. **Select the Most Suitable APIs**:  
   - **telephony**: spokenbuzz is the best fit, since it literally enables the described capability: user clicks, system calls the user, user records voice, then message is linked on the map for playback and replies. It directly matches the described requirement.  
   - **mapping**: bing-maps is suitable for mapping voice messages as it provides good REST services with ability to plot locations and return map images or interactive maps. It is a strong, reliable map provider. Google Maps or MapQuest could work as alternatives, but Bing Maps is a good choice here.  
   - **social**: While social features exist, the core requirement emphasizes VOIP calling, recording and map location. Social APIs are less critical unless advanced social features are desired.

**Conclusion**:
- Recommend categories from 2.: ['telephony', 'mapping']  
- Recommend All matched APIs in 3.: ['spokenbuzz', 'twilio', 'plum-fuse', 'kookoo', 'myvox', 'telapi', 'hoiio-voice', 'bing-maps', 'google-maps-geocoding', 'mapquest', 'openlayers']  
- Final recommended APIs: ['spokenbuzz', 'bing-maps']
./output/gpt/few_cot_infer/responses.json
データが保存されました: ./output/gpt/few_cot_infer/responses.json (キー: spokenbuzz-map-1)
------------------------------
評価中のサービス: springbaud-raisers-edge
Iteration 1, Total call: 19
**Reasoning**:

1. **Identify Core Features**:  
   - Integration between The Raiser’s Edge CRM and email marketing via Springbaud.  
   - Ability to upload lists for campaigns and retrieve campaign results from within The Raiser’s Edge.  
   - Email marketing management functionality.  

2. **Identify Relevant API Categories**:  
   - email: For managing email marketing campaigns, lists, and retrieving campaign results.  
   - enterprise or business: Since The Raiser’s Edge is a CRM used by nonprofits and enterprises for fundraising and donor management, integration likely requires enterprise or business APIs if available. However, The Raiser’s Edge specific API is not listed here.  
   - integrations using email marketing solutions or CRM is best served by email category given the provided APIs.  
   
3. **Match APIs from Relevant Categories**:  
   - **email APIs**:  
     - campaign-monitor: This API allows interaction with Campaign Monitor accounts, managing email campaigns, subscribers, and retrieving campaign statistics. Since the requirement involves uploading lists to Campaign Monitor and retrieving results from sent campaigns, this API is directly relevant.  
     - mailjet, mailgun, mandrill, sendgrid, amazon-ses, constantcontact, gmail, yahoo-mail: these are major email service APIs but none mention direct Campaign Monitor integration.  
   
   - **enterprise/business APIs**:  
     - None explicitly mention The Raiser’s Edge or Springbaud integration.  
     - SAP Anywhere, TradeGecko, BatchBook, ServiceM8, Oracle NetSuite appear, but none are related to The Raiser’s Edge or Springbaud.  
   
4. **Select the Most Suitable APIs**:  
   - campaign-monitor API is the best fit for email marketing tasks involving Campaign Monitor integration as per the requirement. It supports list uploads, campaign management, and retrieval of campaign results.  
   - No API specific to The Raiser’s Edge or Springbaud is listed, so direct integration through their proprietary APIs is not possible here; focus is on the email marketing aspect with Campaign Monitor.  

**Conclusion**:  
- Recommend categories from 2.: ['email']  
- Recommend All matched APIs in 3.: ['campaign-monitor', 'mailjet', 'mailgun', 'mandrill', 'sendgrid', 'amazon-ses', 'constantcontact', 'gmail', 'yahoo-mail']  
- Final recommended APIs: ['campaign-monitor']
./output/gpt/few_cot_infer/responses.json
データが保存されました: ./output/gpt/few_cot_infer/responses.json (キー: springbaud-raisers-edge-1)
------------------------------
評価中のサービス: readit.me
Iteration 1, Total call: 20
**Reasoning**:

1. **Identify Core Features**:
   - Book Diary: The core feature is a personal diary for tracking books used, implying data management and possibly some user interaction for sharing.
   - Sharing with Friends: Sharing implies social media integration, specifically with Facebook.
   - Integration with Amazon’s Catalog: The app should be able to access a rich book database for information and cover images, leveraging Amazon’s product data.
   - Hosted on Heroku: Deployment and hosting on Heroku indicates potential use of cloud platform features and APIs for managing the app.

2. **Identify Relevant API Categories**:
   - books: To access book information and metadata.
   - ecommerce: For Amazon product catalog integration.
   - social: For integration with Facebook to enable sharing with friends.
   - cloud: Because the app is hosted on Heroku, which is a cloud platform.
   - office or backend could relate to diary management, but given the APIs available, core focus is on the above categories.

3. **Match APIs from Categories**:
   - **books**:
       - goodreads: Offers book data, reviews, user shelves, and social features for books. (Though not explicitly listed as matched above, Goodreads API is available in the data.)
       - amazon-product-advertising: Provides product information including books from Amazon’s catalog.
       - google-books: Access to book data and collections from Google Books.
   - **ecommerce**:
       - amazon-product-advertising: As above.
   - **social**:
       - facebook-graph: Facebook social graph API to enable sharing with friends, posting updates, and integration with Facebook profiles.
   - **cloud**:
       - heroku: API for managing apps hosted on Heroku, enabling interaction with the deployment platform from the app or management tools.

4. **Select the Most Suitable APIs**:
   - amazon-product-advertising: Crucial to access Amazon’s book catalog for detailed book info, images, and possibly product links.
   - facebook-graph: The main API to enable social sharing features on Facebook, connecting with friends, and social media engagement.
   - heroku: Since the app is hosted on Heroku, integration or management via API could be beneficial.
   - Optionally, google-books or goodreads could be used if wanting to offer alternative book data or social features beyond Amazon, but the requirement explicitly specifies Amazon.
   
**Conclusion**:
- Recommend categories from 2.: ['books', 'ecommerce', 'social', 'cloud']
- Recommend All matched APIs in 3.: ['amazon-product-advertising', 'facebook-graph', 'heroku']
- Final recommended APIs: ['amazon-product-advertising', 'facebook-graph', 'heroku']
./output/gpt/few_cot_infer/responses.json
データが保存されました: ./output/gpt/few_cot_infer/responses.json (キー: readit.me-1)
------------------------------
評価中のサービス: hoiio-wave
Iteration 1, Total call: 21
**Reasoning**:

1. **Identify Core Functionalities**:  
   The Hoiio Wave device is designed to keep drivers safe by measuring brain waves to detect attention levels. It then uses Hoiio APIs to alert the driver through various methods.  
   Core functionalities inferred include:  
   - Real-time monitoring of driver status (attention level derived from brain wave data).  
   - Communication capabilities to send alerts or notifications (likely via telephony methods such as calls or SMS).  
   - Integration with a device (IoT aspect) to collect brain wave data and trigger alerts.

2. **Identify Relevant API Categories**:  
   Given the functionalities:  
   - **telephony**: For sending voice calls, SMS, or notifications as alerts to the driver. The description notes usage of Hoiio APIs to alert, which belong to telephony services.  
   - **messaging**: If alerts include SMS or multimedia messages, messaging APIs would be relevant. Hoiio provides SMS and voice APIs.  
   - **internet-things (IoT)**: The device itself is hardware measuring brain waves, so integration for device management or data acquisition may be relevant. However, no specific IoT API is named for Hoiio.  
   Since the main emphasis is on alerts using Hoiio's telephony APIs, telephony and messaging categories are the primary focus.

3. **Match APIs from Relevant Categories**:  
   - Telephony APIs:  
     - **hoiio-voice**: Provides APIs to make calls, handle voice responses (IVR), virtual numbers, and Text-to-Speech services.  
     - **hoiio-sms**: Enables SMS sending globally at low cost, including marketing campaigns and messaging with video and rich media.  
     - Other telephony APIs include:  
       - **twilio**, **plum-fuse**, **kookoo**, **myvox**, **opencnam**, **telapi**, **voxeo**, **gecko-landmarks**, **landmark** (less relevant as these do not mention brain wave or driver alerts).  
   - Messaging APIs:  
     - **hoiio-sms** (also listed under telephony).  
     - **twilio-sms**, **vonage-nexmo-sms**, **postalmethods** (good but no direct link to Hoiio Wave device).  
     - **pushover-message**, **business-alerts** (for notifications).  

4. **Select the Most Suitable APIs**:  
   Since the device uses Hoiio APIs explicitly, **hoiio-voice** and **hoiio-sms** are the natural selections — they provide cloud telephony services for voice and SMS that fit use-cases for alerting drivers. These APIs can handle voice calls, IVR, outbound calling, SMS, MMS, and notifications, matching the alerting functionality required.  
   Other APIs like Twilio or Vonage could be alternatives but since the requirement states usage of Hoiio APIs, sticking with those is best.

**Conclusion**:  
- Recommend categories from 2.: ['telephony', 'messaging']  
- Recommend All matched APIs in 3.: ['hoiio-voice', 'hoiio-sms', 'twilio', 'plum-fuse', 'kookoo', 'myvox', 'opencnam', 'telapi', 'voxeo', 'twilio-sms', 'vonage-nexmo-sms', 'postalmethods']  
- Final recommended APIs: ['hoiio-voice', 'hoiio-sms']
./output/gpt/few_cot_infer/responses.json
データが保存されました: ./output/gpt/few_cot_infer/responses.json (キー: hoiio-wave-1)
------------------------------
評価中のサービス: geopix-0
Iteration 1, Total call: 22
**Reasoning**:

1. **Identify Core Features**:
   - Explore the world: The mashup should present geographical or location-related content.
   - Pictures placed directly on the map: Requires mapping capabilities along with photo integration.
   - Filter pictures using tags: Requires functionality to handle and filter photos by metadata such as tags.
   - Save favorites in an itinerary: Implies user interaction and storage of selected photos/locations, possibly involving features like bookmarking or itinerary management.

2. **Identify Relevant API Categories**:
   - **mapping**: Required to display an interactive map with locations of pictures.
   - **photos**: Needed to manage, search, and retrieve pictures and potentially filter by tags.
   - **bookmarks**: To handle the saving of favorites or itinerary items.
   - **social** (optional): If photos are from social platforms or tagging is boosted by social metadata, but less critical here unless clarifying source of pictures.

3. **Match APIs from Relevant Categories**:

   - **mapping APIs**:
     - **bing-maps**: Supports map creation, routing, imagery, and controls; widely used and feature rich.
     - **google-maps-places**: Provides place info and photos related to locations.
     - **mapbox**: Offers interactive, customizable maps and hosting.
     - **scribble-maps**: Enables map drawing and sharing with access to user map lists.
     - **openlayers**: Open-source option for dynamic maps with mobile support.
     - **google-geocoding**: For converting locations into geocodes; useful but secondary.
     - **bing-maps-search**: For location search queries on maps, can be helpful.
     - **ip2location** or **smart-ip-geo-ip**: For IP-based geolocation (less relevant here).
     - **wikilocation**: For searching Wikipedia articles by location, may provide images tied to geo-coordinates.
   
   - **photos APIs**:
     - **flickr**: Large repository of photos, supports searching by tags, geotags, and retrieving photos.
     - **instagram-graph**: Access to user photos but requires user-specific authentication; typically user-based social photos.
     - **imgur**: Photo sharing with API to upload and retrieve photos, support for tags.
     - **pixabay-free-images**: Large collection of free photos searchable by tags.
     - **photobucket**: Photo hosting and sharing API.
     - **snipshot**: Online image editing, less relevant for browsing and saving photos.
     - **500px**: Photo sharing community, although currently not publicly available.
     - **google-street-view-image**: Might add panorama images but less for filtering by tags.
  
   - **bookmarks APIs**:
     - **zotero**: More research-oriented bookmark and citation management.
     - **pocket**: Save articles, videos and other content for later; can be used to save favorites.
     - **readability**: Bookmark and read later service.
     - **instapaper**: Similar to Pocket, supports saving pages or content.
   
4. **Select the Most Suitable APIs**:
   - For **mapping**, the best choices are those providing robust mapping with support for markers and imagery:
     - **bing-maps**: Full-featured mapping API, includes imagery, routes and controls.
     - **mapbox**: Flexible, open source, supports interactive maps and custom overlays.
     - **flickr** is a large, well-established photo repository that supports geotagged photos and search by tags which aligns perfectly with the requirement to filter pictures on the map with tags.
   - For saving favorites or itinerary functionality, **pocket** or **instapaper** provide user-friendly bookmark management APIs, but focusing on photos and itinerary may suggest the need for a simple favorites system, so **pocket** is recommended.
   - **wikilocation** can enhance the experience by providing location-specific Wikipedia content with images on the map.
   
**Conclusion**:
- Recommend categories from 2.: ['mapping', 'photos', 'bookmarks']
- Recommend All matched APIs in 3.: ['bing-maps', 'mapbox', 'flickr', 'pocket', 'wikilocation']
- Final recommended APIs: ['bing-maps', 'flickr', 'pocket']
./output/gpt/few_cot_infer/responses.json
データが保存されました: ./output/gpt/few_cot_infer/responses.json (キー: geopix-0-1)
------------------------------
評価中のサービス: yaptap
Iteration 1, Total call: 23
**Reasoning**:

1. **Identify Core Features**  
   - Multi-channel communication: Yaptap supports communication via text, email, phone, and social media, so the mashup must integrate messaging, email, telephony, and social APIs.  
   - Group and event management: Group leaders can organize groups and events through web or mobile apps, necessitating event management and possibly backend support.  
   - User engagement and collaboration: Enabling various user communication preferences means incorporating flexible communication APIs.

2. **Identify Relevant API Categories**  
   - messaging: To handle text-based communication such as SMS.  
   - email: For email-based communication with group members.  
   - telephony: For phone call capabilities integrated into the platform.  
   - social: To integrate social media for communication and engagement.  
   - events: For managing event creation, retrieval, and attendance.  
   - backend: Potentially to support web and mobile application backend features (optional).

3. **Match APIs from Relevant Categories**:

   - **messaging APIs**:  
     - clockwork-sms: SMS gateway allowing sending messages through an application via RESTful and SOAP protocols.  
     - twilio-sms: SMS API allowing sending/receiving SMS messages with tracking and history management.  
     - vonage-nexmo-sms: SMS sending and receiving via Nexmo services, supporting international messages.  
     - postalmethods: Postal gateway service for sending letters and postcards (may be useful but less core).  
     - pushover-message: Real-time push notifications to devices.  
     - amazon-sns: Messaging service supporting notifications and messages over multiple protocols.  
     - business-alerts: Desktop and mobile alert API, useful for instant group notifications.  
     - slack-real-time-messaging and slack-incoming-webhooks: Useful only if Slack integration is desired for chat groups.

   - **email APIs**:  
     - mailjet: Cloud hosted email platform for sending newsletters and transactional emails with analytics.  
     - mailgun: Email services with tracking, sending, and receiving mails, plus analytics.  
     - campaign-monitor: Email marketing with management of subscribers and campaigns.  
     - sendgrid: Cloud-based email service with tracking and analytics.  
     - gmail: Google Gmail API for email CRUD and sending capabilities.  
     - yahoo-mail: Yahoo Mail API for full-featured mail integration.  
     - amazon-ses: Amazon Simple Email Service for sending and receiving emails.

   - **telephony APIs**:  
     - twilio: Full telephony and SMS cloud API enabling voice calls and messaging.  
     - telapi: Platform for telephony applications including voice and SMS.  
     - plum-fuse: Cloud voice app platform with IVR and call automation.  
     - kooKoo: Voice and SMS telephony API for building telephony apps and IVRs.  
     - hoiio-voice: Voice and SMS global telephony service with cloud infrastructure.  
     - myvox: Voice-enabling applications for phone calls.  
     - spokenbuzz: Voice portal API with voicemail and call forwarding.

   - **social APIs**:  
     - facebook (Facebook Graph): social graph API to access connections, posts, and communications.  
     - twitter-streaming: Access to Twitter data streams, user timelines, and tweets.  
     - foursquare: Location-based social data including venues and check-ins.  
     - plancast: Event sharing and social planning API.  
     - nationbuilder: Platform for online communities including people and campaign data.  
     - linkedin: Professional social network data and interaction platform.  
     - meetup: Social group and events platform with APIs for groups, events, RSVPs.  
     - tumblr: Social blogging platform with user info and posts.  
     - vk: Russian-based social networking site API.  
     - google-plus: Read-only social network data.

   - **events APIs**:  
     - eventbrite: Create, update, get events, attendees, transactions, and venues.  
     - eventful: Large event database API with search and venue info.  
     - active: Sports and events data API for a variety of activities and tournaments.

4. **Select the Most Suitable APIs**:  
   - **Messaging**:  
     - twilio-sms: Highly reliable, widely used for SMS communication; part of the Twilio ecosystem which also supports voice calls.  
     - vonage-nexmo-sms: Excellent alternative with global coverage and strong SMS features.  
   - **Email**:  
     - mailjet, mailgun, sendgrid: All are strong email delivery and management services. Among them, **mailgun** and **sendgrid** are widely used for robust transactional emails; **mailjet** also includes email marketing features. Select one or two depending on marketing or transactional priority.  
   - **Telephony**:  
     - twilio: Very suitable for combining telephony (calls) and SMS in one platform, simplifies integration with messaging.  
     - plum-fuse or telapi are alternatives but Twilio is more widely adopted and documented.  
   - **Social**:  
     - facebook-graph: Essential for social network communications and group integrations.  
     - meetup: Especially relevant for group and event-centered social activities.  
     - twitter-streaming or foursquare could be used optionally for enhanced social features if relevant.  
   - **Events**:  
     - eventbrite: Popular event management API with rich features usable to manage groups’ events.  
     - eventful: Another broad event data API for public event information.  

**Conclusion**:

- Recommend categories from 2.:  
  ['messaging', 'email', 'telephony', 'social', 'events']

- Recommend All matched APIs in 3.:  
  ['clockwork-sms', 'twilio-sms', 'vonage-nexmo-sms', 'postalmethods', 'pushover-message', 'amazon-sns', 'business-alerts',  
   'mailjet', 'mailgun', 'campaign-monitor', 'sendgrid', 'gmail', 'yahoo-mail', 'amazon-ses',  
   'twilio', 'telapi', 'plum-fuse', 'kookoo', 'hoiio-voice', 'myvox', 'spokenbuzz',  
   'facebook-graph', 'twitter-streaming', 'foursquare', 'plancast', 'nationbuilder', 'linkedin', 'meetup', 'tumblr', 'vk', 'google-plus',  
   'eventbrite', 'eventful', 'active']

- Final recommended APIs:  
  ['twilio', 'twilio-sms', 'mailgun', 'sendgrid', 'facebook-graph', 'meetup', 'eventbrite']

These APIs collectively provide robust support for text, email, phone call communication, social group functionalities, and event management—covering the key features and communication channels needed by Yaptap. Twilio’s suite enables unified telephony and SMS integration; Mailgun and SendGrid deliver scalable email support; Facebook and Meetup APIs support social community and group engagement; Eventbrite provides rich event management capabilities.
./output/gpt/few_cot_infer/responses.json
データが保存されました: ./output/gpt/few_cot_infer/responses.json (キー: yaptap-1)
------------------------------
評価中のサービス: mapanno
Iteration 1, Total call: 24
**Reasoning**:

1. **Identify Core Features**:  
   - The mashup service allows users to combine images from two photo services (Flickr and 23).  
   - It creates an interactive web page to display these images.  
   - The background can be a map, specifically Google Maps or Second Life Maps. This means spatial/geographical interaction or overlays are involved.  

2. **Identify Relevant API Categories**:  
   - **photos**: To access and manipulate photo content from Flickr and 23 photo services.  
   - **mapping**: To provide background maps (Google Maps or Second Life Maps) for interactive display.

3. **Match APIs from Relevant Categories**:  

   - **photos APIs**:  
     - *flickr*: Allows access to retrieve photos and related metadata from Flickr, including user photos, groups, favorites, etc.  
     - *23*: Provides access to the 23 photo service and also supports Flickr API, easing integration with both photo sources.

   - **mapping APIs**:  
     - *google-maps*: Although noted deprecated, it historically provides Google Maps integration (embedding and interactive features).  
     - *secondlife*: This API provides access to Second Life's 3D virtual world maps. It supports embedding Second Life maps into web pages for interaction, fitting the requirements for backgrounds.

4. **Select the Most Suitable APIs**:  
   - For photos, both *flickr* and *23* are directly mentioned services that users want to mashup images from. They fully cover the photo source requirements.  
   - For map backgrounds, *google-maps* offers rich, widely used interactive maps, and *secondlife* enables the use of Second Life maps as backgrounds. Both are complementary and exactly match the background needs.

**Conclusion**:  
- Recommend categories from 2.: ['photos', 'mapping']  
- Recommend All matched APIs in 3.: ['flickr', '23', 'google-maps', 'secondlife']  
- Final recommended APIs: ['flickr', '23', 'google-maps', 'secondlife']
./output/gpt/few_cot_infer/responses.json
データが保存されました: ./output/gpt/few_cot_infer/responses.json (キー: mapanno-1)
------------------------------
評価中のサービス: upczilla
Iteration 1, Total call: 25
**Reasoning**:

1. **Identify Core Features**:  
   UPCZilla is a search engine specifically for UPCs (Universal Product Codes). Its core functionalities are:  
   - Searching UPCs to retrieve product data.  
   - Performing price comparison by aggregating results from multiple ecommerce platforms.  
   - Displaying product information like price and availability in a sorted list (lowest price first).  
   - Integration with Wordpress as a plugin for easy deployment.  
   - Utilizing caching to optimize performance while respecting API caching restrictions.

2. **Identify Relevant API Categories**:  
   From the core features, relevant API categories include:  
   - **ecommerce**: for accessing product catalogs, prices, and availability.  
   - **search**: to support the UPC search functionality itself or product information queries.  
   - **reference** might be indirectly relevant for UPC product metadata, but primary focus should be ecommerce and search.

3. **Match APIs from Relevant Categories**:  
   The mashup code references use of web services of Amazon, eBay, and Commission Junction. Looking at available APIs:

   - **ecommerce**:  
     - **amazon-product-advertising**: Provides product data from Amazon's catalog, including prices and product details for UPCs.  
     - **ebay-shopping**: Enables retrieving information about eBay listings, suitable for integrating eBay product data.  
     - **commission-junction**: Offers real-time commission and item-detail data, which can include product price and availability from various merchants.  
     - Additional ecommerce APIs available but the mashup explicitly references these three.

   - **search**:  
     - **bing** (search) or others are general web searches but might not offer precise UPC/product data. The product-specific ecommerce APIs are more fitting for retrieving product information.  
     - **shoppingcom** or **shopzilla** might offer product search but are not directly referenced and may overlap with Commission Junction or Amazon APIs.

   - **reference**:  
     - APIs like **amazonca** or **amadeus** are not directly relevant. UPC data is best handled by ecommerce-product APIs.

4. **Select the Most Suitable APIs**:  
   The best matches for UPCZilla considering the description:  
   - **amazon-product-advertising**: Because Amazon is explicitly cited as a data source and offers product info tied to UPCs.  
   - **ebay-shopping**: eBay is explicitly cited and this API provides eBay item data.  
   - **commission-junction**: Also explicitly cited for affiliate and product-related data.

   These three APIs collectively provide the core product info, pricing, and merchant data for UPC lookup and price comparison.

**Conclusion**:

- Recommend categories from 2.: ['ecommerce']  
- Recommend All matched APIs in 3.: ['amazon-product-advertising', 'ebay-shopping', 'commission-junction']  
- Final recommended APIs: ['amazon-product-advertising', 'ebay-shopping', 'commission-junction']
./output/gpt/few_cot_infer/responses.json
データが保存されました: ./output/gpt/few_cot_infer/responses.json (キー: upczilla-1)
------------------------------
評価中のサービス: tourcms-facebook-tabs
Iteration 1, Total call: 26
**Reasoning**:

1. **Identify Core Features**:  
   - Integration with Facebook pages as a tab: requires social platform API to add/manage tabs on Facebook pages.  
   - Ability for Tour and Activity Operators to add product details: requires access to the TourCMS product data.  
   - Display and manage tour/activity products inside Facebook tab: requires pulling product and booking data from TourCMS API and embedding into Facebook.  

2. **Identify Relevant API Categories**:  
   - social: To work with Facebook platform, its pages and tabs.  
   - travel: For accessing tour and activity booking/product data, i.e., TourCMS API.  

3. **Match APIs from Relevant Categories**:  

   - From **social**:  
     - facebook: This API platform allows building Facebook apps, managing pages, tabs, and permissions. It enables integration inside Facebook pages for adding custom tabs (Pages Tab Apps). This is essential to embed the product tab on a Facebook page.  

   - From **travel**:  
     - tourcms-marketplace: This API provides direct access to product data for tour and activity operators, enabling retrieval of product details, availability, booking capabilities. It is specifically designed for TourCMS which is the target provider in requirements.  

4. **Select the Most Suitable APIs**:  
   - facebook API is essential to integrate app as a tab on Facebook pages, handle authentication, permission management, and UI embedding inside Facebook.  
   - tourcms-marketplace API is necessary to access and manage tour operator product details to display in the Facebook tab app.  

**Conclusion**:  
- Recommend categories from 2.: ['social', 'travel']  
- Recommend All matched APIs in 3.: ['facebook', 'tourcms-marketplace']  
- Final recommended APIs: ['facebook', 'tourcms-marketplace']
./output/gpt/few_cot_infer/responses.json
データが保存されました: ./output/gpt/few_cot_infer/responses.json (キー: tourcms-facebook-tabs-1)
------------------------------
評価中のサービス: visit-mauritius
Iteration 1, Total call: 27
**Reasoning**:

1. **Identify Core Features**:  
   - The key functionality is to provide aerial views, photos, and videos of tourist locations (hotels, beaches, attractions) in Mauritius.  
   - It requires mapping services for aerial views and geographical context.  
   - Photo sharing or image hosting services are needed to provide high-quality photos.  
   - Video content management APIs are needed to access or embed videos of the locations.

2. **Identify Relevant API Categories**:  
   - **mapping**: to provide aerial views, maps, and possibly geolocation of attractions.  
   - **photos**: to supply photos of the various sites.  
   - **video**: to allow access to or embedding of videos related to the places.

3. **Match APIs from Relevant Categories**:  
   - **mapping APIs**:  
       - `bing-maps`, `bing-maps-search`, `bing-maps-geocode-dataflow`, `google-maps-places`, `google-geocoding`, `mapquest`, `google-maps`, `mapbox`, `openlayers`, `metacarta`, `google-maps-elevation`, `bing-maps-routes`, `yahoo-geoplanet` etc.  
   - **photos APIs**:  
       - `flickr`, `imgur`, `pixabay-free-images`, `instagram-graph`, `photobucket`, `500px` (deprecated but noted), `google-picasa` (deprecated but noted), `snipshot`, `twitpic`  
   - **video APIs**:  
       - `youtube`, `vimeo`, `dailymotion`, `brightcove`, `embedly`, `stupeflix`, `roku-web-service`

4. **Select Most Suitable APIs**:  
   - For **mapping**, `bing-maps` is a strong choice due to its detailed aerial imagery and search capabilities, which fits the requirement for aerial views of Mauritius sites.  
   - For **photos**, `flickr` is a large popular photo sharing platform widely used and having location-based photos; it's well-suited to supply photos of tourist spots.  
   - For **video**, `youtube` is the largest video platform with extensive video content on travel destinations and supports embedding and searching, making it ideal for video content.  
   - Optionally, `google-maps-places` from google could also be recommended for detailed place information and images, but since Google Maps API is deprecated in favor of multiple APIs, and Bing Maps is explicitly mentioned with aerial view features, Bing Maps is selected.

**Conclusion**:  
- Recommend categories from 2.: ['mapping', 'photos', 'video']  
- Recommend All matched APIs in 3.: ['bing-maps', 'flickr', 'imgur', 'pixabay-free-images', 'instagram-graph', 'photobucket', 'youtube', 'vimeo', 'dailymotion', 'brightcove', 'embedly', 'stupeflix']  
- Final recommended APIs: ['bing-maps', 'flickr', 'youtube']
./output/gpt/few_cot_infer/responses.json
データが保存されました: ./output/gpt/few_cot_infer/responses.json (キー: visit-mauritius-1)
------------------------------
評価中のサービス: ridedog
Iteration 1, Total call: 28
**Reasoning**:

1. **Identify Core Features**:
   - The service RideDog helps cyclists discover and map routes specifically for road rides, mountain bike trails, and cyclocross rides.
   - Core functionalities include route discovery, mapping, and providing geolocation details.
   - Supporting discovery of new routes within local communities or while traveling, which implies needing access to location data, mapping, and possibly route information.
   - Might also involve route search/filtering by type of ride or terrain.

2. **Identify Relevant API Categories**:
   - **mapping**: Essential for mapping roads, trails, and routes.
   - **travel** (optional): Since users might want to discover routes while traveling, travel-related APIs providing location and transport context could be relevant.
   - **geography**: Geographic contextual data and details about locations.
   - **location**: Possibly for geolocation and positional services.
   
   Since the main function is about routes and mapping for cycling, primary categories are **mapping** and **geography**; travel/location are less direct but could be considered secondary.

3. **Match APIs from Relevant Categories**:
   - From **mapping** category:
     - **bing-maps**: Provides REST services for maps, driving directions, routing, and imagery. It supports driving routes, which can be adapted for cycling routes or overlaid with trail data.
     - **mapquest**: Includes routing, directions, search, and geocoding, supports walking and biking directions.
     - **google-maps-places**: Offers place information based on location, useful for identifying points of interest along routes.
     - **google-maps-geolocation**: Returns location based on cell towers and WiFi, less relevant here.
     - **google-geocoding**: Converts addresses to coordinates and vice versa, helpful for input/output.
     - **openlayers**: JavaScript API for dynamic maps, useful for integrating map display in web apps.
     - **mapbox**: An open-source mapping tool suite, supports creating custom interactive maps - very suitable for cycling mapping apps.
     - **scribble-maps**: Allows users to draw, save and share maps, potentially good for community input of routes.
     - **bing-maps-routes**: Specifically provides routing including driving and walking, with traffic info.
     - **bing-maps-search**: Search functionality for mapping queries.

   - From **geography** category:
     - **geograph**: Provides geographically representative images and data, which may enhance route discovery with visuals.
     - Possibly **geonames** or others if available, but not listed here explicitly.

   - From **travel** category:
     - No direct travel APIs focused on route discovery for cycling are listed, so skip.

   - From **location** category:
     - No significant APIs specifically detailed here under location except ipinfoio-ip-geolocation or similar, which provide geolocation by IP; might be less relevant.

4. **Select the Most Suitable APIs**:
   - **Mapbox**: Highly flexible, popular for custom and interactive mapping, supports embedding maps on Android and iOS, great for displaying and customizing bike routes.
   - **MapQuest**: Provides routing, geocoding and various mapping services including walking/biking routes, making it very relevant.
   - **Bing Maps Routes**: Provides routing APIs that can be applied to cycling routes.
   - **Google Maps Places**: For adding point of interest data on or near cycling routes.
   - **Scribble Maps**: For route drawing and sharing features, supporting community contributions.
   - **OpenLayers**: Good as a free/open-source mapping display solution supporting multiple map sources.
   - **Bing Maps**: The broader mapping and imagery services to integrate maps with routing.
   - **Google Geocoding**: To convert addresses or place names to coordinates for practical usage.

These APIs collectively cover:
   - route creation and display,
   - map visualization,
   - place information,
   - community interaction (drawing/sharing maps).

**Conclusion**:

- Recommend categories from 2.: ['mapping', 'geography']
- Recommend All matched APIs in 3.: ['bing-maps', 'bing-maps-routes', 'bing-maps-search', 'mapquest', 'google-maps-places', 'google-geocoding', 'openlayers', 'mapbox', 'scribble-maps', 'geograph']
- Final recommended APIs: ['mapbox', 'mapquest', 'bing-maps-routes', 'google-maps-places', 'scribble-maps']
./output/gpt/few_cot_infer/responses.json
データが保存されました: ./output/gpt/few_cot_infer/responses.json (キー: ridedog-1)
------------------------------
評価中のサービス: pushr
Iteration 1, Total call: 29
**Reasoning**:

1. **Identify Core Features**:  
   - The service Pushr is focused on **SMS communication** between small businesses and their customers.  
   - Key functionalities include scheduling groups of SMS messages, organizing contacts, and maintaining SMS logs (communication history).

2. **Identify Relevant API Categories**:  
   - **messaging**: To send, receive, schedule, and log SMS messages.  
   - **contacts/personal-information-management** (optional): To organize and maintain contact lists, though the requirement primarily centers around messaging.

3. **Match APIs from Relevant Categories**:  
   - From **messaging** category:  
     - **twilio-sms**: Provides sending and receiving SMS capabilities, message tracking, and message history — a perfect fit for scheduling and logging SMS communication.  
     - **clockwork-sms**: SMS gateway API that supports bulk SMS sending, suitable for scheduled group messages.  
     - **vonage-nexmo-sms**: SMS sending and receiving, useful for managing SMS communication at scale.  
     - **sms**: Provides bulk SMS communication, supports SMPP protocol, and global carrier support, good for SMS delivery.  
     - **heiio-sms**: Low cost global SMS sending API, supports messaging integration.  
     - **pushover-message**: Real-time notifications service, less focused on SMS but useful for messaging and notifications.  
     - **postalmethods**: Postal gateway service for sending letters and postcards by mail; less relevant here due to SMS focus.

4. **Select the Most Suitable APIs**:  
   - **twilio-sms** is the most comprehensive and popular cloud communications platform offering SMS messaging, scheduling, logs, and detailed message tracking. It scales well and suits small businesses.  
   - **clockwork-sms** offers a straightforward SMS gateway with bulk message and scheduling capabilities.  
   - **vonage-nexmo-sms** supports global SMS messaging and can be a good alternative or complement.  
   - Other messaging APIs exist, but twilio-sms, clockwork-sms, and vonage-nexmo-sms stand out for SMS-centric features, scalability, and reliability.

**Conclusion**:  
- Recommend categories from 2.: ['messaging']  
- Recommend All matched APIs in 3.: ['twilio-sms', 'clockwork-sms', 'vonage-nexmo-sms', 'sms', 'hoiio-sms', 'pushover-message']  
- Final recommended APIs: ['twilio-sms', 'clockwork-sms', 'vonage-nexmo-sms']
./output/gpt/few_cot_infer/responses.json
データが保存されました: ./output/gpt/few_cot_infer/responses.json (キー: pushr-1)
------------------------------
評価中のサービス: docusign-and-twilio
Iteration 1, Total call: 30
**Reasoning**:

1. **Identify Core Features**:  
   - Access and manage DocuSign envelopes, including querying envelope information and performing actions such as voiding envelopes.  
   - Integration with telephony to enable executing these actions via phone calls, including voice interaction and possibly SMS commands.  
   - Support for mobile/on-the-go operations, potentially requiring telephony APIs with voice and/or SMS capabilities.

2. **Identify Relevant API Categories**:  
   - electronic-signature: To interact with the DocuSign platform, access envelope data, and perform envelope operations such as voiding.  
   - telephony: To integrate phone call capabilities, enabling users to interact through voice or SMS to control DocuSign actions.  

3. **Match APIs From Relevant Categories**:  
   - electronic-signature:  
       - docusign-enterprise: Provides official DocuSign API access for managing electronic signature transactions, envelopes, and related envelope actions.  
   - telephony:  
       - twilio: Provides cloud API for voice and SMS communications, suitable for building telephony applications that allow users to manage DocuSign envelopes by phone.  
       - plum-fuse: Cloud-based voice application editor suited for automating phone interactions and call management.  
       - kookoo: Telephony API for voice and SMS allowing building IVRs and telephony apps.  
       - telapi: Platform for telephony apps including voice and SMS features.  
       - spokenbuzz: Offers voice portal services with voicemail, call forwarding, and voice messaging functions.  
       - hoiio-voice: Provides APIs for voice call handling and IVR on a cloud infrastructure.  
       - myvox: Voice-enabling applications with possible call integration.

4. **Select The Most Suitable APIs**:  
   - docusign-enterprise: Essential for accessing and managing DocuSign envelopes and performing related actions programmatically.  
   - twilio: Industry-leading, scalable, and comprehensive API for voice and SMS, ideal for building phone call integrations for envelope management on the go.  

Other telephony APIs are viable but Twilio is the most well-known, robust, and widely supported option for telephony integration.  

**Conclusion**:  
- Recommend categories from 2.: ['electronic-signature', 'telephony']  
- Recommend All matched APIs in 3.: ['docusign-enterprise', 'twilio', 'plum-fuse', 'kookoo', 'telapi', 'spokenbuzz', 'hoiio-voice', 'myvox']  
- Final recommended APIs: ['docusign-enterprise', 'twilio']
./output/gpt/few_cot_infer/responses.json
データが保存されました: ./output/gpt/few_cot_infer/responses.json (キー: docusign-and-twilio-1)
------------------------------
評価中のサービス: gool.li
Iteration 1, Total call: 31
**Reasoning**:

1. **Infer core functionalities**:  
   The requirements describe Gool.li as a knowledge service platform rather than a simple search engine. Key features include:  
   - Aggregation of data across multiple categories, providing information and knowledge.  
   - Elastic and real-time architecture indicating scalability and timely data updates.  
   - Enterprise mashup design pattern implying integration of multiple services and data sources.  
   - Card-based categorization and filtering per category for information organization.  
   - Responsive and multi-platform UI design, requiring flexible and diverse data sources.  
   - General search capability that aggregates links by domains, signaling the need for search APIs.  
   - Soft social integration, emphasizing social data without heavy reliance on single nodes, indicating social APIs.  
   - The focus on learning, discovery, and filtering of information from multiple content types.

2. **Identify relevant API categories**:  
   Based on the above, the following API categories closely align with the platform's needs:  
   - **search**: Core to finding and retrieving data from various sources to build the knowledge base.  
   - **reference**: For factual, verified information which supports knowledge aggregation.  
   - **social**: To incorporate social data softly, which enriches content discovery and relevance.  
   - **news-services**: To access current and historical news content, supporting discovery and learning.  
   - **analytics**: To gather insights on usage and improve learning algorithms based on user interaction.  
   - **content**: To manage diverse content types and integrate various data sources efficiently.  
   - **tools**: For auxiliary functions such as filtering, categorization, and UI components supporting cards design and multi-platform responsiveness.

3. **Match APIs from the categories based on descriptions and alignment**:

   - **search**:  
     - `bing`: Flexible powerful search engine API supporting web, image, and news search.  
     - `microsoft-bing`: Advanced Bing API offering structured search and monetization options.  
     - `google-custom-search`: RESTful web search API to add web or site search functionality.  
     - `yahoo-local-search`: Provides local business and content search, useful for domain-specific aggregation.  
     - `primal`: Interest graph based aggregator useful for personalization and filtering content.

   - **reference**:  
     - `wikipedia`: Access extensive encyclopedia data, perfect for knowledge bases.  
     - `esv-bible-lookup`: Example of a reference API for accurate, domain-specific knowledge (Bible).  
     - `geonames`: Geographic database with location and other place data to support mapping references.  
     - `dbpedia`: Structured data extraction from Wikipedia for semantic knowledge integration.

   - **social**:  
     - `facebook-graph`: Access to rich social graph data, user interactions, sharing, and content.  
     - `linkedin`: Professional networking data, useful for enterprise knowledge networks.  
     - `tagalus`: Twitter hashtags meaning definitions, useful for social content categorization.  
     - `awe.sm`: Social data analytics for measuring user behavior and engagement.  
     - `meetup`: Social group, events, and community data.

   - **news-services**:  
     - `guardian`: Access to the Guardian's content and metadata.  
     - `new-york-times-article-search`: Search historic and current articles supporting discovery.  
     - `webhoseio`: On-demand structured web content like news and blogs.  
     - `reuters-spotlight`: Reuters news content multimedia and textual.

   - **analytics**:  
     - `mixpanel`: Tracks user engagement and real-time analytics, improving user experience.  
     - `galileo`: API analytics platform for monitoring API usage and performance.  
     - `kissmetrics`: Customer lifecycle and event metrics supporting user-based learning.  
     - `lookr`: Analytics integration for building reports and dashboards (Looker).

   - **content**:  
     - `box`: Content management and secure collaboration platform API.  
     - `contentful`: Content Management System API useful for structured content aggregation.

   - **tools**:  
     - `bing-translator` & `microsoft-translator`: Machine translation to support multi-language content filtering and display.  
     - `datumbox`: Machine learning and natural language processing for sentiment and topic classification.  
     - `zapier`: Connects and automates workflows between apps, useful for mashup orchestration.  
     - `pusher`: Real-time messaging and notifications to support elastic, real-time UI.  
     - `highcharts`: Visualization tools for displaying data insights in the dashboard.  
     - `json-tools`: Useful to handle JSON data processing and validation for aggregated data.

4. **Select and recommend the best-suited APIs**:  
   For a knowledge-as-a-service platform like Gool.li focusing on aggregation, filtering and enriching results from multiple data sources, the best APIs cover:  
   - High-quality web and domain-based search: `microsoft-bing` and `google-custom-search`.  
   - Authoritative knowledge and reference data: `wikipedia` and `dbpedia`.  
   - Social context and soft social integration: `facebook-graph`, `linkedin`, and `awe.sm`.  
   - News integration for topical and timely content: `new-york-times-article-search` and `guardian`.  
   - Analytics for improving the service adaptively: `mixpanel` and `kissmetrics`.  
   - Content platforms for managing and distributing info cards: `contentful` and `box`.  
   - Tools for translation, real-time interaction, and machine learning: `microsoft-translator`, `bing-translator`, `datumbox`, and `pusher`.

This selection supports Gool.li’s goals of elastic, responsive, multi-platform, category-based knowledge dissemination combined with social and machine intelligence.

---

**Conclusion**:  
- Recommend categories from 2.:  
  ['search', 'reference', 'social', 'news-services', 'analytics', 'content', 'tools']

- Recommend All matched APIs in 3.:  
  ['bing', 'microsoft-bing', 'google-custom-search', 'yahoo-local-search', 'primal',  
   'wikipedia', 'esv-bible-lookup', 'geonames', 'dbpedia',  
   'facebook-graph', 'linkedin', 'tagalus', 'awesm', 'meetup',  
   'guardian', 'new-york-times-article-search', 'webhoseio', 'reuters-spotlight',  
   'mixpanel', 'galileo', 'kissmetrics', 'looker',  
   'box', 'contentful',  
   'bing-translator', 'microsoft-translator', 'datumbox', 'zapier', 'pusher', 'highcharts', 'json-tools']

- Final recommended APIs:  
  ['microsoft-bing', 'google-custom-search', 'wikipedia', 'dbpedia',  
   'facebook-graph', 'linkedin', 'awesm',  
   'new-york-times-article-search', 'guardian',  
   'mixpanel', 'kissmetrics',  
   'contentful', 'box',  
   'microsoft-translator', 'bing-translator', 'datumbox', 'pusher']
./output/gpt/few_cot_infer/responses.json
データが保存されました: ./output/gpt/few_cot_infer/responses.json (キー: gool.li-1)
------------------------------
評価中のサービス: filtrand
Iteration 1, Total call: 32
**Reasoning**:

1. **Identify Core Features**:  
   The requirement is to provide an example that integrates:  
   - Twitter Streaming API, which gives real-time access to Twitter data streams.  
   - Pusher, a cloud-hosted real-time messaging platform used to add realtime bi-directional functionality via WebSockets.  
   - Pusher WebHooks, which allow server applications to receive event notifications about what happens in Pusher channels (e.g., subscription events).  

   Hence, the core functionalities needed are:  
   - Real-time social data streaming (Twitter).  
   - Real-time WebSocket-based messaging service (Pusher).  
   - Webhook event handling for real-time server-to-server notifications (Pusher WebHooks).

2. **Identify Relevant API Categories**:  
   Based on the above features:  
   - **social**: For accessing Twitter Streaming API.  
   - **messaging**: For accessing Pusher's real-time messaging API and webhook capabilities.  
   - Possibly **tools** for utility APIs, but primarily the focus remains on social and messaging.

3. **Match APIs from Relevant Categories**:  
   - **social** category:  
     - `twitter-streaming`: Described as the Twitter Streaming API providing near real-time access to public and protected Twitter data subsets, including filtered streams by keyword, location etc.  
   - **messaging** category:  
     - `pusher`: A simple hosted API to add realtime bi-directional functionality via WebSockets to web and mobile apps. It includes REST API for publishing messages and supports authentication and presence functionality.  
   - There is no explicit API named "Pusher WebHooks," but the Pusher API supports webhook event notifications as part of its platform — the webhook handling would be implemented through Pusher's existing messaging or tools APIs. Since the requirement explicitly mentions Pusher and Pusher WebHooks, the best match for Pusher’s WebHooks functionality is the `pusher` API itself in the messaging category.

4. **Select and Recommend APIs**:  
   - The `twitter-streaming` API perfectly matches the requirement for streaming Twitter data.  
   - The `pusher` API matches the need for real-time messaging and webhook event notifications (as Pusher WebHooks is a feature within the Pusher platform).  

**Conclusion**:  
- Recommend categories from 2.: ['social', 'messaging']  
- Recommend All matched APIs in 3.: ['twitter-streaming', 'pusher']  
- Final recommended APIs: ['twitter-streaming', 'pusher']
./output/gpt/few_cot_infer/responses.json
データが保存されました: ./output/gpt/few_cot_infer/responses.json (キー: filtrand-1)
------------------------------
評価中のサービス: symbyoz
Iteration 1, Total call: 33
**Reasoning**:

1. **Identify Core Features**:  
   The mashup is designed to help users keep in touch more often and easily with important friends from major social networks. Key functionalities likely include:  
   - Access to social network user friends/connections lists.  
   - Ability to retrieve and possibly send communications or notifications.  
   - Integration with major social networks to get user data, updates, and possibly profile info.  
   - Possibly some aggregation or synchronization of contacts from different social networks.

2. **Identify Relevant API Categories**:  
   Based on these core features, the relevant categories include:  
   - **social**: To interact with social network platforms and their data such as friends, profiles, updates, and communications.  
   - **messaging**: If the utility supports sending messages or notifications to keep in touch, messaging APIs may be relevant.  
   - **personal-information-management**: For managing contact details, calendars, and related personal data to help coordinate communications might also be relevant.

3. **Match APIs from Relevant Categories**:  
   Looking into available APIs:

   - **social APIs**:  
     - facebook: Provides access to Facebook social graph including friends, profiles, posts, and events.  
     - linkedin: Business-focused social network; access to connections, profiles.  
     - foursquare: Location-based social info, useful for integrating check-ins or shared spots.  
     - twitter-streaming: For Twitter social interaction streams and trends.  
     - google-plus: For accessing Google+ public social content.  
     - plancast: Event and activities sharing among friends.  
     - meetup: Access to group events and social interactions.  
     - tumblr, vk, ning, hyves, myspace, etc.: Various social network APIs.  
     - buffer: Manage and schedule social media posts across networks; can be useful for engagement.

   - **messaging APIs**:  
     - twilio-sms: Cloud messaging for sending SMS, useful if the utility sends SMS alerts.  
     - pubnub: Real-time messaging and notifications.  
     - slack-web or slack-real-time-messaging: For messaging within Slack teams if applicable.  
     - pushover-message: Push notifications to mobile devices.  

   - **personal-information-management APIs**:  
     - windows-live-contacts: Access to contacts data.  
     - google-contacts: Manage user's contacts on Google.  
     - evernote: Could be used if note sharing or reminders were integrated, less direct.  

4. **Select the Most Suitable APIs**:  
   Since the utility is focusing on "important friends from major social networks," foundational social network APIs that provide access to user friend lists and interaction are paramount. Facebook Graph and LinkedIn provide wide coverage of personal and professional connections. Twitter streaming APIs can gather real-time conversational context. Buffer helps manage posts and engagements across social platforms.  

   Messaging APIs like Twilio SMS are valuable if the utility supports sending direct SMS notifications/reminders. PubNub enhancing real-time notification capabilities is also useful but more advanced.  

   Personal-information-management APIs like Google Contacts or Windows Live Contacts may be secondary or optional, depending on integration depth.

**Conclusion**:

- Recommend categories from 2.: ['social', 'messaging', 'personal-information-management']

- Recommend All matched APIs in 3.: ['facebook', 'linkedin', 'foursquare', 'twitter-streaming', 'google-plus', 'plancast', 'meetup', 'tumblr', 'vk', 'ning', 'myspace', 'buffer', 'twilio-sms', 'pubnub', 'slack-web', 'slack-real-time-messaging', 'pushover-message', 'windows-live-contacts', 'google-contacts']

- Final recommended APIs: ['facebook', 'linkedin', 'twitter-streaming', 'buffer', 'twilio-sms']

These selected APIs cover major social networks for access to friends and interactions, provide support for message/notification sending to keep in touch, and have wide adoption, making them best suited for building a social utility that helps users maintain connections easily and frequently.
./output/gpt/few_cot_infer/responses.json
データが保存されました: ./output/gpt/few_cot_infer/responses.json (キー: symbyoz-1)
------------------------------
評価中のサービス: flickoutr
Iteration 1, Total call: 34
**Reasoning**:

1. **Identify Core Features**:
   - Sharing of Flickr images by tag or set, which requires access to photo content management.
   - Sharing across social platforms Facebook and Twitter.
   - Support for group sharing and multiple accounts.
   
2. **Identify Relevant API Categories**:
   - photos: Needed to access, manage, and share Flickr images by tag or set.
   - social: Needed for integration with Facebook and Twitter for sharing images and posts, managing multiple accounts, and group sharing.
   
3. **Match APIs from Relevant Categories**:
   - photos APIs:
     - flickr: Provides access to Flickr photo sharing service with functionality for retrieving photos by various feeds, including those by tag or set, and managing uploads and comments.
     - instagram-graph: Primarily for Instagram photos, not Flickr-related.
     - imgur: Photo sharing but unrelated to Flickr.
     - photobucket: Photo sharing service, unrelated to Flickr.
     - snipshot: Image editing service.
     - 500px: Photo sharing community, currently no longer publicly available.
     
   - social APIs:
     - facebook-graph: Accesses Facebook social graph, allows posting photos, managing profiles and pages; suitable for sharing photos to Facebook.
     - twitter: Twitter RESTful API (now replaced by multiple APIs), used to post tweets including images and media.
     - tagalus: Twitter hashtag definitions but less relevant for sharing.
     - plancast, launchrock, scoopit: Event/social sharing but not core to photo sharing.
     - addthis-services, addthis-analytics: Provide sharing tools but not direct social API.
     - others (vk, tumblr) do not serve the needs specifically for Facebook and Twitter.
     
4. **Select the Most Suitable APIs**:
   - flickr: Essential for accessing Flickr images by tag or set to enable sharing.
   - facebook-graph: Needed to share content on Facebook accounts, supports group/page posting and multiple accounts.
   - twitter: Needed to share content on Twitter, including images and tweets, and manage multiple accounts.
   
**Conclusion**:

- Recommend categories from 2.: ['photos', 'social']

- Recommend All matched APIs in 3.:
  ['flickr', 'facebook-graph', 'twitter']

- Final recommended APIs:
  ['flickr', 'facebook-graph', 'twitter']
./output/gpt/few_cot_infer/responses.json
データが保存されました: ./output/gpt/few_cot_infer/responses.json (キー: flickoutr-1)
------------------------------
評価中のサービス: trip-republic
Iteration 1, Total call: 35
**Reasoning**:

1. **Identify Core Features**:
   - Travel Planning: The service lets users plan trips, including managing itinerary details and sharing plans with travel companions.
   - Booking Functionality: Ability to search and book flights, hotels, activities, restaurants, etc.
   - Personalized Recommendations: Provides personalized travel suggestions, possibly based on user preferences and social/travel buddy inputs.
   - Integration of 3rd Party Data and User Content: Combines external travel supply APIs with user-generated data and interactions.

2. **Identify Relevant API Categories**:
   - travel: For accessing flight, hotel, activity, and restaurant booking and search functionalities.
   - social: To support user content sharing, travel buddy features, and collaboration among co-travelers.
   - recommendations: To provide personalized travel suggestions and enhance user experience.
   - ecommerce: To enable booking functionalities, processing purchases, and managing transactions.

3. **Match APIs from Relevant Categories**:

   - **travel APIs**:
       - amadeus: Comprehensive travel data API with tools for flight and hotel searches, bookings, and travel insights -- fits booking and search requirements.
       - tripit: Manages travel itineraries and organizes travel information from various sources -- fits travel planning and sharing.
       - travel-iq: Hotel and flight search and booking with location data -- supports search and booking.
       - sabre-0: Business-to-business travel marketplace with broad airline, hotel, and transportation data -- strong for booking and supply integration.
       - viator: Database of tours and activities for integration -- supports activities booking.
       - skyscanner-live-pricing: Access to live flight pricing and booking data.
       - easytobook: Hotel booking API with photo and availability data.

   - **social APIs**:
       - facebook (Facebook Graph): Provides social features for sharing, connections, and collaboration -- can support social travel buddy and sharing functionalities.
       - meetup: Access to event and group information, useful for discovering and sharing local events or travel-related activities.
       - plancast: Lets users share plans and events -- supports trip sharing.
       - nationbuilder: Community features and communication tools.
       - twitter or twitter-streaming: For social media integration and updates (less core, but useful).

   - **recommendations APIs**:
       - yelp-fusion: Provides business reviews and recommendations for restaurants and locales -- useful for personalized restaurant/activity recommendations.
       - tradeshift (not directly a recommendation API but business focused; less relevant).
       - trakttv, rotten-tomatoes (entertainment focused; less relevant).
       - qype: Reviews and ratings of local businesses.
       - yelp-fusion is strongest for local business recommendations important in Travel planning.

   - **ecommerce APIs**:
       - shopify-admin, magento-soap, bolcom-open (ecommerce marketplaces; less direct relevance).
       - commission-junction: Affiliate marketing, less core but can be used for monetization.
       - payments APIs (stripe, paypal) for payment processing -- important but not explicitly listed in requirements, so considered secondary.

4. **Select the Most Suitable APIs**:
   - For core travel planning, booking, and aggregated travel supply, **Amadeus**, **TripIt**, **Sabre-0**, and **Viator** offer serious capabilities.
   - For social collaboration and sharing, **Facebook Graph** and **Plancast** provide social graph and event sharing features.
   - For localized personalized recommendations, **Yelp Fusion** is a strong choice for restaurant and activity recommendations.
   - For booking transactions, you might integrate payment APIs later, but these were not specified explicitly in the requirements.

**Conclusion**:

- Recommend categories from 2.: ['travel', 'social', 'recommendations', 'ecommerce']
- Recommend All matched APIs in 3.: ['amadeus', 'tripit', 'travel-iq', 'sabre-0', 'viator', 'skyscanner-live-pricing', 'easytobook', 'facebook', 'meetup', 'plancast', 'nationbuilder', 'yelp-fusion', 'qype']
- Final recommended APIs: ['amadeus', 'tripit', 'sabre-0', 'viator', 'facebook', 'plancast', 'yelp-fusion']
./output/gpt/few_cot_infer/responses.json
データが保存されました: ./output/gpt/few_cot_infer/responses.json (キー: trip-republic-1)
------------------------------
評価中のサービス: homewebshop
Iteration 1, Total call: 36
**Reasoning**:

1. **Identify Core Features**:
   - The mashup combines online shopping with geographic/location-based services.
   - It requires product information and buying capabilities from Amazon.com.
   - It also needs mapping functionalities, presumably to show store locations, delivery coverage, or product availability by location.

2. **Identify Relevant API Categories**:
   - **mapping**: For integration of Google Maps features to display locations, maps, or geo-related data.
   - **ecommerce**: For integration with Amazon.com's shopping services, including product search, details, pricing, and purchasing.

3. **Match APIs from Relevant Categories**:
   - **mapping APIs**:
     - google-maps-places: Returns information about places, geographic locations, or points of interest; useful for integrating Google Maps data and geo-locating products/vendors.
     - google-geocoding: Helps translate addresses into geographic coordinates and vice versa, which is needed for mapping services.
     - bing-maps and bing-maps-search: Bing Maps APIs offering mapping and location search.
     - google-maps, google-maps-geolocation, google-static-maps, but note google-maps API is deprecated and split.
     
   - **ecommerce APIs**:
     - amazon-product-advertising: Provides access to Amazon product data and e-commerce functionality, including search, retrieval of product details and prices. This directly covers Amazon.com shopping service integration.
     - bolcom-open, shopify-admin, wishpot-shopping, walmart-open, best-buy-products: Other ecommerce APIs but not Amazon.
     - amazon-ec2, amazon-s3, amazon-ses: Infrastructure and email, not ecommerce.

4. **Select the Most Suitable APIs**:
   - For mapping, the best suited is **google-maps-places** API since the requirement is specifically to combine Google Maps.
   - For ecommerce, the **amazon-product-advertising** API is the best candidate as it provides direct programmatic access to Amazon’s product catalog and shopping services.

**Conclusion**:
- Recommend categories from 2.: ['mapping', 'ecommerce']
- Recommend All matched APIs in 3.: ['google-maps-places', 'google-geocoding', 'bing-maps', 'bing-maps-search', 'amazon-product-advertising']
- Final recommended APIs: ['google-maps-places', 'amazon-product-advertising']
./output/gpt/few_cot_infer/responses.json
データが保存されました: ./output/gpt/few_cot_infer/responses.json (キー: homewebshop-1)
------------------------------
評価中のサービス: price-drop-you-save
Iteration 1, Total call: 37
**Reasoning**:

1. **Identify Core Features**:
   - Price Tracking: The core feature is to track prices of Amazon products.
   - Price Drop Alerts: Notify users when the price of a product decreases.
   - No registration required: Implies the service must allow free access or be publicly usable without mandatory authentication or signup.
   - Focus on Amazon product data: The service should ideally use Amazon's product catalog or reliable third-party Amazon-related APIs.

2. **Identify Relevant API Categories**:
   - ecommerce: To access product details, pricing, and inventory data from Amazon or similar marketplaces.
   - messaging: To handle sending alerts or notifications regarding price drops (optional but relevant if alert notification features are desired).

3. **Match APIs from Relevant Categories**:
   - **ecommerce APIs**:
     - amazon-product-advertising: Provides access to Amazon’s product data and e-commerce functionality. It lets developers retrieve product details including prices, which is essential for tracking prices and detecting price drops.
     - wishpot-shopping: Offers wishlist and price alert services, including tracking prices, which matches well with price drop alert functionality.
     - shoppingcom: Provides deep product catalog data and merchant offers that could supplement or complement Amazon data.
     - bolcom-open: Large ecommerce catalog but focuses on Dutch market, less relevant for Amazon-specific service.
     - walmart-open: Large ecommerce product catalog but for Walmart, not Amazon.
     - sears: eCommerce catalog but unrelated to Amazon.
     - shopzilla: Catalog and merchant offers data which might have some Amazon coverage.
     - zazzle: Ecommerce for custom products, not general Amazon retail.
     - etc. (many ecommerce APIs, but only some related to Amazon or price tracking).

   - **messaging APIs**:
     - twilio-sms, clockwork-sms, amazon-sns: Useful if price drop alerts are sent via SMS or push notifications, but not strictly necessary unless alerts are part of the service and chosen delivery channels include messaging.

4. **Select the Most Suitable APIs**:
   - amazon-product-advertising: This API directly addresses the need to access Amazon product information and pricing, making it the primary choice for building a price tracker and price alert system.
   - wishpot-shopping: Since it explicitly mentions wishlists and price alerts, it is well aligned with the requirement for price drop alerts.
   - messaging APIs (optional): If the service sends alerts as SMS or push notifications, using twilio-sms or amazon-sns would be good to consider; however, since the requirement only mentions free and no registration for users, it might just use email or web-based notifications, so messaging APIs are optional here.

**Conclusion**:
- Recommend categories from 2.: ['ecommerce', 'messaging']
- Recommend All matched APIs in 3.: ['amazon-product-advertising', 'wishpot-shopping', 'shoppingcom', 'twilio-sms', 'amazon-sns', 'clockwork-sms']
- Final recommended APIs: ['amazon-product-advertising', 'wishpot-shopping']
./output/gpt/few_cot_infer/responses.json
データが保存されました: ./output/gpt/few_cot_infer/responses.json (キー: price-drop-you-save-1)
------------------------------
評価中のサービス: eventsites
Iteration 1, Total call: 38
**Reasoning**:

1. **Identify Core Features**:  
   The Eventsites mashup creates mini-websites for events that include:
   - Event description: textual content about the event.
   - Google Map: an embedded map showing the location of the event.
   - Photos from Flickr: visual content related to the event sourced from Flickr.
   - Entirely AJAX-based, with no own data storage — meaning all content dynamically pulled from external APIs.
   
2. **Identify Relevant API Categories**:
   - **events**: To handle creation and access to event-related data and information.
   - **mapping**: To embed and control maps for event locations.
   - **photos**: To access and display photos (specifically from Flickr).
   - **content** or **reference**: For managing or enhancing the event description content. However, since the description is user-generated, a dedicated API is likely unnecessary for this feature.
   
3. **Match APIs from Relevant Categories**:
   - **events APIs**:
     - Eventbrite: Allows creating users and events; retrieve event details including attendees, venues, and more.
     - Eventful: Provides access to a global database of events and venues.
     - Active: Sports and other event listings, possibly niche for sport or fitness related events.
     - Brown Paper Tickets: Event ticketing and management API.
   
   - **mapping APIs**:
     - google-maps: Comprehensive mapping capability to embed maps with location markers and controls.
     - bing-maps: Microsoft’s mapping service with REST APIs to embed maps and create routes and locations.
     - google-maps-places: Provides detailed information about places, supporting place search, details, and photos.
     - google-geocoding: To translate addresses into latitude/longitude for map placement.
     - bing-maps-search and bing-maps-geocode-dataflow: Additional Bing-based search and geocoding services.
   
   - **photos APIs**:
     - flickr: Well known photo-sharing platform; API supports retrieving public photos, user photos, and photo sets.
     - photobucket, pixabay-free-images, imgur: Other photo sources but Flickr is specified in the requirements.
   
4. **Select the Most Suitable APIs**:
   - Since the requirement explicitly mentions **Google Map** and **Flickr photos**, the best choice is to use:
     - **google-maps** (or specifically Google Maps JavaScript API if available) for map integration.
     - **flickr** API for fetching and displaying event-related photos.
   - For event creation and management, since the requirements say users create their own mini site with description, and no own data storage is required, an event API may not be mandatory. However, if any event lookup or enrichment is needed, Eventbrite or Eventful can be used. But since it’s not explicitly stated and data storage is not involved, we prioritize just mapping and photos.
   
**Conclusion**:  
- Recommend categories from 2.: ['events', 'mapping', 'photos']  
- Recommend All matched APIs in 3.: ['Eventbrite', 'Eventful', 'Active', 'Brown Paper Tickets', 'google-maps', 'bing-maps', 'google-maps-places', 'google-geocoding', 'bing-maps-search', 'bing-maps-geocode-dataflow', 'flickr', 'photobucket', 'pixabay-free-images', 'imgur']  
- Final recommended APIs: ['google-maps', 'flickr']
./output/gpt/few_cot_infer/responses.json
データが保存されました: ./output/gpt/few_cot_infer/responses.json (キー: eventsites-1)
------------------------------
評価中のサービス: tweets-abound
Iteration 1, Total call: 39
**Reasoning**:

1. **Identify Core Features**:
   - Social media data retrieval: Access to Twitter’s public timeline and search capabilities to retrieve tweets based on specific criteria.
   - Geocoding: Convert location data (either from tweets or user input) into geographic coordinates.
   - Mapping: Display tweets or search results as points on a map interface.
   - Integration: Combining Twitter search results with mapping service output.

2. **Identify Relevant API Categories**:
   - social: To access Twitter Public Timeline and perform Twitter Search.
   - mapping: To geocode and plot the locations on a map service like Google Maps.
   - search: (Twitter Search API is specifically related to search functionality within social but provided as its own category sometimes - here Twitter Search is indicated as social).
   
3. **Match APIs from Relevant Categories**:

   - **social APIs**:
     - twitter-search: Provides the ability to perform searches on Twitter data with optional filters like language, hashtags etc. Supports retrieval of tweets that can be mapped.
   
   - **mapping APIs**:
     - google-maps: Provides full Google Maps API functionality including displaying maps and plotting points.
     - google-geocoding: Specifically provides geocoding and reverse geocoding services, key to converting tweet location data into map coordinates.

4. **Select the Most Suitable APIs**:

   - twitter-search: The most relevant for accessing Twitter Public Timeline and searching tweets based on specific criteria.
   - google-maps: Offers complete mapping capabilities including plotting points on maps.
   - google-geocoding: Crucial for transforming tweet location information into latitude/longitude coordinates usable by Google Maps.

**Conclusion**:
   - Recommend categories from 2.: ['social', 'mapping']
   - Recommend All matched APIs in 3.: ['twitter-search', 'google-maps', 'google-geocoding']
   - Final recommended APIs: ['twitter-search', 'google-maps', 'google-geocoding']
./output/gpt/few_cot_infer/responses.json
データが保存されました: ./output/gpt/few_cot_infer/responses.json (キー: tweets-abound-1)
------------------------------
評価中のサービス: starterpad
Iteration 1, Total call: 40
**Reasoning**:

1. **Identify Core Features**:  
   - Social Network Platform: StarterPad is designed as a social network specifically for entrepreneurs, emphasizing user interaction and community support.  
   - User Authentication: Users can log in using Facebook and Twitter usernames and passwords, implying the need for authentication integration with these platforms.  
   - Social Integration: Leveraging social networks suggests the need for social APIs to access user profiles, connections, and possibly posting or sharing capabilities.

2. **Identify Relevant API Categories**:  
   - social: To integrate with social networks such as Facebook and Twitter for authentication and social features.  
   - authentication: To handle user login via third-party platforms (OAuth or other social login mechanisms).

3. **Match APIs from Relevant Categories**:  
   - social APIs:  
       - facebook: Provides social graph data and user authentication integration.  
       - twitter: Provides access to Twitter's social graph and authentication. Though noted as no longer available in its original form, it historically serves social integration and login.  
   - authentication APIs:  
       - While there is no specific standalone "authentication" API listed, Facebook and Twitter social APIs typically include OAuth-based authentication mechanisms for login.

4. **Select the Most Suitable APIs**:  
   - facebook: For integrating Facebook login and accessing user’s Facebook social data as StarterPad leverages Facebook for user logins.  
   - twitter: For integrating Twitter login and access to Twitter-related user data as StarterPad leverages Twitter as well. Despite the note about the API no longer being available, this remains the logical choice given the requirement.  
   - No explicit separate authentication API is listed; thus, social APIs that provide OAuth login are selected.

**Conclusion**:  
- Recommend categories from 2.: ['social']  
- Recommend All matched APIs in 3.: ['facebook', 'twitter']  
- Final recommended APIs: ['facebook', 'twitter']
./output/gpt/few_cot_infer/responses.json
データが保存されました: ./output/gpt/few_cot_infer/responses.json (キー: starterpad-1)
------------------------------
評価中のサービス: intellinote-zapier
Iteration 1, Total call: 41
**Reasoning**:

1. **Identify Core Features**:  
   - The mashup integrates Intellinote and Zapier functionalities.  
   - Intellinote provides collaboration and project management with note, task, tag, file, and user management.  
   - Zapier enables connecting multiple apps together via triggers and actions, allowing integration without needing coding.  
   - The mashup is focused on workflow automation involving project management tasks, notes, and file handling.

2. **Identify Relevant API Categories**:  
   - project-management: Intellinote is clearly a project management tool.  
   - tools: Zapier is a general-purpose integration/automation platform, best categorized under tools.  

3. **Match APIs from Relevant Categories**:  
   - project-management:  
     - Intellinote: Provides APIs for workspaces, notes, tasks, tags, files, and user management. Perfect match.  
     - Basecamp: Also project-management but not requested or mentioned in requirements.  
     - ConceptShare: Design-focused project collaboration, less general than Intellinote.  

   - tools:  
     - Zapier: Integration and automation platform. This matches the description of Zapier in the requirements.  
     - Other tools APIs like Pusher, Datadog, Slack-web exist but don't match the integration context as directly as Zapier.

4. **Select the Most Suitable APIs**:  
   - Intellinote: Exact match for the project management platform involved.  
   - Zapier: The platform used for workflow and integration with many other apps.

**Conclusion**:  
- Recommend categories from 2.: ['project-management', 'tools']  
- Recommend All matched APIs in 3.: ['intellinote', 'zapier']  
- Final recommended APIs: ['intellinote', 'zapier']
./output/gpt/few_cot_infer/responses.json
データが保存されました: ./output/gpt/few_cot_infer/responses.json (キー: intellinote-zapier-1)
------------------------------
評価中のサービス: landmarkr
Iteration 1, Total call: 42
**Reasoning**:

1. **Identify Core Features**:
   - The project requires showing routes on a map.
   - It must include landmarks as points of interest to highlight along the routes.
   - Displaying routes with geographical context suggests map rendering with routing functionality.
   - Landmark data integration is needed to visually or informatively include notable locations.
   - Possibly the solution involves interactive mapping for user engagement.

2. **Identify Relevant API Categories**:
   - **mapping**: For rendering maps, drawing routes, and possibly working with geospatial data.
   - **geography**: For accessing or integrating landmark and location-specific data.
   - (Optional consideration: **location** or **reference** could support landmark or place information, but geography is more fitting here.)

3. **Match APIs from Relevant Categories**:

   - **mapping APIs**:
     - **bing-maps**: Provides REST services for maps, routes, and imagery; supports route creation with traffic info and overlays.
     - **bing-maps-routes**: Specific for creating routes from two or more locations; supports driving and walking routes.
     - **bing-maps-search**: Supports search queries related to maps, including filtering and property searches.
     - **bing-maps-geocode-dataflow**: Used for bulk geocoding/reverse geocoding, useful in batch processing of location data.
     - **google-geocoding**: Geocode and reverse geocode addresses to coordinates, useful for plotting landmarks.
     - **google-maps-places**: Returns information about places and points of interest at lat/lon coordinates, facilitating landmark info.
     - **mapquest**: Provides directions and mapping services including search and routing.
     - **mapquest-geocoding**: Converts addresses to coordinates and vice versa.
     - **mapquest-open-directions**: Open source routing API supporting driving, walking, biking, and transit.
     - **scribble-maps**: Allows drawing and sharing maps, can display and share map images marked with data.
     - **openlayers**: JavaScript library for dynamic web maps, supports markers, vector data, and map layers.
     - **openstreetmap**: Provides an open platform to work with map data; can be used with JS libs like Leaflet.
     - **mapbox**: Open source tools to create and embed interactive maps, supports map hosting and data layers.
     - **bing-maps-locations**: Provides location info via coordinates or address, useful for placing landmarks.
     - **geonb**: Geographic info for New Brunswick; if the project is location-specific, this could help.
     - **geograph**: Provides geographically representative images and data for England and Ireland - useful if regional landmarks involved.

   - **geography APIs**:
     - **geograph**: As above.
     - **geonames**: Database offering place names, weather, timezone, etc. Useful for landmark information.
     - **wikilocation**: Search Wikipedia articles by location; could provide landmark descriptions.
     - **yahoo-placemaker**: Geo-enrichment platform extracting places from unstructured text to make data location-aware.
     - **geolocation services** (ip2location, smart-ip-geo-ip): Primarily about determination of location from IP.
     - **garmin-motionbased / garmin-communicator-plugin**: Fitness and GPS devices related APIs; likely less relevant unless fitness is involved.

4. **Select the Most Suitable APIs**:
   - For route display and mapping, **bing-maps** and/or **bing-maps-routes** provide strong routing and map visualization features with traffic info and route overlays.
   - For landmark information linked to routes, **bing-maps-places** or **google-maps-places** (though only Google Maps Places is explicitly listed) would help retrieve points of interest data.
   - **geonames** is excellent for general landmark and geographical data worldwide.
   - **wikilocation** enables retrieval of landmark-related Wikipedia articles by location providing rich, descriptive information on landmarks.
   - To keep implementation easier with interactive map manipulation, an API like **openlayers** or **mapbox** will help build rich map-based interfaces.
   - Since the request is for a NYUAD Hackathon project, the focus should be on readily accessible APIs with routing, map rendering, and landmark integration.
   - A combination of **bing-maps-routes** (for routing), **geonames** or **wikilocation** (for landmarks), and **mapbox** or **openlayers** (for map rendering and UI) would be efficient.

**Conclusion**:  
- Recommend categories from 2.: ['mapping', 'geography']  
- Recommend All matched APIs in 3.: ['bing-maps', 'bing-maps-routes', 'bing-maps-search', 'bing-maps-locations', 'google-geocoding', 'google-maps-places', 'mapquest', 'mapquest-geocoding', 'mapquest-open-directions', 'scribble-maps', 'openlayers', 'openstreetmap', 'mapbox', 'geonames', 'wikilocation', 'yahoo-placemaker', 'geograph']  
- Final recommended APIs: ['bing-maps-routes', 'bing-maps-locations', 'geonames', 'wikilocation', 'mapbox', 'openlayers']

These APIs together allow for comprehensive route generation, landmark retrieval, and interactive mapping essential for the hackathon project.
./output/gpt/few_cot_infer/responses.json
データが保存されました: ./output/gpt/few_cot_infer/responses.json (キー: landmarkr-1)
------------------------------
評価中のサービス: caddiehub
Iteration 1, Total call: 43
**Reasoning**:

1. **Identify Core Features**:
   - Search for golf videos and tutorials: requires video content search, retrieval, and possibly categorization.
   - Search for golf courses and map them: requires location-based services and mapping APIs.
   - Integration of video content with mapped golf courses: implies linking media and geographic data.

2. **Identify Relevant API Categories**:
   - video: to access and search golf-related video content, tutorials, and general golf videos.
   - mapping: to find, display, and map golf courses.
   - search: might be necessary if a specialized golf search engine or general content search is needed.

3. **Match APIs from Relevant Categories**:
   - **video APIs**:
       - youtube: A popular video platform with a vast repository of videos including golf tutorials, courses, and related content. It provides search and retrieval via RESTful API.
       - vimeo: Another major video hosting platform supporting RESTful API access for video searching and management.
       - dailymotion: A large video platform with video search and embedding features.
       - brightcove: A platform focusing on digital media, offering video hosting and APIs.
       - embedly: Provides embed codes for videos from multiple sites, enabling inclusion of rich media.
       - iva-video: Provides access to movie, TV, and video metadata and promotional video assets.

   - **mapping APIs**:
       - bing-maps-search: Allows search for places, including the ability to parse mapping related queries.
       - google-maps-places: Returns information about places, establishments, geographic locations.
       - mapquest: Provides mapping, search, routing with places integration.
       - openlayers: A JavaScript mapping library that can add dynamic maps and markers.
       - google-maps-geocoding / google-geocoding: Geocode addresses or locations (e.g., golf courses) to coordinates.
       - bing-maps: Provides REST services for mapping, geocoding, routes, imagery, and traffic.
       - geonames: Provides a geographical database of places, with search and postal codes.
       - yelp-fusion (recommendations category): Though primarily for businesses, it includes reviews and locations for services, possibly golf courses.
       - foursquare (social category): Provides location-based venue information, which can include golf courses.
   
   - **search APIs**:
       - google-custom-search: To build tailored search engines possibly focusing on golf content.
       - primal: A content-based interest graph search engine.
       - bing: General search engine API.
       - giphy: For animated GIFs but not relevant here.
       - open-movie-database: Movie-focused, less relevant for golf.
    
   Given the requirements, custom search engines may not be necessary if video and mapping APIs provide sufficient results.

4. **Select the Most Suitable APIs**:
   - For **video**:
       - **youtube** stands out due to its massive video content, including specialized golf videos and tutorials.
       - **vimeo** and **dailymotion** can supplement, but YouTube is the most comprehensive.
   
   - For **mapping**:
       - **bing-maps-search** or **google-maps-places** are excellent choices for finding and mapping golf courses.
       - **google-maps-places** is highly detailed and widely used; however, only bing-maps-search and google-maps-places appear in the given API list.
       - **bing-maps-search** is included in the API list and supports location search with variety of filters.
   
   - Optionally, **foursquare** or **yelp-fusion** can be used for business-location related info like golf course reviews or additional details.
   
   - Since the requirement specifically mentions videos, tutorials, and mapped courses, focus on combining **youtube** and **bing-maps-search** provides a strong mashup foundation.

**Conclusion**:  
- Recommend categories from 2.: ['video', 'mapping', 'search'] (search is optional, but video and mapping are core)  
- Recommend All matched APIs in 3.: ['youtube', 'bing-maps-search', 'google-maps-places', 'vimeo', 'dailymotion', 'foursquare', 'yelp-fusion']  
- Final recommended APIs: ['youtube', 'bing-maps-search', 'google-maps-places']

**Reasoning for final selection**:  
- **youtube** covers the vast majority of golf videos and tutorials needed.  
- **bing-maps-search** provides a capable location search service to locate and map golf courses with rich metadata.  
- **google-maps-places** complements location discovery with detailed place information and is widely supported by developers for geographic data.  
- The other video platforms and social/location APIs can be added on demand, but these three cover the core requirements efficiently.
./output/gpt/few_cot_infer/responses.json
データが保存されました: ./output/gpt/few_cot_infer/responses.json (キー: caddiehub-1)
------------------------------
評価中のサービス: memolane
Iteration 1, Total call: 44
**Reasoning**:

1. **Identify Core Features**:  
   The mashup service aims to capture, search, view, and share content from popular social media platforms. This includes multiple types of social content such as photos, music, videos, status updates, blog posts, and more. The core functionalities inferred are:  
   - Aggregation of social media content  
   - Search capability for social content  
   - Sharing and displaying multimedia content (photos, videos)  
   - Access to status updates and blog posts  

2. **Identify Relevant API Categories**:  
   Based on core functionalities, relevant API categories would include:  
   - **social**: For accessing social media data such as status updates, posts, and user connections.  
   - **photos**: For accessing and sharing photos from social media platforms.  
   - **music**: To integrate music content from social platforms or music sources.  
   - **video**: To integrate and display video content from social media or video hosting services.  
   - **blogging**: To access blog posts and related content from blogging platforms.  
   - **search**: To enable search capabilities across these varied content types.  

3. **Match APIs from Relevant Categories**:

   - **social APIs**:  
     - tagalus: For managing Twitter hashtag definitions and tagging (social content context).  
     - facebook-graph: Programmatic access to Facebook social graph including posts, photos, events, etc.  
     - instagram-graph: Access to Instagram photos and social information.  
     - foursquare: Location-based social information and check-ins.  
     - twitter-streaming: Realtime Twitter data to access status updates and tweets.  
     - scoopit: Social content curation and distribution platform API.  
     - plancast: Event and social plans sharing API.  
     - moustache (not listed here, exclude)  
     - linkedin: Professional social network data including posts and connections.  
     - vk: European social network API for posts, photos, and friends.  
     - tumblr: Blogging and social posts access.  
     - addthis-services, social-share-count: Social sharing APIs.  
     - launchrock: Startup launch page social and user engagement data.  
     - launchbit, zanox, and similar marketing/social APIs can be less relevant for content capturing mashup.

   - **photos APIs**:  
     - flickr: Photo sharing and retrieval from Flickr.  
     - 500px (deprecated) or unavailable, so not recommended here.  
     - imgur: Photo sharing service with upload and access API.  
     - instagram-graph: Also relevant here.  
     - photobucket: Photo sharing and hosting API.  
     - google-picasa (deprecated) excluded.  
     - snipshot: Online photo editing and sharing API.  
     - pixabay-free-images: Free stock photos API, relevant but less about social media.  
     - twitpic: Twitter photo upload and sharing API.  
     - picplz: Mobile photo sharing app API.

   - **music APIs**:  
     - spotify-web: Access to Spotify music catalog and playlists.  
     - soundcloud: Audio platform with upload and sharing features.  
     - lastfm, musixmatch, bandsintown, jamendo, bandcamp, songkick, idiomag, musicbrainz, playme, beatport, gruvr: Various music metadata and streaming APIs.  
     - blipfm: Music site with social sharing.  

   - **video APIs**:  
     - youtube: Video search, upload, and management API.  
     - vimeo: Video hosting and streaming API.  
     - dailymotion: Video sharing platform API.  
     - youtube, vimeo, dailymotion are prominent video platform APIs.  
     - embedly: For embedding video content from 100+ sites.  
     - framey: Webcam recording and video upload.  
     - trailer-addict: Movie trailers embedding API.  

   - **blogging APIs**:  
     - blogger: Google Blogger platform API for blog posts management.  
     - tumblr: Blogging and social posts API.  
     - wordpress.com, weblogs, livejournal, disqus: Blogging and comments platforms APIs.  
     - zemanta: Contextual content and blogging helper API.  
     - bloglines: Blog and RSS feed client API.  
     - wordpressorg API: self-hosted WordPress API.  

   - **search APIs**:  
     - bing, google-custom-search, primal, yahoo-local-search, seomoz, vast, twitter-search, twitter: Search APIs for various content including social and web content.  

4. **Select the Most Suitable APIs**:  
   To capture a broad range of social media content and allow searching and sharing, we select the most prominent and comprehensive APIs in each category that are widely used and provide broad access:  
   - **social**: facebook-graph (Facebook's main social APIs), twitter-streaming (real-time Twitter data), instagram-graph (popular photo/video social platform), linkedin (professional social data)  
   - **photos**: flickr (large photo sharing community), imgur (popular photo hosting), photobucket (photo hosting)  
   - **music**: spotify-web (largest music streaming catalog), soundcloud (widely used audio platform)  
   - **video**: youtube (largest video platform), vimeo (professional video hosting)  
   - **blogging**: blogger (Google’s blogging platform), tumblr (microblogging/social blogging), wordpresscom (hosted WordPress blogs)  
   - **search**: bing (widely known search API), google-custom-search (search engine integration)  

**Conclusion**:  
- Recommend categories from 2.:  
  ['social', 'photos', 'music', 'video', 'blogging', 'search']  

- Recommend All matched APIs in 3.:  
  ['tagalus', 'facebook-graph', 'instagram-graph', 'foursquare', 'twitter-streaming', 'scoopit', 'plancast', 'linkedin', 'vk', 'tumblr', 'addthis-services', 'social-share-count', 'launchrock',  
   'flickr', 'imgur', 'photobucket', 'snipshot', 'pixabay-free-images', 'twitpic', 'picplz',  
   'spotify-web', 'soundcloud', 'lastfm', 'musixmatch', 'bandsintown', 'jamendo', 'bandcamp', 'songkick', 'idiomag', 'musicbrainz', 'playme', 'beatport', 'gruvr', 'blipfm',  
   'youtube', 'vimeo', 'dailymotion', 'embedly', 'framey', 'trailer-addict',  
   'blogger', 'wordpresscom', 'weblogs', 'livejournal', 'disqus', 'zemanta', 'bloglines', 'wordpressorg',  
   'bing', 'google-custom-search', 'primal', 'yahoo-local-search', 'seomoz', 'vast', 'twitter-search']  

- Final recommended APIs:  
  ['facebook-graph', 'instagram-graph', 'twitter-streaming', 'linkedin',  
   'flickr', 'imgur', 'photobucket',  
   'spotify-web', 'soundcloud',  
   'youtube', 'vimeo',  
   'blogger', 'tumblr', 'wordpresscom',  
   'bing', 'google-custom-search']
./output/gpt/few_cot_infer/responses.json
データが保存されました: ./output/gpt/few_cot_infer/responses.json (キー: memolane-1)
------------------------------
評価中のサービス: cosmos-and-culture
Iteration 1, Total call: 45
**Reasoning**:

1. **Identify Core Features**:  
   - The requirement is for an entry to the Science Museum's API competition.  
   - Features needed include:  
     - A large gallery (implying access to collections or images).  
     - A location map (indicating the need for mapping/location data).  
     - An object timeline (requiring access to timeline or exhibition-related data).  
   - The mashup likely needs access to museum collections metadata, images of objects, geographic data possibly for mapping museum locations or objects on a map, and timeline information related to objects or exhibitions.  

2. **Identify Relevant API Categories**:  
   - **education**: Because museums and their collections generally fall under educational content, and museum APIs typically reside here.  
   - **mapping**: For location maps that might visualize museum sites or exhibition places.  
   - **photos**: To handle the large gallery of museum objects/photos.  
   - **science**: Since this is the Science Museum, the API might have scientific data or related metadata.  

3. **Match APIs from Available Categories**:  
   - From **education** category:  
     - **victoria-albert-museum**: A museum API providing RESTful access to collections data and metadata. Though specifically for the V&A Museum, it is relevant as a museum-related API and illustrative of what such APIs provide (collections, images).  
     - **finalsite**: More focused on school CMS, less related to museums.  
     - **whipplehill**: Education management; less related.  
     - **greatschools**: School information; not relevant.  
     - **wiziq-virtual-classroom**: Online teaching tool; less relevant.  
     - **schoology**: Education platform; unlikely.  
     - **science-museum**: Specifically notes functionality to access pledge information, exhibitions, galleries, current and historical, and relating to the Science Museum itself. This API directly matches the requirement for a Science Museum API with gallery, location and timeline data.  

   - From **mapping** category:  
     - Many mapping APIs exist (e.g., bing-maps, google-maps-*), but the requirement is general location mapping. Any standard mapping API can support displaying location maps.  
     - For example: **bing-maps**, **google-maps-places**, **openlayers**, or **mapquest** could be used to add map visualization.  
     - Since the Science Museum API entry may require simple map display of locations, incorporating any mainstream mapping API is viable.  

   - From **photos** category:  
     - APIs like **instagram-graph**, **flickr**, **imgur**, and **snipshot** provide photo hosting and sharing but may not integrate well with museum-specific data.  
     - Since the Science Museum API likely provides collections photos itself, external photo APIs may be unnecessary unless supplementing.  
     - Therefore, photos could be handled mainly by the Science Museum API itself.  

   - From **science** category:  
     - **science-museum** API again appears here—a specific API for museum-related data.  
     - **nasa-mars-rover-photos** or **amea** (greenhouse gases) are less relevant to a museum exhibit context.  
     - So the **science-museum** API is key here.  

4. **Select the Most Suitable APIs**:  
   - The primary API is the **science-museum** API, as it directly serves collections, exhibitions, galleries, and likely timelines related to the Science Museum.  
   - A robust mapping API would be needed to implement the location maps. The widely supported and well-known **bing-maps** API or **google-maps-places** API would be excellent choices.  
   - For photos, rely on the Science Museum API’s gallery data and images; supplement if needed with a general photo API like **flickr** or **imgur** if external galleries are desired. However, given the focus on a museum gallery, this is less necessary.  

**Conclusion**:  
- Recommend categories from 2.: ['education', 'mapping', 'science', 'photos']  
- Recommend All matched APIs in 3.: ['science-museum', 'victoria-albert-museum', 'bing-maps', 'google-maps-places', 'flickr', 'imgur']  
- Final recommended APIs: ['science-museum', 'bing-maps']
./output/gpt/few_cot_infer/responses.json
データが保存されました: ./output/gpt/few_cot_infer/responses.json (キー: cosmos-and-culture-1)
------------------------------
評価中のサービス: flitter
Iteration 1, Total call: 46
**Reasoning**:

1. **Identify Core Features**:  
   The mashup aims to combine:  
   - Album and book details (from Amazon)  
   - Related artists info (from Audioscrobbler)  
   - Tagged photos (from Flickr)  
   - Tagged links/bookmarks (from del.icio.us)  
   - Media files (from Blogdigger)  
   - Matching weblog posts (from Feedster)

   This requires APIs related to: product info (books, albums), music metadata, photo sharing, social bookmarking, media/blog content, and weblog/search services.

2. **Identify Relevant API Categories**:  
   Based on the above functionalities, the categories involved are:  
   - ecommerce (Amazon for album/book details)  
   - music (Audioscrobbler for related artists)  
   - photos (Flickr for tagged photos)  
   - bookmarks (del.icio.us for tagged links)  
   - media (Blogdigger for media files)  
   - search or news-services (Feedster for matching weblog posts)

3. **Match APIs from Available APIs**:  
   - For Amazon album/book details:  
     * amazon-product-advertising (ecommerce) matches the description of Amazon product info API.  
   - For Audioscrobbler equivalent (related artists/music data):  
     * While not listed exactly as Audioscrobbler, similar music APIs include:  
       - lastfm (music) - provides access to music data including artists and related artists.  
       - musicbrainz (music) - music metadata database, covers artists and albums.  
       - jamendo (music) - music database and streaming.  
       We select **lastfm** as it is closest to Audioscrobbler’s focus on user scrobbling and related artists.  
   - Flickr (photos):  
     * flickr (photos) clearly matches, allowing retrieval of tagged photos.  
   - del.icio.us (bookmarks):  
     * delicious-0 (bookmarks) is a direct match to del.icio.us functionality with tag management and bookmark retrieval.  
   - Blogdigger (media files):  
     * Media files from blogs/forums align with **scoopit** (social/content curation platform with content and post data access) or **webhoseio** (news-services for structured web data including blogs).  
     * Since Blogdigger is for media files, **scoopit** might fit better due to its content curation and post data.  
   - Feedster (weblog posts search):  
     * Feedster is a weblog search engine.  
     * Similar search/news-services APIs include:  
       - webhoseio (news-services) - provides access to news, blogs, online discussions.  
       - guardian (news-services) - specific to Guardian content.  
       - reddit (news-services) - but mainly social news.  
     * **webhoseio** best matches general blog post search functionality.

4. **Select and Recommend APIs**:  
   - amazon-product-advertising: Provides detailed album and book data from Amazon.  
   - lastfm: Provides related artists and music metadata, best Audioscrobbler alternative.  
   - flickr: Access to tagged photos, direct match.  
   - delicious-0: Supports tagged bookmarking, matching del.icio.us.  
   - scoopit: Provides media files and content curation, suitable for Blogdigger’s media files.  
   - webhoseio: Provides weblog post search and structured web data, suitable for Feedster functionality.

**Conclusion**:

- Recommend categories:  
  ['ecommerce', 'music', 'photos', 'bookmarks', 'media', 'news-services']

- Recommend all matched APIs:  
  ['amazon-product-advertising', 'lastfm', 'flickr', 'delicious-0', 'scoopit', 'webhoseio']

- Final recommended APIs:  
  ['amazon-product-advertising', 'lastfm', 'flickr', 'delicious-0', 'scoopit', 'webhoseio']
./output/gpt/few_cot_infer/responses.json
データが保存されました: ./output/gpt/few_cot_infer/responses.json (キー: flitter-1)
------------------------------
評価中のサービス: rental-source
Iteration 1, Total call: 47
**Reasoning**:

1. **Identify Core Features**:  
   The mashup service offers apartment rentals, vacation rentals, home rentals, and other types of real estate rentals. It also supports searching the listings and posting rental listings. Additionally, it includes search functionality that covers Craigslist listings.

2. **Identify Relevant API Categories**:  
   - **real-estate**: Because the main domain is real estate rentals and listing management.  
   - **search**: Since the service includes searching listings, including searching Craigslist, a search API category is relevant to handle querying and filtering listings.

3. **Match APIs from Relevant Categories**:  
   - From **real-estate** category:  
     - **nestoria**: Offers a vertical search engine for property listings in the UK and Spain, an ideal source for apartment, vacation, and home rental data.  
     - **zillow**: Provides APIs for home valuation, property details, neighborhood statistics, and mortgage estimates. This can support rental listing details and market information.  
     - **walk-score**: Calculates walkability scores for addresses, which can complement rental listings by providing neighborhood walkability data.  
     - **booli**: A real estate search portal with API access, suitable for property information and listings.  
     - **realtybaron-answers**: Offers a Q&A service to complement real estate content but is less about listings. Possible secondary relevance.  

   - From **search** category:  
     - **craigslist**: While no direct Craigslist API is listed, the requirement mentions searching Craigslist. Since Craigslist API is not explicitly available here, we must focus on other search-related APIs.  
     - **yahoo-local-search**: Provides local business and place search, which may include some rental properties but is not specifically a rental property database.  
     - **open-movie-database**, **google-custom-search**, etc., are general and not specifically related. No direct Craigslist API is listed.  
     - **earth911-search** and others are unrelated.  
     Thus, no direct Craigslist API is available; however, the real estate APIs cover the main rental listing functions needed.

4. **Select and Recommend the Best-Suited APIs**:  
   - Use **nestoria** and **zillow** as the primary real estate rental listing APIs as they provide comprehensive access to rental and real estate data.  
   - Use **booli** as a complementary real estate listings source for additional data.  
   - Include **walk-score** API to enhance listings with walkability data, which is a key factor for renters.  
   - Since Craigslist API is not explicitly available, note that integration with Craigslist may require separate methods (e.g., scraping or third-party services).

**Conclusion**:  
- Recommend categories from 2.: ['real-estate', 'search']  
- Recommend All matched APIs in 3.: ['nestoria', 'zillow', 'walk-score', 'booli', 'realtybaron-answers']  
- Final recommended APIs: ['nestoria', 'zillow', 'walk-score', 'booli']
./output/gpt/few_cot_infer/responses.json
データが保存されました: ./output/gpt/few_cot_infer/responses.json (キー: rental-source-1)
------------------------------
評価中のサービス: mashedin
Iteration 1, Total call: 48
**Reasoning**:

1. **Identify Core Features**:  
   The main purpose is to view mutual connections across Facebook, Twitter, and LinkedIn. This implies the mashup must:  
   - Access user social graph data from multiple social networks.  
   - Compare/fetch friend/follower/connections lists.  
   - Possibly authenticate users to access private connection data.  
   - Aggregate and present mutual connections information.

2. **Identify Relevant API Categories**:  
   Since we need to interact with social networking platforms and their user connections data, the relevant category is:  
   - **social**: APIs in this category provide access to social media profiles, friend/connections lists, and social graph data crucial for mutual connection analysis.

3. **Match APIs from Relevant Categories**:  
   Among the available social APIs, the following pertain to the requested platforms and required functionality:  
   - **facebook-graph**: The Graph API provides access to user profiles, friends, pages, and connections on Facebook. It supports getting friend lists and relationships, which is fundamental for mutual connection analysis.  
   - **twitter**: While the main Twitter API is deprecated, this profile remains historically relevant and mentions core Twitter REST APIs that allow access to user data, including followers and friends lists. Also, **twitter-search** could provide search capabilities, but direct access to connections is primarily via the Twitter API.  
   - **linkedin**: LinkedIn API provides RESTful access to user profiles, connections, and corporate data. It is essential to access LinkedIn mutual connections.

4. **Select the Most Suitable APIs**:  
   - **facebook-graph**: Best suited for accessing Facebook mutual friends and social graph data.  
   - **linkedin**: Essential for LinkedIn connection data and mutual connections.  
   - **twitter**: Despite deprecation, it traditionally covers Twitter friend/follower data. If the newest Twitter APIs are not listed, this is still the closest match.

**Conclusion**:  
- Recommend categories from 2.: ['social']  
- Recommend All matched APIs in 3.: ['facebook-graph', 'twitter', 'linkedin']  
- Final recommended APIs: ['facebook-graph', 'linkedin', 'twitter']
./output/gpt/few_cot_infer/responses.json
データが保存されました: ./output/gpt/few_cot_infer/responses.json (キー: mashedin-1)
------------------------------
評価中のサービス: 1dollarthings.com
Iteration 1, Total call: 49
**Reasoning**:

1. **Identify Core Features**:
   - The service combines multiple online stores into one platform for bargain hunting.
   - It requires finding items under a specified price point.
   - The service is focused on product search, price comparison, and aggregating discounts.

2. **Identify Relevant API Categories**:
   - ecommerce: Primary category for accessing product catalogs, prices, offers, and search functionalities from online stores.
   - recommendations: Potentially useful for suggesting deals, related bargains, or popular items within the budget.
   - payments: Possibly relevant if the service facilitates transactions or integrates with checkout/payment processing.
   - search: Relevant for querying product listings efficiently, especially filtered by price.

3. **Match APIs from Relevant Categories**:

   - **ecommerce APIs**:
      - bolcom-open: Access to a wide product catalog with search and retrieval of product information.
      - shopify-admin: Robust e-commerce APIs for managing products and retrieving data from Shopify merchants.
      - amazon-product-advertising: Access Amazon's extensive product catalog including pricing and product details.
      - shoppingcom: Offers product catalogs with pricing from multiple merchants.
      - groupon: Provides daily deals which may be valuable in a bargain hunting context.
      - retailmenotcom-community-ideas: Offers coupons and discount data that can augment a bargain hunting experience.
      - wishpot-shopping: Provides wishlist, price tracking and social shopping features.
      - wishpot-shopping: Already considered above.
      - 8coupons: Access to deals and coupons from local merchants.
      - pricespin: Provides price comparison and product searching.
      - zazzle: Product customization marketplace with API access.
      - etsy: Marketplace focused on handmade goods, could add variety.
      - sears: Product catalog with pricing and availability.
      - winknpay: Not in the list, disregard.
      - walmart-open: Large product catalog including pricing and reviews.
      - amazon-fulfillment-web-service: Handling of order fulfillment for Amazon.
      - amazon-marketplace-web-service: Allows sellers to automate listings and orders.
      - amazon-shopping-search: Deprecated, skip.
      - shopzilla: Catalog API for product listings, merchant offers, and ratings.
      - ebay-shopping: Programmatic access to eBay listings.
      - ebay-finding: Search capability on eBay.
      - wishpot-shopping: Mentioned already.
      - nook: Not listed.
      - priceline: Not listed.
      - zappos: Product search, brands, reviews, and images.
      - direct-textbook: Specialized for textbooks, less relevant.
  
   - **recommendations APIs**:
      - yelp-fusion: Business and product recommendations based on user reviews.
      - trakt: Media recommendations, not relevant here.
      - rotten-tomatoes: Movie recommendations, not relevant.
      - songkick, jamendo, musiXmatch, spotify-web: Music-related, not relevant.
   
   - **search APIs**:
      - google-custom-search: General web and image search.
      - bing: General search, less product-specific.
      - yahoo-local-search: Includes business information, could be contextually useful.
      - primal: Interest graph-based content search.
      - vast: Web search, including jobs, cars, profiles.
      - tagoo: Audio/video search.
      - earth911-search: Specialized recycling directory.

   - **payments APIs** (less core, unless processing payments):
      - stripe, paypal, authorize.net, levelup, payment-vision-pay, authorizenet

4. **Select the Most Suitable APIs**:
   - The core requirement is to find bargain items across multiple online stores, so eCommerce category APIs that:  
     - Provide rich product catalogs  
     - Allow price filtering, search and retrieval of pricing data  
     - Support multiple merchants  
     are essential.
     
   - Among ecommerce APIs, the best suited are:  
     - amazon-product-advertising (large product database, pricing, and deals)  
     - bolcom-open (comprehensive product info)  
     - shoppingcom (product catalogs and merchant offers)  
     - groupon (daily deals and discounts)  
     - retailmenotcom-community-ideas (coupons and price discounts)  
     - 8coupons (local deals)  
     - zappos (detailed product info and reviews)  
     - walmart-open (large diverse product catalog)  
     - ebay-finding (major marketplace search)  
     - shopzilla (product and merchant offers and ratings)  
   
   - Recommendations category has less direct product search APIs; however, Yelp Fusion could supplement with store/business ratings, but it's not core for price filtering.

   - Payment APIs could be integrated later to handle checkout, but not essential for bargain searching itself.

   - Search category APIs provide general web/search capability but do not specialize in product price filtering and marketplace aggregation.

**Conclusion**:

- Recommend categories: ['ecommerce', 'recommendations', 'search']

- Recommend All matched APIs: ['amazon-product-advertising', 'bolcom-open', 'shoppingcom', 'groupon', 'retailmenotcom-community-ideas', '8coupons', 'zappos', 'walmart-open', 'ebay-finding', 'shopzilla', 'yelp-fusion', 'google-custom-search', 'bing', 'yahoo-local-search']

- Final recommended APIs: ['amazon-product-advertising', 'bolcom-open', 'shoppingcom', 'groupon', 'retailmenotcom-community-ideas', '8coupons', 'walmart-open', 'ebay-finding', 'shopzilla']

These APIs provide access to extensive product databases on multiple platforms, support pricing and deal filtering, and facilitate aggregation of bargain items under a price point, which fully aligns with the core requirement of 1dollarthings.com.
./output/gpt/few_cot_infer/responses.json
データが保存されました: ./output/gpt/few_cot_infer/responses.json (キー: 1dollarthings.com-1)
------------------------------
評価中のサービス: twitv
Iteration 1, Total call: 50
**Reasoning**:

1. **Identify Core Features**:
   - The app displays music videos for a cartoon character.
   - Videos are selected based on Twitter users’ listening activity.
   - Requires social media data analysis: monitoring Twitter user activity about music.
   - Requires access to music video content to play or fetch videos.
   - Possibly needs music metadata for searching or matching music mentioned on Twitter.

2. **Identify Relevant API Categories**:
   - social: To access Twitter data about what users are listening to.
   - music: To get music metadata, artists, tracks, and related data.
   - video: To fetch or embed music videos to be displayed.
   - search: May be useful for querying Twitter content or music content, though often covered by social/music.

3. **Match APIs from Relevant Categories**:
   - **social APIs**:
     - twitter-streaming: Allows high-throughput near real-time access to Twitter data, can filter tweets for music-related content.
     - tagalus: Access Twitter hashtags definitions, might help understanding trending music tags.
     - awesm: Harness social data for analyzing users and behavior.
     - what-trend: Focuses on trending terms on Twitter with explanations and related media, useful to identify popular music.
     - twitter-search: For searching tweets, including those about music (note: may be deprecated).
     - tumblr, facebook, google-plus also provide social data, but Twitter is most music-centric here.
   
   - **music APIs**:
     - spotify-web: Access music catalog data including artists, albums, tracks.
     - lastfm: Access to music metadata, user listening history, and scrobbling data.
     - musixmatch: Lyrics and music metadata.
     - jamendo, bandcamp, dance-tunes, blipfm, soundcloud, sonicapicom, musicbrainz, musiXmatch, idiomag, musikki-music, bandsintown, jambase, artistdata: Various music metadata and content providers.
   
   - **video APIs**:
     - youtube: Provides access to video search and playback including music videos.
     - vimeo: Video hosting for movies and music videos.
     - dailymotion: Video hosting platform with music video content.
     - brightcove: Video platform for hosting and distribution.
     - embedly: For embedding videos from multiple sources.
     - trailer-addict, iva-video: More entertainment video content providers.
   
4. **Select the Most Suitable APIs**:
   - For social data on Twitter listening activity:
     - **twitter-streaming**: Real-time access to tweets, ideal for tracking what users say they are listening to.
     - **what-trend**: Provides trending topics on Twitter with explanations, photos, and news which can help identify which music is popular now.
   
   - For music metadata and linking tweets to actual songs:
     - **lastfm**: Offers music metadata plus insight into what users listen to, which aligns well with the task.
     - **spotify-web**: Has a large music catalog to provide artist and track details.
   
   - For music video content:
     - **youtube**: Leading platform to retrieve and embed music videos.
     - **vimeo**: Secondary source for music videos.
   
   APIs like tagalus, awesm have some relevance but less direct for the core requirements.

**Conclusion**:  
- Recommend categories from 2.: ['social', 'music', 'video']  
- Recommend All matched APIs in 3.: ['twitter-streaming', 'what-trend', 'lastfm', 'spotify-web', 'youtube', 'vimeo']  
- Final recommended APIs: ['twitter-streaming', 'lastfm', 'youtube']
./output/gpt/few_cot_infer/responses.json
データが保存されました: ./output/gpt/few_cot_infer/responses.json (キー: twitv-1)
------------------------------
評価中のサービス: saveyourcall
Iteration 1, Total call: 51
**Reasoning**:

1. **Identify Core Features**:
   - Call Recording Service: The service needs to handle phone call recording.
   - Works with Any Phone: Compatibility includes both landlines and cell phones.
   - Uses Heroju and Twilio APIs: Integration with telephony services that handle VOIP, telephony, and call control.

2. **Identify Relevant API Categories**:
   - telephony: To manage voice calls, call recording, and telephony infrastructure integration.
   - messaging: (optional) May be useful if SMS or other messaging features are included, but not explicitly required here.

3. **Match APIs from Relevant Categories**:
   - **telephony APIs**:
       - twilio: Twilio provides extensive telephony APIs for voice calls, SMS, and crucially supports call recording. It is popular and robust with support for both mobile and landline phones.
       - heroju: Mentioned explicitly in requirements; must be telephony-related, presumably providing call recording and telephony features (assuming it aligns similarly to Twilio).
       - plum-fuse: Cloud-based telephony platform supporting IVR, outbound calling, and programmable voice applications including recording.
       - myvox: Voice-enable applications, supports call recording and telephony voice applications.
       - kookoo: Telephony API with voice and SMS capabilities.
       - opencnam: Caller ID information API, complementary but not handling call recording itself.
       - voxeo: SIP voice platform supporting call control, IVR and recording.
       - telapi: Telephony platform with voice and SMS capabilities, call management.
  
   Since the requirement explicitly states use of Heroju and Twilio, the primary focus will be on these two as the main providers.

4. **Select the Most Suitable APIs**:
   - Twilio: Industry standard for telephony, providing voice call handling and call recording support. Suitable for any phone type, cell phone or landline.
   - Heroju: By requirement, to be included for call recording service.
   - Additional telephony APIs like Plum Fuse, MyVox, KooKoo, Voxeo, and TelAPI are alternatives or complementary but not specified by requirement, so inclusion is optional.

**Conclusion**:
- Recommend categories from 2.: ['telephony']
- Recommend All matched APIs in 3.: ['twilio', 'heroju', 'plum-fuse', 'myvox', 'kookoo', 'opencnam', 'voxeo', 'telapi']
- Final recommended APIs: ['twilio', 'heroju']
./output/gpt/few_cot_infer/responses.json
データが保存されました: ./output/gpt/few_cot_infer/responses.json (キー: saveyourcall-1)
------------------------------
評価中のサービス: mosoto
Iteration 1, Total call: 52
**Reasoning**:

1. **Identify Core Features**:  
   - Social Sharing & Connecting: The service lets users share files and chat with Facebook friends. It also emphasizes discovery of people and media within the social network.  
   - Chatting: Real-time or near real-time communication is a core aspect.  
   - Media Sharing & Streaming: Sharing and streaming media (photos, videos, files) within the social context.  
   - Social Network Integration: Specifically mentions Facebook friends, so integration with Facebook’s social graph is important.  

2. **Identify Relevant API Categories**:  
   - social: For social network integration, accessing Facebook data, friends, posts, and general social graph.  
   - chat: To provide chat or messaging features between friends.  
   - file-sharing: To enable file uploads, downloads, and sharing functionality.  
   - media/photos/video: Since it includes sharing and streaming media, relevant APIs from these categories should be considered.

3. **Match APIs from Relevant Categories**:

   - **social APIs**:  
     - facebook: Primary social network mentioned; although the original Facebook API is deprecated, the Facebook Graph API (in its current forms) is the standard way to integrate social features related to Facebook friends, media, events, and posts.  
     - tagalus: Related to Twitter hashtags, less relevant here.  
     - foursquare: Primarily location check-ins, less relevant.  
     - plancast, launchrock, scoopit, twitter-streaming, etc. are less relevant since the focus is on Facebook.  
     - facebook-graph: Specific version of Facebook’s API for accessing social graph data, which seems a match here.

   - **chat APIs**:  
     - campfire: Realtime chat collaboration tool, but more enterprise-focused and not directly tied to social networks.  
     - mesibo-client-side & mesibo-server-side: Provide voice, video and text chat APIs usable for chat services.  
     - google-talk: XMPP-based chat service, but less relevant due to integration focus on Facebook.  
     - slack-related APIs: More enterprise-focused.  
     - pubnub & pusher: Real-time messaging services APIs that can be used to build chat features suited for social apps.  
     - Since Mosoto aims to integrate chat among friends, these real-time messaging APIs can complement or be the underlying technology.

   - **file-sharing APIs**:  
     - 4shared: Online storage and file sharing service; provides numerous methods including upload and download.  
     - mediafire: Cloud-based file storage and sharing; offers RESTful API access to files.  
     - dropbox: Popular cloud storage platform with file sharing capabilities.  
     - googledrive, sugarsync: Cloud storage platforms with APIs for file sharing.  
     - 4shared and mediafire APIs are suitable candidates for file-sharing features.

   - **media/photos/video APIs**:  
     - instagram-graph: Photo sharing and social media capabilities.  
     - flickr: Photo sharing and retrieval service.  
     - imgur: Photo sharing service supporting anonymous upload and OAuth.  
     - youtube: Video sharing and streaming platform API; useful for video content.  
     - vimeo: Video hosting and streaming API.  
     - giphy: GIF searching API, optional for rich media.  
     - Since Mosoto includes social streaming media, these APIs are relevant for integrating media content from popular platforms.

4. **Select the Most Suitable APIs**:  
   - **facebook (facebook-graph)**: Central to connecting with Facebook friends, sharing, and accessing the social graph; aligns exactly with the service’s social networking requirements.  
   - **mesibo (client and/or server side)**, **pubnub**, or **pusher**: For real-time chat functionality; among these, QuickBlox is also an option but not in the provided list. PubNub is well-known for easy integration and scalability.  
   - **mediafire** or **4shared**: For file sharing support within the application to upload/download files.  
   - **instagram-graph**, **flickr**, **imgur**: For photo sharing and social media streaming integration.  
   - **youtube** or **vimeo**: To support streaming video content within the platform.

**Conclusion**:  
- Recommend categories from 2.: ['social', 'chat', 'file-sharing', 'photos', 'video']  
- Recommend All matched APIs in 3.: ['facebook', 'facebook-graph', 'mesibo-client-side', 'mesibo-server-side', 'pubnub', 'pusher', '4shared', 'mediafire', 'dropbox', 'instagram-graph', 'flickr', 'imgur', 'youtube', 'vimeo']  
- Final recommended APIs: ['facebook', 'facebook-graph', 'pubnub', 'mediafire', 'instagram-graph', 'youtube']

These final APIs provide comprehensive coverage for social networking integration (Facebook), real-time chat (PubNub), file sharing (MediaFire), photo sharing (Instagram Graph), and video streaming (YouTube), directly supporting Mosoto's core features of sharing, chatting, and social streaming media among Facebook friends.
./output/gpt/few_cot_infer/responses.json
データが保存されました: ./output/gpt/few_cot_infer/responses.json (キー: mosoto-1)
------------------------------
評価中のサービス: tweeturmusic
Iteration 1, Total call: 53
**Reasoning**:

1. **Identify Core Features:**
   - Social Integration with Twitter: The service heavily relies on Twitter activity, requiring integration with Twitter’s API.
   - Music Playback and Catalog Access: The ability to play songs, access music metadata, and possibly get music recommendations or user playlists.
   - Mashup of Social and Music Data: Blend Twitter data with music playback, implying the need for retrieval and synchronization of social and music information.

2. **Identify Relevant API Categories:**
   - social: To access Twitter data, including tweets, users, and trending topics.
   - music: To access music catalogs, metadata, playlists, and playback capabilities.
   - recommendations (optional): For music recommendations based on user activity or preferences (if enhancing UX with recommendations).

3. **Match APIs from Relevant Categories:**

   - **social APIs:**
     - twitter (Note: The original Twitter API profile is deprecated but still relevant for conceptual understanding.)
     - twitter-streaming: To get real-time tweets which fit the idea of a live Twitter jukebox.
     - tagalus: Allows access to Twitter hashtags and their meanings, potentially useful for hashtag-based music selections.
     - plancast or other social APIs with Twitter data – but less direct than twitter or twitter-streaming.

   - **music APIs:**
     - playme: Directly mentioned in the requirement; provides access to a catalog of nearly 6 million songs with extensive integration support for playlists, playback, and music metadata.
     - lastfm: Popular music data API, provides access to scrobble data, playlists, and music metadata.
     - spotify-web: Allows access to Spotify’s vast music catalog, playlists, and user libraries (if augmenting beyond Play.me).
     - bandsintown, jamendo, blipfm: Various music sources with event and playlist data but not as relevant as playme.
  
   - **recommendations APIs:**
     - musikki-music or trakt.tv: To provide enhanced music recommendations if required.
     - yelp-fusion, rotten-tomatoes: Not relevant for music.
     - tagalus: Although social, it focuses on hashtag definitions but could augment discovery.

4. **Select the Most Suitable APIs:**
   - For social data, the **twitter-streaming** API is ideal to capture real-time tweet flows, crucial for an interactive, live Twitter jukebox.
   - The **playme** API is the perfect match for music catalog access and playback integration as it is explicitly mentioned.
   - For the social to music mashup, **tagalus** can add value by interpreting hashtags (possibly used to select songs) but is optional.
   - Additional social API alternatives like **twitter** could be considered but are less focused on live streaming.
   - No strong need for the broad music or recommendations APIs beyond playme unless expanding functionality.

**Conclusion**:

- Recommend categories from 2.: ['social', 'music', 'recommendations (optional)']
- Recommend All matched APIs in 3.: ['twitter-streaming', 'twitter', 'playme', 'tagalus', 'lastfm', 'spotify-web']
- Final recommended APIs: ['twitter-streaming', 'playme']

The final recommendation focuses on **twitter-streaming** for real-time tweets to trigger the jukebox and **playme** for music playback and metadata integration, directly fulfilling the mashup requirements. Optional additions like **tagalus** or **lastfm** could enhance hashtag understanding or music recommendations but are not essential.
./output/gpt/few_cot_infer/responses.json
データが保存されました: ./output/gpt/few_cot_infer/responses.json (キー: tweeturmusic-1)
------------------------------
評価中のサービス: google-analytics-and-box.net
Iteration 1, Total call: 54
**Reasoning**:

1. **Identify Core Features**:  
   The requirement is for a service that "Allows Box.net users to view analytics about files they have shared through Box." This involves:  
   - Content Management / Storage: Handling and accessing files stored by users.  
   - Analytics: Offering usage data, statistics, or insights about the shared files, such as views, downloads, sharing metrics, etc.

2. **Identify Relevant API Categories**:  
   Based on the above, the relevant categories from the available list would be:  
   - **storage**: Because Box.net is a cloud-based content storage and management platform.  
   - **analytics**: Since the requirement includes viewing analytics about files (sharing, usage, and related statistics).

3. **Match APIs from Each Category**:

   - **storage APIs**:  
     - **box**: Box is described as a modern content management platform transforming how organizations work and collaborate. The Box Platform provides content APIs to build secure content experiences in custom apps, delivering content management and collaboration services. This aligns closely with the requirement since Box.net users require access to files and sharing capabilities.  
     - Other storage APIs like Dropbox, Google Drive, SugarSync, Amazon S3 are related to storage but not specific to Box.net.

   - **analytics APIs**:  
     - There is no explicit mention of a Box.net analytics API in the list. But Box is a robust platform that provides various APIs and naturally may include analytics functionality.  
     - Other analytics APIs like Galileo, Mixpanel, Google Analytics, or Looker focus on broader web or app analytics — not file sharing analytics specifically tied to Box.  
     - Therefore, the best fit for analytics related to Box files would be Box's own API, assuming it supports analytics features as part of its platform.

4. **Select the Most Suitable APIs**:  
   - The **box** API is the clear match as it directly relates to Box.net content and user interactions. Given that Box.net itself provides collaboration and content management, it is reasonable that analytics about shared files would be accessible through their API.  
   - No separate dedicated analytics API for Box.net is available in the listed APIs.  
   - Thus, **box** is both the storage and analytics solution in this scenario.

**Conclusion**:  
- Recommend categories from 2.: ['storage', 'analytics']  
- Recommend All matched APIs in 3.: ['box']  
- Final recommended APIs: ['box']
./output/gpt/few_cot_infer/responses.json
データが保存されました: ./output/gpt/few_cot_infer/responses.json (キー: google-analytics-and-box.net-1)
------------------------------
評価中のサービス: surf-kultura
Iteration 1, Total call: 55
**Reasoning**:

1. **Identify Core Features**:
   - The mashup is a surfer blog, so it involves blogging and content management.
   - It includes a surf spot locator using Google Maps, so mapping functionality for geolocation and map display is required.
   - The use of Flickr API indicates integration with a photo-sharing service for surf spot images.
   - Overall, the service combines social content (blog), mapping, and photos.

2. **Identify Relevant API Categories**:
   - blogging: To manage or integrate the blogging platform and posts.
   - mapping: To incorporate the Google Maps API for surf spot location display.
   - photos: To leverage Flickr API for retrieving and showing photos of surf spots.

3. **Match APIs from Relevant Categories**:
   - blogging:
     - blogger: Manage and integrate blogging content with Google-owned Blogger platform.
     - wordpresscom: API for hosted WordPress blogs.
     - disqus: For blog comments management.
     - tumblr: Another blogging platform API.
   - mapping:
     - google-maps-places: Returns info about places, points of interest via coordinates, suitable for surf spot locations.
     - google-geocoding: For converting addresses or place names to geographic coordinates.
     - google-maps: (Deprecated, but historically used for maps embedding).
     - bing-maps: Alternative mapping API.
   - photos:
     - flickr: Flickr API allows searching, retrieving, and managing photos, ideal for surf spot images.
     - instagram-graph: Another photo-sharing platform, but specifically for Instagram.
     - pixabay-free-images: Free photos, but less suitable since spawn blog likely uses Flickr.
 
4. **Select the Most Suitable APIs**:
   - For blogging: The user wants a surfer blog, so wordpresscom or blogger are top blogging platforms. Blogger is Google’s own and well-integrated with Google services, but WordPress.com is more popular for varied blogging. Since no specific blogging platform is mentioned, we can recommend blogger and wordpresscom.
   - For mapping: Use google-maps-places API to locate and display surf spots on the map. The core Google Maps API is deprecated and split into services; Google Maps Places API is ideal for accessing surf spot data.
   - For photos: Flickr API is specified, so it is the best match for surf spot images.

**Conclusion**:
- Recommend categories from 2.: ['blogging', 'mapping', 'photos']
- Recommend All matched APIs in 3.: ['blogger', 'wordpresscom', 'disqus', 'tumblr', 'google-maps-places', 'google-geocoding', 'bing-maps', 'flickr', 'instagram-graph', 'pixabay-free-images']
- Final recommended APIs: ['blogger', 'google-maps-places', 'flickr']
./output/gpt/few_cot_infer/responses.json
データが保存されました: ./output/gpt/few_cot_infer/responses.json (キー: surf-kultura-1)
------------------------------
評価中のサービス: e-hotelbase.com
Iteration 1, Total call: 56
**Reasoning**:

1. **Identify Core Features**:  
   - The mashup involves displaying more than 30,000 hotels on a map, so **mapping** is essential to plot hotel locations.  
   - The requirement for "Panoramic street view" points specifically to the inclusion of street-level imagery integrated with maps, indicating support for **photos** or **street view** type APIs.  
   - The hotels data source is "Hotel Club," implying a need for an **ecommerce** or **booking** API category that provides hotel information.  
   - "Google Maps" and "Street Cities" are mentioned as APIs used to view locations and panoramic views.

2. **Identify Relevant API Categories**:  
   - **mapping**: For rendering maps and hotel location markers.  
   - **photos**: To enable panoramic street view images at hotel locations.  
   - **booking** or **ecommerce**: To handle hotel data and hotel booking information (Hotel Club likely fits here).  

3. **Match APIs from Relevant Categories**:  

   - **mapping APIs**:  
       - **bing-maps**, **bing-maps-search**, **google-maps-elevation**, **google-maps-geocoding**, **mapquest**, **mapbox**, **bing-maps-routes**, **google-maps** (though deprecated), **arcweb**, **google-maps-places** (for place information), **google-maps-geolocation** (for positioning), **google-static-maps**, **google-street-view-image** (for panoramic street view).  
       - "Street Cities" API is not explicitly listed but is mentioned in requirements; since it's unavailable here, substitute with Google Maps APIs providing street view.

   - **photos APIs**:  
       - **google-street-view-image**: directly provides panoramic street view images.  
       - Possibly **flickr**, **instagram-graph**, and **pixabay-free-images** for supplemental photos, though street view specifics make google-street-view-image most relevant.

   - **booking / ecommerce APIs** (to provide hotel data):  
       - **kounta** (payments/retail POS, unlikely relevant for hotel data).  
       - **easytobook** (travel/booking) — supports hotel searching and booking; no explicit mention of Hotel Club but fits the function.  
       - **bolcom-open** (ecommerce retail).  
       - **bookingcom-content** (booking) provides access to hotel listings and related booking data; this seems directly relevant.  
       - **viator** (travel/tours, possibly less relevant for hotel data).  
       - **sabre-0** (travel GDS, comprehensive but complex).  
       - However, "Hotel Club" API itself is not listed — but **bookingcom-content** is the closest related hotel booking API.

4. **Select the Most Suitable APIs**:  
   - For the **mapping** component, **bing-maps** or **google-maps** (noting Google Maps is deprecated but used in requirement) with **google-street-view-image** for panoramic views fits well.  
   - For **hotel data**, **bookingcom-content** API is suitable as it provides rich hotel listing and booking data.  
   - Including **google-maps-places** API would also help enrich map data if needed for places and detailed location info.  
   - Since the requirement specifically mentions Google Maps and Street Cities, and Google Street View is available via **google-street-view-image**, these should be included.  

**Conclusion**:  
- Recommend categories from 2.: ['mapping', 'photos', 'booking']  
- Recommend All matched APIs in 3.: ['bing-maps', 'google-maps-places', 'google-street-view-image', 'bookingcom-content', 'google-maps']  
- Final recommended APIs: ['google-maps-places', 'google-street-view-image', 'bookingcom-content']  

**Notes**:  
- Although **bing-maps** is a strong mapping API, since the requirement specifies Google Maps and panoramic street view, Google’s APIs are more appropriate here.  
- "Google Maps" API is deprecated, but the related APIs such as google-maps-places and google-street-view-image are the current relevant APIs.  
- The "Street Cities" API is not present in the available list, so replaced by Google Street View API.  
- The "Hotel Club" API is mentioned but not available; we substitute with bookingcom-content API as a comparable hotel data source.
./output/gpt/few_cot_infer/responses.json
データが保存されました: ./output/gpt/few_cot_infer/responses.json (キー: e-hotelbase.com-1)
------------------------------
評価中のサービス: worlds-fastest-elevators
Iteration 1, Total call: 57
**Reasoning**:

1. **Identify Core Features**:  
   - The mashup is focused on presenting "the ten fastest elevators in the world" found in "some of the tallest buildings in the world". This requires:  
     * Data on skyscrapers/buildings (names, height, location, elevator specifications).  
     * Possibly reference information about each building to give context or details.  
   - The mashup also wants to "integrate YouTube videos of the buildings", which means:  
     * Integration with a video API that allows searching or embedding videos on YouTube related to buildings or elevators.  
   
2. **Identify Relevant API Categories**:  
   - **reference**: For accessing detailed information about buildings or elevators, perhaps via encyclopedic or structured data sources.  
   - **video**: To access YouTube videos or similar video content on the buildings or elevators.  
   - **search**: Possibly useful if we want to perform a custom search for buildings or elevator info, but since the requirement is specific and mentioning buildings known for fast elevators, reference APIs suffice.  
   - An optional category: **mapping** in case there is a need to show building locations on a map, but this is not explicitly required.  
   
3. **Match APIs from Relevant Categories**:  
   - **reference APIs**:  
     - *esv-bible-lookup* (irrelevant)  
     - *wikipedia*: The Wikipedia API is very useful; it provides extensive data on buildings (including detailed articles on skyscrapers and their features like elevators).  
     - *wikilocation*: Can search Wikipedia articles by location; could help find building data via geocoded Wikipedia entries.  
     - *geonames*: Provides information about place names, but probably limited on elevator-specific data.  
     - *amazonca*, *crunchbase*, *dbpedia*, *wordnik* etc. are not particularly relevant for buildings and elevators.  
   - **video APIs**:  
     - *youtube*: The YouTube Data API allows searching for videos related to specific keywords (like building names) and embedding videos, perfect for integrating videos of buildings.  
     - *vimeo*, *dailymotion*, *brightcove*: Also video APIs, but YouTube is the most popular and contains vast amounts of content on buildings and elevators.  
   - **mapping APIs**: Optional, since locations were not explicitly requested, but some APIs like *bing-maps-search* or *google-maps-places* exist if location data is desired.  
   
4. **Select the Most Suitable APIs**:  
   - For detailed and structured info about buildings and elevators: The *wikipedia* API is the best reference API.  
   - For video content of buildings and elevators: The *youtube* API is the best choice due to its broad content and popularity.  
   - Mapping APIs are not necessary unless adding geographic visualization, which is not part of the stated requirements.  
   
**Conclusion**:  
- Recommend categories from 2.: ['reference', 'video']  
- Recommend All matched APIs in 3.: ['wikipedia', 'wikilocation', 'youtube', 'vimeo', 'dailymotion', 'brightcove']  
- Final recommended APIs: ['wikipedia', 'youtube']
./output/gpt/few_cot_infer/responses.json
データが保存されました: ./output/gpt/few_cot_infer/responses.json (キー: worlds-fastest-elevators-1)
------------------------------
評価中のサービス: weather-web-app
Iteration 1, Total call: 58
**Reasoning**:

1. **Identify Core Features**:  
   - Display current weather: The core functionality is obtaining real-time weather data based on a user's location.  
   - Show an image taken near user's location: The app also needs to display an image that represents the weather or surroundings near the user’s location.

2. **Identify Relevant API Categories**:  
   - weather: To fetch current weather conditions for the user’s geolocation.  
   - photos (or images): To retrieve images related to the user’s location, preferably geotagged, to display as a visual representation of the current area or weather context.

3. **Match APIs from Relevant Categories**:  

   - **weather APIs**:  
     - aerisweather: Provides weather advisories, forecasts, geographic locations, and storm reports with JSON responses.  
     - norway-weather: Offers weather forecasts globally with a focus on Norway; provides English forecasts for many places worldwide.  
     - national-weather-service-ndfd: NOAA’s National Weather Service digital forecast database offering forecast, weather watches/warnings, and current observations.  
     - openweathermap: Provides current and historical weather data with RESTful JSON responses (note that this specific API is deprecated, replaced by newer OpenWeatherMap APIs, but may still be usable).  
     - aerisweather and national-weather-service-ndfd offer rich weather data and are suitable for current weather display.  
   
   - **photos / images APIs**:  
     - flickr: Provides access to millions of geotagged photos and videos, suitable for retrieving images near a specific location.  
     - pixabay-free-images: Large database of high quality photos, searchable and accessible via REST, with JSON responses.  
     - google-street-view-image: Provides Street View images for a given location, ideal for visual context near the user’s geolocation.  
     - panoramio (deprecated): Previously provided geolocated photos but has been deprecated.  
     - instagram-graph: Access user photos and photos shared on Instagram, including location information if available.  
     - flickr and google-street-view-image are especially suitable for geolocated image retrieval near a user’s location.  

4. **Select the Most Suitable APIs**:  
   - For weather: AerisWeather API is a robust choice providing a wide range of weather data with global coverage, JSON responses, and detailed reports suitable for a weather app. National Weather Service NDFD is excellent for U.S. locations but may be limited internationally.  
   - For images: Flickr provides a rich set of geotagged photos worldwide and a RESTful API with flexible search options, making it a strong choice to retrieve images near user location. Google Street View Image API is excellent for panoramic imagery at precise coordinates, which complements weather data by showing nearby scenes.

**Conclusion**:  
- Recommend categories from 2.: ['weather', 'photos']  
- Recommend All matched APIs in 3.: ['aerisweather', 'national-weather-service-ndfd', 'flickr', 'google-street-view-image', 'pixabay-free-images', 'instagram-graph']  
- Final recommended APIs: ['aerisweather', 'flickr', 'google-street-view-image']
./output/gpt/few_cot_infer/responses.json
データが保存されました: ./output/gpt/few_cot_infer/responses.json (キー: weather-web-app-1)
------------------------------
評価中のサービス: raddio.tk
Iteration 1, Total call: 59
**Reasoning**:

1. **Identify Core Features**:  
   - Raddio.tk is an HTML5 experimental music player.  
   - It uses the Jamendo API to load songs based on selected tags by users.  
   - The service targets user-selected tags to load music, implying music search and retrieval.  
   - The player needs to integrate with audio streaming or music data APIs.

2. **Identify Relevant API Categories**:  
   - music: Because it deals with playing music and needs music content and metadata.  
   - photos (optional): Sometimes music services also provide album art or images, but this is secondary and not specifically mentioned here.

3. **Match APIs from Relevant Categories**:  
   - **music APIs**:  
     - jamendo: This API offers access to Jamendo's extensive archive of music including albums, artists, tracks, playlists, and reviews via RESTful calls in XML or JSON. This matches directly since the requirement states the player uses Jamendo API.  
     - lastfm: Provides music data including artists, albums, playlists, events, and user info. Could be supplementary but doesn’t align directly with Jamendo usage.  
     - spotify-web: Provides artist, album and track data, and user-related data. Relevant generally, but not mentioned or needed here.  
     - musixmatch: Provides song lyrics and metadata, not directly necessary here.  
     - bandsintown, soundcloud, musicbrainz, etc. — All music-related but not directly matching the given requirement of Jamendo-based music loading.

4. **Select the Most Suitable APIs**:  
   - jamendo: This is the exact match referenced in the requirement. It provides all the music data needed for loading songs based on user selected tags in Raddio.tk.  
   - Optionally, one might consider lastfm or spotify-web for extended features but for the stated scenario and requirement Jamendo API is the core and only necessary API.

**Conclusion**:  
- Recommend categories from 2.: ['music']  
- Recommend All matched APIs in 3.: ['jamendo', 'lastfm', 'spotify-web', 'musixmatch']  
- Final recommended APIs: ['jamendo']
./output/gpt/few_cot_infer/responses.json
データが保存されました: ./output/gpt/few_cot_infer/responses.json (キー: raddio.tk-1)
------------------------------
評価中のサービス: careersix
Iteration 1, Total call: 60
**Reasoning**:

1. **Identify Core Features**:  
   The mashup requires functionality to search for jobs by city name and display these jobs on a map using Google Maps. Essential features are:  
   - Job search capability with city name as a query parameter.  
   - Mapping/geolocation capabilities to display job locations on a map.  

2. **Identify Relevant API Categories**:  
   - **jobs**: For accessing job search data and listings.  
   - **mapping**: To integrate maps and geolocation services for translating city names to map locations and plotting jobs.  

3. **Match APIs from Relevant Categories**:  
   - **jobs APIs**:  
     - **indeed**: A job search engine API allowing search by keywords, locations, companies, industries, etc. Good for searching jobs by city.  

   - **mapping APIs**:  
     - **google-maps**: Although marked deprecated, it’s the standard for web mapping and aligns with Google Maps requirements in the mashup.  
     - **bing-maps-search**: Allows mapping search queries and retrieval of location-based data.  
     - **google-geocoding**: Converts addresses or place names (like city names) into geographic coordinates to plot on maps.  
     - **google-maps-places**: Provides information about places including geographic locations.  
     - **google-maps-geolocation**: Locates device based on cell/WiFi, less relevant for city-based search but may complement.  
     - **mapquest** / **mapquest-geocoding**: Provides mapping and geocoding services, alternative to Google’s.  

4. **Select the Most Suitable APIs**:  
   - **indeed**: Best suited for job search by city name; the core data provider for job listings.  
   - **google-geocoding**: To convert city names or addresses to geographic coordinates needed to place jobs accurately on the map.  
   - **google-maps**: For embedding and displaying Google Maps, visualizing job locations through markers or pins.  

Other mapping APIs are alternatives but Google Maps and Google Geocoding provide the most seamless integration with the Google Maps user experience desired. Bing Maps Search could be used if alternative map source is preferred but is less aligned with the "Google Maps" mashup requirement.

**Conclusion**:  
- Recommend categories from 2.: ['jobs', 'mapping']  
- Recommend All matched APIs in 3.: ['indeed', 'google-maps', 'google-geocoding', 'bing-maps-search', 'google-maps-places', 'mapquest', 'mapquest-geocoding']  
- Final recommended APIs: ['indeed', 'google-geocoding', 'google-maps']
./output/gpt/few_cot_infer/responses.json
データが保存されました: ./output/gpt/few_cot_infer/responses.json (キー: careersix-1)
------------------------------
評価中のサービス: jobs-assistant
Iteration 1, Total call: 61
**Reasoning**:

1. **Identify Core Features**:  
   - Job Search: The main function is to allow users to find job listings.  
   - Mapping & Location Visualization: Use of Google Maps to display the location of the employer.  
   - Social Networking Integration: Use LinkedIn to see contacts working at the job location to leverage professional connections.  
   - Salary Analysis: Use Payscale data to display current salary info by job category for informed decision-making.

2. **Identify Relevant API Categories**:  
   - travel / geography / mapping: for Google Maps integration to show employer locations. Category closest and most relevant is **mapping**.  
   - social: to integrate LinkedIn functionality for contact connections relevant to jobs.  
   - jobs: for job search functionalities and listing jobs.  
   - reference / financial: to get salary analysis data like Payscale – could fall under **reference** or **financial** but likely **reference** as it involves salary data lookups.

3. **Match APIs from Relevant Categories**:  
   - **mapping**:  
     - bing-maps-search (mapping): supports mapping-related search queries and showing location results.  
     - google-maps-places (mapping): Google Maps Places API to get location info by latitude/longitude, could be used for displaying employer locations.  
     - mapquest, google-geocoding, bing-maps, google-maps, etc. are other options but google-maps-places best aligns with the requirement for Google Maps integration.  

   - **social**:  
     - linkedin: Provides access to people, companies, jobs, and connections with proper authentication. Perfect for checking contacts working at job locations.  
     - facebook, foursquare, twitter, others are less relevant for professional contacts per the requirement.  

   - **jobs**:  
     - careerjet: Job search engine API supporting job listings by keywords, locations, companies, etc. Matches perfectly the job search engine requirement.  
     - indeed: Another job search engine API providing job listings; also highly relevant.  
     - others are not available in this list or less relevant.  

   - **reference** (for salary analysis):  
     The user's requirement is Payscale but Payscale API is not listed. Looking for APIs providing salary or compensation data:  
     - none explicitly mention Payscale or direct salary APIs.  
     - However, "payscale" or salary info APIs are not listed; hence, a good approximate choice is not available.  
     - Possibly use LinkedIn job data or third-party sources if allowed, but in this case we must limit to available APIs only.  
     - Alternatively, the **reference** category may include APIs like **crunchbase** or **amazonca**, but they do not offer salary data. Hence, no direct match for salary analysis API is available.

4. **Select the Most Suitable APIs**:  
   - For job search: **careerjet** is chosen because it supports job search by various criteria and is dedicated to jobs.  
   - For mapping: **google-maps-places** best supports Google Maps and detailed location information of employers.  
   - For social networking and contacts: **linkedin** API is the best fit for connecting job listings with contacts at employer locations.  
   - For salary data: Since Payscale API is not listed, we cannot recommend any API in this category from given data.

**Conclusion**:  
- Recommend categories from 2.: ['jobs', 'mapping', 'social']  
- Recommend All matched APIs in 3.: ['careerjet', 'google-maps-places', 'linkedin']  
- Final recommended APIs: ['careerjet', 'google-maps-places', 'linkedin']
./output/gpt/few_cot_infer/responses.json
データが保存されました: ./output/gpt/few_cot_infer/responses.json (キー: jobs-assistant-1)
------------------------------
評価中のサービス: trivop.com
Iteration 1, Total call: 62
**Reasoning**:

1. **Identify Core Features**:  
   - Video Guide: Hosting and streaming videos related to hotels.  
   - Hotel Search: Searching hotels with filters or location.  
   - Map Integration: Display hotel locations using Google Maps or similar mapping tools.  
   - Video Storage: Storing video content, preferably scalable cloud storage (Amazon S3).  

2. **Identify Relevant API Categories**:  
   - video: For managing video content and streaming capabilities.  
   - travel: For hotel search and travel-related information.  
   - mapping: For integration with maps to show hotel locations.  
   - storage: For managing video files storage in the cloud (Amazon S3).  

3. **Match APIs from Relevant Categories**:  
   - **video APIs**:  
     - youtube: Allows video hosting and streaming, but the requirement is Amazon S3 for storage, so this may be less relevant for storage. Still useful for video integration.  
     - vimeo: Same as YouTube, focused on video hosting; less relevant for direct S3 storage.  
     - brightcove: Enterprise video platform, good for video management but no explicit mention of Amazon S3.  
     - stupeflix: Automated video generation and editing—less relevant.  
     - framey: Video recording on websites, less relevant here.  

   - **travel APIs**:  
     - amadeus: Offers hotel and flight search capabilities.  
     - easytobook: SOAP API for hotel search and booking.  
     - travel-iq: Offers hotel booking and search services.  
     - sabre-0: Comprehensive travel marketplace with hotel data.  
     - viator: Tour and activities information, less focused on hotels.  
     - hotel-related APIs are primarily amadeus, easytobook, sabre, and travel-iq.  

   - **mapping APIs**:  
     - google-maps-places: Provides place information, search, photos, autocomplete—ideal for hotels.  
     - bing-maps, mapquest, google-maps-geocoding: General mapping and geocoding services.  
     - google-maps: Deprecated but components exist; Google Maps APIs are preferred.  

   - **storage APIs**:  
     - amazon-s3: Cloud storage platform for objects like videos, ideal for storing hotel guide videos.  
     - dropbox, sugarsync, rackspace-cloud-files, digitalocean: Cloud storage but Amazon S3 is directly mentioned, thus best choice.  

4. **Select the Most Suitable APIs**:  
   - For Video Storage: **amazon-s3** is the clear choice as the requirement explicitly mentions Amazon S3 for video storage.  
   - For Hotel Search: **amadeus** API provides rich hotel search and booking capabilities and is widely used. Alternatively, **easytobook** and **sabre-0** are also strong candidates, but Amadeus is a leading comprehensive travel API.  
   - For Map Integration: **google-maps-places** API offers detailed place information, autocomplete for search, photos, and map integration, aligning nicely with hotel searches and display.  
   - Video Hosting/Playback: Since video files are stored on Amazon S3, integrating them directly is typical. If additional player or streaming service needed, could consider **brightcove** or **youtube**, but it’s optional and not explicitly required.  

**Conclusion**:  
- Recommend categories from 2.: ['video', 'travel', 'mapping', 'storage']  
- Recommend All matched APIs in 3.: ['amazon-s3', 'amadeus', 'easytobook', 'sabre-0', 'travel-iq', 'google-maps-places', 'youtube', 'brightcove']  
- Final recommended APIs: ['amazon-s3', 'amadeus', 'google-maps-places']
./output/gpt/few_cot_infer/responses.json
データが保存されました: ./output/gpt/few_cot_infer/responses.json (キー: trivop.com-1)
------------------------------
評価中のサービス: instascriber
Iteration 1, Total call: 63
**Reasoning**:

1. **Identify Core Features**:
   - Subscription to RSS feeds: The service must support accessing and managing RSS feeds.
   - Automatic addition to Instapaper: New items from feeds should be automatically added to Instapaper.
   - Authentication: The user needs to login using Instapaper credentials.
   - Integration between RSS feed reading and Instapaper bookmarking.

2. **Identify Relevant API Categories**:
   - bookmarks: Instapaper is a bookmarking service, and managing bookmarks aligns with this category.
   - blogging / feeds: Since RSS feeds are related to blogs and feed data, APIs in this category will be useful for managing and subscribing to RSS feeds.
   - email and messaging are not relevant here.
   - authentication could be relevant for login, but specifically for Instapaper, the main API functionalities are in the bookmarks category.
   - tools or other categories are not directly relevant based on the requirements.

3. **Match APIs from Relevant Categories**:
   
   - **bookmarks**:
     - Instapaper API: It explicitly allows applications to interact with Instapaper, including adding URLs to Instapaper, which is core to the requirement of automatically adding new RSS feed items.
     - Pocket API: another bookmarking service (though not mentioned in requirements, but similar).
     - Zotero, Delicious-0, Readability, Pocket, Instapaper APIs are available. Instapaper API directly matches.

   - **blogging / feeds**:
     - feedly: RSS and blog-feed reader with API to access RSS subscriptions, retrieve feed items, and manage user info.
     - bloglines: Online RSS feed service; can access subscription lists and unread blog items.
     - weblogs: Handles feed pings, but not full feed management.
     - The combination of Instapaper and feedly APIs can facilitate subscribing to feeds and pushing new items to Instapaper.

4. **Select the Most Suitable APIs**:
   - Instapaper: Essential for managing Instapaper bookmarks and adding new items.
   - feedly: Ideal for managing RSS feeds and retrieving new published items.
   - bloglines: Alternate to feedly but feedly is a more modern and widely used service.

**Conclusion**:
- Recommend categories from 2.: ['bookmarks', 'feeds']
- Recommend All matched APIs in 3.: ['instapaper', 'feedly', 'bloglines']
- Final recommended APIs: ['instapaper', 'feedly']
./output/gpt/few_cot_infer/responses.json
データが保存されました: ./output/gpt/few_cot_infer/responses.json (キー: instascriber-1)
------------------------------
評価中のサービス: clismap
Iteration 1, Total call: 64
**Reasoning**:

1. **Identify Core Features**:  
   - Clinical trials search and retrieval: The service’s main function is to find clinical trials, requiring access to clinical trial data.  
   - Location information: Some trials have location info to be displayed or used, though not all, requiring geolocation or mapping capabilities to show physical locations accurately.  
   - Data completeness and reliability: Recognizing that location data may not always be available or geocodable, so data sources should be reliable and possibly include metadata about each trial.

2. **Identify Relevant API Categories**:  
   - medical: Directly relevant for accessing clinical trial or health-related data.  
   - mapping: Useful for geocoding and mapping the locations of clinical trials that provide location data.

3. **Match APIs from Relevant Categories**:

   - **medical APIs**:  
     - nhs: Provides health-related content and organization data, likely including clinical information from the UK’s health service. Might have clinical trial information or references though not explicitly specified.  
     - national-library-medicine-dirline: Provides access to medical and health resources and databases, including research resources and projects. Could include clinical trial information or be a source of clinical data.  
     - healthfindergov: Government health agency API with content about healthy living and medical information, but may have less focus on clinical trials.  
   
   - **mapping APIs**:  
     - bing-maps-search: For mapping locations, could help with locating clinical trial sites.  
     - google-geocoding: Converts addresses from clinical trial location info into coordinates for mapping.  
     - mapquest-geocoding: Alternative geocoding API service.  
     - google-maps-places or bing-maps-locations: For mapping places related to clinical trial sites.  
     - geonames: Offers place names, postal codes, and geographical data useful for location disambiguation and mapping.  

4. **Select the Most Suitable APIs**:  
   - Since the requirement is to find clinical trials, **national-library-medicine-dirline** stands out as a specialized, comprehensive medical directory API likely covering clinical trial resources.  
   - For mapping and geocoding clinical trial locations, **google-geocoding** is a robust and widely used API for converting addresses to map coordinates. It supports partial data and is reliable for geocoding use cases.  
   - Alternatively, **bing-maps-search** can serve both as mapping and as a search API to enrich location data or map clinical trial places.  
   - The **nhs** API might add useful UK health-related context or trials but is less central than National Library Medicine.  
   
**Conclusion**:  
- Recommend categories from 2.: ['medical', 'mapping']  
- Recommend All matched APIs in 3.: ['nhs', 'national-library-medicine-dirline', 'healthfindergov', 'bing-maps-search', 'google-geocoding', 'mapquest-geocoding', 'bing-maps-locations', 'geonames']  
- Final recommended APIs: ['national-library-medicine-dirline', 'google-geocoding', 'bing-maps-search']
./output/gpt/few_cot_infer/responses.json
データが保存されました: ./output/gpt/few_cot_infer/responses.json (キー: clismap-1)
------------------------------
評価中のサービス: myshopping-facebook
Iteration 1, Total call: 65
**Reasoning**:

1. **Identify Core Features**:
   - Social Connectivity: MyShopping connects users (friends, co-workers, family) on Facebook, emphasizing social interaction.
   - Shopping Activities: Managing, sharing, or collaborating on daily shopping tasks or lists.
   - Integration with Facebook: The app uses Facebook platform features for interaction.
   
2. **Identify Relevant API Categories**:
   - social: to handle Facebook social functionalities, friend connections, sharing, and interaction.
   - ecommerce: since the application deals with shopping activities, likely involving product data, wishlists, and shopping management.
   
3. **Match APIs from Relevant Categories**:
   - **social APIs**:
       - facebook: provides the platform to connect users, friends, and groups on Facebook, offering social graph, profile data, sharing, and interaction capabilities.
       - tagalus: deals with social tags and Twitter hashtags, less relevant here compared to Facebook.
       - plancast, nationbuilder, scoopit, twitter-streaming, linkedin, google-plus, vk, tumblr, instagram-graph, addthis-services, and others are social but Facebook is the direct and primary platform for this case.

   - **ecommerce APIs**:
       - shopify-admin: e-commerce platform APIs useful for product management and orders, but more for merchants.
       - amazon-product-advertising: access to a large catalog of products for shopping recommendations.
       - bolcom-open: online retailer catalog from the Netherlands.
       - wishpot-shopping: for wishlist and price tracking, relevant to shopping lists and sharing.
       - shoppingcom: product catalog and merchant offers.
       - retailmenotcom-community-ideas: deal and coupon sharing.
       - zappos: product search and review.
       - etsy: online marketplace.
       - others like bigcommerce, magento-soap, walmart-open, ebay-product-services, etc., focus on e-commerce platforms but less social interaction.

4. **Select the Most Suitable APIs**:
   - facebook: Because MyShopping is a Facebook application emphasizing connection and sharing, Facebook API is essential.
   - wishpot-shopping: Offers wishlist and price tracking features that fit well with daily shopping activities and social sharing.
   - amazon-product-advertising: As it provides access to a comprehensive product catalog helpful for shopping recommendations.
   
**Conclusion**:
- Recommend categories from 2.: ['social', 'ecommerce']
- Recommend All matched APIs in 3.: ['facebook', 'wishpot-shopping', 'amazon-product-advertising', 'shopify-admin', 'bolcom-open', 'shoppingcom', 'retailmenotcom-community-ideas', 'zappos', 'etsy']
- Final recommended APIs: ['facebook', 'wishpot-shopping', 'amazon-product-advertising']
./output/gpt/few_cot_infer/responses.json
データが保存されました: ./output/gpt/few_cot_infer/responses.json (キー: myshopping-facebook-1)
------------------------------
評価中のサービス: mailmaps-email-marketing
Iteration 1, Total call: 66
**Reasoning**:

1. **Identify Core Features**:  
   - Email marketing: The main functionality is marketing using email, which involves sending bulk email campaigns to prospects, contacts, and customers.  
   - Bulk email alternatives: The platform specifically serves both modest and large companies with bulk email options, implying scalability and campaign management.  
   - Target users: Business owners interested in email promotion and outreach.

2. **Identify Relevant API Categories**:  
   - email: This category is directly relevant because the requirement focuses on email marketing and bulk email sending services.  
   - marketing: This category is relevant because email marketing services typically overlap with marketing functionalities such as campaign management, analytics, and outreach tools.  

3. **Match APIs from Relevant Categories**:

   - **email APIs**:  
     - Mailjet: Cloud-hosted email platform with capabilities to create/send email newsletters, track transactional emails, and analytics. Supports email campaigns and contact management, fitting marketing and bulk email needs.  
     - Mailgun: Email management API that supports sending automated emails, tracking, email analytics, and real-time notifications. Widely used for transactional and bulk email.  
     - SendGrid: Cloud-based email API that supports email sending, analytics, and scales with demand, often used for marketing and transactional emails.  
     - Campaign Monitor: API to interact with a well-known email marketing service, supporting sending custom campaigns, managing subscribers, and syncing data.  
     - Amazon SES: Cloud-based email sending service facilitating both bulk and transactional email with pay-as-you-go pricing.  
     - Constant Contact: Email marketing API specialized on managing contacts, lists, and campaign results — focused on email marketing needs.  

   - **marketing APIs**:  
     - Yahoo-Search-Marketing: Campaign and report management in advertising, but more geared towards search marketing than email marketing.  
     - Enthusem: Offline to online marketing platform focused on print mail, less relevant here.  
     - Mozscape, Google AdWords, Google AdSense, zanox, Prosperent: All focused on advertising, SEO, or affiliate marketing, not specifically on email marketing.  

4. **Select the Most Suitable APIs**:  
   Given the focus on email marketing and bulk email alternatives, and broad applicability to small and large businesses, the best match will be the email marketing APIs that support both campaign sending and analytics.  

   Thus, the best-suited are:  
   - Mailjet: Strong feature set for email marketing and bulk email with campaign support.  
   - SendGrid: Very popular and scalable email API for marketing and transactional emails.  
   - Campaign Monitor: Focused on email marketing campaigns, subscriber and list management.  
   - Mailgun: Flexible email sending, includes tracking and analytics.  
   - Constant Contact: Focused fully on email marketing, handling contacts and campaign data.  
   - Amazon SES: Scalable and cost-effective bulk email sending option.

**Conclusion**:  
- Recommend categories from 2.: ['email', 'marketing']  
- Recommend All matched APIs in 3.: ['mailjet', 'mailgun', 'sendgrid', 'campaign-monitor', 'amazon-ses', 'constant-contact']  
- Final recommended APIs: ['mailjet', 'sendgrid', 'campaign-monitor', 'mailgun', 'constant-contact', 'amazon-ses']
./output/gpt/few_cot_infer/responses.json
データが保存されました: ./output/gpt/few_cot_infer/responses.json (キー: mailmaps-email-marketing-1)
------------------------------
評価中のサービス: map-your-list-0
Iteration 1, Total call: 67
**Reasoning**:

1. **Identify Core Features**:  
   The mashup service requires the ability to:
   - Convert lists of locations or points into maps.
   - Add annotations (markers, labels, popups) on those maps.
   - Share or export the generated maps in various formats (possibly images, interactive embeddable maps, or downloadable files).

2. **Identify Relevant API Categories**:  
   Based on the core features, relevant categories are:
   - **mapping**: Primary category for APIs that deal with maps, geolocation, annotations, and exporting map data.
   - Possibly **tools** if the API includes utilities for exporting or advanced map manipulations beyond basic rendering or if conversion utilities are needed.

3. **Match APIs from Relevant Categories**:

   From the **mapping** category:

   - **bing-maps**: RESTful Services for maps that include geocoding, routing, and map imagery. Capable of adding pushpins, labels, and can return maps with overlays. It supports various formats and customization.
   - **google-maps-places**: Provides place information, search, and autocomplete but not explicitly map rendering or export.
   - **scribble-maps**: A map drawing and sharing platform with API access to display maps, get images of maps, and share them. Scribble Maps explicitly mentions drawing, saving, and sharing maps which aligns well with requirements for annotations and exporting maps.
   - **mapbox**: Open-source mapping tools offering interactive map creation and hosting, suitable for embedding and sharing rich maps with annotations.
   - **mapquest**: Provides extensive mapping solutions including directions, search, and embedding with support for routes and markers.
   - **bing-maps-geocode-dataflow**: Focused on batch geocoding large data sets, not directly on annotations or exporting maps.
   - **bayesian** (not listed here), not applicable.
   - **openlayers**: JavaScript library for dynamic maps with support for vectors and markers, suitable for embedding, user annotation, and interaction; but it is a client-side library rather than a web service API.
   - **google-maps-geolocation & google-geocoding**: Provide geolocation and address-to-coordinate conversions but do not provide map rendering or exporting.
   - **google-static-maps**: Allows embedding static map images but with limited annotation capabilities.
   - **bing-maps-locations**: Focuses on location info and geocoding, not full map rendering or exporting.
   - **mapquest-open-directions**: Focused on routing rather than map annotation/export.
   - **google-maps** (legacy): Broad mapping API, but deprecated and split into multiple services.

   From the **tools** category:
   - No specific tools APIs in this list mention exporting maps or converting lists explicitly to maps. Most tools APIs focus on developer aids, error monitoring, JSON processing, or chat.

   Therefore, the best API candidates come from the **mapping** category, especially those offering both the ability to create maps from data, add annotations, and offer exporting/sharing features.

4. **Select the Most Suitable APIs**:

   - **scribble-maps**: Because it explicitly supports map drawing, saving, sharing, and retrieving images of the maps. Perfect for converting lists to maps with annotations and sharing/exporting functionality.
   - **bing-maps**: Because it provides comprehensive mapping SDK and REST services, allowing adding pushpins, labels, routes, and various overlays. It can generate map images and supports customizable maps that can be used in sharing/exporting.
   - **mapbox**: Open source and widely used mapping platform with powerful APIs to create interactive and customizable maps. Supports annotations, embedding, and sharing maps.
   - **mapquest**: A mature platform offering mapping, routing, and map creation services, supporting annotations and embedding maps.
   - **openlayers**: Although primarily a client-side JavaScript library, its flexibility and open-source nature make it a strong candidate for embeddable, annotated maps, but it requires integration into web applications rather than a REST API.

**Conclusion**:

- Recommend categories from 2.: ['mapping']  
- Recommend All matched APIs in 3.: ['bing-maps', 'scribble-maps', 'mapbox', 'mapquest', 'openlayers']  
- Final recommended APIs: ['scribble-maps', 'bing-maps', 'mapbox', 'mapquest']  

OpenLayers is powerful but is a client-side library rather than a typical API and might require more developer effort. The other four provide RESTful APIs or web services that support the key requirements of converting lists to maps, annotating, and exporting/sharing maps effectively.
./output/gpt/few_cot_infer/responses.json
データが保存されました: ./output/gpt/few_cot_infer/responses.json (キー: map-your-list-0-1)
------------------------------
評価中のサービス: places-near-me
Iteration 1, Total call: 68
**Reasoning**:

1. Identify Core Features:  
   - The primary feature is to take a user’s location and find nearby places of interest, such as gas stations, restaurants, hotels, and hospitals. This requires capabilities for accurate geolocation and nearby place searches.  
   - Types of places must be diverse, covering multiple categories such as hospitality, fuel, healthcare, and dining.  
   - The service must return relevant place details including names, addresses, potentially ratings or categories.  
   - The application likely requires realtime or near realtime results and should support queries filtered by place type or category.

2. Identify Relevant API Categories:  
   - **mapping**: For geolocation services, mapping capabilities, and place search functionalities.  
   - **recommendations**: Some “places near me” APIs also provide recommendations or ratings for places which enhance user experience.  
   - **location**: Useful for resolving user location or enhancing location data.  

3. Match APIs from Relevant Categories:  

   - **mapping APIs**:  
     - **bing-maps-search**: Allows parsing mapping-related search queries with filters such as property name, neighborhood, rating, etc. Supports SOAP and XML, suitable for place searching.  
     - **google-maps-places**: Provides detailed place information, including establishments and geographic locations. Supports keyword search, place details, photos, autocomplete, and uses JSON/XML formats.  
     - **bing-maps-locations**: Can retrieve location info based on map coordinates, postal codes, or addresses, useful for geocoding or retrieving place coordinates.  
     - **ip2location**: Can provide geographic coordinates from IP addresses, useful for inferring user location if GPS or direct coordinates aren't available.  
     - **mapquest**: Provides mapping, directions, geocoding, and search capabilities including places.  
     - **foursquare**: Provides rich location-based info about venues, including photos, check-ins, which can complement basic mapping with social data about places.  

   - **recommendations APIs**:  
     - **yelp-fusion**: Offers business reviews, ratings, and local business search results, ideal to provide user-centric recommendations for nearby restaurants, hotels, etc.  
     - **qype**: Provides database of reviews and ratings for local businesses in multiple languages.  
     - **rotten-tomatoes** (less relevant here, since it's for movies).  

   - **location APIs**:  
     - **ipinfoio-ip-geolocation**: Returns location of IP addresses.  
     - **geoloqi**: Provides platform for real-time mobile locations.  
     - **ip2location**: as above.  

4. Select the Most Suitable APIs:  
   - The core requirement is finding nearby places by a user’s location effectively:  
     - **google-maps-places** stands out as it explicitly provides rich place search, categorization, detailed info, and place photos. This is key for “places near me”.  
     - **bing-maps-search** also provides similar place search features with multiple filters.  
     - **foursquare** complements by providing venue popularity, photos, and social check-in data – valuable for user experience.  
     - **ip2location** and **ipinfoio-ip-geolocation** can be useful auxiliaries to obtain user location when coordinates are not directly available.  
     - **yelp-fusion** is excellent for recommending businesses and retrieving ratings and reviews about those places, adding recommendation value.  
   
   Other mapping APIs like MapQuest are good but are overlapped by the above more popular and feature-rich services.  

**Conclusion**:  
- Recommend categories from 2.: ['mapping', 'recommendations', 'location']  
- Recommend All matched APIs in 3.: ['bing-maps-search', 'google-maps-places', 'bing-maps-locations', 'ip2location', 'foursquare', 'yelp-fusion', 'ipinfoio-ip-geolocation']  
- Final recommended APIs: ['google-maps-places', 'bing-maps-search', 'foursquare', 'yelp-fusion', 'ip2location']
./output/gpt/few_cot_infer/responses.json
データが保存されました: ./output/gpt/few_cot_infer/responses.json (キー: places-near-me-1)
------------------------------
評価中のサービス: mod9.tv
Iteration 1, Total call: 69
**Reasoning**:

1. **Identify Core Features**:
   - The requirement is to share an online video link via SMS.
   - Recipients receive the SMS and can listen to the audio by either dialing the sender’s number or replying to trigger a callback.
   - This implies capabilities for SMS messaging, telephony (handling calls and callbacks), and integration with media content (video link).

2. **Identify Relevant API Categories**:
   - **messaging**: To send SMS messages containing the video link.
   - **telephony**: To manage voice calls, allow recipients to dial in, and provide callback capabilities.
   - **video** or **media**: For possible integration or metadata access of online video content, although primary need is for sending the link, not processing the video itself.

3. **Match APIs from Relevant Categories**:

   - **messaging APIs**:
     - `twilio-sms`: Provides SMS sending and receiving capabilities robustly, with RESTful API.
     - `clockwork-sms`: SMS gateway API for sending messages, including bulk SMS.
     - `vonage-nexmo-sms`: Another full-featured SMS API supporting inbound and outbound SMS.
     - `amazon-sns`: Supports notifications and SMS sending.
     - `postalmethods`: Postal gateway (physical mail), less relevant here.
     - `business-alerts`: Desktop alerts and notifications, not mobile SMS.

   - **telephony APIs**:
     - `twilio`: Offers complete voice and SMS API, supports voice calls, call management, call-backs, IVR, etc.
     - `plum-fuse`: Cloud-based voice application platform supporting IVR, outbound calling, call routing.
     - `telapi`: Cloud telephony API supporting voice and SMS, call management.
     - `spokeo`: Not in the list, ignore.
     - `opencnam`: Provides Caller ID info, useful adjunct but not core.
     - `kookoo`: Telephony API for voice and SMS, including call control.
     - `hoiio-voice`: Voice API with call making and IVR.
     - `myvox`: Voice-enabling applications.
     - `spore`: Game API; irrelevant.
     - `spokenbuzz`: Provides voice messaging service with call-back capabilities; allows making requests to initiate calls and playing voice messages.
   
   - **video APIs (optional)**:
     - `youtube`: Powerful video platform API, but not strictly required here.
     - `vimeo`: Video hosting and delivery API.
     - `brightcove`: Video media API.
     - Since the requirement is just to send an online video link, video API integration is likely not critical.

4. **Select Most Suitable APIs**:

   - For messaging and call management combined, **Twilio** stands out due to:
     - Support for sending and receiving SMS
     - Control over voice calls including callbacks, conferencing, and IVR
     - Scalable and well-documented API enabling integration of message sending and call handling in one platform

   - For SMS only, alternatives exist (Clockwork SMS, Vonage Nexmo SMS), but Twilio’s full telephony support is better for managing call-backs and voice calls.

   - **SpokenBuzz** also stands out because it allows initiating calls and voice messaging via API and returning a playback URL, matching the callback and audio playback requirement.

   - For pure video APIs, since the requirement is to share a link and not manipulate video content, no video API is essential.

**Conclusion**:

- Recommend categories from 2.: ['messaging', 'telephony']
- Recommend All matched APIs in 3.: ['twilio', 'twilio-sms', 'clockwork-sms', 'vonage-nexmo-sms', 'amazon-sns', 'plum-fuse', 'telapi', 'kookoo', 'hoiio-voice', 'myvox', 'spokenbuzz']
- Final recommended APIs: ['twilio', 'spokenbuzz']

**Reasoning for final selection**:
- **Twilio** provides a unified and comprehensive platform to send SMS messages containing video links and manage voice call callbacks, including inbound and outbound calls. Its established infrastructure and extensive features make it the primary recommendation.
- **SpokenBuzz** is a strong supplementary API that specifically supports calling a user back to listen to audio messages associated with a phone call, aligning closely with the requirement of recipients calling back or replying to receive a call.
./output/gpt/few_cot_infer/responses.json
データが保存されました: ./output/gpt/few_cot_infer/responses.json (キー: mod9.tv-1)
------------------------------
評価中のサービス: quickresu.me
Iteration 1, Total call: 70
**Reasoning**:

1. **Identify Core Features**:
   - The service aims to create mobile resumes linked to QR codes.
   - Generating and managing resumes digitally.
   - Providing a unique QR code for each resume that can be scanned for quick access.
   - Likely involves storing or hosting resume data and images or documents.
   - Possibly sharing or social features to distribute the resumes easily.

2. **Identify Relevant API Categories**:
   - **url-shortener**: To create short and unique URLs, which can then be converted into QR codes to link to resumes.
   - **storage**: To store resume data, documents, or images securely and make them accessible via a URL.
   - **qr-code** or **barcode** (not explicitly listed here, but url-shortener APIs are often used in conjunction with QR codes).
   - **content** or **documents** could be relevant if managing resume content programmatically.
   - **personal-information-management**: To manage personal data related to resumes.
   - **authentication** or **security** could be needed if users have accounts, but not explicitly mentioned in the requirements.

3. **Match APIs from Relevant Categories**:

   Among available categories and APIs, these are relevant:

   - **url-shortener**:
     - bitly: widely used API for shortening URLs, ideal for generating short links for mobile resumes that can be encoded in QR codes.
     - short-and-tweet: creates short URLs and tweets them; less general but could be combined.
   
   - **storage**:
     - google-drive: cloud based storage for files (could be used to store resumes or documents).
     - dropbox: similar cloud storage and file sharing.
     - amazon-s3: scalable storage platform for documents.
     - sugarsync: online file storage and syncing.
     - mediafire, 4shared: file-sharing services to store resumes.

   - **personal-information-management**:
     - evernote: for managing notes, could be used to store text-based resumes.
     - windows-live-contacts: for managing contact info, possibly useful for resume details.

   - **content** and **document-related**:
     - pdf-generator: can create PDF documents programmatically; useful to generate resumes as PDFs.
     - scribd-platform: document processing and embedding, potentially useful.
   
   - **qr-code**: No direct QR code API available in the listed APIs, but URL shorteners fulfill the core need of producing QR-linkable short URLs.

4. **Select the Most Suitable APIs**:

   - **bitly** (Category: url-shortener): To generate short URLs easily shareable and scannable via QR codes.
   - **pdf-generator** (Category: pdf): To generate PDFs of the resumes from content dynamically.
   - **google-drive** (Category: storage): To store and serve resumes and associated media.
   - **dropbox** (Category: storage): Alternate or additional cloud storage option.
   - Optionally, **evernote** (Category: personal-information-management) if note-based resumes or integration with note apps is needed.

**Conclusion**:

- Recommend categories from 2.: ['url-shortener', 'storage', 'pdf', 'personal-information-management']
- Recommend All matched APIs in 3.: ['bitly', 'short-and-tweet', 'google-drive', 'dropbox', 'amazon-s3', 'sugarsync', 'pdf-generator', 'scribd-platform', 'evernote', 'windows-live-contacts']
- Final recommended APIs: ['bitly', 'pdf-generator', 'google-drive', 'dropbox']
./output/gpt/few_cot_infer/responses.json
データが保存されました: ./output/gpt/few_cot_infer/responses.json (キー: quickresu.me-1)
------------------------------
評価中のサービス: usa-name-data-bigquery-public-dataset
Iteration 1, Total call: 71
**Reasoning**:

1. **Identify Core Features**:  
   - The mashup involves exploring a public dataset (Google BitQuery's USA Names public dataset).  
   - The key functionality required is data visualization, specifically embedding Looker visualizations into a third-party website.  

2. **Identify Relevant API Categories**:  
   - Since the focus is on using Looker visualization tools to explore and display data, the relevant category is **analytics**, as Looker is an analytics platform.  
   - Additionally, since the data is from Google BitQuery's public dataset, which implies a large data platform or database access, a **database** or **data-as-a-service** category might be relevant. However, as the dataset is specifically used through Looker’s visualization, direct data API access may not be needed.  
   - No direct API for Google BitQuery dataset was provided in the available APIs, so the focus remains on Looker for data visualization.  

3. **Match APIs from Relevant Categories**:  
   - **analytics**:  
     - Looker: The Looker RESTful API integrates data analytics for business services via reports and dashboards, perfect for embedding visualizations. It supports HTTP requests, JSON responses, and includes SDKs for interaction. This matches the requirement for embedding Looker visualizations.  
   - **database** or **data-as-a-service**:  
     - Zoominfo (data-as-a-service): Provides access to verified B2B data and advanced search tools. But this is unrelated to Google BitQuery and USA Names dataset.  
     - Google BigQuery is known in the industry for big data queries, but the API here (Google BigQuery) supports SQL-like queries on large datasets; however this API was not listed as available here. Only Looker is the Analytics API mentioned that fits the description.  

4. **Select the Most Suitable APIs**:  
   - Given the requirement to use Looker visualizations embedded in a third-party site, the **Looker API** is the most pertinent. It provides the means to integrate Looker's reports and dashboards, which align perfectly with the requirement.  
   - No direct API for Google BitQuery’s dataset was present in the list, so direct data access is presumably handled inside Looker platform, and the mashup is focusing on embedding/looker visualization integration.  

**Conclusion**:  
- Recommend categories from 2.: ['analytics']  
- Recommend All matched APIs in 3.: ['looker']  
- Final recommended APIs: ['looker']
./output/gpt/few_cot_infer/responses.json
データが保存されました: ./output/gpt/few_cot_infer/responses.json (キー: usa-name-data-bigquery-public-dataset-1)
------------------------------
評価中のサービス: jacktracker-24
Iteration 1, Total call: 72
**Reasoning**:

1. **Identify Core Features**:
   - Follow a TV Show: The mashup is centered on the TV show "24," so it needs access to rich data such as images, plot details, episode information, and possibly cast or crew data.
   - Incorporate Images: The app should embed images related to the show (such as episode stills, cast photos, promotional images).
   - Discussion Boards: There are discussion boards connected to "waypoints" (likely scene locations or episode markers), allowing user interaction and comments.
   
2. **Identify Relevant API Categories**:
   - video: For TV show metadata, episode guides, plot details, and media related to the TV show.
   - photos: To retrieve images related to the TV show and its episodes.
   - social: To incorporate discussion boards and social interaction features around the waypoints.
   - wiki: As an alternative or supplement, to provide detailed textual plot information from collaborative knowledge bases.

3. **Match APIs from Relevant Categories**:
   - **video APIs**:
     - thetvdbcom: Community driven TV show database with episode guides and metadata. Provides RESTful API with XML; aligns well for show "24" details.
     - imdb (though not in the list) is a common option, but not listed here.
     - roku-web-service: More for streaming and device control, less about show details.
     - ivi, not in the list; so thetvdbcom is the obvious pick.
   - **photos APIs**:
     - flickr: Large photo repository that can provide images tagged by show/episode.
     - instagram-graph: For photos, but more user-generated; may be less directly suited.
   - **social APIs**:
     - plancast: Event sharing/social interaction, but probably not discussion boards.
     - tagalus: Deals with Twitter hashtags.
     - scoopit: Content curation platform, possible but indirect.
     - facebook-graph: Social network API, possible for discussion groups.
     - discourse or forums APIs are not explicitly listed.
     - No direct "discussion board" API listed but "social" category is best fit.
   - **wiki APIs**:
     - wikipedia: Access to detailed plot summary and episode info for "24".
     - dbpedia: Structured semantic data from Wikipedia.
     - wikilocation: Location data for Wikipedia entries; possibly related if "waypoints" correspond to locations.
   
4. **Select Most Suitable APIs**:
   - thetvdbcom: Best suited for TV show episode data, plot details, and metadata on "24."
   - flickr: To provide access to images related to the show.
   - wikipedia: For detailed plot, character, and background info.
   - social: Facebook Graph API or similar to enable discussion boards, but Facebook Graph API is discontinued according to the list but is historically relevant and may still be considered.
   
Given the Wayfaring.com discussion boards seem a core part, but no direct API from Wayfaring or forums is listed; social category APIs like Facebook Graph or Scoop.it might be leveraged.

**Conclusion**:  
- Recommend categories from 2.: ['video', 'photos', 'social', 'wiki']  
- Recommend All matched APIs in 3.: ['thetvdbcom', 'flickr', 'wikipedia', 'facebook-graph', 'scoopit']  
- Final recommended APIs: ['thetvdbcom', 'flickr', 'wikipedia', 'facebook-graph']
./output/gpt/few_cot_infer/responses.json
データが保存されました: ./output/gpt/few_cot_infer/responses.json (キー: jacktracker-24-1)
------------------------------
評価中のサービス: keeptherecord
Iteration 1, Total call: 73
**Reasoning**:

1. **Identify Core Features**:
   - Instant Online Conference Call: The system should allow users to quickly initiate conference calls with multiple participants (up to 10).
   - Multi-Participant VOIP Calls: Supports multiple participants connected in a single call.
   - Call Recording: The system records the conference call and makes the recordings available to participants.
   - Easy Access/One Click: UX entails easy, fast initiation of calls and access to recordings.
   - Integration: The platform likely needs telephony and voice APIs that support conference calling with recording capabilities.

2. **Identify Relevant API Categories**:
   - **telephony**: For VOIP call handling, conference call management, call recording, call control, and telephony features.
   - **voice**: For managing voice data, possibly including recording, playback, and voice call services.
   - Possibly **messaging** (less likely here) but the focus is strongly on telephony and voice rather than SMS.

3. **Match APIs from Relevant Categories**:

   - **telephony APIs**:
     - **twilio**: Twilio offers scalable, reliable voice and SMS communication APIs, including conferencing and call recording functionality. Twilio supports multi-party calls and recording which fits the requirement perfectly.
     - **plum-fuse**: Provides a programmable telephony platform supporting IVR, outbound calling, and call recording ability. It targets advanced voice applications that can be adapted for conference calls with recordings.
     - **myvox**: Voice-enabling applications; may include call handling but less specialized in conference calls and recording.
     - **opencnam**: Provides caller ID information; complementary but not core to call/conference management.
     - **kookoo**: Provides telephony API with capabilities including outbound calls and IVR but likely less mature for conference call recording.
     - **voxeo**: SIP voice platform API with IVR, call control, recording capabilities.
     - **telapi**: Voice and SMS API, supports call and recording management suitable for conference call apps.
     - **spokenbuzz**: Provides call initiation and voice message recording; partial fit.
   
   - **voice APIs**:
     - **google-assistant**: More about voice commands and device voice control; not a direct fit.
     - No other voice APIs specifically targeted at conferencing and recording from available list.

4. **Select the Most Suitable APIs**:
   - **Twilio** stands out as the most suitable API because:
     - It explicitly supports multi-party conference calling.
     - Supports call recording with easy retrieval.
     - Has a hosted cloud infrastructure and simple API.
     - Well-documented and widely used for these use cases.
   
   - **Plum-Fuse** is also suitable since it provides programmable telephony and supports call recording and IVR, which can be used to implement conference calls.

   - **TelAPI** would be suitable as well for voice and SMS call management with recording features.

   - **Voxeo** is an option for voice platform services offering call recording, IVR, and conferencing.

   - Other telephony APIs (MyVox, Kookoo, SpokenBuzz) provide some relevant features but are less comprehensive or popular for this use case.

**Conclusion**:
- Recommend categories from 2.: ['telephony', 'voice']
- Recommend All matched APIs in 3.: ['twilio', 'plum-fuse', 'myvox', 'opencnam', 'kookoo', 'voxeo', 'telapi', 'spokenbuzz']
- Final recommended APIs: ['twilio', 'plum-fuse', 'telapi']
./output/gpt/few_cot_infer/responses.json
データが保存されました: ./output/gpt/few_cot_infer/responses.json (キー: keeptherecord-1)
------------------------------
評価中のサービス: groupme
Iteration 1, Total call: 74
**Reasoning**:

1. **Infer Core Functionalities**:  
   The requirements specify "Real-time group communications" that work over SMS, web browsers, and smartphone apps. This implies the mashup service needs to support:  
   - Real-time messaging and chat features.  
   - Group chat or multi-party messaging capabilities.  
   - Cross-platform messaging including SMS and internet-based messaging (web/smartphone apps).  
   
2. **Identify Relevant API Categories**:  
   Given the communication needs, the key API categories will be:  
   - **messaging**: To handle SMS messaging including sending, receiving, and managing messages.  
   - **chat**: For real-time chat functionalities including group chat over web and mobile.  
   - **telephony**: Since SMS is part of telephony infrastructure, APIs that integrate SMS and voice messaging are relevant.  
   
3. **Match APIs from Each Category**:  
   - **messaging** APIs:  
     - **twilio-sms**: Cloud communications platform providing SMS messaging APIs with tracking and message history features.  
     - **pubnub**: Real-time messaging service with push message capabilities on multiple devices, suitable for high-message-volume applications.  
     - **sms**: A REST interface using SMPP for sending SMS messages globally, supports bulk services, email-to-SMS etc.  
     - **vonage-nexmo-sms**: SMS services API for sending and receiving SMS through Nexmo infrastructure.  
     - **business-alerts**: Provides desktop, inbox, and mobile instant alerts, could be useful for real-time notifications.  
     - **postalmethods**: Postal gateway for sending letters and postcards (less relevant since focus is on SMS/web).  

   - **chat** APIs:  
     - **mesibo-server-side**: Real-time communication API for chat, voice, video, group messaging.  
     - **mesibo-client-side**: Client-side SDK for real-time chat and calls on multiple platforms (iOS, Android, web).  
     - **campfire**: Real-time chat collaboration tool offering chat rooms and file sharing.  
     - **hipchat**: Instant messaging service for companies and teams with chat rooms and file sharing.  
     - **google-talk**: Online chat service supporting XMPP protocol for chat clients.  

   - **telephony** APIs:  
     - **twilio**: Includes voice and SMS APIs, highly scalable with voice and messaging integration.  
     - **plum-fuse**: Visual voice application and programmable platform supporting IVR, outbound calling and voice messaging.  
     - **telapi**: Platform for telephony including voice and SMS features.  
     - **hoiio-voice**: API offering global telephony and SMS services with virtual numbers and IVR.  
     - **kookoo**: Telephony applications including placing and receiving calls, sending SMS, IVRs.  
     - **myvox**: Voice-enable applications, good for handling calls.  
     - **opencnam**: Provides caller ID info, useful for call-related features.  
     - **spokenbuzz**: Voice portal for voicemail, call forwarding, recording calls.  
     - **tropo-scripting**: Provides voice, SMS, IM integration using web technologies.  
     - **handset-detection**: Mobile phone database via REST API (more for phone info, less on messaging).  

4. **Select and Recommend APIs**:  
   - From **messaging** category, **twilio-sms** is highly suitable because it provides flexible SMS messaging infrastructure supporting real-time interaction and cross-device messaging.  
   - From **chat** category, **mesibo-server-side** stands out because it offers real-time chat, voice, video, group messaging, and multi-platform support including web and smartphones.  
   - From **telephony** category, **twilio** is again a strong choice because it complements the SMS API with voice and other telephony features, offering a unified communications platform.  

   Other messaging APIs like **pubnub** are viable alternatives for real-time messaging but focus more on pub/sub message streaming and less on native SMS integration.  

**Conclusion**:  
- Recommend categories from 2.: ['messaging', 'chat', 'telephony']  
- Recommend All matched APIs in 3.: ['twilio-sms', 'pubnub', 'sms', 'vonage-nexmo-sms', 'business-alerts', 'mesibo-server-side', 'mesibo-client-side', 'campfire', 'hipchat', 'google-talk', 'twilio', 'plum-fuse', 'telapi', 'hoiio-voice', 'kookoo', 'myvox', 'opencnam', 'spokenbuzz', 'tropo-scripting']  
- Final recommended APIs: ['twilio-sms', 'mesibo-server-side', 'twilio']
./output/gpt/few_cot_infer/responses.json
データが保存されました: ./output/gpt/few_cot_infer/responses.json (キー: groupme-1)
------------------------------
評価中のサービス: funny-vines-thebestvines.tv
Iteration 1, Total call: 75
**Reasoning**:

1. **Identify Core Features**:  
   The mashup is focused on aggregating Vine videos from around the world and enabling users to search for new videos they have not seen yet. The core functionalities include:  
   - Video content aggregation and search capability  
   - Access to a broad range of video media from diverse locations globally  
   - Possibly providing video playback, metadata retrieval, and categorization  

2. **Identify Relevant API Categories**:  
   Given the focus on video aggregation and search, the categories involved are likely:  
   - video: for accessing and managing video content and metadata, supporting search and playback  
   - search: to enable search functionalities within the video content, such as keyword or tag based search  
   - social (optional): as Vine originally is a social video sharing service, social APIs might provide added user context or social metadata, but since the description focuses on video aggregation and search, this is less central.

3. **Match APIs from Relevant Categories**:  
   Looking into the available APIs in the video and search categories:  

   - **video APIs**:  
     - youtube: Offers capabilities to search for videos worldwide, retrieve standard feeds, related content, and upload videos.  
     - vimeo: Video hosting and playback platform API.  
     - brightcove: Professional video library and hosting API.  
     - dailymotion: Large video platform API, for uploading, sharing and playing content.  
     - trailer-addict: Focused on movie trailers.  
     - iva-video: Entertainment video metadata and promotional video assets.  
     - stupeflix: Automated video generation API.  
     - embedly: Aggregates embedding codes and metadata for videos among other rich content.

   - **search APIs**:  
     - giphy: Search engine for GIF animations (less relevant to videos).  
     - primal: Content finding and filtering service based on interest graphs.  
     - google-custom-search: Web and image search capability.  
     - bing: Web search, images, videos, stories and more.  
     - tagoo: Audio and video search with customization features.  
     - vast: Web-wide video search engine.  
     - open-movie-database: Movie information with search features.  
     - yahoo-local-search: Local business and content search.  
     - twitter-search: Twitter-based search service (archived).  
     - earth911-search: Specialized in recycling directory.  
     - semrush: SEO and marketing search and data tool.  
     - yelp-fusion: Local business and reviews search.

4. **Select the Most Suitable APIs**:  
   Since the mashup aggregates Vine videos from around the world, and Vine is a short-form video social platform, the best alternative is to choose APIs providing broad video search and aggregation across multiple providers. Vine’s own API is not listed, likely defunct or unavailable. Therefore, practical substitutes include:  

   - **youtube**: The largest video platform, with extensive search APIs and worldwide video content. The YouTube Data API allows searching videos globally and retrieving video metadata and playback.  
   - **dailymotion**: Another large video platform with an API supporting video search and playback.  
   - **embedly**: Useful for aggregating embeddable video content from various sources, potentially including Vine crossposts or similar short-form videos.  
   - **vast**: A web crawler-based video search engine that can complement video aggregation with specialized video search data across the web.  

   The search APIs focused on video, such as vast and tagoo, provide supplemental or alternative search functionalities. Giphy is GIF-only and not primarily for videos, so less relevant here.  

**Conclusion**:  
- Recommend categories from 2.: ['video', 'search']  
- Recommend All matched APIs in 3.: ['youtube', 'dailymotion', 'embedly', 'vast']  
- Final recommended APIs: ['youtube', 'dailymotion', 'embedly', 'vast']
./output/gpt/few_cot_infer/responses.json
データが保存されました: ./output/gpt/few_cot_infer/responses.json (キー: funny-vines-thebestvines.tv-1)
------------------------------
評価中のサービス: everygain-translator
Iteration 1, Total call: 76
**Reasoning**:

1. **Identify Core Features**:  
   - The service is a browser extension for Firefox and Chrome, enabling users to translate any text anywhere on the web.  
   - Supports translation on social networks (Twitter, Facebook) and forums with one-click translation without selecting text.  
   - It functions also as a bookmarklet for ease of access.  
   - Core functionalities include language detection, text translation, and integration with social platforms.

2. **Identify Relevant API Categories**:  
   - **translation**: Primary feature is translating web text content dynamically.  
   - **social**: Since it supports Twitter, Facebook, and forums, social APIs can provide integration capabilities or support for these platforms.  
   - **tools**: Extensions and bookmarklets are developer tools; APIs offering translation services or enhancing browser tool capabilities fit here.

3. **Match APIs from Relevant Categories**:  
   - **translation APIs**:  
     - *microsoft-translator*: Cloud based machine translation API supporting 60+ languages, good for real-time text translation on web content.  
     - *bing-translator*: Microsoft Translator service offering translation via REST or SOAP protocols.  
     - *google-cloud-translation*: Google’s machine translation API supporting many languages, with advanced features like glossaries and batch requests.  
     - *gengo-human-translation*: Supports human translation with API access, more for higher quality translation when automated might fall short.

   - **social APIs**:  
     - *facebook-graph*: Access Facebook data and user info, useful for integration to translate Facebook content reliably.  
     - *twitter*: Twitter API (though now deprecated and split), was used for accessing tweets which could be translated.  
     - *google-plus*: Access Google+ content publicly (read-only) for possible translation support.  
     - *tagalus*: Defines Twitter hashtags, potentially to help understand or enrich Twitter content before translation.  
     - *tumblr*, *vk*, *meetup*, *plancast*: Other social platforms with APIs but less directly relevant for translation.  

   - **tools APIs**:  
     - *bing-translator*: Listed under tools as well, supporting translation needs.  
     - *bing-translator* fits both translation and tools category, relevant for integrating translation capabilities.  
     - *google-closure-compiler*: For optimizing JavaScript code in the browser extension.  
     - *datumbox*: Offers machine learning including language detection; may assist in automatic language recognition.  
     - *bing-translator* is the best overlap.  

4. **Select the Most Suitable APIs**:  
   - For core translation functionality, *microsoft-translator*, *bing-translator*, and *google-cloud-translation* are highly suitable as they provide robust real-time translation services suitable for browser extensions and bookmarklets.  
   - Because the extension supports Facebook and Twitter, *facebook-graph* API can be used to better access Facebook content for translation in compliance with privacy and platform rules. Twitter API is deprecated but formerly useful; due to lack of active Twitter API here, we consider facebook-graph the more relevant social API.  
   - *bing-translator* appears in tools and translation categories and offers RESTful and SOAP support, making it versatile for integration.  
   - For language detection, *datumbox* or features within *microsoft-translator* and *google-cloud-translation* can be used, but not strictly necessary to include separately given their built-in capabilities.  

**Conclusion**:

- Recommend categories from 2.: ['translation', 'social', 'tools']  
- Recommend All matched APIs in 3.: ['microsoft-translator', 'bing-translator', 'google-cloud-translation', 'facebook-graph', 'bing-translator']  
- Final recommended APIs: ['microsoft-translator', 'bing-translator', 'google-cloud-translation', 'facebook-graph']
./output/gpt/few_cot_infer/responses.json
データが保存されました: ./output/gpt/few_cot_infer/responses.json (キー: everygain-translator-1)
------------------------------
評価中のサービス: flexijourney-travel
Iteration 1, Total call: 77
**Reasoning**:

1. **Identify Core Features**:  
   - Travel information: The mashup requires comprehensive travel data, such as locations, attractions, and related content.  
   - Interactive map: Visualizing travel destinations interactively on a map is fundamental.  
   - Photos: To enrich the travel experience, access to relevant images is essential.  
   - Travel videos: Videos help create immersive virtual journeys.  
   - Custom search engine: Searching travel-related content effectively within the app is crucial.  
   - Virtual journey creation: Combining multimedia and data in an integrated way for immersive exploration.

2. **Identify Relevant API Categories**:  
   - travel: For travel-specific data including locations, flights, hotels, tours, and related travel content.  
   - mapping: Needed for interactive maps and geospatial data integration.  
   - photos: To provide high quality images relevant to travel destinations.  
   - video: To incorporate travel-related videos for rich media experience.  
   - search: To implement custom search capabilities related to travel content.

3. **Match APIs from Relevant Categories**:  
   - **travel APIs**:  
      - amadeus: Comprehensive travel data including flights, hotels, and booking capabilities.  
      - travel-iq: Hotel and flight search and booking, also supports translations and location data.  
      - viator: Tours and activities database suitable for destination exploration.  
      - sabre-0: A broad travel marketplace API covering airlines, hotels, and car rentals.  
      - skyscanner-live-pricing: Flight price search and travel pricing data.  
      - hotwire-travel-ticker-deals: Access to travel deals by destination or theme.  
      - yahoo-travel: Trip planner and travel search APIs.  
      - tourcms-marketplace: Access to tour operator product data.

   - **mapping APIs**:  
      - bing-maps: Offers rich map rendering, routes, geocoding, and location data.  
      - google-maps-places: Search for places and points of interest by coordinate or query.  
      - mapquest: Comprehensive mapping including directions and geocoding.  
      - mapbox: Open-source mapping toolkit for interactive maps on various devices.  
      - openlayers: JavaScript API for embedding dynamic maps and markers.  
      - metacarta: Geographic intelligence technology combining search and tagging.  
      - bing-maps-geocode-dataflow: Bulk geocoding suitable for large data sets of locations.  
      - scribble-maps: Tool to draw, save and share maps interactively.  
      - arcweb: Free mapping services for maps and GIS for development projects.  
      - google-maps-geolocation: Mobile and WiFi based geolocation service.  
      - google-maps-elevation: Access elevation data for locations, useful for mapping.  
      - smart-ip-geo-ip: IP address to city-level geolocation data service.

   - **photos APIs**:  
      - flickr: Large repository of geotagged travel photos, with rich metadata and tags.  
      - pixabay-free-images: License-free high quality images including travel photos.  
      - instagram-graph: Access to user-shared photos including geotagged content.  
      - photobucket: Photo and video sharing with API access to media.  
      - 500px (not publicly available now but previously popular for photography).  
      - snipshot: Online photo editing service (adds photo editing before publishing).  
      - google-picasa: (Deprecated) previously used for photo sharing.  
      - google-street-view-image: Embed street-level images of real-world locations.  

   - **video APIs**:  
      - youtube: Extensive video content access including travel videos, search, and playback.  
      - vimeo: Video hosting and playback, often for professional travel videos.  
      - dailymotion: Another large video platform with developer access.  
      - embedly: Universal embed API for video content across many platforms.  
      - trailer-addict: Mainly for movie trailers but could supplement video embedding.  
      - framey: Webcam recording and video embedding, less relevant but useful for user-generated content.  

   - **search APIs**:  
      - google-custom-search: Create custom search engine for travel content and media.  
      - yahoo-local-search: Search local business and points of interest with reviews.  
      - bing: General Bing search API for web images and travel-related queries.  
      - primal: Interest Graph filtering and search, useful for personalized travel content.  
      - yahoo-search-marketing: Has search and ad data features (less relevant here).  
      - giphy: Search GIF images, can be used for richer media content but less travel focused.  
      - yelp-fusion: Local business and review data, useful for travel destination info.  
      - earth911-search: Recycling directory, less relevant.

4. **Select the Most Suitable APIs**:  
   - Given the requirement for immersive travel info with maps, photos, videos, and search:  
   - For travel data: **amadeus** (comprehensive travel data and booking), **viator** (tours and activities). Both provide rich travel content for virtual journeys.  
   - For mapping: **bing-maps** (robust mapping and integration, good multimedia support), and **google-maps-places** (powerful place data and POI searches).  
   - For photos: **flickr** (large geotagged photo database), **pixabay-free-images** (license-free images), and **instagram-graph** (socially shared travel photos).  
   - For videos: **youtube** (largest travel video resource and embeddable player), **vimeo** (professional-quality video hosting).  
   - For search: **google-custom-search** (enables building a custom travel search engine integrating all the above datasets).

**Conclusion**:  
- Recommend categories from 2.: ['travel', 'mapping', 'photos', 'video', 'search']  
- Recommend All matched APIs in 3.: ['amadeus', 'viator', 'bing-maps', 'google-maps-places', 'mapquest', 'mapbox', 'flickr', 'pixabay-free-images', 'instagram-graph', 'photobucket', 'youtube', 'vimeo', 'google-custom-search', 'yahoo-local-search', 'yelp-fusion', 'primal']  
- Final recommended APIs: ['amadeus', 'viator', 'bing-maps', 'google-maps-places', 'flickr', 'pixabay-free-images', 'instagram-graph', 'youtube', 'vimeo', 'google-custom-search']
./output/gpt/few_cot_infer/responses.json
データが保存されました: ./output/gpt/few_cot_infer/responses.json (キー: flexijourney-travel-1)
------------------------------
評価中のサービス: twitter-trending-local-restaurants
Iteration 1, Total call: 78
**Reasoning**:

1. **Identify Core Features**:  
   - The mashup needs to provide information on trending restaurants and bars.  
   - Focus is on top Twitter cities including San Francisco, New York, and LA.  
   - Requires access to Twitter trending data specific to locations (cities).  
   - Would benefit from restaurant/bar details such as reviews, ratings, or descriptions.  
   - Possibly requires location-based or local business search capabilities to browse restaurants and bars in those cities.

2. **Identify Relevant API Categories**:  
   - **social**: To access Twitter trends and social signals about restaurants/bars.  
   - **recommendations**: To obtain business or restaurant/bar recommendations, reviews, or ratings for the trending places.  
   - **search**: To perform searches related to restaurants/bars by keywords, location, or trends.  
   - **location** or **mapping**: Could be helpful for geo-coordinates or city identification but not critical if a location-specific social/recommendation API is used.

3. **Match APIs from Relevant Categories**:  
   - **social APIs**:  
       - **tagalus**: Works with Twitter hashtags, can define tags (like restaurant-related hashtags trending in cities).  
       - **twitter-streaming**: Allows real-time access to Twitter data including tweets filtered by location or keywords.  
       - **awesm**: Harnesses social data, useful for understanding behavior patterns for marketing or trending content.  
       - **what-trend**: Specifically retrieves Twitter trending topics and explanations, including tweets and photos relevant to each trend. Useful to identify trending restaurants/bars via hashtags or terms in Twitter top trends.  
   - **recommendations APIs**:  
       - **yelp-fusion**: Provides business reviews, ratings, photos, and detailed restaurant/bar info based on location and trending popularity. Highly suitable to get relevant restaurant/bar data in specific cities including top Twitter cities.  
       - **qype**: Provides database of reviews and ratings of pubs, bars, restaurants with geo-coordinates and multi-lingual support; useful for recommendations.  
       - **rotten-tomatoes**: Focused on movies, likely not relevant for restaurants/bars.  
       - **trakttv**: TV and movies, not relevant.  
   - **search APIs**:  
       - **yahoo-local-search**: Provides local business info, user comments, ratings, distance and relevance; suitable to search for restaurants/bars in specific cities.  
       - **yelp-fusion** (as above) also has search capabilities.  
       - **primal**: Content filtering and ranking, may aid in relevant content discovery around restaurants/bars based on interest graphs but indirect.  
       - **twitter-search**: Formerly available API to search tweets (including trending topics); deprecated but mentioned.  
   - **location or mapping APIs**:  
       - Could be optionally used to confirm or query city geo-boundaries but not mandatory here.

4. **Select the Most Suitable APIs**:  
   - **what-trend**: Because it provides direct access to Twitter trending topics, including explanations and associated tweets/photos — highly relevant for identifying trending restaurants/bars by city based on Twitter data.  
   - **yelp-fusion**: The best comprehensive source for restaurant/bar recommendations, reviews, ratings, and can be queried by city location. Yelp’s data is highly trusted and relevant for browsing restaurants/bars.  
   - **twitter-streaming** (optional): To access Twitter data in real-time with location filters for the specified cities, better enabling live trending monitoring, but requires more effort to filter and interpret data.  
   - **yahoo-local-search** can be a supplementary choice for local search data if Yelp is unavailable, though Yelp is preferred.

**Conclusion**:  
- Recommend categories from 2.: ['social', 'recommendations', 'search']  
- Recommend All matched APIs in 3.: ['tagalus', 'twitter-streaming', 'awesm', 'what-trend', 'yelp-fusion', 'qype', 'yahoo-local-search']  
- Final recommended APIs: ['what-trend', 'yelp-fusion']
./output/gpt/few_cot_infer/responses.json
データが保存されました: ./output/gpt/few_cot_infer/responses.json (キー: twitter-trending-local-restaurants-1)
------------------------------
評価中のサービス: darwin-bus-map
Iteration 1, Total call: 79
**Reasoning**:

1. **Identify Core Features**:
   - Displaying bus routes and timetables for Darwin, Australia: requires access to detailed transportation data including routes, stops, and schedules.
   - Ability to view all bus stops with real-time or timeline-based information: means the service needs both static transit data and real-time updates.
   - Providing latest real-time traffic information: requires access to traffic incident data or traffic flow data relevant to the area.
   - Displaying StreetView imagery for each bus stop: requires integration with a mapping and street-level imagery service.

2. **Identify Relevant API Categories**:
   - **transportation**: For accessing bus routes, timetables, stops, and real-time transit data.
   - **mapping**: For displaying maps, bus stop locations, and integrating StreetView imagery.
   - **travel**: May include related transit data or itinerary-based services.
   - **government**: Often public transit and traffic data are provided by government agencies.
   - **weather** (less critical but possibly relevant): To provide conditions affecting transit, but not specifically requested here.

3. **Match APIs from Relevant Categories**:

- **Transportation APIs**:
   - public-transit-data-community (Category: transportation): Normalizes transit data from US agencies; supports Bus and Train Arrival Predictions, Stops and Stations, Routes and Train Lines, Incidents, and Intelligent Routing. Although the service is US-focused, this API most directly matches transit-related requirements.
   - lyft (Category: ride-share): Not relevant for bus-specific transit.
   - uber (Category: transportation): Not relevant for bus transit systems.
   - yahoo-traffic (Category: transportation): Provides real-time traffic alert information, covering incidents like construction and congestion in the US and Canada.
  
- **Mapping APIs**:
   - bing-maps (Category: mapping): Provides mapping, driving directions, imagery, and potentially StreetView-like imagery (Bing Birdseye).
   - google-maps-geolocation, google-maps-places, google-street-view-image (Categories: mapping, photos): Google Street View API can provide street-level images of bus stops.
   - google-maps (Deprecated, but parts available as sub-APIs)
   - mapquest, mapquest-open-directions, mapquest-geocoding (Category: mapping): Useful for routing and geocoding.
   - google-maps-elevation, google-maps-distance-matrix, bing-maps-geocode-dataflow: additional mapping utilities.
   - yahoo-placemaker and yahoo-geoplanet: geo-enrichment and place data APIs.
  
- **Government APIs**:
   - No specific government API for Darwin, Australia transit or traffic data in the given list.
   - san-francisco-crimespotting, ckan-* and us-census-bureau are government data APIs, but for US and European regions.
   - datagovuk, ckan-* (government data portals) do not cover Darwin.
   - No specific Australian government transit API listed.

- **Travel APIs**:
   - skyscanner-live-pricing, amadeus, travel-iq, easytobook: focused on flights/hotels, not transit.
   - bing-traffic (travel category): Provides traffic information, primarily USA/Canada.
  
- **Others**:
   - street view imagery can be provided by Google Street View Image API.
   - Real-time data for transit in Darwin is likely not explicitly available in these APIs, but transit data can be visualized using mapping APIs.

4. **Select the Most Suitable APIs**:

- **public-transit-data-community**: Most relevant for transit data in general, providing access to stops, routes, arrival predictions, and incidents. While its main focus is US agencies, it's the only detailed transit-centric API listed here.

- **bing-maps**: Offers an extensive mapping platform including aerial imagery, routing, and can be used to display bus routes/stops on maps. While Bing’s Birdseye imagery is not StreetView, it provides detailed map imagery.

- **google-street-view-image**: Provides access to real Street View images using parameters, ideal for implementing street-level images of bus stops.

- **bing-traffic**: Provides real-time traffic incident information useful to display latest traffic info around bus routes. Focus may be limited to US/Canada, but among the listed APIs it is the best fit for traffic info.

- Alternative mapping services like MapQuest or Google Maps APIs provide additional geolocation, routing, and map visualization features that may be useful.

**Conclusion**:

- Recommend categories from 2.: ['transportation', 'mapping', 'travel', 'government']

- Recommend All matched APIs in 3.: ['public-transit-data-community', 'bing-maps', 'google-street-view-image', 'bing-traffic', 'mapquest', 'google-maps-places']

- Final recommended APIs: ['public-transit-data-community', 'bing-maps', 'google-street-view-image', 'bing-traffic']
./output/gpt/few_cot_infer/responses.json
データが保存されました: ./output/gpt/few_cot_infer/responses.json (キー: darwin-bus-map-1)
------------------------------
評価中のサービス: vodafone-update-app-android
Iteration 1, Total call: 80
**Reasoning**:

1. **Identify Core Features**:  
   The service "Vodafone Update" aims to provide mobile access to multiple social networks (Twitter, Facebook, and MySpace) combined in a unified interface. The core functionalities are:
   - Access and integrate multiple social networking APIs.
   - Provide aggregation of friend and contact updates from various platforms.
   - Enable mobile-friendly access and potentially support posting, reading feeds, status updates, and managing contacts.
   
2. **Identify Relevant API Categories**:  
   Since the service focuses on integrating multiple social networks into one UI for mobile usage, the relevant API category is:
   - **social**: to access Twitter, Facebook, and MySpace data for friends, contacts, feeds, and updates.
   
3. **Match APIs from Relevant Categories**:  
   Searching through the available APIs under the "social" category that relate to Twitter, Facebook, and MySpace:
   - **facebook**: Provides access to social connections, profile information, news feed, friend lists, photos, and more. Although the original Facebook API is deprecated, it is still listed here for reference.
   - **twitter**: Listed here but noted as no longer available; split into multiple APIs. However, the Twitter Streaming and Twitter Search APIs exist separately and might be alternatives (not explicitly mentioned to include).
   - **myspace**: The MySpace Developer Platform API allows interaction with MySpace member profiles and social data.
   - Other social APIs mentioned (not required here but related): google-plus (Google+ read access), tagalus (Twitter hashtag definitions), hi5, plancast, tumblr, vk, scoopit, launchrock, etc., but they don’t directly relate to the given networks.
   
4. **Select the Most Suitable APIs**:  
   Based on the Mashup requirement to access Twitter, Facebook, and MySpace:
   - **facebook** API for Facebook network data and interactions.
   - **twitter** API or its related streaming/search APIs for Twitter access, but since "twitter" API is deprecated and split, it may be considered less ideal here. However, given the options, it's the closest match.
   - **myspace** API for MySpace data.

**Conclusion**:
- Recommend categories from 2.: ['social']
- Recommend All matched APIs in 3.: ['facebook', 'twitter', 'myspace']
- Final recommended APIs: ['facebook', 'twitter', 'myspace']
./output/gpt/few_cot_infer/responses.json
データが保存されました: ./output/gpt/few_cot_infer/responses.json (キー: vodafone-update-app-android-1)
------------------------------
評価中のサービス: bleacherweather
Iteration 1, Total call: 81
**Reasoning**:

1. **Identify Core Features**:  
   - The mashup needs to integrate **sporting events** data, which suggests the need for sports-related event APIs.  
   - It also requires **weather conditions and forecasts**, necessitating a reliable weather API for current weather and forecast data.  
   - The mashup needs to display these events and weather information **on a Google Map**, so mapping APIs that support Google Maps or similar are required.

2. **Identify Relevant API Categories**:  
   - **sports**: To access data on sporting events, including event schedules, locations, and details.  
   - **weather**: To fetch current weather conditions and forecasts for location-based queries.  
   - **mapping**: To display events and weather visually on a map interface, preferably one compatible with Google Maps or offering similar mapping functionality.

3. **Match APIs from Available Categories**:

   - **sports APIs**:  
     - *espn*: Provides sports news, statistics, team and league information, suitable for accessing sporting event data.  
     - *yahoo-fantasy-sports*: Offers rich data on leagues, teams, and player information which can complement event data.  
     - *bandsintown*: Concerts and live music, generally not sport-related, so less relevant.  
     - *songkick*, *jamendo*, *musikki-music*, *musicbrainz* are music-centered and irrelevant.  
     - *ergast*: For motor racing data, applicable if motorsport is of interest.  
     - *teamsnap*: Sports team management, useful if managing team events.  

     Best fit: **espn** for broad sporting events data.

   - **weather APIs**:  
     - *aerisweather*: Provides weather data such as advisories, forecasts, and storm reports.  
     - *norway-weather*: Localized but also global weather forecasts.  
     - *national-weather-service-ndfd*, *noaa-national-weather-service-nws-ndfd-soap*: Government weather data APIs, reliable, but might be U.S.-centric.  
     - *openweathermap* (deprecated but replaced by other OpenWeatherMap APIs).  
     - *aerisweather* is modern, with broad functionality and global coverage—good candidate.  

     Best fit: **aerisweather** for accessible, feature-rich weather data.

   - **mapping APIs**:  
     - *bing-maps*, *microsoft-bing-maps*: Powerful mapping APIs; Bing Maps offers good mapping capabilities but not Google Maps specifically.  
     - *google-maps-elevation*, *google-maps-geocoding*, *google-maps*, *google-maps-places*: Although Google Maps API is deprecated as a singular API and split into different services, the mapping category includes Google Maps components and related services.  
     - *google-geocoding*, *google-maps-geolocation*, *google-maps-directions*, *google-static-maps*: Google Maps related services that can be combined for mapping and displaying points.  
     - *mapbox*: Open source alternative but not Google Maps.  
     - Since the requirement is "on a Google Map," the best fit is to use Google Maps APIs available in the list, or closest equivalents such as *bing-maps* if Google Maps is not explicitly available.  
   
     Best fits (as Google Maps API is split): **google-maps-geocoding**, **google-static-maps**, or at minimum **bing-maps** as an alternative for mapping if direct Google Maps API is deprecated.

4. **Select the Most Suitable APIs**:

   - For **sports**:  
     - *espn*: Provides comprehensive sports event data and updates from a recognized sports source, good coverage of multiple sports.  

   - For **weather**:  
     - *aerisweather*: A mature and comprehensive weather API providing conditions, forecasts, and alerts.  

   - For **mapping**:  
     - *google-maps-geocoding* or *google-static-maps*: For integrating Google Maps visuals and geocoding services to pinpoint event locations.  
     - Optionally, *bing-maps* as an alternative to display maps if Google Maps APIs are unavailable or deprecated as a combined API.  

**Conclusion**:  
- Recommend categories from 2.: ['sports', 'weather', 'mapping']  
- Recommend All matched APIs in 3.: ['espn', 'yahoo-fantasy-sports', 'aerisweather', 'norway-weather', 'national-weather-service-ndfd', 'bing-maps', 'google-maps-geocoding', 'google-static-maps']  
- Final recommended APIs: ['espn', 'aerisweather', 'google-maps-geocoding', 'google-static-maps']
./output/gpt/few_cot_infer/responses.json
データが保存されました: ./output/gpt/few_cot_infer/responses.json (キー: bleacherweather-1)
------------------------------
評価中のサービス: asesor
Iteration 1, Total call: 82
**Reasoning**:

1. **Identify Core Features**:
   - Voice call capability: Patients call in via telephone and leave a recorded question; translator calls back the patient from a browser, implying telephony and VOIP call control.
   - Translation: Translators convert patient questions to English and doctors' answers into the patient's native language, which requires language translation APIs.
   - Asynchronous distributed workflow: The workflow passes audio and text among patients, translators, and doctors, implying the need for messaging or content exchange capabilities.
   - Medical context: The questions are medical in nature; having medically relevant reference or possibly NLP translation support could improve accuracy.
   - Web-based control for translators to make calls back: This means telephony APIs with the ability to initiate calls programmatically from a browser.

2. **Identify Relevant API Categories**:
   - telephony: To support VOIP, call management, and programmatically initiate calls from browsers.
   - translation: For translating recorded questions and answers between native languages and English.
   - messaging: Possibly useful if messages or alerts need to be sent to users.
   - reference/medical: To assist with medicine-related information or improve translation with medical context.
   
   Since the primary functional aspects are call handling with telephony, and translation of language, those take precedence.

3. **Match APIs from Relevant Categories**:
   - **Telephony**:
     - twilio: Provides voice and SMS communication APIs, programmable call control, and can initiate calls from web apps.
     - plivo: Telephony platform providing call making, conferencing, recording, and call tracking.
     - plum-fuse: Visual voice app editor for IVR, outbound calling, call routing.
     - kookoo: API for telephony relevant to voice and SMS.
     - myvox: Voice-enable applications for calling.
     - telapi: Telephony platform with voice and SMS features.
     - hoiio-voice: Cloud infrastructure for phone/SMS voice responses with virtual numbers.
     - spokenbuzz: Voice portal offering voice message recording and playback with call initiation.
     
   - **Translation**:
     - microsoft-translator: Cloud-based machine translation supporting many languages, suitable for app integration.
     - bing-translator: Microsoft translator services for usage in client/web apps.
     - google-cloud-translation: Google’s machine translation API, supports large volume and custom dictionaries.
     - gengo-human-translation: Hybrid human and machine translation service aimed at high quality translations.
     
   - **Reference / Medical**:
     - esv-bible-lookup is irrelevant here.
     - nhs: Government medical content; but no direct translation or call API.
     - health-20: Directory of health-related APIs.
     - national-library-medicine-dirline: Database related to health and biomedicine.
     - No dedicated medical translation API found here, but using a general translation API is standard.
   
   - **Messaging** (optional):
     - twilio-sms: SMS capabilities complement telephony.
     - vonage-nexmo-sms: SMS API.
     - clockwork-sms: SMS gateway.
   
   However, SMS is not central to the requirement, since communication is via voice call and translation of recorded questions.

4. **Select the Most Suitable APIs**:
   - **Telephony**: Twilio stands out as a mature, scalable cloud telephony API, enabling voice calls, recording, and call control from web apps, which matches the need for call-in recording, browser-based call making, and call forwarding.
   - **Translation**: Microsoft Translator API or Google Cloud Translation API are strong choices, covering many languages and supporting integration into apps. Given Microsoft's presence, pairing Twilio with Microsoft Translator or Bing Translator is natural.
   - Additionally, spokenbuzz could be useful for recording and playback of voice messages, but Twilio can also handle recording and call management sufficiently.
   - Gengo offers human translation, which might be high quality but may be more complex to integrate and costly.
   - For scalability and developer-friendliness, choose Twilio (telephony) and Microsoft Translator (translation).

**Conclusion**:

- Recommend categories from 2.: ['telephony', 'translation']
- Recommend All matched APIs in 3.: ['twilio', 'plivo', 'plum-fuse', 'kookoo', 'myvox', 'telapi', 'hoiio-voice', 'spokenbuzz', 'microsoft-translator', 'bing-translator', 'google-cloud-translation', 'gengo-human-translation']
- Final recommended APIs: ['twilio', 'microsoft-translator']
./output/gpt/few_cot_infer/responses.json
データが保存されました: ./output/gpt/few_cot_infer/responses.json (キー: asesor-1)
------------------------------
評価中のサービス: gengo-youtube-translation
Iteration 1, Total call: 83
**Reasoning**:

1. **Infer Core Functionalities**:  
   The main aim is to provide human translations for YouTube video captions, enabling creators to reach a wider and more diverse global audience. Core functionalities inferred are:  
   - Access and manage YouTube videos and captions.  
   - Manage or facilitate translated captions (human translation workflow).  
   - Possibly translation services or APIs for translation management or integration.  

2. **Identify Relevant API Categories**:  
   - **video**: Because the service is focused on YouTube videos and caption management.  
   - **translation**: Since the task involves translating captions into other languages by humans seamlessly.  
   - Potentially **enterprise** or **social** if there are collaboration or user-management features, but primary are video and translation.

3. **Match APIs from Each Category**:  

   - **video APIs**:  
     - **youtube**: Provides programmatic access to YouTube video content, including retrieving videos, managing playlists, and importantly, YouTube captions management (YouTube Data API supports caption upload, download, and management).  
     - **vimeo**: Video platform API, unrelated to YouTube but also provides video hosting and possibly caption management. Less relevant here since the requirement is YouTube-specific.

   - **translation APIs**:  
     - **microsoft-translator**: Cloud-based machine translation API supporting multiple languages, can be integrated to aid translation workflow or automate parts.  
     - **bing-translator**: Microsoft translation services, similar to above.  
     - **google-cloud-translation**: Advanced Google Cloud translation API offering machine translation capabilities.  
     - **gengo-human-translation**: A prominent API specifically designed to provide **human translation services** via a platform that integrates human translators. It is suited for seamless human translation needs, perfectly matching the requirement for human-powered caption translation.  

4. **Select and Recommend the Best-Suited APIs**:  
   - The **youtube API** is essential for accessing and managing videos and their captions. It enables uploading original captions, downloading captions, updating them, and managing caption metadata.  
   - The **gengo-human-translation API** is the best match for the human translation requirement. It offers a robust, documented REST API that easily integrates with workflows needing human translators, perfectly fitting the requirement to have captions human-translated seamlessly for worldwide audiences.  
   - The **machine translation APIs** (e.g., microsoft-translator, google-cloud-translation, bing-translator) could be useful as supplementary tools for pre-translation or suggestions but the requirement stresses human translation, so these are secondary.  
   - Since human translation is key, **gengo-human-translation** is prioritized over purely machine translation APIs.  

**Conclusion**:  
- Recommend categories from 2.: ['video', 'translation']  
- Recommend All matched APIs in 3.: ['youtube', 'vimeo', 'gengo-human-translation', 'microsoft-translator', 'bing-translator', 'google-cloud-translation']  
- Final recommended APIs: ['youtube', 'gengo-human-translation']
./output/gpt/few_cot_infer/responses.json
データが保存されました: ./output/gpt/few_cot_infer/responses.json (キー: gengo-youtube-translation-1)
------------------------------
評価中のサービス: mapiprop
Iteration 1, Total call: 84
**Reasoning**:

1. **Identify Core Features:**
   - Real estate property search: The service requires searching and displaying real estate properties.
   - Mapping integration: Visualizing properties on Google Maps, Google Street View, and Bing's Bird's Eye View.
   - Regional focus: Properties located in Argentina, Spain, and Uruguay, so supporting international data or geolocation is important.
   - Display multiple map views: Both Google Maps and Bing Bird's Eye views are needed.
   
2. **Identify Relevant API Categories:**
   - mapping: To use Google Maps, Street View, and Bing Maps Bird's Eye View.
   - real-estate: For accessing property listings and real estate data in the target countries.
   - search: Possibly to enhance the search capabilities or obtain listings.
   
3. **Match APIs from Relevant Categories:**

   - **mapping APIs**:
       - google-maps: Although deprecated in some forms, it includes the base Google Maps integration needed to show the map and Street View.
       - google-street-view-image: Specifically to retrieve Street View panorama or thumbnail images via URL.
       - bing-maps: Provides Bing Maps REST services which include bird's eye views and aerial imagery.
       - bing-maps-geocode-dataflow, bing-maps-search, bing-maps-routes, bing-maps-locations: Helpful for geocoding and routing for Bing Maps.
       - bing-maps-geocode-dataflow, bing-maps-search are SOAP/XML but may be useful.
   
   - **real-estate APIs**:
       - zillow: Real Estate property data, but mainly US focused, so unlikely helpful for Argentina, Spain, and Uruguay.
       - nestoria: Property search in the UK and Spain. Spain is one of the required countries, so nestoria is a good match.
       - booli: Swedish real estate search portal, irrelevant here.
       - walk-score: Provides walkability scores, US focused.
       
       Among available APIs, **nestoria** stands out as relevant for Spain, but nothing else specifically for Argentina and Uruguay in the real-estate category is found.
       
   - **search APIs**:
       - Not specifically needed because real estate search will be through dedicated real-estate APIs.
   
4. **Select the Most Suitable APIs**:
   - Mapping:
       - **google-maps**: To embed maps and user interface for locating properties.
       - **google-street-view-image**: To integrate Street View images of the property location.
       - **bing-maps**: To provide Bing’s Bird’s eye view and aerial imagery.
   - Real Estate:
       - **nestoria**: For property listings and search functionality in Spain.
       
   Since properties from Argentina and Uruguay are to be shown, but no explicit real estate API for these countries exists in the dataset, it is likely that the site will aggregate or import those listings from own data sources or partner APIs outside this scope. However, **nestoria** covers Spain, which is part of the requirement.

**Conclusion**:
- Recommend categories from 2.: ['mapping', 'real-estate']
- Recommend All matched APIs in 3.: ['google-maps', 'google-street-view-image', 'bing-maps', 'nestoria']
- Final recommended APIs: ['google-maps', 'google-street-view-image', 'bing-maps', 'nestoria']
./output/gpt/few_cot_infer/responses.json
データが保存されました: ./output/gpt/few_cot_infer/responses.json (キー: mapiprop-1)
------------------------------
評価中のサービス: pixurl-social-search
Iteration 1, Total call: 85
**Reasoning**:

1. **Identify Core Features**:
   - The main function is to "search your favorite social platforms all from one web page."
   - This implies aggregation and search capabilities across multiple social media platforms.
   - Requires APIs that support social network data retrieval and search.
   - Also, a unified or multi-platform search API would be ideal.

2. **Identify Relevant API Categories**:
   - social: Since it involves searching across social platforms, this is the core category.
   - search: Related because a search interface or API might be included for querying data.
   - Possibly feeds or messaging could be useful depending on the features, but not core here.

3. **Match APIs from Relevant Categories**:
   - From the **social** category:
      - facebook: Access social graph data.
      - twitter: (Though the main API is deprecated, it is still listed as social.)
      - foursquare: Location-based social data.
      - linkedin: Professional network data.
      - google-plus: Read-only public data from Google+ (deprecated but listed).
      - tumblr: Blog posts and user info.
      - vk: Large European social network data.
      - plancast: Event and plans sharing.
      - scoopit: Content curation platform.
      - nationbuilder: Community organizing platform.
      - tagalus: Twitter hashtag meanings.
      - awesm: Social data analytics.
      - meetup: Events and groups.
      - addthis-services: A sharing platform.
      - social-share-count: Count shares across platforms.
      - launchrock: Social campaign and user data.
      - fullcontact-person: Contact and social profile data by email or social handles.

   - From the **search** category:
      - yahoo-local-search: Local business search with comments and ratings.
      - yahoo-search-marketing: Ad campaign management (less relevant).
      - google-custom-search: Custom web and site search.
      - tagoo: Audio and video search.
      - vast: Web search with verticals including profiles.
      - twitter-search: Twitter search for tweets and trends.
      - primal: Interest graph based content search.

4. **Select the Most Suitable APIs**:
   - Because the goal is to integrate multiple favorite social platforms in one web page for search, the focus is on **social platform APIs with rich data and search capabilities**.
   - **Facebook Graph API** is a major social platform offering access to profile, posts, friends, photos, and more.
   - **Twitter Search API** allows searching tweets and trending topics.
   - **LinkedIn API** provides access to professional social data.
   - **Tumblr API** supports searching blog posts and user data.
   - **Vk API** offers a wide user base and social data.
   - **Google+ API** offers read-only access to public posts (even though deprecated).
   - **Meetup API** allows accessing social group events.
   - **Foursquare** is useful for location-based social data.
   - **Primal** offers interest graph and content filtering.
   - **AddThis Services API** helps aggregate sharing across platforms.
   - For search, **Google Custom Search API** for generic web search and **Twitter Search API** for social trends and tweets are highly relevant.
   
   Since no single API named "pixurl" is listed in the provided options, the best approach is to recommend combining these social and search APIs to build an aggregated multi-platform social search page.

**Conclusion**:
- Recommend categories from 2.:  
  ['social', 'search']

- Recommend All matched APIs in 3.:  
  ['facebook', 'twitter-search', 'linkedin', 'tumblr', 'vk', 'google-plus', 'meetup', 'foursquare', 'primal', 'addthis-services', 'google-custom-search']

- Final recommended APIs:  
  ['facebook', 'twitter-search', 'linkedin', 'tumblr', 'vk', 'meetup', 'foursquare', 'primal', 'addthis-services', 'google-custom-search']
./output/gpt/few_cot_infer/responses.json
データが保存されました: ./output/gpt/few_cot_infer/responses.json (キー: pixurl-social-search-1)
------------------------------
評価中のサービス: mood-tweet
Iteration 1, Total call: 86
**Reasoning**:

1. **Identify Core Features**:
   - Online diary for Twitter users: This implies integration with Twitter to access user tweets.
   - Track and rate tweets: Requires reading tweet data and possibly storing or analyzing it.
   - Free service focusing on Twitter users' content history and interaction.

2. **Identify Relevant API Categories**:
   - social: Because the core data comes from Twitter, a social network.
   - analytics or sentiment or text: Since the service tracks and rates tweets, it might analyze or score text content.
   - blogging: Since it is a diary-like tool where content is preserved or displayed over time.

3. **Match APIs from Relevant Categories**:
   - **social**:
     - twitter: The direct API to access tweets, timelines, user data, and interactions.
     - twitter-search: Provides search capabilities on tweets with filters.
     - tagalus: Related to Twitter hashtags meaning and definitions, useful for enrichment.
     - topsy: Twitter partner API for accessing historical Twitter conversations and analytics.
     - awe.sm (Tagalus is more about hashtags, awe.sm provides social data analytics).
   - **analytics / text / sentiment**:
     - rxnlp-text-similarity: Can analyze text similarity; might help track similar tweets or find duplicates.
     - nlp-tools: For sentiment and textual classification, useful for tweet rating.
     - getsentiment: Explicit sentiment analysis and customer feedback related to text, also useful.
   - **blogging**:
     - blogger, wordpresscom, disqus: These deal with blogging but not specifically with Twitter; less relevant.
   - Considering the core functionality is Twitter-related online diary and rating of tweets, accessing Twitter data is primary. Additional text analysis APIs can assist in rating.

4. **Select the Most Suitable APIs**:
   - twitter: Essential for accessing user tweets and timelines to build the diary.
   - twitter-search: Useful for searching tweets by content and keywords (helpful for tracking tweets).
   - getsentiment or nlp-tools or rxnlp-text-similarity: To enable rating/tracking by analyzing tweet text.
   - topsy: For accessing extensive Twitter data and historic trends, which supports tracking and rating.
   
**Conclusion**:
- Recommend categories from 2.: ['social', 'text', 'analytics']
- Recommend All matched APIs in 3.: ['twitter', 'twitter-search', 'topsy', 'tagalus', 'rxnlp-text-similarity', 'nlp-tools', 'getsentiment']
- Final recommended APIs: ['twitter', 'twitter-search', 'getsentiment', 'topsy']
./output/gpt/few_cot_infer/responses.json
データが保存されました: ./output/gpt/few_cot_infer/responses.json (キー: mood-tweet-1)
------------------------------
評価中のサービス: read-all-about-it
Iteration 1, Total call: 87
**Reasoning**:

1. **Identify Core Features**:  
   The mashup needs to combine book data with geographic location data. Users should be able to find books on Amazon based on locations around the world. This requires:  
   - Access to Amazon's book catalog with relevant product details, searching and details on books.  
   - Integration with a mapping or location-based API to relate geographic locations to books or enable location-based searches.

2. **Identify Relevant API Categories**:  
   - **ecommerce**: For accessing Amazon book data, product information, search, and details.  
   - **mapping** or **location**: To provide geographical data and allow location-based filtering or searching around the world.

3. **Match APIs from Relevant Categories**:  
   - From **ecommerce**:  
     - `amazon-product-advertising`: Provides Amazon product data, including books, and functionalities like searching and retrieving book details.  
   - From **mapping**:  
     - `bing-maps-search`: Since the requirement mentions Windows Live Local, which relates to Bing Maps, this API provides mapping and location search services that can be used to locate places geographically around the world.  
     - Other mapping APIs (e.g., `bing-maps`, `bing-maps-geocode-dataflow`) also exist but the `bing-maps-search` specifically handles search queries related to mapping and location, fitting the requirement.  
   - Note: There's no specific "Windows Live Local" API listed, but Bing Maps is the evolution of Microsoft mapping services and fits the requirement.

4. **Select the Most Suitable APIs**:  
   - `amazon-product-advertising` to provide comprehensive product search and book data from Amazon.  
   - `bing-maps-search` to provide location search functionalities corresponding to Windows Live Local mapping services and enable geographical querying around the world.

**Conclusion**:  
- Recommend categories from 2.: ['ecommerce', 'mapping']  
- Recommend All matched APIs in 3.: ['amazon-product-advertising', 'bing-maps-search']  
- Final recommended APIs: ['amazon-product-advertising', 'bing-maps-search']
./output/gpt/few_cot_infer/responses.json
データが保存されました: ./output/gpt/few_cot_infer/responses.json (キー: read-all-about-it-1)
------------------------------
評価中のサービス: what-are-haps
Iteration 1, Total call: 88
**Reasoning**:

1. **Identify Core Features**:  
   - Event Search Engine: The core functionality is searching for events.  
   - User Contributions: The platform is driven by user input and content, implying the API(s) should support event creation, retrieval, updates, and possibly user management.  
   - Discoverability: The service helps users find something to do today or promote events, meaning the API should provide adequate search and event management capabilities.  

2. **Identify Relevant API Categories**:  
   - **events**: This category aligns perfectly since the service revolves around events — creating, searching, and managing event data.  
   - **social** (optional): If user contributions and social features like sharing or community interactions are involved, some social APIs could be useful.  
   Note: Primary focus should be on the "events" category given the requirements.

3. **Match APIs from Relevant Categories**:  
   From the listed APIs in the "events" category:  
   - **eventbrite**: Allows creating users and events, pulling event listings, retrieving attendees and venues. It supports event creation and consumption, suitable for user-generated event promotion and discovery.  
   - **eventful**: Provides access to a large event database, including searching for events and venues worldwide. It supports searching upcoming events, indicating strong search capabilities.  
   - **brown-paper-tickets**: Provides event ticketing and management API, including event listing and transaction data. Suitable more for ticket sales but also event management.  
   - **active**: Sports and activity events API, providing access to various event types.  
   
   The most flexible and broadly applicable APIs for a local event search engine with user contributions are **eventbrite** and **eventful**. These both support event search and management.

4. **Select the Most Suitable APIs**:  
   - **eventbrite**: It explicitly allows user-created events and offers comprehensive methods to create, update, search, and retrieve events. Supports attendees and venues. This fits well with "user contributing" and promoting events.  
   - **eventful**: A large collection of general events, supports event and venue search. Suitable for discovery features.  
   
   Other APIs like brown-paper-tickets and active are more niche or ticketing focused, less suitable for a general local event search engine powered by user contributions.

**Conclusion**:  
- Recommend categories from 2.: ['events']  
- Recommend All matched APIs in 3.: ['eventbrite', 'eventful', 'brown-paper-tickets', 'active']  
- Final recommended APIs: ['eventbrite', 'eventful']
./output/gpt/few_cot_infer/responses.json
データが保存されました: ./output/gpt/few_cot_infer/responses.json (キー: what-are-haps-1)
------------------------------
評価中のサービス: eyouin-notifications
Iteration 1, Total call: 89
**Reasoning**:

1. **Identify Core Features**:  
   The requirement is to notify registered users of invitations to events, reminders, and cancellations. The core features here include:  
   - User notifications: The ability to send timely messages about event status changes.  
   - Messaging capabilities: Support for different notification channels such as email, SMS, or push notifications.  
   - Potential integration with event data to identify invitations, reminders, or cancellations.

2. **Identify Relevant API Categories**:  
   Based on the core features, the relevant categories are:  
   - **messaging**: For sending notifications via SMS, push, or other messaging methods.  
   - **email**: For sending email-based notifications and reminders.  
   - **events**: Since notifications are about events, APIs that manage or provide data on events may be useful for integration or triggering notifications.

3. **Match APIs from Relevant Categories**:  
   - **messaging APIs**:  
     - `twilio-sms`: Allows sending and receiving SMS messages, useful for notifying users by SMS.  
     - `pubnub`: Real-time messaging service, suitable for push notifications or instant alerts.  
     - `pushover-message`: Enables real-time notifications to mobile devices.  
     - `amazon-sns`: Notification service that supports multiple protocols including SMS and push notifications.  
     - `slack-incoming-webhooks`: While mainly for Slack, could be repurposed for messaging if used in team environments.

   - **email APIs**:  
     - `mailjet`: Cloud hosted email platform for transactional and marketing emails.  
     - `sendgrid`: Cloud-based email with analytics and high deliverability.  
     - `campaign-monitor`: Email campaign and list management platform.  
     - `mailgun`: Email API focused on sending, receiving, and tracking emails.  
     - `gmail`: Programmatic access to Gmail mailboxes with sending capabilities.  
     - `yahoo-mail`: Interface for Yahoo! Mail, if users use Yahoo Mail heavily.

   - **events APIs**:  
     - `eventbrite`: Allows managing and accessing information about events and attendees; useful to sync event data.  
     - `active`: Access to sports and activity events data.  
     - `brown-paper-tickets`: For ticketing and event management data.  
     - `eventful`: Access to a wide range of event data.

4. **Select the Most Suitable APIs**:  
   Considering notifications to registered users and the need for invitations, reminders, and cancellations, the primary requirements are reliable email and messaging delivery services that integrate well with event data.

   - For messaging:  
     - `twilio-sms` is widely used, scalable, supports SMS messaging — very suitable for reminder and notification messages.  
     - `amazon-sns` offers a powerful notification system supporting SMS, email, and push notifications, providing flexibility.

   - For email notifications:  
     - `sendgrid` has a strong reputation for email sending, tracking, and deliverability, ideal for event invitations and reminders.  
     - `mailjet` is also a good option for email sending and campaign management.

   - For event data integration:  
     - `eventbrite` is the best suited for event management and ticketing, allowing the app to sync event status and attendee information that can trigger notifications.

**Conclusion**:  
- Recommend categories from 2.: ['messaging', 'email', 'events']  
- Recommend All matched APIs in 3.: ['twilio-sms', 'amazon-sns', 'pubnub', 'pushover-message', 'mailjet', 'sendgrid', 'campaign-monitor', 'mailgun', 'gmail', 'yahoo-mail', 'eventbrite', 'active', 'brown-paper-tickets', 'eventful']  
- Final recommended APIs: ['twilio-sms', 'sendgrid', 'eventbrite']
./output/gpt/few_cot_infer/responses.json
データが保存されました: ./output/gpt/few_cot_infer/responses.json (キー: eyouin-notifications-1)
------------------------------
評価中のサービス: geowake
Iteration 1, Total call: 90
**Reasoning**:

1. **Identify Core Features**:  
   The mashup focuses on nautical navigation in U.S. waters, featuring:  
   - Displaying NOAA nautical markers, aids to navigation, and nautical charts.  
   - Integration with Google Maps to provide a visual map mashup.  
   - Coverage includes a large dataset of navigation aids (100k+) and nautical charts (2,100+).  
   Primary functionalities need to support geolocation overlays, nautical chart data, map visualization, and possibly marine navigation-specific information.

2. **Identify Relevant API Categories**:  
   - **mapping**: Key for visualizing maps, overlays, and integrating with Google Maps.  
   - **government**: NOAA nautical data is government-provided data; there may be APIs offering access to such data sets.  
   - **geography**: Related to geographic data and possibly specialized datasets for natural or artificial landmarks.  
   Possibly useful but less relevant: **weather** (for sea/weather conditions), **location**, but main focus is mapping and governmental nautical datasets.

3. **Match APIs from Relevant Categories**:

   - **mapping APIs**:  
     - `google-maps`: Google's comprehensive mapping API, allows integration and overlays; suitable for creating mashups with charts and markers.  
     - `bing-maps` and `bing-maps-geocode-dataflow`: Alternative mapping services.  
     - `google-maps-geolocation`: Location determination for clients.  
     - `google-maps-elevation`: Elevation data but less relevant to nautical charts.  
     - `mapquest`, `openlayers`, `mapbox`: Other mapping platforms.  
     - `google-maps-places`: Place data.  
     - `geoloqi`, `geonb`, `yahoo-placemaker`: Geographic data services.  
     - `google-street-view-image`: Not relevant for nautical charts.  
     As the requirements specify Google Maps mashup, `google-maps` is very relevant.

   - **government APIs**:  
     - `usgs-elevation-query-service`: Elevation data, less relevant.  
     - `san-francisco-crimespotting`: Local data, not relevant.  
     - `us-census-bureau`: Demographic info, not relevant.  
     - `ckan`, `ckan-norway`, `ckan-czech-republic`: Government open data platforms but generic.  
     No explicit NOAA API listed, but NOAA nautical markers and charts may be available through general government data portals or could be incorporated by retrieving public data.

   - **geography**:  
     - `geograph`: Geographic images and data of England and Ireland, less relevant for US and nautical data.  
     - `geonames`: Useful for place names and geographic info globally, but not nautical-specific.  

   - **Other relevant**:  
     No explicit "nautical charts" or "marine navigation" labeled API found, so integration should rely on general mapping API (Google Maps) combined with data accessed through other means (not specifically via listed APIs).  
   
4. **Select the Most Suitable APIs**:  
   Given this is a Google Maps mashup displaying NOAA nautical charts and markers, the core integration is through the Google Maps API:  
   - `google-maps`: To embed and control the base maps, overlays, navigation aids, and charts.  
   
   For nautical markers and charts data, if available as external data sets (NOAA data), these would typically be loaded as overlays or tiles on Google Maps and may not require a specialized API from the list. No dedicated NOAA nautical API is listed here.

**Conclusion**:

- Recommend categories from 2.: ['mapping', 'government']  
- Recommend All matched APIs in 3.: ['google-maps', 'bing-maps', 'google-maps-geolocation', 'geonames', 'geograph', 'ckan']  
- Final recommended APIs: ['google-maps']
./output/gpt/few_cot_infer/responses.json
データが保存されました: ./output/gpt/few_cot_infer/responses.json (キー: geowake-1)
------------------------------
評価中のサービス: 29-travels
Iteration 1, Total call: 91
**Reasoning**:

1. **Identify Core Features**:  
   - The service is designed to highlight countries visited by the user.  
   - It supports integration with mapping tools, specifically Google Maps and Google Earth.  
   - It offers an embeddable HTML code snippet suitable for bloggers and website owners to embed the interactive map directly into their sites.  
   - It does not require registration, implying ease of access and usage.

2. **Identify Relevant API Categories**:  
   Given the core features, the most relevant categories are:  
   - **mapping**: To handle map visualizations, geolocation, and integration with mapping platforms (Google Maps, Google Earth).  
   - **widgets** or **social** could be considered, but since embedding HTML code for maps is mentioned specifically and no social network or social data is involved, **mapping** is the core focus.

3. **Match APIs from Relevant Categories**:

   From the mapping category, potential APIs that support geolocation, maps, and embedding capabilities include:  
   - **google-maps**: Though deprecated, it historically supported embedding and extensive mapping features for Google Maps, including customization.  
   - **google-maps-places**: Provides place information with geolocation, supporting map display and interaction.  
   - **google-maps-geolocation**: For detecting the user’s location via mobile or WiFi, supporting map personalization.  
   - **google-my-maps** (not listed here explicitly but generally Google Maps can be embedded).  
   - **google-earth**: Provides programmatic access and integration with Google Earth.  
   - **bing-maps**: Offers mapping services and embedding capabilities, can be an alternative or complement.  
   - **bing-maps-geocode-dataflow** and **bing-maps-locations**: Support geocoding and location queries helpful in mapping country highlights.  
   - **openlayers** and **openstreetmap**: Open-source mapping libraries that provide embedding and custom map visualizations.  
   - **scribble-maps**: Allows users to draw and share maps with embeddable options.  
   - **mapquest**: Mapping platform including embedding options.  
   - **mapbox**: A flexible mapping tool used to create and embed custom maps.  
   - **wikilocation**: Allows searching Wikipedia articles by location but less relevant for highlighting visited countries directly.  

   Considering the requirement includes Google Maps and Google Earth support, **google-maps**, **google-earth**, and possibly **bing-maps** or **mapbox** are the closest to the requirement.  

4. **Select the Most Suitable APIs**:  
   - **google-maps** (noting the service is deprecated, but still the foundational mapping API for Google Maps embedding).  
   - **google-earth**: Specifically mentions Google Earth support and browser plugin compatibility.  
   - APIs like **bing-maps** or **mapbox** can be alternatives if Google services are not feasible, but primary focus is on Google services per requirement.  
   - No specific API explicitly states providing embeddable HTML code to highlight visited countries, but Google Maps and Google Earth APIs intrinsically support map embedding and overlays.  

**Conclusion**:  
- Recommend categories from 2.: ['mapping']  
- Recommend All matched APIs in 3.: ['google-maps', 'google-earth', 'bing-maps', 'mapbox', 'scribble-maps', 'openlayers', 'google-maps-places', 'google-maps-geolocation']  
- Final recommended APIs: ['google-maps', 'google-earth']
./output/gpt/few_cot_infer/responses.json
データが保存されました: ./output/gpt/few_cot_infer/responses.json (キー: 29-travels-1)
------------------------------
評価中のサービス: it-cookie-time
Iteration 1, Total call: 92
**Reasoning**:

1. **Identify Core Features**:  
   The requirement states "Well... is it?" which is ambiguous and does not provide any clear, specific functionality, domain, or target use case. Because there is no explicit context, features, or application goal given, it is impossible to deduce concrete core functionalities or relevant topics from the requirements.

2. **Identify Relevant API Categories**:  
   Given the absence of meaningful requirements, no specific categories can reasonably be identified for this mashup service.

3. **Match APIs from Relevant Categories**:  
   Since no categories are identified, no APIs can be matched.

4. **Select and Recommend the Most Suitable APIs**:  
   Without any clear requirement or category, there are no APIs to recommend.

**Conclusion**:  
- Recommend categories from 2.: [] (no categories)  
- Recommend All matched APIs in 3.: [] (no APIs)  
- Final recommended APIs: [] (no recommendations)
./output/gpt/few_cot_infer/responses.json
データが保存されました: ./output/gpt/few_cot_infer/responses.json (キー: it-cookie-time-1)
------------------------------
評価中のサービス: locafollow
Iteration 1, Total call: 93
**Reasoning**:

1. **Identify Core Features**:  
   - Location-based user search: Ability to find Twitter users near a specific geographic area.  
   - Keyword search in user bios and location fields: Filter users by keywords found within their profile information.  
   - Bulk following capability: Mass follow users programmatically.

2. **Identify Relevant API Categories**:  
   - social: Because it involves accessing social media user data, profile information, and following actions.  
   - mapping (potentially): For supporting geographic locations and proximity searches if needed.  
   - messaging (less relevant): Not directly required here given the description; focus is on user management and searches.  

3. **Match APIs from Relevant Categories**:  
   - social:  
     - **twitter-search**: This API can search tweets with restrictions including language, hashtags, and by keyword, useful for the "search by keywords" aspect. However, it deals with tweets, not strictly user profiles.  
     - **twitter-streaming**: Provides access to real-time public tweets filtered by keyword or location, more focused on tweet content than user profile searching.  
     - **twitter** (legacy, no longer available): Previously offered user information and functionalities related to user accounts, including following. But deprecated now.  
     - **foursquare**: Location-based social API but more about venues and check-ins, rather than user profiles or following users.  
     - **tagalus**: Deals with Twitter hashtags definitions, no user searching or following functionalities.  
     - **facebook, linkedin, google-plus** etc. are irrelevant as the request is Twitter-specific.  
   - mapping:  
     - APIs such as **bing-maps-search**, **ip2location**, **google-geocoding** could assist in geolocating users or converting location inputs to geographic coordinates. But don't handle Twitter user data or following.  
   - telephony, messaging, and other categories are not relevant.

4. **Selecting Best-Suited APIs**:  
   Unfortunately, Twitter legacy APIs that supported user searching and follow operations are no longer available or deprecated. The **twitter-search** API focuses on tweets but may be used somewhat to find users tweeting near locations or matching keywords, though it lacks user profile search and bulk follow features.  

No available APIs directly provide Twitter user profile search by bio or location fields with the ability to bulk follow. Possible geographic filtering might be approximated using streaming or search APIs with geo parameters but support is limited and indirect.  

Therefore, the best we can do from available APIs is to use twitter-search and twitter-streaming APIs for obtaining users based on tweet content and geo-location as a proxy to profile location, then use Twitter's own API out of this scope for managing follows. Since the legacy twitter API is deprecated, no direct API on this platform supports the full requirement.  

**Conclusion**:  
- Recommend categories from 2.: ['social', 'mapping']  
- Recommend All matched APIs in 3.: ['twitter-search', 'twitter-streaming', 'ip2location', 'bing-maps-search']  
- Final recommended APIs: ['twitter-search', 'twitter-streaming']  

**Note**: The recommended APIs only partially cover the requirement. A full solution would require access to Twitter's current official API v2 endpoints (not listed here) that support user search by bio and location and following users programmatically. None of the listed APIs provide full bulk follow management.
./output/gpt/few_cot_infer/responses.json
データが保存されました: ./output/gpt/few_cot_infer/responses.json (キー: locafollow-1)
------------------------------
評価中のサービス: iran-election-protests-youtube-videos
Iteration 1, Total call: 94
**Reasoning**:

1. **Identify Core Features**:  
   - Video Content: The core requirement is to obtain videos related to post-election events in Iran, specifically showing riots in Tehran.  
   - Geographic Mapping: Videos should be displayed or linked to specific map locations in Tehran to show where events occurred.  
   - News/Event Context: Videos likely come with associated news or event metadata to provide context and timing.  
   - Potential Real-time / Recent Data: The content is about a specific historic event that may have time-sensitive or archive information.

2. **Identify Relevant API Categories**:  
   - video: To access video content that can include news footage or user-uploaded videos related to the events.  
   - mapping: To map video locations and show them geospatially where the riot events occurred in Tehran.  
   - news-services: For related news coverage or metadata on events to better contextualize the videos and tie them to locations or timelines.

3. **Match APIs from Relevant Categories**:

   - **video APIs**:  
       - youtube: Integrates video search, retrieval, user uploads, and metadata. YouTube likely hosts videos related to the election and riots.  
       - vimeo: Video hosting and sharing platform, may have relevant user-uploaded content.  
       - dailymotion: Another video platform that may have relevant videos.  
       - iva-video: Provides movie, TV, and video metadata (less likely for news footage but could have media content).  
       - brightcove: Professional video hosting platform used by media companies.

   - **mapping APIs**:  
       - bing-maps / bing-maps-search / bing-maps-routes: To display maps that can pinpoint where videos/events are located, particularly integrating with Bing maps which have worldwide coverage including Tehran.  
       - google-maps-places / google-geocoding: To get geolocation data for mapping Tehran riot events.  
       - mapquest: Offers mapping services including geocoding and display.  
       - openlayers / mapbox: For embedding interactive maps with geo data overlays.  
       - wikilocation: For linking Wikipedia articles or geo-tagged data on locations.  
       - yahoo-placemaker: For geo-enrichment and extracting location metadata from unstructured content.  

   - **news-services APIs**:  
       - new-york-times-article-search: For accessing news articles related to Iran election and riots, which might contain embedded videos or references to them.  
       - reuters-spotlight: Reuters news content, possibly with video and event metadata.  
       - guardian: Global news provider with API access including possible news and multimedia content.  
       - webhoseio: Provides structured web data including blogs, news, forums, possibly videos embedded on news sites.  
       - new-york-times-newswire: For up-to-date news items and possibly multimedia content.  
       - reddit: While primarily social, it features user-submitted content often linking to videos and news.

4. **Select the Most Suitable APIs**:

   - For video content, **YouTube API** is the best choice because it provides extensive global user-generated content and news footage. It supports search by keywords, date, and location, crucial for Iran election-day riot videos.  
   - For mapping, **Bing Maps Search** or **Google Maps Places/Geocoding APIs** are excellent for showing exact locations on maps in Tehran connected to videos. Between them, Bing Maps Search is explicitly listed and supports location queries by property and neighborhood, which may be beneficial.  
   - For news context, the **New York Times Article Search API** is reliable and comprehensive for global news stories including Iran election coverage, potentially with references or embedded videos.

**Conclusion**:  
- Recommend categories from 2.: ['video', 'mapping', 'news-services']  
- Recommend All matched APIs in 3.: ['youtube', 'vimeo', 'dailymotion', 'bing-maps-search', 'google-maps-places', 'google-geocoding', 'new-york-times-article-search', 'reuters-spotlight', 'guardian', 'webhoseio']  
- Final recommended APIs: ['youtube', 'bing-maps-search', 'new-york-times-article-search']
./output/gpt/few_cot_infer/responses.json
データが保存されました: ./output/gpt/few_cot_infer/responses.json (キー: iran-election-protests-youtube-videos-1)
------------------------------
評価中のサービス: moviis
Iteration 1, Total call: 95
**Reasoning**:

1. **Identify Core Features**:  
   The Moviis android application aims to enhance the movie experience by offering:  
   - Film information: Details about movies including synopsis, cast, etc.  
   - Trakt.tv integration: Managing users’ movie check-ins, history, watchlist, collections, and recommendations.  
   - Movie-related features: Upcoming and now playing movies, ratings, trailers.  
   
   Core functionalities thus cover movie metadata, user interaction with movie tracking, recommendations, and video trailers.

2. **Identify Relevant API Categories**:  
   Based on the features, the relevant categories include:  
   - **movies**: For accessing movie data, metadata, ratings, and schedules of upcoming and now-playing films.  
   - **recommendations**: For personalized movie suggestions, watchlists, and user history-based recommendations.  
   - **video**: For accessing movie trailers and video content related to films.

3. **Match APIs from Each Category Based on Descriptions and Alignment**:  
   - **movies**:  
     - `movie-database-tmdb`: Community-edited movie database with movie, TV show, cast data, posters, and fan art. Likely supports info on upcoming and now playing movies.  
   
   - **recommendations**:  
     - `trakttv`: Provides access to trakt.tv features including check-ins, recommendations, history, watchlist, collection, and user interactions, matching the description perfectly.  
     - `rotten-tomatoes`: Offers movie data, reviews, ratings, which can help with recommendations.  
     - `qype`: Although primarily business reviews, it is listed under recommendations, but less relevant here.  
   
   - **video**:  
     - `youtube`: Provides video search and playback; useful for trailers.  
     - `vimeo`: Another video platform; could be used for trailer hosting.  
     - `trailer-addict`: Offers embedding of movie trailers with features specific to trailers; highly relevant.  
     - `dailymotion`: Video platform with uploading and sharing capabilities; potential for trailers.  
     - `embedly`: Supports embedding video content from multiple providers; useful for trailer integration.  

4. **Select and Recommend the Best Suitable APIs**:  
   - For movie metadata and schedules: `movie-database-tmdb` is ideal due to its community-driven detailed database including upcoming and now playing info.  
   - For user interaction, check-ins, watchlists, recommendations: `trakttv` provides direct integration with trakt.tv features.  
   - For trailers: `trailer-addict` is specialized for movie trailers and would provide an easy way to integrate trailers into the app.  
   - Optionally, `youtube` can be considered as an additional source for trailers, complementing trailer-addict with a major, widely used video platform.

**Conclusion**:  
- Recommend categories from 2.: ['movies', 'recommendations', 'video']  
- Recommend All matched APIs in 3.: ['movie-database-tmdb', 'trakttv', 'rotten-tomatoes', 'trailer-addict', 'youtube', 'vimeo', 'dailymotion', 'embedly']  
- Final recommended APIs: ['movie-database-tmdb', 'trakttv', 'trailer-addict', 'youtube']
./output/gpt/few_cot_infer/responses.json
データが保存されました: ./output/gpt/few_cot_infer/responses.json (キー: moviis-1)
------------------------------
評価中のサービス: mapseeing.com
Iteration 1, Total call: 96
**Reasoning**:

1. **Identify Core Features**:
   - The mashup involves visiting famous places through map services, implying the use of mapping APIs.
   - It requires viewing photos related to those places, indicating the need for photo or image APIs.
   - The photos are specifically from Flickr, which suggests an integration with Flickr’s API or a similar photos API.
   - Mention of Virtual Earth (Microsoft Bing Maps) and Google Maps means we need APIs to access and display maps from these providers.

2. **Identify Relevant API Categories**:
   - mapping: Required to embed and interact with Virtual Earth (Bing Maps) and Google Maps.
   - photos: To fetch and display Flickr photos or similar photo content related to the places.
   
3. **Match APIs from Relevant Categories**:

   - **mapping**:
     - bing-maps: For Virtual Earth map services; allows access to mapping features.
     - google-maps-places: For Google Maps location and place information.
     - bing-maps-search: Enables geographic search queries on Bing Maps.
     - bing-maps: Bing Maps REST Services API providing various mapping features.
     - google-geocoding: Useful for geocoding addresses or locations for Google Maps.
     - google-maps-elevation, google-maps-geolocation, and google-maps: Google’s key mapping APIs.
     - google-maps: Note this API is deprecated and split into multiple APIs, but still relevant for mapping integration.
   
   - **photos**:
     - flickr: A primary API for accessing Flickr photos.
     - 500px (deprecated, not recommended).
     - photobucket, pixabay-free-images, imgur: Other photos APIs, but Flickr directly matches requirement.
   
4. **Select the Most Suitable APIs**:
   - For mapping: Use bing-maps for Virtual Earth integration and google-maps-places for Google Maps place information.
   - For photos: Use the flickr API because it directly supports fetching photos from Flickr, the exact photo source required.
   - Additional mapping APIs like bing-maps-search may be useful for enhanced search functionality but primary APIs cover main needs.
  
**Conclusion**:
   - Recommend categories from 2.: ['mapping', 'photos']
   - Recommend All matched APIs in 3.: ['bing-maps', 'google-maps-places', 'bing-maps-search', 'flickr']
   - Final recommended APIs: ['bing-maps', 'google-maps-places', 'flickr']
./output/gpt/few_cot_infer/responses.json
データが保存されました: ./output/gpt/few_cot_infer/responses.json (キー: mapseeing.com-1)
------------------------------
評価中のサービス: jobs-search-and-salary-research
Iteration 1, Total call: 97
**Reasoning**:

1. **Identify Core Features**:  
   - Job Listings Aggregation: The site offers a mashup of job listings, which requires access to job search data.  
   - Mapping Visualization: Integration of Google Maps API for displaying job locations on a map.  
   - Salary Research: Using Payscale to provide salary data related to jobs.

2. **Identify Relevant API Categories**:  
   - jobs: To retrieve job listings and related job information.  
   - mapping: To integrate Google Maps for job location visualization.  
   - reference (for payscale integration): As salary research data is typically found in reference or financial-related datasets, and given the APIs available, salary info is best associated with reference or possibly a specialized API under another category; however, "payscale" API is not explicitly listed, so closest fit is considered. Since no explicit payscale API is listed, best available is "reference" category to capture salary-related APIs.

3. **Match APIs from Relevant Categories**:  
   - **jobs**:  
     - indeed: Indeed API allows integration with their job postings and employer/job seeker data. This matches job listings requirement.  
     - careerjet: Careerjet API provides job search engine results and job listings in various industries and locations.  
   - **mapping**:  
     - google-maps-places: Offers place information for geographic points, suitable for job location on map.  
     - google-maps-geocoding: To get coordinates from job location addresses.  
     - bing-maps: General mapping service by Bing for displaying locations on a map if Google Maps is unavailable or as complementary.  
   - **reference**:  
     - No direct Payscale API is listed, but potentially salary research data could come from APIs that provide financial or reference data related to jobs and salaries. However, no specific API listed fits payscale. So only jobs and mapping APIs will be recommended based on available data.

4. **Select the Most Suitable APIs**:  
   - indeed: Direct integration of job listings aligns perfectly with the requirements.  
   - google-maps-places & google-maps-geocoding: To accurately display job listings on maps and perform geocoding.  
   - careerjet: Additional job data source to enrich the job search mashup.  
   - bing-maps: An alternative mapping API if Bing maps is preferred or as supplemental.

**Conclusion**:  
- Recommend categories from 2.: ['jobs', 'mapping']  
- Recommend All matched APIs in 3.: ['indeed', 'careerjet', 'google-maps-places', 'google-maps-geocoding', 'bing-maps']  
- Final recommended APIs: ['indeed', 'careerjet', 'google-maps-places', 'google-maps-geocoding']
./output/gpt/few_cot_infer/responses.json
データが保存されました: ./output/gpt/few_cot_infer/responses.json (キー: jobs-search-and-salary-research-1)
------------------------------
評価中のサービス: new-7-wonders-world
Iteration 1, Total call: 98
**Reasoning**:

1. **Identify Core Features**:
   - Mapping the New 7 Wonders of the World: We need precise location data to display these wonders on a map interface.
   - Displaying YouTube Videos for Each Wonder: We need access to video content related to each wonder that can be embedded or linked from the mashup.

2. **Identify Relevant API Categories**:
   - mapping: To show the geographical locations of the 7 wonders accurately on a map.
   - video: To retrieve and display relevant YouTube videos for each wonder.

3. **Match APIs from Relevant Categories**:
   - **mapping APIs**:
       - google-maps: While it is deprecated, it historically provides services to embed maps with markers and location info.
       - bing-maps: Provides map services and location search but Google Maps is more universal and common for developer use.
       - google-maps-places: Provides detailed place information including locations.
       - google-geocoding: Useful if geocoding is needed to convert location names to coordinates.
       - google-maps-geocoding: Similar service for addressing and mapping.
       - google-maps-elevation, google-maps-geolocation, google-maps-routes, google-maps-distance-matrix: These offer complementary mapping features but might not be necessary for simply marking wonders.
       - mapbox, mapquest, scribble-maps: Alternatives for mapping but Google Maps is more widely recognized.
       
     Given the requirement explicitly says "mapped on Google Maps," using Google Maps-related APIs is fitting.

   - **video APIs**:
       - youtube: Official YouTube Data API for searching, retrieving and displaying YouTube videos.
       - vimeo, brightcove, dailymotion: Other video platforms but since YouTube is specifically mentioned, youtube API is most suitable.

4. **Select the Most Suitable APIs**:
   - For mapping, despite Google Maps API being marked deprecated in some areas, it is the core service associated with “Google Maps” and widely used for map display and location markers. The Google Maps Places API or Google Geocoding API are ideal to get precise location data.
   - For video, the YouTube Data API is the best option to search for and retrieve videos corresponding to each wonder.

**Conclusion**:

- Recommend categories from 2.: ['mapping', 'video']
- Recommend All matched APIs in 3.: ['google-maps', 'google-maps-places', 'google-geocoding', 'youtube']
- Final recommended APIs: ['google-maps-places', 'google-geocoding', 'youtube']

Reasoning:  
Use **google-maps-places** and **google-geocoding** APIs to accurately locate and display the 7 wonders on the Google Map with location markers and info. Use the **youtube** API to retrieve and embed videos related to each wonder, providing users with rich multimedia content. This combination fulfills the requirements precisely, leveraging the brand association and capabilities of Google Maps and YouTube.
./output/gpt/few_cot_infer/responses.json
データが保存されました: ./output/gpt/few_cot_infer/responses.json (キー: new-7-wonders-world-1)
------------------------------
評価中のサービス: food-twitter
Iteration 1, Total call: 99
**Reasoning**:

1. **Identify Core Features**:
   - The requirement is to get data about breakfasts, lunches, and dinners from Twitter. This implies collecting social media content related to meals, which involves:
     - Accessing Twitter’s social data streams or search functionality to find tweets mentioning or related to meals.
     - Possibly processing or filtering tweets for relevant content.
   - The main functionality centers on obtaining social media content, so social and search categories are relevant.
   
2. **Identify Relevant API Categories**:
   - **social**: Since Twitter is a social media platform, social APIs provide access to user-generated content, including tweets about meals.
   - **search**: Ability to search within Twitter for relevant tweets containing keywords (breakfast, lunch, dinner) would be useful.
   - **text**/**natural-language-processing**: Optionally, if text analysis or filtering is desired, NLP or text-related APIs could support better data refinement, but this isn't explicitly requested here.
   
3. **Match APIs from Relevant Categories**:
   - **social category**:
     - **twitter-streaming**: Provides real-time access to Twitter data streams, including tweets filtered by keywords or hashtags.
     - **twitter-search**: Allows searching tweets based on queries, with language and hashtag filters.
     - **twitter** (deprecated): Former main Twitter API, but no longer available, so to be avoided.
     - **tagalus**: Focuses on Twitter hashtag definitions, useful if you want hashtag meanings but less relevant for fetching meal tweets.
     - **topsy**: Twitter data reseller and analytics provider, offers consolidated Twitter social conversations.
     - **twitter-search** specifically mentions search by language, hashtags, etc., which fits the requirement.
   
   - **search category**:
     - None directly for Twitter other than twitter-search or twitter-streaming.
     - General search APIs like bing or google can do web search but not specialized Twitter content. Hence less relevant.
   
   - **text/natural-language-processing**:
     - **rxnlp-text-similarity**: For text similarity analysis, could be used for content filtering.
     - **nlp-tools**: Text mining and sentiment analysis, optional for post-processing.
     - Since requirement focuses solely on fetching, not processing, leave out.
     
4. **Select and Recommend the Most Suitable APIs**:
   - **twitter-search** API: for querying and retrieving tweets related to meals.
   - **twitter-streaming** API: for real-time monitoring of tweets about breakfasts, lunches, and dinners.
   - **topsy** API: as an alternative social data provider for Twitter conversations.
   - Avoid deprecated twitter main API.
   - If future text processing is intended, consider NLP APIs, but it is out of current scope.

**Conclusion**:
- Recommend categories from 2.: ['social', 'search']
- Recommend All matched APIs in 3.: ['twitter-streaming', 'twitter-search', 'topsy', 'tagalus']
- Final recommended APIs: ['twitter-streaming', 'twitter-search', 'topsy']
./output/gpt/few_cot_infer/responses.json
データが保存されました: ./output/gpt/few_cot_infer/responses.json (キー: food-twitter-1)
------------------------------
評価中のサービス: codexmap
Iteration 1, Total call: 100
**Reasoning**:

1. **Identify Core Features**:  
   CodexMap’s main functionality is to allow users to find and place books graphically on a map. This involves:  
   - **Mapping**: Visualizing books’ locations on an interactive map interface.  
   - **Books Catalog/Reference**: Managing book data which could come from harvested data or user input.  
   - **User Interaction & Data Management** (possibly): Allowing users to add or interact with book data mapped geographically.

2. **Identify Relevant API Categories**:  
   To fulfill these features, the relevant categories are:  
   - **mapping**: For geographic visualization and map interaction, geocoding of locations relating to books.  
   - **reference**: To access book information and metadata, such as title, author, ISBN, and possibly to harvest or verify book data.

3. **Match APIs from Relevant Categories**:  
   - **mapping APIs**:  
     - **bing-maps-search**: Provides search capabilities for mapping-related queries including location searches.  
     - **bing-maps-locations**: Allows obtaining location information by coordinates or address, suitable for placing books on the map.  
     - **google-geocoding**: Geocode addresses and reverse geocode coordinates, useful for mapping book locations.  
     - **google-maps-places**: Provides detailed place information via HTTP requests, good for map-based contextual data.  
     - **mapquest, bing-maps, openlayers, mapbox, maplarge**: Provide interactive, embeddable maps and mapping services.  
     - **wikilocation**: Enables searching Wikipedia articles by location; may add rich geo-referenced content.  
     - **geonames**: Geographical database for places, postal codes, timezone, which could enhance location data.  
   
   - **reference APIs**:  
     - **goodreads**: Provides comprehensive book metadata, user reviews, ratings, and social integration for books.  
     - **amazon-product-advertising**: Large e-commerce product database including books with rich metadata and images.  
     - **open-library-books**: Open, editable library catalog providing book records and related data.  
     - **wikipedia**: General reference, could provide complementary book information or context.  
     - **esv-bible-lookup**: Bible-specific, less relevant here unless the books are biblical.  
     - **isbn-db, librarything**: Offer book data via ISBN and other identifiers.  

4. **Select the Most Suitable APIs**:  
   - For **mapping**, choose APIs well-suited for embedding interactive maps and geocoding:  
     - **bing-maps-search** and **bing-maps-locations** together cover searching and locating places. Bing Maps is a comprehensive and widely trusted mapping provider.  
     - **google-geocoding** offers reliable address-to-coordinate lookups to map book locations accurately.  
     - Optionally: **mapquest** or **mapbox** could be alternatives for interactive mapping, depending on developer preference or licensing needs.  

   - For **books/reference**, choose APIs that provide rich book metadata and community data:  
     - **goodreads** is highly focused on books with review and rating data and social features, great for enriching book information.  
     - **amazon-product-advertising** provides a vast catalog and product details, suitable if commercial e-commerce elements or detailed metadata are required.  
     - **open-library-books** offers openly editable catalog data, good for open data and integration into projects emphasizing openness.  
   
   These selections provide a strong foundation for mapping book data with accurate locations and rich book metadata.

**Conclusion**:  
- Recommend categories from 2.: ['mapping', 'reference']  
- Recommend All matched APIs in 3.: ['bing-maps-search', 'bing-maps-locations', 'google-geocoding', 'goodreads', 'amazon-product-advertising', 'open-library-books']  
- Final recommended APIs: ['bing-maps-search', 'bing-maps-locations', 'google-geocoding', 'goodreads', 'amazon-product-advertising', 'open-library-books']
./output/gpt/few_cot_infer/responses.json
データが保存されました: ./output/gpt/few_cot_infer/responses.json (キー: codexmap-1)
------------------------------
評価中のサービス: geckogo
Iteration 1, Total call: 101
**Reasoning**:

1. **Identify Core Features**:  
   - Travel planning: The service focuses on trip planning for independent travelers. This involves map/location data and itinerary building.  
   - Photo albums: Needs to integrate photo sharing and management, likely from social photo sharing services.  
   - Blogging: Allows users to blog about their trips or experiences.  
   - Guide browsing: Likely involves searching or browsing travel guides or content related to destinations.  
   - Social network integration: To possibly share content, photos, and posts, or leverage social connections.  

2. **Identify Relevant API Categories**:  
   - mapping: For integrating Google Maps to provide location, mapping, and route visualization for trip planning.  
   - photos: For integrating Flickr and similar photo album services for travel photos.  
   - social: For connecting social networks, managing social content, and sharing.  
   - blogging: To allow users to blog or manage blog content about their trips.  
   - travel: Site is about travel planning, and APIs offering travel content, guides, or booking data can enrich the experience.  

3. **Match APIs from Relevant Categories**:  
   - **mapping APIs**:  
     - google-maps: The best fit for maps integration, routes, and geospatial services.  
     - bing-maps, mapquest, mapbox, openstreetmap could be alternatives but Google Maps is specified in the requirements.  
   - **photos APIs**:  
     - flickr: A popular photo sharing platform to manage photo albums and access travel-related images.  
     - instagram-graph could be an option but the requirement specifically mentions Flickr.  
   - **social APIs**:  
     - facebook, twitter (deprecated but included historically), google-plus, foursquare, tumblr, meetup, plancast, scoopit, addthis-services, pinterest-domain. Among these, integration with major social networks like Facebook, Twitter (if still used), or Tumblr would be relevant for users to share experiences or connect.  
   - **blogging APIs**:  
     - blogger: Google’s blogging platform for managing blogs.  
     - wordpresscom or wordpressorg: Popular blogging platforms, enabling more advanced blogging features and larger community use.  
     - disqus: Could be used for blog comments and discussions.  
   - **travel APIs**:  
     - travel-iq: Offers travel booking, hotel and flight search, and location data.  
     - skyscanner-live-pricing: For flight pricing and booking guidance.  
     - amadeus: Provides rich travel data, flight/hotel booking, destination content and travel insights.  
     - tripit: For itinerary management and travel plan aggregation.  
     - yahoo-travel: Trip planner and travel data.  
     - viator: Activities, tours, and local experiences.  
     - hotwire-travel-ticker-deals: Travel deals and pricing.  
     - sabre-0: Global travel marketplace, including flights, hotels, and rentals.  
     - gig: None explicitly listed with travel guides, so focus on trip planner APIs above.  

4. **Select the Most Suitable APIs**:  
   - For **mapping**: google-maps (matches requirement exactly).  
   - For **photos**: flickr (explicitly mentioned and well suited for photo albums).  
   - For **social**: facebook and tumblr (widely used for social sharing/blogging integration). Google-plus is deprecated or limited read-only. Pinterest and others are more niche. Facebook offers broader sharing.  
   - For **blogging**: blogger and wordpresscom (two major blogging platforms accommodating a range of users).  
   - For **travel**: tripit (known for itinerary management for independent travelers), amadeus (broad travel content and booking APIs), travel-iq (location data and booking capabilities). Yahoo-travel is less prominent but also relevant.  

**Conclusion**:  
- Recommend categories from 2.: ['mapping', 'photos', 'social', 'blogging', 'travel']  
- Recommend All matched APIs in 3.: ['google-maps', 'flickr', 'facebook', 'tumblr', 'blogger', 'wordpresscom', 'tripit', 'amadeus', 'travel-iq', 'yahoo-travel']  
- Final recommended APIs: ['google-maps', 'flickr', 'facebook', 'blogger', 'wordpresscom', 'tripit', 'amadeus', 'travel-iq']
./output/gpt/few_cot_infer/responses.json
データが保存されました: ./output/gpt/few_cot_infer/responses.json (キー: geckogo-1)
------------------------------
評価中のサービス: pixtaplace
Iteration 1, Total call: 102
**Reasoning**:

1. **Identify Core Features**:
   - The service, PixtaPlace, allows users to view images from anywhere globally.
   - Geolocation is done via Google Maps API.
   - The images showcased come from Instagram and Flickr, thus requires APIs that provide access to recent photographs from these services.

2. **Identify Relevant API Categories**:
   - **mapping**: To perform location lookups and geocoding, necessary for pinpointing locations worldwide.
   - **photos**: To access and fetch images from Instagram and Flickr platforms as the core content of the service.

3. **Match APIs from Relevant Categories**:
   - **mapping APIs**:
     - google-maps-places: Provides information about places including establishments, geographic locations, or points of interest using latitude/longitude coordinates. Suitable for location searches needed.
     - google-geocoding: Useful for geocoding and reverse geocoding addresses and coordinates, possibly needed alongside Google Maps.
     - bing-maps: A mapping API offering features such as retrieving maps and geocoding.
     - google-maps: Although deprecated, mentioned for reference to Google Maps capabilities.
     - mapbox, bing-maps-search, google-maps-geolocation etc. could also be considered, but Google Maps Places API is a direct fit due to explicit place/location info.

   - **photos APIs**:
     - instagram-graph: Provides access to Instagram photo sharing functionalities, including uploading and retrieving photos, along with user authentication features.
     - flickr: Offers access to the Flickr photo sharing service, enabling retrieval of photos, favorites, groups, uploads, and more. Supports various protocols with flexible response formats.
     - instagram-real-time: For real-time updates of Instagram photos, useful if the service wants to reflect the latest images dynamically.

4. **Select the Most Suitable APIs**:
   - For mapping/location lookup: **google-maps-places** is recommended given its explicit functionality for place-based location lookups, aligning perfectly with PixtaPlace’s requirement to look up locations globally.
   - For photographs: **instagram-graph** and **flickr** APIs are specifically tailored for accessing Instagram and Flickr images, respectively.
   - Including **instagram-real-time** is optional but useful if the service aims to get real-time updates of new photos.

**Conclusion**:
- Recommend categories from 2.: ['mapping', 'photos']
- Recommend All matched APIs in 3.: ['google-maps-places', 'instagram-graph', 'flickr', 'instagram-real-time']
- Final recommended APIs: ['google-maps-places', 'instagram-graph', 'flickr']
./output/gpt/few_cot_infer/responses.json
データが保存されました: ./output/gpt/few_cot_infer/responses.json (キー: pixtaplace-1)
------------------------------
評価中のサービス: healthy-lemur
Iteration 1, Total call: 103
**Reasoning**:

1. **Identify Core Features:**
   - User authentication and integration with social networks (Facebook, Twitter, Foursquare).
   - Activity tracking, specifically tracking gym visits via Foursquare check-ins.
   - Social media posting/updates on Facebook and Twitter every Monday indicating success or failure.
   - Managing user goals (number of exercise days per week).
   - Public sharing and notifications (posting messages on social media or shaming).

2. **Identify Relevant API Categories:**
   - **social**: For integrations with Facebook, Twitter, and Foursquare accounts for login, permissions, and posting updates.
   - **messaging** (optional/secondary): For possibly handling social posting if direct posting through social APIs is unavailable (less likely needed here).
   - **fitness** (optional): In case any fitness data is needed beyond check-ins, but requirement states check-ins via Foursquare, so might not be mandatory.
   - **location** / **geography** / **check-in** (not explicitly listed but foursquare is social, and this matches).
   
3. **Match APIs from Relevant Categories**:
   - **social APIs**:
     - **foursquare**: Provides location-based experiences with data on venues, users, and check-ins. This is ideal to track gym visits.
     - **facebook**: Allows posting on user timelines, managing permissions, and authenticating — needed to post progress or shaming notifications.
     - **twitter**: Enables tweeting updates to Twitter profiles, needed for weekly posting.
   
   - **messaging APIs**: Not explicitly required because the posting is done via social APIs.
   
4. **Select the Most Suitable APIs**:
   - **foursquare**: For tracking gym check-ins automatically by retrieving location data from user activity.
   - **facebook**: For posting status updates about user progress (success or shame) every Monday.
   - **twitter**: For tweeting status updates similarly.

**Conclusion**:
- Recommend categories from 2.: ['social']
- Recommend All matched APIs in 3.: ['foursquare', 'facebook', 'twitter']
- Final recommended APIs: ['foursquare', 'facebook', 'twitter']
./output/gpt/few_cot_infer/responses.json
データが保存されました: ./output/gpt/few_cot_infer/responses.json (キー: healthy-lemur-1)
------------------------------
評価中のサービス: klezio
Iteration 1, Total call: 104
**Reasoning**:

1. **Identify Core Features**:
   - The service is to aggregate news from around the web.
   - Provide related stories and related content such as Wikinews and Wikipedia links.
   - Include multimedia content such as Flickr photos.
   - Include social media content such as tweets.
   - Provide tags/keywords associated with news content.

2. **Identify Relevant API Categories**:
   - news-services: For accessing aggregated news and related stories.
   - wiki: For accessing Wikipedia and Wikinews related content.
   - social: To integrate tweets and social media content.
   - photos: To embed Flickr photos relevant to the news.
   - tagging: To provide metadata and tags for news content.
   - search: For related content search and discovery functionality.

3. **Match APIs from Each Category**:

   - **news-services**:
     - webhoseio: Provides access to structured web data including news, blogs and online discussions; supports aggregation.
     - guardian: Provides access to articles, tags, sections and other news content.
     - new-york-times-article-search: Allows article search by keyword with faceting.
     - reddit: Access to user submitted and rated stories, including content and social.
     - reuters-spotlight: Access to Reuters news, video and multimedia articles.
     - trendrr: Tracks and identifies trends across social graphs and networks.
     - daylife: Provides access to global news and lets developers build apps on top.
     - new-york-times-newswire: Up-to-the-minute stream of NYT published items.
   
   - **wiki**:
     - wikipedia: Provides access to Wikipedia content and user-generated information.
     - wikilocation: Search for Wikipedia articles by geographic location.
     - dbpedia: Provides structured information extracted from Wikipedia.
     - mindtouch-deki-wiki: REST API exposing complete Wiki functionality.
     - dbpedia-spotlight: Named entity extraction and linking to DBpedia (Wikipedia data).

   - **social**:
     - twitter-streaming: Access to live, filtered Twitter feeds in real time.
     - twitter-search: Search tweets with filters and trending info.
     - tagalus: Twitter hashtag meanings and definitions.
     - scoopit: Social media and content curation platform, access to posts and topics.
     - plancast: Share events and activities, social engagement.
     - what-trend: Trending Twitter hashtags and related media/news.
     - awesm: Social data analytics to understand user behavior.
     - peerindex: Social media analytics and influence measurements.
     - facebook-graph: Access to Facebook social content and relationships.
     - tumblr: Social blogging, posts, user info, tags.
     - addthis-sharing-endpoints: Share and spread content on social platforms.
     - launchrock: Startup launch analytics and user activity data.
     - scoopit: Content curation from social platforms.
     - launchrock: User activity, traffic, sharing data.

   - **photos**:
     - flickr: Access to extensive photo feeds and public images.
     - pixabay-free-images: License-free images and photos.
     - images: Royalty-free clip art integration.
     - photobucket: Photo sharing and uploading.
     - giphy: Animated GIF search engine.
   
   - **tagging**:
     - thomson-reuters-open-calais: Extracts concepts, tags, and metadata from text.
     - tagalus: Twitter hashtag meanings (also social).
   
   - **search**:
     - primal: Interest graph-based content search.
     - yahoo-term-extraction: Content analysis, extraction of significant words/phrases.
     - yahoo-local-search: Local information and business search with reviews.
     - google-custom-search: For web or image search capabilities.
     - earth911-search: Specialized search in recycling directory, example of niche.
     - vast: Web search across verticals.
     - yahoo-related-suggestions: Suggestions for related queries.

4. **Select the Most Suitable APIs**:
   - For robust news aggregation and access to multi-source news content:
     - webhoseio (structured data feeds from news, blogs, online discussions)
     - guardian (comprehensive news content with metadata and tags)
     - new-york-times-article-search (deep archives of articles, faceted search)
     - reuters-spotlight (trusted international news and multimedia)
   - For Wikipedia/Wikinews related content:
     - wikipedia (direct access to Wikipedia content)
     - wikilocation (location-based Wikipedia article search)
     - dbpedia (structured Wikipedia data)
   - For social media integration:
     - twitter-streaming (real-time Twitter data feed)
     - twitter-search (filtered twitter search API)
     - what-trend (trending tweets with media and news)
   - For photo content integration:
     - flickr (extensive user-generated photographic content)
     - giphy (dynamic animated GIFs supporting social content enrichment)
   - For tagging and related metadata extraction:
     - thomson-reuters-open-calais (semantic tagging, entity extraction)
   - For comprehensive search and suggestions:
     - yahoo-local-search (contextual local search supporting ads and reviews)
     - yahoo-related-suggestions (related query suggestions)

**Conclusion**:
- Recommend categories from 2.: ['news-services', 'wiki', 'social', 'photos', 'tagging', 'search']
- Recommend All matched APIs in 3.: ['webhoseio', 'guardian', 'new-york-times-article-search', 'reuters-spotlight', 'wikipedia', 'wikilocation', 'dbpedia', 'twitter-streaming', 'twitter-search', 'what-trend', 'flickr', 'giphy', 'thomson-reuters-open-calais', 'yahoo-local-search', 'yahoo-related-suggestions']
- Final recommended APIs: ['webhoseio', 'guardian', 'wikipedia', 'twitter-streaming', 'flickr', 'thomson-reuters-open-calais']
./output/gpt/few_cot_infer/responses.json
データが保存されました: ./output/gpt/few_cot_infer/responses.json (キー: klezio-1)
------------------------------
評価中のサービス: belizemapia
Iteration 1, Total call: 105
**Reasoning**:

1. **Infer Core Functionalities**:  
   The service requires:
   - Mapping of attractions in Belize and other Central American cities. This implies geolocation search, points of interest mapping, and map rendering.
   - Display of YouTube videos related to the cities when clicking tabs. This implies integration with YouTube video data APIs for searching and retrieving videos.

2. **Identify Relevant API Categories**:  
   - **mapping**: To show attractions on a map, provide geolocation data and marker placements relevant to Belize and other Central American cities.  
   - **video**: For retrieving and displaying YouTube videos related to the selected city.

3. **Match APIs from Available Categories**:  
   - **mapping APIs** that can cover location data and mapping:  
     - bing-maps-search: Allows parsing mapping related search queries and returning search results. Useful for finding attractions.  
     - bing-maps: Bing Maps REST Services for mapping, routing, and imagery that can be integrated to render maps and overlays.  
     - google-maps-places: Provides place search, details, photos and autocomplete for locations. Useful to find attractions in cities.  
     - mapquest: Offers developer tools and web services for building rich, engaging online mapping solutions including Search.  
     - openlayers: JavaScript API to include dynamic maps, markers, and vector data in web pages, supports mobile.  
     - geonames: Geographical database to retrieve info like weather, timezone, postal codes — useful for location info enrichment.  
     - wikilocation: API to search Wikipedia articles by location, which could help augment attraction data.  
   
   - **video APIs** for YouTube videos:  
     - youtube: Data API allowing search and retrieval of videos, playlists and user data from YouTube. Perfect for embedding city-related videos.

4. **Select and Recommend Best-Suited APIs**:  
   - For **mapping**, the **bing-maps-search** API is a strong candidate since it supports searching points of interest, filtering and detailed results. Combined with **bing-maps** API for rendering maps, this can cover both search and display.  
   - **google-maps-places** is also suitable if Google Maps integration is preferred, since it is powerful for place search and photos.  
   - For **video**, the **youtube** API is the only YouTube video API available and fits perfectly for searching and embedding city-related videos.

**Conclusion**:  
- Recommend categories from 2.: ['mapping', 'video']  
- Recommend All matched APIs in 3.: ['bing-maps-search', 'bing-maps', 'google-maps-places', 'mapquest', 'openlayers', 'geonames', 'wikilocation', 'youtube']  
- Final recommended APIs: ['bing-maps-search', 'youtube']
./output/gpt/few_cot_infer/responses.json
データが保存されました: ./output/gpt/few_cot_infer/responses.json (キー: belizemapia-1)
------------------------------
評価中のサービス: japan-talent-data-box
Iteration 1, Total call: 106
**Reasoning**:  
1. Identify Core Functionalities:  
- The primary function is to provide a directory service of Japanese talents, including actors, actresses, and models.  
- This implies accessing structured data about people in entertainment, such as profiles, biographies, career data, images, and possibly event or media appearances.  
- The service may need to enable search/filtering capabilities on specific talent categories (actor, actress, models) and possibly support updates or integration with talent information.  

2. Identify Relevant API Categories:  
- music: Although not a perfect match, music APIs sometimes include artist and talent profiles; however, this API list refers mainly to music content.  
- media: Media category APIs often include information about people involved in entertainment such as actors and actresses.  
- entertainment: This is a promising category to find APIs related to entertainment industry talents and related metadata.  
- reference: Reference APIs include databases and structured information like biographies, might include general-purpose data on people (talents).  
- social: Could contain social data about actors and models but less authoritative for directory service.  
- photos: Can be useful for accessing images related to talents but not for directory profiles.  
- search: Search APIs can be used to find content related to talents but not necessarily dedicated directory data.  

From the given category list and APIs, primary relevant categories are:  
- entertainment  
- media  
- reference  

3. Match APIs from Relevant Categories:  
- entertainment APIs:  
  - movie-database-tmdb: Provides data about movies, TV shows, cast, posters, and movie fan art. Good for actor/actress details linked to movies.  
  - reuters-spotlight: News content including video and photos, but less focused on talent directory.  
  - rovi-cloud-services: Provides advertising, metadata, recommendations, media recognition, and search modules, possibly including talent data.  
  
- media APIs:  
  - bbc-nitro: Access to BBC's program, cast, and episode details. Could be relevant for international talents but limited to BBC content.  
  - roku-web-service: Video content management, less about talent directory.  
  - itunes-app-store-search: Media content search not related to talent directory.  
  - ot-net-tv: TV streaming and content management, less about talent directory.  
  
- reference APIs:  
  - esv-bible-lookup: Bible content, irrelevant here.  
  - wikipedia: Wikipedia API provides broad biographical data on various subjects including entertainment personalities. Can serve as a source for talent profiles.  
  - dbpedia: Structured data extracted from Wikipedia, useful for querying detailed structured info on talents.  
  - crunchbase: Focused on companies and investments, not talent directory.  
  - geonames: Geographic info, irrelevant here.  
  - forvo: Pronunciation dictionary, irrelevant here.  
  - moonshadow-mobile: US population and census data, irrelevant.  
  
- social APIs: Not specifically relevant for authoritative talent directory info.  

4. Select Most Suitable APIs:  
- movie-database-tmdb: Specifically curated movie and cast database, includes Japanese talents who are in films or TV series. High relevance for actors/actresses.  
- wikipedia: Provides broad biographical info on various talents, likely includes actors, actresses and models, and covers Japanese talents too.  
- dbpedia: Structured data derived from Wikipedia, very useful for processing and querying semi-structured talent profiles efficiently.  

Combining TMDb for entertainment-specific data and Wikipedia/DBpedia for broader biographical context gives a strong foundation for a Japanese talents directory service.  

**Conclusion**:  
- Recommend categories from 2.: ['entertainment', 'media', 'reference']  
- Recommend All matched APIs in 3.: ['movie-database-tmdb', 'reuters-spotlight', 'rovi-cloud-services', 'bbc-nitro', 'wikipedia', 'dbpedia']  
- Final recommended APIs: ['movie-database-tmdb', 'wikipedia', 'dbpedia']
./output/gpt/few_cot_infer/responses.json
データが保存されました: ./output/gpt/few_cot_infer/responses.json (キー: japan-talent-data-box-1)
------------------------------
評価中のサービス: mapping-events
Iteration 1, Total call: 107
**Reasoning**:

1. **Identify Core Features**:
   - Event Discovery: The application focuses on letting users find upcoming events and activities.
   - Event Filtering & Sorting: Users can narrow searches by category, place, or date, and sort results by relevance, date, title, popularity, or venue name.
   - Mapping Interface: Utilizes Google Maps to visually display event locations.
   - Search Integration: Uses web search APIs to enhance event discovery.
   - Location Awareness: Uses IP-based services to tailor or infer user location for relevant event data.
   - Data Aggregation: Incorporates multiple APIs to build a rich dataset and user experience.

2. **Identify Relevant API Categories**:
   - events: To access and manage event data, including searching and retrieving event details.
   - mapping: To provide map-based interfaces and visualizations for event locations.
   - search: To implement general and filtered searches over content or events.
   - location: To determine user location or place-related data for location-specific event discovery.

3. **Match APIs from Relevant Categories**:
   - **events**:
       - eventful: Provides a vast database of events and venues worldwide, and offers search and filtering capabilities.
       - active: Offers read-only access to diverse sports, fitness, and outdoor events data, including schedules and venues.
       - brown-paper-tickets: Provides ticketing and event data including event creation and attendee lists.
   
   - **mapping**:
       - google-maps: A comprehensive mapping API that allows embedding and interaction with maps, including place markers, routes, and layers.
       - bing-maps: Offers mapping REST services to perform tasks such as displaying maps, routing, addressing, and geocoding.
       - mapquest: Provides developer tools and APIs to build rich mapping solutions including directions and geocoding.
   
   - **search**:
       - google-ajax-search: (In the description but not specifically listed in available APIs; however "Google AJAX Search API" is mentioned in the requirements, assuming it's embodied within google-search or google APIs like microsoft-bing.)
       - microsoft-bing: Provides web search capability similar to Bing.com, returning web pages, images, and more, supporting powerful search functionality.
       - yahoo-search-marketing: Provides programmatic access to search marketing capabilities from Yahoo!.
   
   - **location**:
       - worldip: (mentioned in the requirements, but no explicit API given in the list; closest alternatives could be ip2location, ipinfoio-ip-geolocation, or smart-ip-geo-ip which provide IP geolocation)
       - ip2location: Offers reverse IP lookup to find country, city, latitude/longitude and other location data from IP addresses.
       - ipinfoio-ip-geolocation: Gives IP geolocation information such as region, country, city, postal code, and coordinates.
       - smart-ip-geo-ip: Provides IP address lookup for geolocation data at city level.

4. **Select the Most Suitable APIs**:
   - eventful: Primary API for event data; it directly matches the domain and offers search and filtering capabilities suitable for the use case.
   - google-maps: Essential mapping API to render event locations visually and interactively.
   - microsoft-bing (Bing API): As a major search provider, it can power the search feature to enhance discovery capabilities.
   - ip2location: Provides reliable IP-to-location services necessary for user-based location awareness.
   
**Note**: The requirements mention Google AJAX Search API and WorldIP API, but these exact APIs don’t appear in the provided list. The substitutes mentioned above are the closest match in the available API list to fulfill those functionalities.

---

**Conclusion**:

- Recommend categories from 2.:  
  ['events', 'mapping', 'search', 'location']

- Recommend All matched APIs in 3.:  
  ['eventful', 'active', 'brown-paper-tickets', 'google-maps', 'bing-maps', 'mapquest', 'microsoft-bing', 'yahoo-search-marketing', 'ip2location', 'ipinfoio-ip-geolocation', 'smart-ip-geo-ip']

- Final recommended APIs:  
  ['eventful', 'google-maps', 'microsoft-bing', 'ip2location']
./output/gpt/few_cot_infer/responses.json
データが保存されました: ./output/gpt/few_cot_infer/responses.json (キー: mapping-events-1)
------------------------------
評価中のサービス: padmapper
Iteration 1, Total call: 108
**Reasoning**:

1. **Core functionalities identification**:  
   - Aggregation of rental/home listings from Craigslist and other sources.  
   - Ability to filter listings with multiple criteria (price, favorites list, max commute time via subway).  
   - Mapping and visualization of rental locations and nearby popular businesses.  
   - Commuting time calculation/filtering based on subway routes.  
   - Favorite list management and user interaction features.

2. **Relevant API Categories**:  
   - **real-estate**: For accessing home or apartment rental listings data.  
   - **mapping**: To plot rentals and nearby businesses visually on a map and enable zoom & pan.  
   - **location**: To get geographic and address-related data for listings and commute calculations.  
   - **transportation**: To handle commute time estimations, especially subway routes.  
   - **recommendations**: To help suggest popular nearby businesses or filtered listings based on user preferences.

3. **Match APIs from Relevant Categories**:

   - **real-estate**:  
     - `nestoria`: Vertical search engine for property in UK and Spain; might have relevant data structure and search capability.  
     - `zillow`: Provides real estate property details, home valuations, and market stats (primarily US but robust).  
     - `booli`: Swedish real estate search portal.  
     - `realtybaron-answers`: Q&A focused, less about listings.  
     - `walk-score`: Provides walkability scores given address coordinates, useful for evaluating neighborhoods.

   - **mapping**:  
     - `bing-maps`: Offers mapping, pushpins, driving directions, and imagery.  
     - `google-maps-places`: Returns info about places/establishments near a location.  
     - `mapquest`: Provides maps, directions, geocoding, and traffic info.  
     - `openlayers`: Open source dynamic maps with vector data and markers.  
     - `mapbox`: Open source suite for interactive maps, hosting and embedding.

   - **location**:  
     - `ipinfoio-ip-geolocation`: IP based geolocation data, less relevant here (focus is address-level search).  
     - `garmin-communicator-plugin`: For GPS-device data, likely irrelevant.  
     - `timezonedb`: Timezone information, less relevant.

   - **transportation**:  
     - `public-transit-data-community`: Offers Bus/train arrivals, routes, and intelligent routing info – very relevant for commute time filtering by subway.  
     - `yahoo-traffic`: Traffic info usable for commute calculations.  
     - `bing-traffic`: Traffic incidents data for commute optimizations.  
     - `google-distance-matrix`: Provides travel times and distances given origins and destinations, ideal for commute time calculations.

   - **recommendations**:  
     - `yelp-fusion`: Business review and rating data for nearby businesses, useful when zooming in on popular businesses around rental listings.  
     - `qype`: Another source of business reviews/rating, but less global coverage than Yelp.  
     - `rotten-tomatoes`: Movie recommendations, irrelevant.  
     - `trakttv`: TV shows, irrelevant.  

4. **Select best-suited APIs**:

   - For **real estate listings**: The requirement explicitly mentions Craigslist, but no direct Craigslist API is listed. Given that, the best available proxies for real estate listings with advanced search would be:
     - `zillow`: Strong US real-estate data and valuation functionality.  
     - `nestoria`: Though UK/Spain focus, good for generic property listing features and search API pattern (might inspire mashup design).  
     - `walk-score`: For evaluating neighborhood walkability, which complements "max commute" filters.

   - For **mapping and visualization**:
     - `bing-maps`: Reliable mapping and routes with imagery and markers.  
     - `google-maps-places`: Robust place data for nearby businesses and points of interest.  
     - `mapquest`: Directions & routing API useful for commute time estimation and maps.  

   - For **commute time and transportation**:
     - `google-distance-matrix`: Ideal for calculating travel time between rental and subway/work locations.  
     - `public-transit-data-community`: Transit route and schedule info, specifically for public transportation like subway.  

   - For **nearby popular businesses recommendations**:
     - `yelp-fusion`: Best global coverage and rich data for popular businesses and reviews near rental property locations.

**Conclusion**:

- Recommend categories from 2.:  
  `['real-estate', 'mapping', 'transportation', 'recommendations']`

- Recommend All matched APIs in 3.:  
  `['zillow', 'nestoria', 'walk-score', 'bing-maps', 'google-maps-places', 'mapquest', 'google-distance-matrix', 'public-transit-data-community', 'yelp-fusion']`

- Final recommended APIs:  
  `['zillow', 'bing-maps', 'google-distance-matrix', 'public-transit-data-community', 'yelp-fusion']`

**Reasons**: Zillow provides comprehensive US rental data. Bing Maps offers dependable mapping and visualization. Google Distance Matrix combined with Public Transit Data Community supports robust commute time filtering, specifically for subway and transit. Yelp Fusion provides data on popular businesses nearby rental listings, satisfying the zoom-in business filtering requirement. This combination best meets the functionality of improving home rental hunting with map visualization, advanced filtering, commute calculations, and neighborhood business context.
./output/gpt/few_cot_infer/responses.json
データが保存されました: ./output/gpt/few_cot_infer/responses.json (キー: padmapper-1)
------------------------------
評価中のサービス: inauguration-scrapbook
Iteration 1, Total call: 109
**Reasoning**:

1. **Identify Core Features**:  
   - Image Sharing: The platform allows users to share images capturing an important event, so photo sharing and uploading is central.  
   - Viewing and Browsing: Users can view images posted by others, requiring content retrieval and display capabilities.  
   - Voting/Rating: Users can vote on images, so some kind of social or interactive feature with user input is needed.  
   - Community Engagement: Since users share and vote, social features (user accounts, interaction) are important.  
   - Possibly Tagging or Metadata: To organize images and allow discovery.

2. **Identify Relevant API Categories**:  
   - photos: For uploading, sharing, retrieving images, and managing photo attributes.  
   - social: To handle user interactions, voting, and social engagement features.  
   - media: May include support for managing media content for display and distribution.  
   - possibly tags or recommendations if image tagging or curated display is involved, but from requirements, primary focus is on photos and social.

3. **Match APIs from Relevant Categories**:  
   - **photos APIs**:  
     - flickr: Widely used photo sharing service with APIs for uploading, browsing, tagging, and sharing photos.  
     - imgur: Popular for image hosting and sharing, with anonymous and authenticated uploads.  
     - instagram-graph: Photo sharing on Instagram with access to user photos and metadata.  
     - photobucket: API for uploading and sharing photos.  
     - 500px: Photo sharing community API (note: limited availability).  
     - pixabay-free-images: Image catalog, but more for discovering images than uploading user content.  
     - snipshot: Online image editing, possibly useful but less central.  
     - google-picasa (deprecated): No longer recommended.  
     
   - **social APIs**:  
     - facebook-graph: For social interactions, posts, likes, comments (depending on access).  
     - twitter-streaming: For social media data streaming, less focus on photos directly.  
     - meetup, plancast, tagalus, etc.: Less relevant here.  
     - tagalus: Twitter hashtag definitions, not relevant.  

   - **media APIs**:  
     - bbc-nitro, otNettv, brightcove, youtube, vimeo: Focused on video and large media platforms, not primarily photos.  
     
   - **Others / Possible**:  
     - addthis-sharing-endpoints or social-share-count (for sharing and social engagement), but basic photo sharing and social features are fundamental.

4. **Select the Most Suitable APIs**:  
   - For photo sharing and hosting: flickr and imgur are the best suited due to their popularity, robust APIs, upload and browsing capabilities, and community features for images.  
   - For social voting and sharing features integrated into these platforms: facebook-graph API can extend social sharing and discussion, although accessing full functionality may depend on permissions and privacy settings.  
   - Instagram Graph is powerful but might be restrictive in access and usage, and may be less fitting for a custom photo sharing site initially built by supporters.  
   - Other photo APIs like pixabay and photobucket either focus on curated or licensed content, or have limited public API availability.

**Conclusion**:  
- Recommend categories from 2.: ['photos', 'social']  
- Recommend All matched APIs in 3.: ['flickr', 'imgur', 'facebook-graph', 'instagram-graph', 'photobucket']  
- Final recommended APIs: ['flickr', 'imgur', 'facebook-graph']
./output/gpt/few_cot_infer/responses.json
データが保存されました: ./output/gpt/few_cot_infer/responses.json (キー: inauguration-scrapbook-1)
------------------------------
評価中のサービス: flowd
Iteration 1, Total call: 110
**Reasoning**:

1. **Identify Core Features**:  
   - Users can mark favorite spots on a map (geolocation, mapping).  
   - Users can share and tell friends about the location of events and hotspots (social interaction).  
   - The app shows nearby gigs of favorite artists (music event information and location-based event discovery).

2. **Identify Relevant API Categories**:  
   - **mapping**: To enable marking/finding spots on a map and showing their locations.  
   - **music**: To obtain data about gigs, artists, and music events.  
   - **social**: For sharing spots, interacting with friends, or leveraging social features related to venue or artist popularity.

3. **Match APIs from Relevant Categories**:  

   - **mapping APIs**:  
     - **bing-maps-search**: Offers mapping and location search functionality.  
     - **bing-maps**: A comprehensive maps API with routing and imagery support.  
     - **mapquest**: Provides mapping platform services and associated geocoding/search.  
     - **google-geocoding**: Geocoding and reverse geocoding service for mapping coordinates.  
     - **geonames**: Geographical database with places and location information.  
     - **openlayers**: JavaScript SDK for dynamic maps embedding.  
     - **google-maps-places**: Place search, details, and autocomplete features for geolocated places.  
     - **mapbox**: Suite of mapping tools to create interactive maps.  

   - **music APIs**:  
     - **bandsintown**: Provides live music and concert information, ideal to find gigs and events related to favorite artists.  
     - **jamendo**: Offers access to albums, artists, tracks, playlists, and reviews.  
     - **lastfm**: Music data including artists, albums, and user events.  
     - **spotify-web**: Music catalog with artist and track information, user playlists.  
     - **musicbrainz**: Metadata on music artists, albums, and tracks.  
     - **songkick**: Large live music database with concert data and event tracking.  
     - **musikki-music**: Curated music content and data for discovery and recommendation.  

   - **social APIs**:  
     - **facebook-graph**: Access to social graph data (users, friends, events).  
     - **twitter-streaming**: Real-time social data from Twitter, including locations and events.  
     - **foursquare**: Location-based social data about venues, user check-ins and photos.  
     - **meetu**p: Event and social group data, potentially useful for discovering local music events.  
     - **tagalus**: Twitter hashtag definitions, could complement social trend discovery.  
     - **awesm**: Social data analytics for understanding user behavior.  
     - **buffer**: Social media management, scheduling and sharing.  
     - **launchrock**: User activity and sharing analytics relevant to social engagement.  

4. **Select the Most Suitable APIs**:  
   - **bandsintown**: This API directly matches the need for discovering nearby gigs of favorite artists. It is specifically designed for live music events and artist tours.  
   - **bing-maps** or **mapquest** or **google-maps-places**: Any of these mapping APIs are suitable to implement the mapping and spot-marking function. Among them, **bing-maps** is prominent and robust for mapping and location-based applications.  
   - **foursquare**: Provides location-based social data and venue information, ideal to support social sharing and local spots discovery related to user interests and check-ins.  

**Conclusion**:  
- Recommend categories from 2.: ['mapping', 'music', 'social']  
- Recommend All matched APIs in 3.: ['bing-maps-search', 'bing-maps', 'mapquest', 'google-geocoding', 'geonames', 'openlayers', 'google-maps-places', 'mapbox', 'bandsintown', 'jamendo', 'lastfm', 'spotify-web', 'musicbrainz', 'songkick', 'musikki-music', 'facebook-graph', 'twitter-streaming', 'foursquare', 'meetup', 'tagalus', 'awesm', 'buffer', 'launchrock']  
- Final recommended APIs: ['bandsintown', 'bing-maps', 'foursquare']
./output/gpt/few_cot_infer/responses.json
データが保存されました: ./output/gpt/few_cot_infer/responses.json (キー: flowd-1)
------------------------------
評価中のサービス: mapattack
Iteration 1, Total call: 111
**Reasoning**:

1. **Identify Core Features**:  
   - Real-time strategy game layered on real-world geography.  
   - Use of virtual geofences placed on a map, requiring players to physically move to specific real-world locations to interact/capture.  
   - Location tracking is critical to gameplay.  
   - Real-time updates or notifications may be needed for gameplay dynamics.  
   - The map display and geofence management are core functionalities.

2. **Identify Relevant API Categories**:  
   - **mapping**: To overlay virtual geofences on real maps and show location-based elements interactively.  
   - **location**: To determine player positions, geofence proximity, and manage real-world geographic data.  
   - **messaging** (optional but useful): To enable real-time notifications or alerts when players enter or leave geofences.  

3. **Match APIs from Relevant Categories**:  
   - **mapping APIs**:  
       - bing-maps: Provides mapping services with search filters suitable for geographic queries. Good for interactive maps and geo-data integration.  
       - google-maps-places: API to handle geographic points of interest and place searches with geo-coordinates, useful for marking geofences.  
       - mapquest, mapquest-open-directions, google-maps-geocoding, google-maps: Various APIs for geolocation, routing, static/dynamic map embedding—fundamental for displaying maps and geofences.  
       - openlayers: Open source mapping library to render vector data and map tiles—useful for implementing custom geofence rendering and interactions.  
       - geonb, arcweb, metacarta, mapbox: Provide specialized mapping and geo data functions that may complement the core mapping functionality.

   - **location APIs**:  
       - ip2location: Reverse IP lookup for geolocation—but may lack accuracy for precise player movements needed in GPS games.  
       - ipinfoio-ip-geolocation: IP-based geolocation, less precise than device GPS but useful as fallback.  
       - garmin-communicator-plugin: Integrates Garmin GPS device data, may help for precise fitness device users but niche.  
       - geoloqi: Provides real-time mobile location with proximal notifications, suitable for location-aware applications and geofencing triggers.

   - **messaging APIs** (optional for alerts/notifications):  
       - pubnub: Real-time messaging service, supports mobile and web, excellent for delivering real-time game updates and notifications.  
       - pusher: WebSocket-based real-time messaging for apps, suitable for multiplayer game communication.  
       - twilio-sms: Allows sending SMS messages, could be used to alert players outside the app or as fallback notifications.

4. **Select and Recommend the Best-Suited APIs**:  
   - **bing-maps**: Well-established, comprehensive mapping API with multiple features including map imagery, routes, and spatial data.  
   - **google-maps-places**: Excellent for marking precise points for geofences and interaction points on the map, widely used and supported.  
   - **openlayers**: For custom, open-source, and flexible map visualization and manipulation, especially useful for drawing and managing virtual geofences programmatically.  
   - **geoloqi**: Focused on real-time mobile location with features suitable for geofencing and location-triggered notifications, aligning closely with game requirements.  
   - **pubnub** or **pusher**: For real-time communication and updating game state among players and game servers with minimal latency.

**Conclusion**:
- Recommend categories from 2.: ['mapping', 'location', 'messaging']
- Recommend All matched APIs in 3.: ['bing-maps', 'google-maps-places', 'mapquest', 'openlayers', 'geoloqi', 'pubnub', 'pusher', 'twilio-sms']  
- Final recommended APIs: ['bing-maps', 'google-maps-places', 'openlayers', 'geoloqi', 'pubnub']
./output/gpt/few_cot_infer/responses.json
データが保存されました: ./output/gpt/few_cot_infer/responses.json (キー: mapattack-1)
------------------------------
評価中のサービス: ifttt
Iteration 1, Total call: 112
**Reasoning**:

1. **Identify Core Features**:  
   The mashup uses the Pushover API, which is a service focused on real-time mobile notifications delivered to devices. It integrates with IFTTT (If This Then That), which connects Pushover to over 109 other channels like Box, Dailymotion, Bestbuy, Evernote, Facebook, Fitbit, Google Drive, Instagram, Linkedin, Nike, SMS, Twitter, Yahoo Sports, Yammer, and YouTube.  
   The essential features are:  
   - Real-time notifications pushing to mobile devices (Push notifications)  
   - Integration with various platforms and services for triggering notifications  
   - Messaging and alerting functionality  

2. **Identify Relevant API Categories**:  
   - **messaging**: Because the primary function is sending notifications and messages to mobile devices.  
   - **social**: Since many of the integrated channels are social media platforms and social-oriented services (Facebook, Instagram, Twitter, Linkedin, etc.).  
   - **storage** or **cloud** could be peripheral but not core for push notification delivery.  
   Messaging and social categories thus most closely align with the described system.

3. **Match APIs from Relevant Categories**:

   - **messaging APIs**:  
     - pushover-message: A real-time notification service for Android/iOS devices, using a simple REST API for sending messages. Perfectly matches the requirement.  
     - twilio-sms: Sending and receiving SMS messages, fits messaging but SMS focused rather than push notifications.  
     - amazon-sns: Cloud notification service with push and other delivery mechanisms.  
     - slack-real-time-messaging: Real-time chat messaging within Slack teams, less relevant here.  
     - pubnub: Real-time messaging platform, also applicable but generally for data/message delivery in apps more than simple notifications.  
     - clockwork-sms: SMS message gateway, less relevant focused on SMS.

   - **social APIs**:  
     - facebook-graph: Facebook social graph, interacts with social content and users.  
     - twitter: Twitter API for social content and user data, though currently deprecated.  
     - instagram-graph: Instagram photo sharing and social data.  
     - linkedin: Professional social network API.  
     - plancast, scoopit, foursquare, nationbuilder, awesm: Various social and content platforms.  
     These match integration channels mentioned (Facebook, Instagram, LinkedIn, Twitter).

4. **Select the Most Suitable APIs**:  
   - **pushover-message**: This is the core API mentioned explicitly as the notification delivery service used by IFTTT for push notifications to mobile devices.  
   - **facebook-graph**, **instagram-graph**, **linkedin**, **twitter**: These social APIs align with the example channels listed that trigger Pushover notifications.  
   - Additional social APIs could be included if expanding coverage (e.g., Fitbit API is in tools category, Google Drive is storage, YouTube is video), but for mashup relevance and notification triggering, social + messaging are prime.

**Conclusion**:
- Recommend categories from 2.: ['messaging', 'social']
- Recommend All matched APIs in 3.: ['pushover-message', 'twilio-sms', 'amazon-sns', 'facebook-graph', 'twitter', 'instagram-graph', 'linkedin', 'plancast', 'scoopit', 'foursquare', 'nationbuilder', 'awesm']
- Final recommended APIs: ['pushover-message', 'facebook-graph', 'instagram-graph', 'linkedin', 'twitter']
./output/gpt/few_cot_infer/responses.json
データが保存されました: ./output/gpt/few_cot_infer/responses.json (キー: ifttt-1)
------------------------------
評価中のサービス: highest-hits-videos
Iteration 1, Total call: 113
**Reasoning**:

1. **Identify Core Features**:  
   - Video Search and Viewing: The app focuses on searching YouTube videos and displaying them to users.  
   - Video Playback: Videos should be viewable through standard means and also enhanced with a jQuery Lightbox for a better UI experience.  
   - Social Sharing and Interaction: Users can share videos on Facebook and leave comments, requiring integration with Facebook for authentication and interaction.

2. **Identify Relevant API Categories**:  
   - **video**: For accessing YouTube video search and data.  
   - **social**: To support Facebook sharing, commenting, and user authentication.

3. **Match APIs from Relevant Categories**:  
   - **video APIs**:  
       - **youtube**: Provides access to YouTube video search, retrieval, and user data, perfectly aligning with video search and playback requirements.  
       - **dailymotion**: Also video platform API, but since the requirement specifies YouTube, this is less relevant.  

   - **social APIs**:  
       - **facebook**: Supports social sharing, comments, and Facebook ID authentication, matching the app’s requirement for Facebook integration.  
       - Other social APIs like **twitter**, **google-plus**, etc., are less relevant as the requirement specifically mentions Facebook.

4. **Select the Most Suitable APIs**:  
   - **youtube**: Core API for fetching and displaying YouTube videos.  
   - **facebook**: Essential for enabling sharing, commenting, and user authentication via Facebook IDs.

**Conclusion**:  
- Recommend categories from 2.: ['video', 'social']  
- Recommend All matched APIs in 3.: ['youtube', 'facebook', 'dailymotion']  
- Final recommended APIs: ['youtube', 'facebook']
./output/gpt/few_cot_infer/responses.json
データが保存されました: ./output/gpt/few_cot_infer/responses.json (キー: highest-hits-videos-1)
------------------------------
評価中のサービス: friendlynx
Iteration 1, Total call: 114
**Reasoning**:

1. **Identify Core Features**:  
   - Social Network Integration: The service connects friends between Facebook and Twitter, requiring APIs that can access and manipulate social network data.
   - Friend Discovery on Another Network: Finding Facebook friends on Twitter implies need for APIs that provide access to user friends/connections data.
   - Following and Managing Twitter Lists: The application lets users follow friends and create/manage Twitter lists, which requires Twitter API capabilities.
   - Cross-Platform User Linking: It also enables Facebook friends to find the user on Twitter, implying a need for Facebook API access to either profile or authorization info.

2. **Identify Relevant API Categories**:  
   - social: Primary category for accessing Facebook and Twitter social data, friend lists, followers, user profiles, and managing connections and lists.
   - possibly messaging or user-management could assist, but social is the main category.

3. **Match APIs from Relevant Categories**:  
   - Facebook: The Facebook API provides access to social connections, profiles, friend lists, and related social data necessary to identify friends on Facebook.  
   - Twitter: The Twitter API allows for accessing Twitter friends/followers, creating and managing lists, and following users programmatically.  
   - twitter-search or twitter-streaming could be supplementary but official Twitter API is preferred.  
   - tagalus (social) defines meanings of Twitter hashtags, not relevant here.  
   - plancast, launchrock, scoopit, and others in social category focus on different social activities, not core friend linkage.  
   - google-plus (social) is for Google+ which is less relevant to Facebook and Twitter interactions.  
   - facebook-graph: This is the modern Facebook API platform that supports friend and profile data access.  
   - twitter (noting this API is deprecated, but historically relevant): To interact with Twitter users, lists and relationships.  
   
4. **Select the Most Suitable APIs**:  
   - **facebook-graph**: It provides access to Facebook social graph, profiles, friend data, and is necessary to get the user’s Facebook friends.  
   - **twitter**: It enables managing Twitter accounts, following friends, and creating/managing Twitter lists. Despite being deprecated, it represents the primary relevant Twitter API in the dataset.  
   - No other API more specifically serves the core needs of this mashup.  
  
**Conclusion**:  
- Recommend categories from 2.: ['social']  
- Recommend All matched APIs in 3.: ['facebook-graph', 'twitter']  
- Final recommended APIs: ['facebook-graph', 'twitter']
./output/gpt/few_cot_infer/responses.json
データが保存されました: ./output/gpt/few_cot_infer/responses.json (キー: friendlynx-1)
------------------------------
評価中のサービス: popify
Iteration 1, Total call: 115
**Reasoning**:

1. **Identify Core Features**:  
   - The requirement is to watch video playlists that are relevant and full of interesting information.  
   - It also involves sharing or watching together with friends, suggesting social or collaborative features around video content.  
   - Core functions are therefore video content retrieval and playback, playlist management, and social sharing.

2. **Identify Relevant API Categories**:  
   - **video**: For accessing video content, playlists, playback data, and managing video resources.  
   - **social**: To enable sharing with friends, collaborative features, friend lists, or social engagement functionalities.

3. **Match APIs from Relevant Categories**:  
   - **video APIs**:  
     - **youtube**: Provides extensive access to video content, search, playlists, and user data. Highly suitable for building video playlist applications with social components like sharing.  
     - **vimeo**: Also supports video upload, playback, and playlist features, suitable for integrating rich video content.  
     - **dailymotion**: Another video content API offering video sharing and playlist management capabilities.  
     - **stupeflix**: Focuses on automated video generation, less relevant for watching curated playlists.  
     - **iva-video**: Provides metadata and promotional video assets, possibly useful but secondary to full video management.  
   
   - **social APIs**:  
     - **facebook**: Provides social graph, friend connections, sharing capabilities — useful for integrating with friends for watching together or sharing playlists.  
     - **buffer**: Social scheduling, less relevant for live watching or playlist sharing.  
     - **twitter** (deprecated but historically important): Could be useful for trend tracking but not core to this use case.  
     - Other social APIs like **meetup**, **foursquare**, or **tagalus** are less relevant to video sharing or watching.

4. **Select Most Suitable APIs**:  
   - From video APIs, **youtube** is the most comprehensive with broad usage, playlist support, and social features integration.  
   - **vimeo** and **dailymotion** are good secondary options, both providing video streaming and playlist management.  
   - From social APIs, **facebook** is the most relevant for friend connection and sharing aspects to enable watching together.  
   - Optionally, integrating multiple video providers could enrich content diversity.

---

**Conclusion**:  
- Recommend categories from 2.: ['video', 'social']  
- Recommend All matched APIs in 3.: ['youtube', 'vimeo', 'dailymotion', 'iva-video', 'facebook']  
- Final recommended APIs: ['youtube', 'facebook']
./output/gpt/few_cot_infer/responses.json
データが保存されました: ./output/gpt/few_cot_infer/responses.json (キー: popify-1)
------------------------------
評価中のサービス: sightsmap
Iteration 1, Total call: 116
**Reasoning**:

1. **Identify Core Features:**
   - The mashup requires creating sightseeing popularity heatmaps worldwide.
   - The heatmaps should be based on user-generated photos from Panoramio and location data from FourSquare.
   - Core features include mapping to visualize data on a heatmap, photos to source geotagged images that drive popularity, and social/location data to obtain popular places from FourSquare.

2. **Identify Relevant API Categories:**
   - **mapping**: Crucial for visualizing heatmaps across global locations.
   - **photos**: Essential for accessing geotagged photos that reflect popularity, specifically from Panoramio.
   - **social** or **location**: FourSquare is location-based social data related to places and check-ins. Although FourSquare is categorized under social in many API lists, it has strong location components. Here it is classified as social.

3. **Match APIs from Relevant Categories:**

   - **mapping APIs**:
     - bing-maps: Offers extensive mapping services and can be used to plot heatmaps.
     - openlayers: JavaScript API for dynamic maps, can handle map overlays such as heatmaps.
     - google-maps-places: Provides detailed place information, useful if additional place details needed.
     - mapquest, bing-maps-geocode-dataflow, google-geocoding: Useful for geocoding the coordinates if needed.
     - Other mapping APIs like mapbox, google-maps may be considered but not explicitly listed.

   - **photos APIs**:
     - panoramio: Specifically mentioned as source for geotagged photos indicating sightseeing popularity.
     - flickr, imgur, snipshot, 500px (deprecated), photobucket, etc. could provide photos but the requirement explicitly includes Panoramio, so panoramio is the best fit.

   - **social APIs**:
     - foursquare: Provides location-based social data about places, check-ins, venue popularity.
     - others like facebook, twitter, but foursquare is specified and is the best match.

4. **Select the Most Suitable APIs:**

   - **Panoramio** API: Provides geotagged photos that can be used as a proxy for sightseeing popularity.
   - **FourSquare** API: Provides places data and social popularity information.
   - **Bing Maps** or **OpenLayers** API: For rendering the heatmaps worldwide.
     - Specifically, bing-maps has powerful features and is listed.
     - OpenLayers is an open-source JavaScript API ideal for customizing maps and overlays such as heatmaps.
   
   Since the requirement is about sightseeing popularity heatmaps worldwide, the combination of a mapping API plus the photo and place data is necessary.

**Conclusion:**

- Recommend categories from 2.: ['mapping', 'photos', 'social']
- Recommend All matched APIs in 3.: ['panoramio', 'foursquare', 'bing-maps', 'openlayers']
- Final recommended APIs: ['panoramio', 'foursquare', 'bing-maps', 'openlayers']
./output/gpt/few_cot_infer/responses.json
データが保存されました: ./output/gpt/few_cot_infer/responses.json (キー: sightsmap-1)
------------------------------
評価中のサービス: tagsinaction
Iteration 1, Total call: 117
**Reasoning**:

1. **Identify Core Features**:  
   The requirement emphasizes the use of hashtags extensively across the web. This suggests a service focused on social media content, particularly involving hashtags. Core features likely include:  
   - Accessing, searching, and managing hashtags  
   - Interaction with social content, such as posts or tweets using hashtags  
   - Social media data aggregation and possibly user engagement insights based on hashtags  

2. **Identify Relevant API Categories**:  
   The hashtag is primarily a social media feature, frequently associated with platforms like Twitter, Instagram, and other online social networks. Therefore, relevant categories include:  
   - social: For accessing social media platforms, managing tags, hashtags, and social posts.  
   - search: For searching hashtags, their occurrences, and potentially related content.  
   - tools: Might be useful if there are APIs that classify or define hashtags or support social content management.  

3. **Match APIs from Available Categories**:  
   - social category APIs related to hashtags and social media:  
     - tagalus: Lets you declare the meaning of Twitter hashtags. Supports getting and setting definitions of hashtags. Directly related to hashtag usage.  
     - twitter (historical, but likely related to hashtags): Though the twitter API is no longer available here, it historically provided access to tweets containing hashtags.  
     - scoopit: A social media and content curation platform that deals with associating web content and metadata, potentially including hashtags.  
     - what-trend: Provides info on trending Twitter hashtags, including explanations and latest tweets. Relevant for understanding and displaying trending hashtags.  
     - plancast: Mainly about events and sharing, less directly about hashtags.  
     - tagoo (search category): Provides audio and video search services, but no clear hashtag focus.  
     - tarpipe: API to manage social presence on Twitter and other services, might handle hashtags indirectly through postings.  

   - search category:  
     - what-trend (actually social category but related to search of trends)  
     - yahoo-local-search: Local search, not hashtag related.  
     - primal (interest graphs): None specifically related to hashtags.  

   - tools category:  
     - bing-translator, datumbox, uclassify: mainly NLP or translation tools, doesn’t specifically relate to hashtags.  

4. **Select the Most Suitable APIs**:  
   From the above, APIs that deal specifically with hashtags or Twitter trends are:  
   - **tagalus**: Specifically built for hashtag definitions and user interactions regarding hashtags. Most relevant directly for hashtags.  
   - **what-trend**: Specifically provides trending Twitter hashtags, explanations, and latest tweets linked to the hashtags. Very relevant to hashtag dissemination and trend discovery.  
   - **scoopit**: Useful for social content curation involving hashtags, but less directly focused solely on hashtags. Consider for extended functionalities.  
   Because the Twitter API as given here is discontinued, direct Twitter API usage is limited. However, what-trend and tagalus provide complementary functionalities relevant to hashtags.  

**Conclusion**:  
- Recommend categories from 2.: ['social', 'search']  
- Recommend All matched APIs in 3.: ['tagalus', 'what-trend', 'scoopit']  
- Final recommended APIs: ['tagalus', 'what-trend']
./output/gpt/few_cot_infer/responses.json
データが保存されました: ./output/gpt/few_cot_infer/responses.json (キー: tagsinaction-1)
------------------------------
評価中のサービス: music-artist-cloud-app
Iteration 1, Total call: 118
**Reasoning**:

1. **Identify Core Features**:
   - Music Discovery: The app helps users discover music bands and artists similar to their favorites.
   - Integration with Last.fm: Access to user data on favorite artists and similar artists.
   - Integration with YouTube: To play or show videos/music of the artists.
   - Tagclouds: Using tags or metadata to find related artists, enhancing discovery.
   
2. **Identify Relevant API Categories**:
   - music: To access music-related data such as artists, tracks, and recommendations.
   - video: To integrate video playback and searching capabilities with YouTube.
   - social: Optional, if social features or user interactions are considered, but not explicitly required here.
   
3. **Match APIs from Relevant Categories**:
   - **music APIs**:
     - lastfm: Provides access to music data including artists, albums, tracks, and importantly similar artists — perfect for music similarity and discovery.
     - musixmatch: For lyrics and music metadata, useful but not explicitly required here.
     - jamendo, spotify-web, bandcamp, musicbrainz, bandsintown: Also related to music, but lastfm is more focused on artist discovery and similarity.
   - **video APIs**:
     - youtube: Provides search, playback, and metadata access for video content on YouTube, ideal for embedding music videos for the discovered artists.
     - vimeo, dailymotion: Video APIs but less commonly used for music videos compared to YouTube.
   - **social APIs**:
     - Not explicitly needed for this requirement.
   
4. **Select the Most Suitable APIs**:
   - lastfm: Best suited for discovering similar artists and accessing music metadata.
   - youtube: Best for accessing music videos and integrating video playback.
   
**Conclusion**:

- Recommend categories from 2.: ['music', 'video']
- Recommend All matched APIs in 3.: ['lastfm', 'youtube', 'musixmatch', 'jamendo', 'spotify-web', 'bandcamp', 'musicbrainz', 'bandsintown', 'vimeo', 'dailymotion']
- Final recommended APIs: ['lastfm', 'youtube']
./output/gpt/few_cot_infer/responses.json
データが保存されました: ./output/gpt/few_cot_infer/responses.json (キー: music-artist-cloud-app-1)
------------------------------
評価中のサービス: twitter-mood-reader
Iteration 1, Total call: 119
**Reasoning**:

1. **Identify Core Features**:  
   - Sentiment Analysis: The core is analyzing text from Twitter status updates to extract positive or negative words and determine sentiment.  
   - Twitter Data Access: Need access to live or recent Twitter statuses (tweets) for real-time or batch sentiment processing.  
   - Visualization: Drawing an animated smiley face based on sentiment score (positive or negative). Though animation is a client-side feature, the API may provide sentiment classification and textual data.  
   
2. **Identify Relevant API Categories**:  
   - **social**: To access Twitter statuses and social data for tweets.  
   - **sentiment**: To perform sentiment analysis on text extracted from tweets.  
   - **natural-language-processing**: For advanced text processing, including sentiment analysis and extracting meaning from text.  
   
3. **Match APIs from Relevant Categories**:

   - **social**:  
     - tagalus: Offers Twitter hashtag meanings and definitions; may help sentiment by giving context on hashtags.  
     - topsy: Certified Twitter partner providing access to full Twitter conversations and summarized data over time, useful for sentiment extraction on tweets.  
     - twitter-search: Twitter search API to find tweets with filters (however, it is historical and may not be fully current).  
     
   - **sentiment**:  
     - getsentiment: Explicit sentiment analysis API; it provides keyword extraction, aspect-based sentiment analysis, and social media text analysis, aligning perfectly with the requirement of analyzing Twitter status sentiments.  
     
   - **natural-language-processing**:  
     - rxnlp-text-similarity: Text similarity but not specifically sentiment — somewhat related but indirect.  
     - nlp-tools: Sentiment analysis and textual classification of news sources; could be adapted for tweets.  
     - datumbox: Machine learning and natural language processing including sentiment analysis, topic classification, language detection, a close fit for the requirement.  
     - dialogflow-standard-webhooks: Conversational interfaces and intent detection, could be extended to sentiment but it's generally for dialog management, less direct.  
     
4. **Select the Most Suitable APIs**:  
   - For Twitter access, **topsy** provides comprehensive Twitter data as a certified partner, perfect for accessing status messages needed for sentiment analysis.  
   - For sentiment analysis, **getsentiment** explicitly offers sentiment services with keyword extraction and aspect-based analysis, aligning closely with the requirement.  
   - For natural-language-processing, **datumbox** offers machine learning based sentiment and text classification APIs that complement or extend sentiment analysis.  
   - Optionally, **nlp-tools** also provides sentiment and classification and can be considered a supportive API if more NLP features are required.  
     
**Conclusion**:

- Recommend categories from 2.: ['social', 'sentiment', 'natural-language-processing']  
- Recommend All matched APIs in 3.: ['tagalus', 'topsy', 'twitter-search', 'getsentiment', 'rxnlp-text-similarity', 'nlp-tools', 'datumbox', 'dialogflow-standard-webhooks']  
- Final recommended APIs: ['topsy', 'getsentiment', 'datumbox']
./output/gpt/few_cot_infer/responses.json
データが保存されました: ./output/gpt/few_cot_infer/responses.json (キー: twitter-mood-reader-1)
------------------------------
評価中のサービス: facebook-funny-jokes
Iteration 1, Total call: 120
**Reasoning**:

1. **Identify Core Features**:  
   - The app needs to add random jokes to a user's Facebook profile, which involves:  
       - Accessing and posting content to Facebook profiles (social network integration).  
       - Accessing a source of jokes from an external API, which is specified as a Google API-based site (content retrieval/search).  
       
2. **Identify Relevant API Categories**:  
   - **social**: To connect with Facebook and manage profile updates/posts.  
   - **search**: To access the Google API-based joke source (likely falling under search APIs since it is Google API-based for content retrieval).  
   
3. **Match APIs from Relevant Categories**:  
   - **social APIs**:  
       - **facebook**: The main API to interact with Facebook, allowing posting to user profiles, accessing user data, and managing social content.  
       - **google-plus**: Google’s social network platform API, but since the requirement is for Facebook profile integration, this is less relevant.  
       - **tagalus**: Twitter hashtag meaning API, irrelevant here.  
       - **twitter**, **tumblr**, **vk**: Not relevant as the requirement is posting to Facebook.  
   
   - **search APIs**:  
       - **microsoft-bing** or **bing**: Microsoft Bing search APIs, not Google-based.  
       - **google-custom-search**: Google Custom Search Engine API for web searching, can be used as a means to retrieve jokes if the jokes site is indexed or accessible this way.  
       - **giphy**: For GIF images, irrelevant here.  
       - **yahoo-local-search**, **yahoo-search-marketing**: Yahoo-based, not Google-based.  
       - No explicit "Google jokes" API listed but the "google-custom-search" might be used to point to specific joke sites.  
   
4. **Select the Most Suitable APIs**:  
   - For posting random jokes to Facebook profile, the **facebook** API is essential as it handles profile integration, posting content, and permissions.  
   - For fetching random jokes from a Google API-based site, **google-custom-search** API would be the closest relevant API here to retrieve joke content from web sources if no direct dedicated joke API is listed.  
   - No dedicated joke API is found in the provided list; hence, the use of Google Custom Search to query joke sites is a practical approach.  
   
**Conclusion**:

- Recommend categories from 2.: ['social', 'search']  
- Recommend All matched APIs in 3.: ['facebook', 'google-custom-search']  
- Final recommended APIs: ['facebook', 'google-custom-search']
./output/gpt/few_cot_infer/responses.json
データが保存されました: ./output/gpt/few_cot_infer/responses.json (キー: facebook-funny-jokes-1)
------------------------------
評価中のサービス: qabic
Iteration 1, Total call: 121
**Reasoning**:

1. **Identify Core Features**:
   - Q&A Handling: Ability for audience to submit questions during an event.
   - Voting Mechanism: Users can vote on submitted questions to highlight the best ones.
   - Event-focused Interaction: Integration or support for talks, panels, or events.
   - Real-time or near-real-time updates might be useful for engagement.
   
2. **Identify Relevant API Categories**:
   - feedback: For capturing user submissions such as questions and votes.
   - events: Since the Q&A is tied to talks/panels, event-related APIs might be useful to manage or integrate event information.
   - social: Could provide data about audience engagement or integrate social voting or sharing.
   - chat: Possibly to enable real-time communication or moderation.
   
3. **Match APIs from Relevant Categories**:

   - **feedback APIs**:
     - UserVoice: Provides feedback forums and help ticket services, with APIs that access end-user and admin functions. It allows creating and managing feedback, which aligns well with audience question submission and voting.
   
   - **events APIs**:
     - eventbrite: Allows creation and management of events and attendees, could be used for associating Q&A with specific events.
     - active: Provides access to sports and outdoor event data, likely less suitable unless the panel/talk is sport related.
     - brown-paper-tickets: Ticketing and event management API, again for event data integration.
   
   - **social APIs**:
     - tagalus: For handling of Twitter hashtags; somewhat tangentially related, useful if questions/votes can be made via social media.
     - plancast: Social event sharing API.
     - meetup: Social event and group platform API.
   
   - **chat APIs**:
     - campfire: Real-time chat collaboration tool.
     - mesibo-server-side: Real-time chat and notifications API.
   
   Considering the core focus is on Q&A and voting on questions during events, the most aligned API is UserVoice (feedback category) for managing submissions and votes. Eventbrite or Brown Paper Tickets APIs could be useful for event data integration if needed.

4. **Select the Most Suitable APIs**:
   - UserVoice (feedback): Closest to Q&A and voting management for audience interaction.
   - eventbrite (events): Useful if integrating or managing event data related to talks/panels.
   - brown-paper-tickets (events): Alternative event API for ticketing and event data.
   
**Conclusion**:

- Recommend categories from 2.: ['feedback', 'events']
- Recommend All matched APIs in 3.: ['UserVoice', 'eventbrite', 'brown-paper-tickets']
- Final recommended APIs: ['UserVoice', 'eventbrite']
./output/gpt/few_cot_infer/responses.json
データが保存されました: ./output/gpt/few_cot_infer/responses.json (キー: qabic-1)
------------------------------
評価中のサービス: monuments-diversity-democracy-and-freedom
Iteration 1, Total call: 122
**Reasoning**:

1. **Identify Core Features**:
   - The application is a **map and table display** focused on **historical and cultural monuments in Los Angeles**.
   - It emphasizes monuments related to **diversity, democracy, and freedom**.
   - It includes **descriptions** and **photos** for over 900 monuments.
   - Therefore, the core functionalities are:
     - Mapping/location display of monument sites.
     - Accessing information/descriptions about monuments.
     - Integration of photos for visual presentation.
     - Possibly support for browsing/filtering monuments by themes or categories.

2. **Identify Relevant API Categories**:
   - **mapping**: For displaying the locations of the monuments on a map.
   - **photos**: To retrieve photos related to each monument (Flickr photos are mentioned).
   - **reference** or **content**: To provide detailed descriptive data about the monuments (descriptions).
   - **geography**: Possibly relevant if there are geographical data APIs providing location-related info for landmarks.
   
   Since descriptions and photos are required for cultural/historical content, **reference** would fit better than content because content APIs often involve dynamic or user-generated content, while reference covers curated, encyclopedic or factual information sources.

3. **Matching APIs from Each Category**:
   - **mapping APIs**:
     - bing-maps-search: Allows location-based search and can display landmarks on maps.
     - bing-maps: Complete Bing Maps API for map display and controls.
     - google-maps-places: Provides place details and photo references; useful for target places like monuments.
     - google-geocoding: Converts location data; useful for precise monument geolocation.
     - mapquest, mapquest-open-directions: Mapping and routing services.
     - openlayers, mapbox: Open-source and commercial map display libraries.
     - bing-maps-locations: Converts addresses to locations, useful for geocoding monuments.
     - your-mapper: Aggregates and geocodes local government data — possibly useful if including city data.
     - geonb, geolocations: Province specific, probably less relevant.
   
   - **photos APIs**:
     - flickr: Very relevant as Flickr is specifically mentioned as the photo source.
     - imgur, photobucket, pixabay-free-images: Provide photos but not specifically Flickr.
     - google-picasa (deprecated): Not suitable.
     - instagram-graph: Photo sharing, but less relevant since Flickr photos are specified.
  
   - **reference APIs**:
     - wikipedia: To obtain descriptions and additional information on monuments.
     - wikilocation: Wikipedia articles by location; good for linking geographic articles.
     - esv-bible-lookup: Not relevant.
     - amee, dbpedia: DBpedia extracts structured data from Wikipedia; could provide structured descriptions.
     - moonshadow-mobile: Large datasets on US populations, not specific for monuments.
     - geonames: Geographical data source, can provide info about places.
     - amazonca: Not relevant.
     - crunchbase: Not relevant.
  
   - **geography**:
     - geograph: UK-centered project, unlikely relevant for Los Angeles.
     - foursquare: Location based social venue API, but more commercial and user check-in oriented.
  
4. **Selecting the Most Suitable APIs**:
   - **bing-maps** or **google-maps-places**: Both capable of mapping and supporting landmarks and place details. Google Maps Places API includes photos (some from Google’s database) but Flickr photos are specifically mentioned, so Google Maps Places may not provide Flickr photos directly.
   - **flickr**: Explicitly stated as the source for photos; ideal for fetching photos of monuments.
   - **wikipedia** and **wikilocation**: To get descriptive content about monuments and geolocation-based articles.
   - **bing-maps-search**: For searching monuments and integrating into the map display.
   
   Since the focus is on Los Angeles, a US city, and the mapping display is a core feature, Bing Maps API or Google Maps API are great choices for mapping and geocoding capabilities. For photos, Flickr API is the best fit as photos are from Flickr explicitly. For descriptions, Wikipedia API (with Wikilocation to filter by geographic relevance) is suitable.

**Conclusion**:  
- Recommend categories from 2.: ['mapping', 'photos', 'reference']  
- Recommend All matched APIs in 3.: ['bing-maps', 'bing-maps-search', 'google-maps-places', 'flickr', 'wikipedia', 'wikilocation']  
- Final recommended APIs: ['bing-maps-search', 'flickr', 'wikipedia', 'wikilocation']  

**Reasons**:  
- **bing-maps-search** supports spatial queries and displaying monuments on maps focused on location, which fits the map and table features of the app.  
- **flickr** provides direct access to Flickr photos, which is specifically desired.  
- **wikipedia** provides comprehensive descriptions of monuments and related cultural background.  
- **wikilocation** augments Wikipedia data by linking articles with geographical information, which helps integrate location-based descriptions relevant to monuments on the map.

Optionally, **bing-maps** (full mapping API) or **google-maps-places** can be included if enhanced map rendering or place details beyond search are needed, but the four selected APIs cover core requirements efficiently.
./output/gpt/few_cot_infer/responses.json
データが保存されました: ./output/gpt/few_cot_infer/responses.json (キー: monuments-diversity-democracy-and-freedom-1)
------------------------------
評価中のサービス: webtomap-news-videos-and-photos-map
Iteration 1, Total call: 123
**Reasoning**:

1. **Identify Core Features**:
   - User Generated Content: Users can post local news, photos, and videos.
   - Content Tagging and Rating: Content can be filtered or selected by tags and ratings.
   - Social Sharing: Content posted can be shared on major social networks.
   - Social Login: Users can log in using Facebook, Twitter, and Google accounts.
   - Mapping: Content is added to a map, implying geolocation functionality.

2. **Identify Relevant API Categories**:
   - social: For user login via Facebook, Twitter, Google and for sharing content on social networks.
   - photos: To handle users posting photos.
   - video: To manage user-submitted videos.
   - search: To enable selecting content by tag and rating (content filtering/search).
   - mapping: Since content is added to a map and relates to local news and media.
   - authentication: For social login capabilities.

3. **Match APIs from Relevant Categories**:

   - **social**:
     - facebook: Social login and sharing functionalities.
     - twitter: Social login and sharing including tweets integration.
     - google-plus: Google login and sharing features.
     - facebook-graph: To access Facebook social graph data and sharing.
     - tagalus: Access and set definitions on Twitter hashtags which can help with tag management.
     - plancast: Social events sharing and friends integration (less relevant).
     - addthis-services: Social sharing enhancement.
     - scoopit: Content curation and social sharing.
     - twitter-streaming: Access real-time Twitter data.
     - social-share-count: To get the share count of content.
     - pinterest-domain: For sharing images on Pinterest.
     - tumblr: Social blogging and sharing.
     - vk: Large social network API for sharing.
     - addthis-sharing-endpoints: A way to share content to 200+ destinations.

   - **photos**:
     - flickr: Major photo sharing service; can integrate photo uploads and management.
     - imgur: Photo sharing.
     - instagram-graph: For Instagram photos, social photos integration.
     - pixabay-free-images: Free images for enrichment, less user generated.
     - photobucket: Photo sharing.
     - 500px: Photo sharing community API.
     - google-picasa: Photo sharing (deprecated).
     - twitpic: Upload and post images to Twitter.
     - simpleapi: Thumbnail image generation.
     - picplz: Mobile photo sharing API.
     - smugmug: Photo hosting and sharing.

   - **video**:
     - youtube: Video uploading and sharing.
     - vimeo: Video hosting and sharing.
     - dailymotion: Video platform.
     - embedly: Retrieve embed code for videos.
     - stupeflix: Video generation API.
     - framey: Webcam recording and video uploading.
     - thetvdbcom: TV show videos.
     - trailer-addict: Movie trailers embedding.
     - iva-video: Movie, TV, and video game metadata and promotional video assets.

   - **mapping**:
     - bing-maps: For embedding maps and geolocation.
     - google-maps-places: Place search and geolocation.
     - google-maps-geocoding: Convert addresses to map coordinates.
     - ip2location: IP geolocation for content localization.
     - openstreetmap: Open source maps for embedding.
     - mapquest: Mapping and directions.
     - bing-maps-geocode-dataflow: Batch geocoding.
     - bing-maps-locations: Location information
     - smart-ip-geo-ip: IP to geo lookup.
     - geonames: Location, time zone, postal codes, Wikipedia info about places.
     - wikilocation: Search Wikipedia articles by location, could enrich local news.
     - geoloqi: Platform for real-time mobile location.

   - **authentication**:
     - facebook (OAuth): Used for login with Facebook.
     - google-plus OAuth: For Google login.
     - twitter OAuth: For Twitter login.
     - yahoo-bbauth: Yahoo login, less relevant here.
     - janrain-engage: Single login for social sites.
     - google-web-authentication: Google authentication services.

   - **search**:
     - tagalus: Twitter hash tag management.
     - yahoo-local-search: Local business and place search.
     - google-custom-search: General web search.
     - giphy: GIF image search.
     - twitter-search: For searching tweets (useful for social tag/content search).
     - tagoo: Audio/video search.
     - vast: Web search engine with verticals.
     - earth911-search: Search recycling info, less relevant here.
     - nlp-tools: Sentiment and textual classification, could be used for content filtering by rating.
     - bing: Bing search API.
     - primal: Interest graphs for personalization.
   
4. **Select the Most Suitable APIs**:

   To cover the main functional needs:

   - **Social Login & Sharing**:
     - Facebook (facebook-graph or facebook) - for login and sharing.
     - Twitter - for login and sharing tweets.
     - Google Plus (or google authentication) - Google login.
     - AddThis-sharing-endpoints or social-share-count - for social sharing facilitation.

   - **Photos & Video**:
     - Flickr (photos) - for user photo uploads and sharing.
     - Instagram-graph - popular social photo platform.
     - YouTube (video) - for video content management.
     - Vimeo - alternate video hosting.

   - **Mapping & Location**:
     - bing-maps or google-maps-places - for embedding maps and geolocating content.
     - wikilocation - to enrich local news and content shown on the map using Wikipedia location data.

   - **Authentication**:
     - facebook, google-web-authentication, twitter OAuth implicit in their social APIs.

   - **Content Tagging / Search**:
     - tagalus - for managing and retrieving hashtags (tags).
     - twitter-search - to search/filter content by tags and ratings in tweets.
     - nlp-tools or rxnlp-text-similarity (if available) for content rating/similarity or filtering (sentiment or rating).

   Since some APIs like facebook are no longer available in their old form, the facebook-graph API references might be the preferred access.

**Conclusion**:
- Recommend categories from 2.: ['social', 'photos', 'video', 'mapping', 'authentication', 'search']

- Recommend All matched APIs in 3.:
  ['facebook-graph', 'twitter', 'google-plus', 'addthis-sharing-endpoints', 'social-share-count', 'flickr', 'instagram-graph', 'youtube', 'vimeo', 'bing-maps', 'google-maps-places', 'wikilocation', 'tagalus', 'twitter-search', 'nlp-tools']

- Final recommended APIs:
  ['facebook-graph', 'twitter', 'google-plus', 'flickr', 'instagram-graph', 'youtube', 'vimeo', 'bing-maps', 'bing-maps-locations', 'wikilocation', 'tagalus', 'addthis-sharing-endpoints']
./output/gpt/few_cot_infer/responses.json
データが保存されました: ./output/gpt/few_cot_infer/responses.json (キー: webtomap-news-videos-and-photos-map-1)
------------------------------
評価中のサービス: yappoint
Iteration 1, Total call: 124
**Reasoning**:

1. **Identify Core Features**:
   - Online Appointment Booking: The key function is enabling clients to make appointments online 24/7.
   - Marketplace for Local Businesses: The platform serves multiple types of businesses relying on appointment scheduling.
   - Business Management: Likely requires features to manage appointments, clients, and possibly notifications or reminders.
   - Scalability for Various Business Types: Must support various business categories and possibly provide integration with calendars or bookings.

2. **Identify Relevant API Categories**:
   - booking: This is the primary category because the main feature is appointment booking.
   - calendars: Managing and syncing appointments usually requires calendar functionality.
   - messaging: Appointment reminders and confirmations might use messaging for SMS or push notifications.
   - business: Since the platform targets local businesses managing appointments, APIs that support business data or operations could be relevant.

3. **Match APIs from Relevant Categories**:
   - **booking APIs**:
       - bookingcom-content: Provides hotel booking data, may not perfectly fit but is in the booking category.
       - eventbrite: Supports events creation and management, somewhat related to scheduling.
       - easytobook: Hotel booking focused, less relevant to general appointment booking.
   - **calendars APIs**:
       - google-calendar: Widely used calendar API supporting events creation, editing, vital for appointment management.
       - liveconnect: Supports calendar and contact management integration.
   - **messaging APIs**:
       - twilio-sms: Cloud API for sending SMS, ideal for appointment reminders.
       - clockwork-sms: SMS gateway allowing messaging through applications.
       - pubnub: Real-time messaging service, possibly useful for notifications or chat.
   - **business APIs**:
       - sap-anywhere: Business operation API platform.
       - business-profiles: Provides company profile data which might help in marketplace listing.
       - agendize-action: Customization of conversion and communication tools including click-to-call, live chat, and scheduling.
       - serviceM8: Job management, appointment scheduling for businesses.
   - **project-management APIs** (related to business workflows):
       - harvest: Timesheet and project management, less relevant.
       - basecamp: Collaboration tool, possibly useful for internal business management.
   - **enterprise APIs** (for scalable business solutions):
       - tradeshift: Business-to-business network, more geared toward invoicing and business finance.
       - tradegecko: Inventory and order management, less relevant.

4. **Select the Most Suitable APIs**:
   - **booking**: There are no ideal pure appointment booking APIs among the given options, but eventbrite supports event management, which shares some scheduling functionality.
   - **calendars**: google-calendar is critical for managing appointment slots, syncing bookings, and notifying users.
   - **messaging**: twilio-sms is highly suited for sending appointment confirmations and reminders via SMS.
   - **business**: serviceM8 offers job and appointment scheduling tools for businesses, making it directly relevant for businesses managing appointments. Agendize-action also provides scheduling, live chat, and click-to-call widgets helping businesses engage customers and manage appointments.
   
**Conclusion**:  
- Recommend categories from 2.: ['booking', 'calendars', 'messaging', 'business']  
- Recommend All matched APIs in 3.: ['bookingcom-content', 'eventbrite', 'google-calendar', 'liveconnect', 'twilio-sms', 'clockwork-sms', 'pubnub', 'serviceM8', 'agendize-action', 'sap-anywhere', 'business-profiles']  
- Final recommended APIs: ['google-calendar', 'twilio-sms', 'serviceM8', 'agendize-action']
./output/gpt/few_cot_infer/responses.json
データが保存されました: ./output/gpt/few_cot_infer/responses.json (キー: yappoint-1)
------------------------------
評価中のサービス: renttoownquest
Iteration 1, Total call: 125
**Reasoning**:

1. **Identify Core Features**:
   - Property Listings Mashup: The service offers diverse property listings across the US involving rent to own homes, owner financing, lease options, etc.
   - Mapping: Visualization of property locations and geographic data is critical.
   - Advertising Integration: Use of Adsense suggests monetization and ad display within the application.
   - Real Estate Data: Zillow's integration indicates access to real estate market information such as valuations, property details, and trends.

2. **Identify Relevant API Categories**:
   - ecommerce: Oodle’s API, which handles property listings and classifieds (a subset of ecommerce).
   - mapping: For Google Maps API and showing property locations clearly.
   - advertising: Adsense integration for monetization.
   - real-estate: Zillow API for detailed real estate data and market insights.

3. **Match APIs from Relevant Categories**:
   - ecommerce:
     - oodle: Provides access to classified listings including property listings.
   - mapping:
     - google-maps: Though deprecated, historically used for embedding and interacting with maps.
     - bing-maps, mapquest, or others might be alternatives if google-maps is unavailable.
   - advertising:
     - google-adsense: Ideal for embedding Google Adsense advertisements.
   - real-estate:
     - zillow: Provides comprehensive real estate data, user valuations, and market insights.

4. **Select the Most Suitable APIs**:
   - oodle: Powers the property listings with broad inventory across the US.
   - google-maps: Essential for displaying property locations interactively on map.
   - google-adsense: To incorporate advertising revenue flows via Google.
   - zillow: For enriched real estate data and valuations to enhance listings.

**Conclusion**:

- Recommend categories from 2.: ['ecommerce', 'mapping', 'advertising', 'real-estate']

- Recommend All matched APIs in 3.: ['oodle', 'google-maps', 'google-adsense', 'zillow']

- Final recommended APIs: ['oodle', 'google-maps', 'google-adsense', 'zillow']
./output/gpt/few_cot_infer/responses.json
データが保存されました: ./output/gpt/few_cot_infer/responses.json (キー: renttoownquest-1)
------------------------------
評価中のサービス: webaloud
Iteration 1, Total call: 126
