nohup: ignoring input
------------------------------
評価中のサービス: slidemypics
Iteration 1, Total call: 1
**Reasoning**:
The requirement is to create "Free HTML5 slideshows" using photos and data sources originating from various platforms:
- Facebook
- Flickr
- Photobucket
- Smugmug
- Picasa
- Youtube (but specifically for soundtrack music)
- SlideshowBox HTML5 slideshow component

To fulfill this, we want to recommend APIs that provide:
1. Access to photos/media from the mentioned photo platforms (Facebook, Flickr, Photobucket, Smugmug, Picasa).
2. Access to videos/music from Youtube for soundtrack.
3. Possibly support or API for slideshow component, specifically HTML5.

From the given available APIs:

- For **Facebook** photos (note API is discontinued, but listed here):
  - facebook-graph (though noted as deprecated), however, Facebook is the main source for social photos.

- For **Flickr**:
  - flickr: Provides API access to photos and videos, feeds, upload, and retrieve photos, videos, etc.

- For **Photobucket**:
  - photobucket: API mentioned to access Photobucket features like uploading, sharing photos.

- For **Smugmug**:
  - smugmug: Provides API for photo sharing and upload.

- For **Picasa**:
  - google-picasa: Picasa API allows clients to view/update Picasa Web Albums content.
  
- For **Youtube** soundtrack music:
  - youtube: The Data API allows searching for videos, retrieving feeds, uploading videos, modifying playlists, etc.
  This API can be used to provide background music for slideshows.

- For the **SlideshowBox HTML5 slideshow component** directly:
  - No API for SlideshowBox was explicitly listed, and SlideshowBox is more a component rather than a data provider.
  
- Categories involved:
  - photos: for access to photo services.
  - social: especially for Facebook since it's a social network.
  - video: for youtube videos (soundtrack).
  - (No direct "slideshow" category exists, but the functionality is covered by photos + video + the slideshow component itself.)

Hence, the recommended categories are photos, social, and video.

Recommended APIs that match the sources:
- facebook-graph (deprecated, but relevant for Facebook photos)
- flickr
- photobucket
- smugmug
- google-picasa
- youtube

**Conclusion**:
- Recommend categories: ['photos', 'social', 'video']
- Recommend All matched APIs: ['facebook-graph', 'flickr', 'photobucket', 'smugmug', 'google-picasa', 'youtube']
./output/gpt/zero_shot/responses.json
データが保存されました: ./output/gpt/zero_shot/responses.json (キー: slidemypics-1)
------------------------------
評価中のサービス: best-malta-hotels
Iteration 1, Total call: 2
**Reasoning**:  
The requirement is for a mashup service that involves two main components:

1. **Malta Hotels**: This implies a need for an API that can provide data about hotels located in Malta. "Hotels" data is likely to be found in categories like travel or booking, with APIs that offer hotel search, information, availability, or booking capabilities. Several travel APIs such as easytobook, travel-iq, skyscanner-live-pricing, or tourcms-marketplace provide hotel data. Easytobook offers hotel booking in many cities and countries, although it's SOAP based; travel-iq provides hotel booking and flight search including location data and supports Malta (being from Europe). TourCMS is a marketplace system for tour operators, which could cover hotel data as part of travel products. Skyscanner and Amadeus APIs offer a wide range of travel data but mainly focused on flights, though Amadeus also offers hotel search.

2. **Integrated Map**: The requirement includes an integrated map, which requires mapping APIs that can embed or provide maps for locations like hotels in Malta. Suitable mapping APIs include Google Maps Places, Bing Maps, MapQuest, OpenLayers, or others in the mapping category.

3. **YouTube Videos Integration**: The videos come from YouTube, so the solution needs to access or embed YouTube videos relevant to Malta hotels. The YouTube Data API provides the ability to search and retrieve video content. It can be used to fetch videos related to Malta hotels, e.g., hotel reviews, tours, advertisement videos.

Putting these three concepts together requires:  
- travel/booking APIs for hotel data in Malta,  
- mapping APIs for integrating maps with hotel locations,  
- video APIs (YouTube) for embedding related videos.

**Available APIs that fit**  
- **For Malta Hotels**:  
   - easytobook (travel category) - provides hotel booking including hotel search by city. Malta is a popular location likely covered.  
   - travel-iq - also offers hotel search, booking, and location data with RESTful calls.  
   - tourcms-marketplace - accesses live product data of travel/tours, possibly including hotels.  
   - skyscanner-live-pricing - mainly flight search but global travel info, sometimes hotel.  
   - amadeus - provides comprehensive travel APIs including hotel search and booking.  

- **For Maps**:  
   - google-maps-places (mapping) - place search and details by location.  
   - bing-maps (mapping) - general mapping for geocoding, map display, routes.  
   - mapquest (mapping) - provides online mapping capabilities, routes, search.  
   - openlayers (mapping) - open source mapping library to embed maps.  

- **For YouTube video integration**:  
   - youtube (video) - Data API allows searching and retrieving YouTube videos and standard feeds.  

**Choices**:  
To fulfill the requirement precisely:  
- Pick a travel API that supports hotel search in Malta (travel-iq or easytobook are good candidates).  
- Pick a mapping API well-known and highly used: google-maps-places or bing-maps. Google Maps Places API is more directly focused on places like hotels and gives detailed info like photos, reviews, and location.  
- YouTube API to integrate videos.  

Combining these covers hotel data, maps for locations, and YouTube videos.  

**Conclusion**:  
Recommend categories: ['travel', 'mapping', 'video']

Recommend All matched APIs: ['easytobook', 'google-maps-places', 'youtube']
./output/gpt/zero_shot/responses.json
データが保存されました: ./output/gpt/zero_shot/responses.json (キー: best-malta-hotels-1)
------------------------------
評価中のサービス: scupal
Iteration 1, Total call: 3
**Reasoning**:
- Scupal is a social buying website aimed at consumers in India, focusing on utilizing social network power for buying.
- It is distinct from daily deals or discount sites, meaning it likely involves:
  - Social integrations to leverage networks and user interactions.
  - Ecommerce capabilities to enable buying and transactions.
  - Possibly recommendations or marketing to help users discover and promote products.
- Therefore, key categories that support social interaction and ecommerce functionality will be important.
- From the available categories, the following seem relevant:
  - social: To integrate social networking features that facilitate sharing, user engagement, and leveraging social influence.
  - ecommerce: To provide e-commerce platform features like product listings, purchase management, and order handling.
  - marketing or advertising: To enable promotional capabilities and campaign management that complement social buying.
  - payments: To handle financial transactions for purchases.
  - recommendations: To offer personalized buying suggestions, boosting vendor and end-user experience.
- The APIs under these categories that align with these needs and have broad applicability include:
  - social: facebook-graph (popular social network integration), linkedin (professional social network), twitter-streaming, twitter (now split but known historically for social data), pinterest-domain, foursquare (location aware social), buffer (tweet scheduling and social content management).
  - ecommerce: shopify-admin (powerful ecommerce API for merchants), magento-soap (open source ecommerce), woocommerce (WordPress ecommerce plugin API), bigcommerce, amazon-product-advertising (product data and advertising), eBay-related APIs.
  - payments: stripe (widely used online payments integration), paypal, authorizenet, quickbooks-payments, recurly.
  - recommendations: yelp-fusion (business reviews and recommendations), trakt.tv (media recommendations), amazon-product-advertising.
  - marketing/advertising: google-adwords, yahoo-search-marketing, unbounce, zanox, prospertent, google-adsense.
- Since the requirement emphasizes social buying (not just ecommerce or discounts), social APIs and ecommerce capabilities are critical.
- Payment APIs enable the transaction side.
- Recommendation and marketing/advertising APIs facilitate user engagement and product discovery.
- Among these, facebook-graph API would be a top choice due to its extensive user base for social integration.
- Shopify-admin and magento-soap offer robust ecommerce backend integration for product and order management.
- Stripe or PayPal for payment processing.
- Yelp-fusion or similar for business and product reviews/recommendations.
- Google AdWords and Yahoo Search Marketing for marketing campaigns complement social buying mechanisms.

**Conclusion**:
- Recommend categories: ['social', 'ecommerce', 'payments', 'recommendations', 'advertising']
- Recommend All matched APIs:
  - social: ['facebook-graph', 'linkedin', 'twitter-streaming', 'pinterest-domain', 'foursquare', 'buffer']
  - ecommerce: ['shopify-admin', 'magento-soap', 'woocommerce', 'bigcommerce', 'amazon-product-advertising', 'ebay-shopping']
  - payments: ['stripe', 'paypal', 'authorizenet', 'quickbooks-payments', 'recurly']
  - recommendations: ['yelp-fusion', 'trakttv', 'amazon-product-advertising']
  - advertising: ['google-adwords', 'yahoo-search-marketing', 'unbounce', 'zanox', 'prosperent']
./output/gpt/zero_shot/responses.json
データが保存されました: ./output/gpt/zero_shot/responses.json (キー: scupal-1)
------------------------------
評価中のサービス: snoopf
Iteration 1, Total call: 4
**Reasoning**:  
The user requires an API that helps to find restaurant coupons and gift cards for diners and eateries across a variety of food types at restaurants nationwide. The service also includes searching by cuisine or location to find food options, deals, restaurant hours, locations, and coupons.

Breaking down the requirements:
1. **Coupons and Deals**: The service provides restaurant coupons and gift cards. This aligns with eCommerce categories, especially those with coupon and deal functionalities.  
2. **Food Type, Restaurants, Cuisine**: The service focuses on food, restaurants, and dining, so APIs that provide restaurant or food-related data are relevant.  
3. **Search by location and cuisine**: This indicates the need for location-based search and filtering on food-related categories.  
4. **Nationwide coverage**: The API should cover a broad geographical area, preferably nationwide or more.  

Available categories that fit:  
- **food**: APIs related to food ordering, menus, restaurant info.  
- **ecommerce**: Many coupon, deals, and gift card APIs fall into this.  
- **recommendations**: Restaurant recommendations can be relevant if such APIs are available.  
- **mapping** or **location**: If supporting location-based search is needed, but more likely covered in the API itself.  
- **search**: For broad searching capability.

Looking into the available APIs:

- **open-dining-network-food-ordering (food)**: Provides functionality for consumers and restaurants to access the Open Dining Network, view menus, place or take meal orders, search nearby restaurants or menu items. Supports searching by nearby restaurants and menu items. This is highly relevant for searching restaurants and cuisines.

- **8coupons (ecommerce)**: Brings together deals from neighborhood restaurants, bars, salons, and stores, including methods for getting deals by location or store ID. This matches the coupon and deal attributes.

- **retailmenotcom-community-ideas (ecommerce)**: Provides access to online coupons and discounts for a variety of retailers, potentially including restaurants.

- **groupon (ecommerce)**: Offers daily deals on activities, including dining, across cities in the US.

- **adility (ecommerce)**: Platform for local deals and coupons from companies and merchants, suitable for integration into other apps.

- **yipit (ecommerce)**: Aggregated online coupons including Groupon and LivingSocial offers; however, noted as "closed".

- **yelp-fusion (recommendations)**: Provides business reviews and ratings, including restaurants, and could supplement data about restaurants and their hours, but does not focus on coupons.

- **citygrid (ecommerce)**: Provides local content including merchant messages and offers including coupons and specials based on location and category; relevant for local restaurant deals.

- **untappd (food)**: Related to beer and venues but less focused on coupons.

Given these, **open-dining-network-food-ordering** covers searching for restaurants, cuisines, and menu details (important for the "food types" aspect). For coupons and deals, APIs like **8coupons**, **groupon**, **retailmenotcom-community-ideas**, and **citygrid** are relevant as they focus on coupons and deals by location and category.

Because the service is about diners, eateries, restaurant coupons, gift cards, and deals, combining food and ecommerce categories makes sense.

**Conclusion**:  
- Recommend categories: ['food', 'ecommerce', 'recommendations']  
- Recommend All matched APIs: ['open-dining-network-food-ordering', '8coupons', 'groupon', 'retailmenotcom-community-ideas', 'citygrid', 'yelp-fusion']
./output/gpt/zero_shot/responses.json
データが保存されました: ./output/gpt/zero_shot/responses.json (キー: snoopf-1)
------------------------------
評価中のサービス: speedyitunes-planet
Iteration 1, Total call: 5
**Reasoning**:
The user wants to create a "custom engine" for YouTube, RapidShare, MegaUpload, and more. This implies the mashup should support:

- Access to video content and metadata (like YouTube).
- Access to file-sharing/upload services (like RapidShare, MegaUpload).
- Possibly a multimedia content aggregation or search platform.

From the provided available categories and APIs, we need to identify those that are most relevant:

1. YouTube is a well-known video sharing platform. Among the available APIs, the "youtube" API under "video" category is an obvious match, since it provides access to YouTube videos, metadata, search, upload, playlists and more. This is critical for any YouTube-related integration.

2. RapidShare and MegaUpload are file-sharing / cloud storage / file hosting services historically. So APIs related to file sharing or cloud storage would be useful:

   - APIs under file-sharing and storage categories (like MediaFire, 4shared, Dropbox, Google Drive, SugarSync) provide file storage and sharing functionalities.

3. Also, the user mentions "and more," so likely seeking an engine that can incorporate multiple sources of video and file-sharing content.

Hence recommended categories:

- video (for YouTube)
- file-sharing (for RapidShare, MegaUpload-like services)
- storage (cloud storage services for file access)
- media (potentially for multimedia content services)

Now, checking the relevant APIs:

- youtube (Category: video): main API for YouTube content.

- MediaFire (Category: file-sharing): cloud-based service for storing and sharing files.

- 4shared (Category: file-sharing): file sharing and storage.

- Dropbox (Category: storage): online file storage and sync.

- SugarSync (Category: storage): cloud backup and sync service.

- Google Drive (Category: storage): cloud storage platform.

These represent well known file hosting or file-sharing APIs analogous to RapidShare and MegaUpload.

RapidShare and MegaUpload themselves appear not to be listed as available APIs.

No direct APIs for RapidShare or MegaUpload found in the list.

For video specifically besides YouTube, other video APIs like Vimeo, Dailymotion could be considered but not specifically requested.

Given the mashup concerns YouTube plus multiple file-sharing platforms, these categories and APIs fit well.

**Conclusion**:
- Recommend categories: ['video', 'file-sharing', 'storage']

- Recommend All matched APIs: ['youtube', 'mediafire', '4shared', 'dropbox', 'sugarsync', 'google-drive']
./output/gpt/zero_shot/responses.json
データが保存されました: ./output/gpt/zero_shot/responses.json (キー: speedyitunes-planet-1)
------------------------------
評価中のサービス: tweetypants
Iteration 1, Total call: 6
**Reasoning**:
The mashup requirement involves analyzing a Twitter user's recent tweets and then submitting them to a text analysis service (OpenAmplify) for processing, with results displayed numerically and graphically.

1. The core functionality deals with social media content; therefore, the 'social' category is relevant since the source of the tweets is Twitter.
2. A key aspect is text analysis for the tweets—analyzing semantics, sentiments, or other natural-language processing is essential. This corresponds to the "natural-language-processing" or "text" categories.
3. The mashup processes recent tweets, so APIs that allow fetching tweets from Twitter or related social services are necessary.
4. The result is shown visually, implying possible usage of tools or analytics APIs to graph the data.
5. OpenAmplify is mentioned for analysis. Although OpenAmplify itself is not in the API list, RxNLP and Datumbox provide text mining and NLP services relevant to processing text content and analyzing similarity or sentiment.
6. Twitter APIs previously provided tweet access, but the Twitter API here is deprecated. However, Twitter-Streaming API is mentioned which provides real-time user tweets.
7. For fetching data from Twitter, the Twitter Streaming API (social) can provide recent tweets.
8. For natural language processing and text analysis, RxNLP Text Similarity and Datumbox Text Classification APIs serve similar purposes to OpenAmplify.
9. For visualization or analytics, APIs such as Galileo (analytics), Mixpanel, or similar can be beneficial, but since the requirement specifically focuses on tweets and analysis, the primary focus is on social and natural language processing categories.
10. The QueryPath PHP library is a utility for parsing HTML/XML and can be used as part of the processing pipeline but is not an API here.

**Conclusion**:
Recommend categories: ['social', 'natural-language-processing', 'text']

Recommend All matched APIs: ['twitter-streaming', 'rxnlp-text-similarity', 'datumbox']
./output/gpt/zero_shot/responses.json
データが保存されました: ./output/gpt/zero_shot/responses.json (キー: tweetypants-1)
------------------------------
評価中のサービス: austin-property-search
Iteration 1, Total call: 7
**Reasoning**:  
The requirement is to create a search functionality for homes in the Austin MLS (Multiple Listing Service) that uses Google Maps and Google Earth. This involves integrating real estate data (homes from the MLS) and mapping/location visualization services (Google Maps and Google Earth).

1. **Real Estate Data**:  
   - We need APIs that provide access to real estate listings, specifically from MLS or publicly available real estate databases.  
   - Available relevant category is "real-estate".  
   - Relevant APIs under real-estate category:  
     - Nestoria: vertical search engine for UK and Spain real estate (not US)  
     - RealtyBaron-Answers: Q&A related to real estate  
     - Booli: Swedish real estate data  
     - Zillow: Provides property details, home valuations, market statistics (US focused)  
     - Walk-score: Measures walkability of US addresses, good for real estate context but not listings itself  
   - Zillow is the most relevant for US real estate data including home listings from MLS sources. It covers home valuations, property data, and related statistics.  

2. **Mapping and Location Visualization**:  
   - Use of Google Maps and Google Earth suggests use of mapping APIs with capability of placing markers, displaying property locations, viewing satellite/aerial imagery, etc.  
   - The categories involved: "mapping" and potentially "reference" or "location".  
   - Available Google mapping APIs:  
     - google-maps-places (place info)  
     - google-geocoding (address to coordinate and reverse)  
     - google-maps-elevation  
     - google-maps-geolocation  
     - google-maps-directions  
     - google-static-maps  
     - google-street-view-image  
     - google-earth (running algorithms on georeferenced imagery)  
   - Also Bing Maps and others are available, but the user specifically requested Google Maps and Google Earth.  
   - Google Maps APIs provide geo-coordinates, maps embedding, place search, routing, and elevation data needed for real estate visualization.  
   - Google Earth API supports advanced aerial and satellite imagery.

3. **MLS Integration Note**:  
   - Direct MLS APIs are not specified in the available APIs. Zillow often aggregates MLS data and is used by developers to get detailed real estate information in the US, so Zillow is the best match here.
   - Other APIs in the real-estate category are mostly non-US or more limited.

4. **Data format and access**:  
   - The APIs specified support REST, JSON, XML, and sometimes SOAP, which is suitable for integrations.

5. **Conclusion for Categories and APIs**:  
   - Category "real-estate" for home listings and MLS data.  
   - Category "mapping" for Google Maps and Google Earth integration.  
   - Category "reference" can be considered if including walkability or additional property-related info, but it's optional and less central.  

**Conclusion**:  
- Recommend categories: ['real-estate', 'mapping']  
- Recommend all matched APIs: ['zillow', 'google-maps-places', 'google-geocoding', 'google-maps-elevation', 'google-maps-geolocation', 'google-maps-directions', 'google-static-maps', 'google-street-view-image', 'google-earth']
./output/gpt/zero_shot/responses.json
データが保存されました: ./output/gpt/zero_shot/responses.json (キー: austin-property-search-1)
------------------------------
評価中のサービス: my-powers-out
Iteration 1, Total call: 8
**Reasoning**:

The requirements specify an application for reporting power outages via SMS or email. This app also triangulates the location of the outage and sends this information to the power company. The key functions and needed features in the app are:

1. **Report via SMS and Email**  
   - The app requires sending notifications or messages (reports) both via SMS and email. Thus, APIs or services that provide messaging (SMS) and email capabilities are essential.

2. **Location triangulation**  
   - To triangulate the location of the outage, the app needs to identify the position of the user or outage through geolocation, IP-location lookup, or other mapping/location services.
   - This could involve IP geolocation, GPS coordinates or reverse geocoding to get precise locations (latitude/longitude, city, address).
   - So, mapping or location-based APIs providing geolocation or IP to location functionality are needed.

3. **Integration with utilities/power companies**  
   - The app sends outage information to the power company or utilities, so integration with backend or messaging APIs may be required.
   - The ability to send messages or emails programmatically will help notify utilities and provide status updates back to the user.

From the available categories and APIs, the following are relevant:

- **Messaging**: for sending SMS messages about power outage reports and possible status updates. Relevant APIs include Twilio (cloud communication platform for SMS and voice), Clockwork SMS, Mogreet, Vonage Nexmo SMS, Hoiio SMS, PostalMethods (postal gateway), Postal gateway (postal and SMS), and more.

- **Email**: for sending email reports and status updates. Relevant APIs include SendGrid, Mailjet, Gmail API, Amazon SES, Mandrill, Campaign Monitor, Context.IO (email service API), Mailgun.

- **Mapping/Location**: to triangulate or determine outage location. Relevant APIs include Google Maps Geolocation, Google Maps Geocoding, IP2Location, Smart-IP-Geo-IP, Telize (IP geolocation), Quova (IP geolocation), and other mapping services like Bing Maps, MapQuest, OpenLayers.

- **Government**: There are some government APIs related to utilities and environment but the requirements only mention reporting to power companies; so unless an official open data power outage API is listed, it is unnecessary here.

- **Backend**: potentially useful for managing backend services. QuickBlox and CloudMine are backend platforms but not directly relevant unless building an entire backend.

- **Monitoring**: could be useful if status updates are monitored and delivered. WatchMouse or New Relic provide monitoring but are geared towards websites/apps.

Hence the key functional categories would be:

- messaging (SMS)  
- email  
- mapping (to determine or triangulate location)

Among the APIs provided, the best matches for messaging (SMS) are:

- Twilio (telephony) - SMS and voice communications platform with REST API for sending SMS.  
- Clockwork SMS (messaging)  
- Vonage Nexmo SMS (messaging)  
- Mogreet (messaging)  
- Hoiio SMS (messaging)  
- PostalMethods (messaging - postal letters and postcards, so more for mail than SMS)  
- PostalMethods is more for letters than SMS, so less relevant.

For email, the best matches are:

- SendGrid  
- Mailjet  
- Mandrill  
- Campaign Monitor  
- Gmail API (Google mailboxes, requires OAuth 2.0)  
- Amazon SES  
- Mailgun  

For location:

- IP2Location (mapping) - reverse lookup IP to geo info, very useful to approximate or triangulate outage location.  
- Google Maps Geolocation API (mapping) - location based on cell towers and WiFi signals.  
- Smart-IP-Geo-IP (mapping) - IP lookup service.  
- Telize (mapping) - IP geolocation.  
- Quova (mapping) - IP geolocation with comprehensive detail.  
- Bing Maps Locations - To get coordinates for a location from address or postal code.  
- Google Maps Geocoding - address lookup and reverse geocoding.

Since the app “triangulates the location of the outage” the IP geolocation APIs are most appropriate because the location of outage reporters can be deduced from their IPs or devices, then converted to geographical locations the power company can use. Google Maps Geolocation that uses mobile/Wi-Fi/cell data is also very useful if the app is mobile-based and the user allows access to GPS/location data.

Therefore, the recommended categories best suited to meet all requirements are:

- messaging (SMS)  
- email  
- mapping  

**Conclusion**:

- Recommend categories: ['messaging', 'email', 'mapping']

- Recommend All matched APIs:  
  - Messaging: ['twilio', 'clockwork-sms', 'vonage-nexmo-sms', 'mogreet', 'hoiio-sms']  
  - Email: ['sendgrid', 'mailjet', 'mandrill', 'campaign-monitor', 'gmail', 'amazon-ses', 'mailgun']  
  - Mapping: ['ip2location', 'google-maps-geolocation', 'smart-ip-geo-ip', 'telize', 'quova', 'bing-maps-locations', 'google-maps-geocoding']
./output/gpt/zero_shot/responses.json
データが保存されました: ./output/gpt/zero_shot/responses.json (キー: my-powers-out-1)
------------------------------
評価中のサービス: moveboxer
Iteration 1, Total call: 9
**Reasoning**:

The requirement describes Moveboxer as a service to find reputable moving companies and get instant quotes. It combines Yelp ratings and reviews with price estimates.

To fulfill the needs of such a service, the following functionalities and data types are important:

1. Business listings for movers: To find moving companies with detailed business information.
2. Ratings and reviews: To provide reliability indicators; Yelp ratings and reviews are mentioned specifically.
3. Price estimates: To provide users with estimated costs, likely from payments or ecommerce related APIs for quotes or price calculations.
4. Location-based search: To allow users to find movers in their geographic area.
5. Possibly ecommerce or payments integration to facilitate quote generation or ordering.

Based on these points:

- **Categories:**

   - **ecommerce**: For price estimates, quote management, or payment processing (optional).
   - **recommendations**: To utilize Yelp ratings and reviews (Yelp-like data).
   - **mapping** or **location** or **search**: To find movers relevant to user location.
   - **business**: For access to business directory data about moving companies.
   - **social**: Yelp ratings and reviews might also be available through social or recommendation APIs.
   
- **APIs:**

Considering the available APIs:

- **yelp-fusion** (recommendations): Provides business reviews, ratings, and location data, suitable to get Yelp ratings and business info for movers.

- For price estimate handling, no direct "move quotes" API is listed, but payment or ecommerce APIs could help if integrating payments or quotes. However, since only price estimates are mentioned and not actual payment processing, possibly no direct price API is needed.

- **yelp-fusion** seems to cover a lot (business info, reviews, ratings) and location-based querying.

- For moving companies business listings, **business-profiles** (enterprise or business category) could have company info but Yelp is more consumer oriented and fits better.

- For mapping or geolocation, **google-maps-places** or **bing-maps-search** or **yelp-fusion** itself can do place search.

- Since Yelp Fusion is the best match and the requirement specifically mentions Yelp, yelp-fusion should be included.

No direct mover quote API is listed, so we focus on Yelp data and business/recommendation category.

**Conclusion**:
- Recommend categories: ['recommendations', 'ecommerce', 'mapping', 'business', 'social']
- Recommend All matched APIs: ['yelp-fusion']

# Final answer

**Reasoning**:  
Moveboxer relies heavily on Yelp ratings and reviews combined with price estimates for moving services. To provide these functionalities, APIs that supply business listings, consumer reviews, and location-based search features are essential. The Yelp Fusion API specifically provides access to business review and rating information, which fits perfectly with the requirement to integrate Yelp's data. Additionally, categories such as recommendations, ecommerce (for pricing/quotes), mapping or location services (to find local movers), business (for company details), and social (ratings and reviews) are relevant. Among the available APIs, yelp-fusion covers Yelp's business information, reviews, ratings, and location-based search flawlessly, making it the prime candidate. No dedicated moving quote API is listed, so the focus stays on Yelp’s data to furnish users with reputable movers and relevant information.

**Conclusion**:  
- Recommend categories: ['recommendations', 'ecommerce', 'mapping', 'business', 'social']  
- Recommend All matched APIs: ['yelp-fusion']
./output/gpt/zero_shot/responses.json
データが保存されました: ./output/gpt/zero_shot/responses.json (キー: moveboxer-1)
------------------------------
評価中のサービス: myetsybook.com
Iteration 1, Total call: 10
**Reasoning**:
- The requirement is for sellers to create a web catalog from their shops.
- The catalog should serve as a seller homepage and integrate with Twitter, Blog, and Etsy accounts.
- It should also be widgetizable for inclusion in other websites.
- Key functionalities needed:
  - Ecommerce capabilities (for product listings and shop catalog management).
  - Social integration APIs for Twitter and Blog.
  - Widget support for embedding seller catalogs externally.
- For ecommerce integration, particularly with Etsy shops, an API related to ecommerce especially supporting marketplaces or shops is suitable.
- For social integration with Twitter and Blogs, APIs in the social and blogging categories fit.
- For embedding and widgetization, APIs in the widget category or those offering embeddable content may be recommended.
- Specific available APIs of note:
  - Etsy API (ecommerce): Access and integrate with Etsy's growing e-commerce platform.
  - Buffer or Twitter APIs (social): Could be useful for Twitter integration and managing tweets.
  - Blogger, WordPress.com, Disqus APIs (blogging): For integrating blog content.
  - Automattic WordPress Widgets API or generic widget APIs: For widgetizing the catalog.
- Since the requirement is broad and involves multiple aspects, recommending multiple categories makes sense to cover ecommerce, social, blogging, widgets.
- Specific APIs that align with the requirement:
  - 'etsy' (ecommerce) for the Etsy shop integration.
  - 'twitter' successor APIs (like Twitter Streaming or Twitter Search) for Twitter data, but note the original 'twitter' API is deprecated. The provided APIs include 'twitter-streaming' and 'twitter-search'.
  - 'blogger' (blogging) for blogger integration.
  - 'wordpresscom' or 'disqus' (blogging) since blogs can be on WordPress or use Disqus for commenting.
  - 'automattic-wordpress-widgets' (widgets) for widgetizing the catalog.
  - 'buffer' (social) to manage and schedule tweets.
- The catalog as seller homepage with shopping and embedded social/blog info can be built with these APIs.

**Conclusion**:
- Recommend categories: ['ecommerce', 'social', 'blogging', 'widgets']
- Recommend All matched APIs: ['etsy', 'twitter-streaming', 'twitter-search', 'blogger', 'wordpresscom', 'disqus', 'automattic-wordpress-widgets', 'buffer']
./output/gpt/zero_shot/responses.json
データが保存されました: ./output/gpt/zero_shot/responses.json (キー: myetsybook.com-1)
------------------------------
評価中のサービス: demo-bookstore-amazon-advertising-api
Iteration 1, Total call: 11
**Reasoning**:
- The requirement is for a demo bookstore that uses the Amazon Product Advertisement API.
- This service provides books in a well-categorized manner.
- The main function is related to searching and displaying books from Amazon's product data.
- The relevant category for this service is "ecommerce" because it involves product advertising and sales.
- The specifically mentioned API to be used is the "amazon-product-advertising" API which provides product information and e-commerce functionality from Amazon.
- Additionally, since the service relates to books, the "books" category might be relevant as well, especially if there's any API that specifically handles book-related data. However, in this case, the "amazon-product-advertising" API is the main and appropriate API.
- No other APIs or categories are directly relevant to the core requirements of a bookstore with Amazon's product ads.

**Conclusion**:
- Recommend categories: ['ecommerce']
- Recommend All matched APIs: ['amazon-product-advertising']
./output/gpt/zero_shot/responses.json
データが保存されました: ./output/gpt/zero_shot/responses.json (キー: demo-bookstore-amazon-advertising-api-1)
------------------------------
評価中のサービス: connected-to-us
Iteration 1, Total call: 12
**Reasoning**:

The requirement "Connected to Us creates a communication system using the hardware your team members and customers already own" suggests the need for a communication platform or system that allows interaction among team members and customers. This communication system should leverage the existing hardware, which could imply utilizing phones, computers, or mobile devices that team members and customers have access to without requiring specialized hardware.

Key aspects to consider:

- The system is likely to involve messaging, voice calls, SMS, or chat functionalities.
- It may require telephony integration or real-time messaging services.
- It should be accessible on various devices - probably mobile and desktop.
- It should support interaction both within the team and with customers.

Given these points, the most relevant categories include:

- telephony: For voice and SMS communication integration.
- messaging: For SMS, push notifications, group messaging and real-time communication.
- chat: For instant messaging and collaboration within teams.
- backend: For real-time communication backend platforms to support chat, voice, and video calling.
- applications: For development platforms that enable app integration.
- tools: For supporting services and APIs related to communication apps.

From the available APIs, the following fit the requirement:

- twilio (telephony): Provides voice and SMS communications API, supporting real-time phone calls, voice applications, and SMS messaging.
- quickblox (backend): Cloud-hosted backend platform offering chat, video calling, voice chat, presence, notifications, user management, location, content, and ratings with SDKs for many platforms.
- mesibo-server-side and mesibo-client-side (chat): Real-time messaging, voice, video chat solutions for mobile and web, including group communications.
- plivo (telephony): Telephony platform for integration in apps with call making and receiving, conferencing, call tracking, and recording.
- telapi (telephony): SMS and voice integration for applications, including sending/receiving SMS and making calls.
- slack-web and slack-real-time-messaging (tools, messaging): Team communication platform APIs enabling integration of chat, messaging, and real-time communication features.
- pubnub and pubnub-javascript-push (messaging): Real-time messaging with publish/subscribe model and notification services.
- clockwork-sms and mogreet (messaging): Bulk SMS messaging gateways.
- vonage-nexmo-sms (messaging): SMS messaging integration platform.
- postalmethods (messaging): Postal gateway service for sending letters and postcards - less relevant for immediate communication but can be complementary.
- amazon-sns (messaging): Cloud notification service for sending notifications to applications or people.
- buzz platforms like spokenbuzz, tropo-scripting, kwekoo (telephony): Additional telephony APIs for voice and SMS features.
- pusher (tools): Hosted API for real-time bi-directional communications using WebSockets, useful for chat and notifications.
- docusign-enterprise (electronic-signature): Could be relevant if the communication involves document signing.
- mailjet, gmail, mailgun, sendgrid (email): Communication channels not hardware centric but important for comprehensive communication systems.
- voice category: google-assistant (voice command integrations).
- backend and tools like cloudmine, bugsnag, etc. might provide supporting backend infrastructure but are less directly related.

Based on the requirement's emphasis on "using hardware your team members and customers already own," telephony, messaging, chat, and backend categories are most critical.

**Conclusion**:

- Recommend categories: ['telephony', 'messaging', 'chat', 'backend', 'tools', 'email']

- Recommend All matched APIs:
[
  'twilio',
  'quickblox',
  'mesibo-server-side',
  'mesibo-client-side',
  'plivo',
  'telapi',
  'slack-web',
  'slack-real-time-messaging',
  'pubnub',
  'pubnub-javascript-push',
  'clockwork-sms',
  'mogreet',
  'vonage-nexmo-sms',
  'postalmethods',
  'amazon-sns',
  'spokenbuzz',
  'tropo-scripting',
  'kookoo',
  'pusher',
  'mailjet',
  'gmail',
  'mailgun',
  'sendgrid',
  'google-assistant'
]
./output/gpt/zero_shot/responses.json
データが保存されました: ./output/gpt/zero_shot/responses.json (キー: connected-to-us-1)
------------------------------
評価中のサービス: scanthenet
Iteration 1, Total call: 13
**Reasoning**:

The ScanTheNet service is a search mashup aggregating content from multiple popular social media and media-sharing platforms such as Flickr, Instagram, Twitter, and YouTube. The goal is to discover content live from the web and enable sharing of interesting content.

1. **Categories Needed**:  
   - The primary focus is on **search** capability over various types of social media and media platforms.  
   - Since the sources include Flickr (photos), Instagram (photos/videos), Twitter (social text/media), and YouTube (videos), the categories involved include **photos**, **social**, **search**, and **video**.  
   - We must also consider APIs that provide search capabilities for these platforms or the platforms themselves for content retrieval.

2. **Matching APIs for each Source**:  
   - **Flickr**: The Flickr API under the category "photos" offers access to photo feeds and uploading, which is necessary to search Flickr content live.  
   - **Instagram**: Two APIs: "instagram-graph" which allows photo sharing and user data access; and "instagram-real-time" which provides real-time access to photos as they are added, making it useful for live aggregation. Both fall under "photos".  
   - **Twitter**: The original Twitter API is no longer available; however, there is a "twitter-streaming" API in the social category that allows real-time access to Twitter statuses filtered by multiple parameters. "twitter-search" provides search over twitter data as well. These match the social and search needs.  
   - **YouTube**: The "youtube" API under video category allows video search, upload, and related content retrieval.  
   - Since the service is a mashup aggregating from these platforms live, these APIs are suitable for capturing data in real-time or near real-time from each platform.

3. **Additional Search APIs**:  
   - Flickr, Instagram, Twitter, and YouTube have direct APIs listed.  
   - Additionally, "giphy" in search category may be useful for GIF image searches but not directly relevant here.  
   - The fuzzy or semantic search APIs are not needed here since the requirement is focused on these four sources.

4. **Conclusion about category coverage**:  
   - photos (for Flickr, Instagram)  
   - social (for Twitter and Instagram social data)  
   - video (for YouTube)  
   - search (for APIs that support search interface, Twitter Search and others)

**Conclusion**:

- Recommend categories: ['photos', 'social', 'video', 'search']  
- Recommend All matched APIs: ['flickr', 'instagram-graph', 'instagram-real-time', 'twitter-streaming', 'twitter-search', 'youtube']
./output/gpt/zero_shot/responses.json
データが保存されました: ./output/gpt/zero_shot/responses.json (キー: scanthenet-1)
------------------------------
評価中のサービス: izik
Iteration 1, Total call: 14
**Reasoning**:

1. The application "Izik" is described as a mobile app that lets users search, explore, and discover content on the web in an interactive, fun, and visually rich way.
2. The search results are image-rich and organized in multiple categories like Lyrics, Gossip, Perfume, etc., implying content related to music, entertainment, and lifestyle.
3. The app requires APIs that provide rich media content (images, music, videos), search and discovery features, potentially categorization, and metadata.
4. Since the app is search focused and deals with diverse categories, APIs providing search capabilities, media content, recommendations, and categorization are pertinent.
5. The app specifically mentions an example of music-related content (Lyrics), gossip (entertainment news, celebrity info), and perfume (probably product info).
6. Thus, recommended categories should strongly include:
   - music (for lyrics and music content)
   - entertainment (for gossip, celebrity news)
   - search (for overall search and categorization)
   - photos/images (for image-rich search results)
   - recommendations (to enhance discovery and suggest related content)
   - news-services or media (for the gossip and entertainment news part)
7. Potential APIs:
   - For music/lyrics: musixmatch (provides lyrics and music-related metadata), lastfm, spotify-web, bandsintown, songkick, musikki-music, jamendo, playme, blipfm, etc.
   - For entertainment/gossip/news: guardian, new-york-times-article-search, bbc-nitro, reuters-spotlight, rotten-tomatoes, tmdb, movie-database-tmdb
   - For images/photos: flickr, pixabay-free-images, giphy (for gifs), 500px (though deprecated), instagram-graph, photobucket, smugmug, etc.
   - For search: primal (interest graph and filtering), google-custom-search (web/image search), giphy (GIF search), yahoo-local-search, bing, blekko, semrush (seo-related), yummly (food-related), tagging, etc.
   - For recommendations: trakt.tv, qype, yelp-fusion, rotten-tomatoes, peerindex, tagalus, etc.
8. Since the app organizes results in categories to minimize typing and provide context, the search API should support category filtering and faceted search.
9. Based on available APIs, musixmatch for lyrics and music metadata stands out as an ideal candidate.
10. For gossip and celebrity news - some news services like guardian or reuters-spotlight could be used.
11. For image-rich content, APIs like flickr and pixabay-free-images provide access to images that can complement search results.
12. For search across web content, google-custom-search or bing API would be appropriate, but since the Bing API is historical, we can consider primal for interest-graph based filtering, or google-custom-search.
13. For recommendations in music and entertainment - trakt.tv, rotten-tomatoes for movies, and yelp-fusion (for localized business recommendations) could be interesting.
14. Since the app is mobile based, RESTful APIs with JSON responses are preferable.
15. To summarize, categories strongly matched:
    - music
    - entertainment
    - search
    - photos
    - recommendations
    - news-services (for gossip and news)

**Conclusion**:
- Recommend categories: ['music', 'entertainment', 'search', 'photos', 'recommendations', 'news-services']

- Recommend all matched APIs:
  [
    'musixmatch',                   # Lyrics and music metadata
    'lastfm',                      # Music data and user info
    'spotify-web',                 # Music catalog data
    'bandsintown',                 # Concert and live music events
    'songkick',                    # Live music database and events
    'jamendo',                     # Music catalog data
    'playme',                      # Music widget and catalogs
    'blipfm',                      # Personal music stations data
    'guardian',                    # News and entertainment content
    'new-york-times-article-search', # News and entertainment search
    'bbc-nitro',                   # BBC media and entertainment content
    'reuters-spotlight',           # Reuters news and media content
    'rotten-tomatoes',             # Movie reviews & entertainment data
    'movie-database-tmdb',         # Movies and TV show data
    'flickr',                      # Photos and images
    'pixabay-free-images',         # Free high-quality images
    'giphy',                       # GIF search engine
    'instagram-graph',             # Photo sharing & social media images
    'photobucket',                 # Photo sharing API
    'smugmug',                     # Photo sharing & storage
    'google-custom-search',        # Web and image search
    'primal',                      # Interest graph and filtered search
    'yelp-fusion',                 # Recommendations for businesses
    'trakt.tv',                    # TV and movie recommendation
    'peerindex',                   # Social media analytics and influence
    'tagalus',                     # Social tag definitions
    'qype',                        # Local business recommendations
    'yummly',                     # Recipe search (if food/diet category considered)
  ]
./output/gpt/zero_shot/responses.json
データが保存されました: ./output/gpt/zero_shot/responses.json (キー: izik-1)
------------------------------
評価中のサービス: mesh
Iteration 1, Total call: 15
**Reasoning**:  
The user wants a mashup service that is synced with multiple news sources and platforms, providing access to a vast amount of news content around the web with a focus on socio-economic issues. The core requirements involve:

1. Access to multiple news sources/platforms to aggregate news content.
2. Content should include socio-economic related news.
3. Ability to programmatically interact with these news feeds and possibly analyze or filter news content.
4. Since it's a mesh network, the service likely needs a broad, comprehensive, and diverse set of news sources.

Given these requirements, the focus should be on the **news-services** category which includes news APIs that aggregate, provide access to, or curate news content from around the web.

From the API list, relevant news-services APIs that offer broad, multiple-source news content are:

- **webhoseio**: Offers on-demand access to structured web data from millions of web pages per day across news, blogs, and online discussions. It supports defining and scaling data needs. This fits well for a mesh network news aggregator focusing on socio-economic issues.

- **guardian**: Access to The Guardian’s content database which covers a wide range of topics, including socio-economic issues.

- **reuters-spotlight**: Provides access to Reuters content including news, video, pictures, and multimedia articles. Reuters is a major global news agency covering socio-economic topics.

- **new-york-times-article-search**: Allows searching New York Times articles by keyword, including facets like taxonomic classifiers that can help focus on socio-economic news.

- **new-york-times-newswire**: Provides up-to-the-minute stream of published NYTimes content.

- **daylife**: Daylife API lets you ask questions of news worldwide and build applications on top.

- **reddit**: Although primarily a social news aggregation site, Reddit can provide topical discussions and links, including socio-economic content.

These APIs provide diverse news coverage that could be combined in a mesh network to offer vast news content from multiple sources.

Additionally, since the user’s focus is specifically on socio-economic issues, APIs that allow searching and filtering by topical areas like **guardian**, **reuters-spotlight**, and **new-york-times** APIs are beneficial.

The **social** category might be tangentially useful if integrating social signals or trends from social news platforms, but the core recommended category is "news-services."

**Conclusion**:  
- Recommend categories: ['news-services']  
- Recommend All matched APIs: ['webhoseio', 'guardian', 'reuters-spotlight', 'new-york-times-article-search', 'new-york-times-newswire', 'daylife', 'reddit']
./output/gpt/zero_shot/responses.json
データが保存されました: ./output/gpt/zero_shot/responses.json (キー: mesh-1)
------------------------------
評価中のサービス: flickr-slideshow-0
Iteration 1, Total call: 16
**Reasoning**:
The requirement is to build a slideshow of photos from Flickr. The slideshow should be highly customizable, with the ability to display photos belonging to the user or photos matching certain tags. The requirement explicitly mentions using Flickr and Widgetbox APIs.

Breaking down the requirement:
1. Photos source: Flickr
   - We need an API that can retrieve photos from Flickr, either from the user's account or by tags.
2. Slideshow display: Needs many customizable options.
   - Widgetbox API is mentioned; it offers widget building capabilities and can help with embedding and customizing widgets like slideshows.
3. Both Flickr and Widgetbox APIs are mentioned explicitly.

From the available categories and APIs:
- **Photos** category contains the "flickr" API: This API allows retrieval and uploading of Flickr photos, supports many protocols, and is the natural choice for accessing Flickr photo data.
- **Widgets** category contains the "widgetbox" API: Widgetbox focuses on helping users make widgets/apps for social networks, blogs, or start pages. It's suitable for creating and embedding widgets such as slideshows, including with customizable options.
- These two APIs perfectly match the stated requirements.

No other APIs specifically mention Flickr photos or widget customization for slideshows that meet the requirement as well as these two.

**Conclusion**:
- Recommend categories: ['photos', 'widgets']
- Recommend All matched APIs: ['flickr', 'widgetbox']
./output/gpt/zero_shot/responses.json
データが保存されました: ./output/gpt/zero_shot/responses.json (キー: flickr-slideshow-0-1)
------------------------------
評価中のサービス: youtube-earth-album
Iteration 1, Total call: 17
**Reasoning**:
- The mash-up "Earth Album" involves a combination of Google Maps and YouTube to enable a "tour of the videospace of the world via YouTube tags." So, it is a mashup that integrates video content with geographical (map) data.
- Therefore, the categories involved would be:
  - mapping: To integrate Google Maps capabilities for geographic visualization and navigation.
  - video: To integrate YouTube video content and functionality, including search or tags.
- Looking into the available APIs:
  - For mapping, the Google Maps Places API can provide place information, coordinate data, and search capabilities.
  - Also, Google Static Maps, Google Maps Geocoding, Google Maps Geolocation, Google Maps Elevation, Google Maps Distance Matrix, Bing Maps APIs, MapQuest, and others are available in mapping.
  - For video, the YouTube Data API allows querying and retrieving YouTube videos by various parameters including tags, uploading videos, and modifying playlists.
- Since the description says "a Google maps and YouTube mash-up," the best pair is Google Maps related APIs and YouTube video API.
- Among mapping APIs, Google Maps Places API is well-suited for place-related queries and location information, which fits the idea of a "tour" around the world.
- The YouTube Data API (named just "youtube" in the APIs list) offers the ability to search for videos, retrieve feeds, and interact with YouTube content.
- No other APIs mention YouTube or video services that would be more suitable than the YouTube Data API.
- Therefore, the recommended categories are "mapping" and "video."
- The recommended APIs are "google-maps-places" and "youtube".

**Conclusion**:
- Recommend categories: ['mapping', 'video']
- Recommend All matched APIs: ['google-maps-places', 'youtube']
./output/gpt/zero_shot/responses.json
データが保存されました: ./output/gpt/zero_shot/responses.json (キー: youtube-earth-album-1)
------------------------------
評価中のサービス: spokenbuzz-map
Iteration 1, Total call: 18
**Reasoning**:
The requirement describes a mashup service where a user clicks, receives a phone call, records their voice thoughts, and then their voice is placed on a map. Others can reply with voice, thus enabling voice conversations tied to locations on a map. Key components of this requirement include:

1. Telephony service to initiate phone calls and record voice messages.
2. Voice messaging or voice recording and retrieving capabilities.
3. Mapping service to display voices pinned to geographic locations.
4. Social interaction allowing others to respond by voice.

Given the above, the following category matches are evident:

- telephony: For call initiation, call handling, voice recording, and playback functionalities.
- mapping: To display voice messages as points on a map and potentially enable location-based interactions.
- social: To facilitate conversations, replies, and user interactions around these voice notes.

From the available APIs, SpokenBuzz is explicitly described as a voice portal that supports voicemail, call forwarding, call screening, outbound calling, and has an API that allows you to initiate a phone call where the recipient can record a short voice message. It also returns a URL for playback of the voice message, which fits perfectly with the requirement of users recording voice thoughts and playback.

For mapping, multiple APIs are available that support displaying maps and geolocation. Bing Maps, Google Maps Places, MapQuest, OpenLayers, etc., can be used to display locations on a map. Among these, Bing Maps Search and Bing Maps REST Services provide location data and mapping capabilities with XML or JSON responses. Alternatively, any mapping API from the available ones can be selected based on features and ease of integration.

To enable social replies and voice conversations, integration with a social API such as Tagalus (which deals with Twitter hashtags), NationBuilder, or generic social platforms can be employed. However, the direct voice reply feature is not covered by social APIs here. The telephony platform (e.g., SpokenBuzz) might be used to facilitate voice replies as well.

Hence:
- telephony category with the SpokenBuzz API to handle calls and voice recordings.
- mapping category with a mapping API (like bing-maps or google-maps-places) to plot the location of these voice messages.
- social category if enabling social features like user replies, voting, or interaction beyond voice calls.

**Conclusion**:
- Recommend categories: ['telephony', 'mapping', 'social']
- Recommend All matched APIs: ['spokenbuzz', 'bing-maps-search']
./output/gpt/zero_shot/responses.json
データが保存されました: ./output/gpt/zero_shot/responses.json (キー: spokenbuzz-map-1)
------------------------------
評価中のサービス: springbaud-raisers-edge
Iteration 1, Total call: 19
**Reasoning**:
- The requirement is to integrate The Raiser’s Edge, which is a fundraising and donor management system, with an email marketing solution called Springbaud by Protégé Solutions.
- The functionality involves uploading email lists to Campaign Monitor and retrieving campaign results from within The Raiser’s Edge itself.
- This integration involves:
  1. CRM / Fundraising software (The Raiser’s Edge).
  2. Email marketing system integration (Springbaud plugging into Campaign Monitor).
- Key actions are managing email lists and sending/receiving campaign data.
- Thus, the relevant categories are email marketing and possibly some business/CRM category, but The Raiser’s Edge API is not listed here.
- The integration is done through Springbaud, which itself plugs into Campaign Monitor.
- Therefore, the primary API relevant to the email marketing and campaign management is Campaign Monitor API.
- Campaign Monitor API supports managing subscribers, creating email campaigns, and retrieving email and campaign statistics — matching the requirement to upload lists and retrieve results.
- No direct API for The Raiser’s Edge or Springbaud is listed in the provided APIs.
- The email marketing category with Campaign Monitor API best fits the integration requirement.

**Conclusion**:
- Recommend categories: ['email']
- Recommend All matched APIs: ['campaign-monitor']
./output/gpt/zero_shot/responses.json
データが保存されました: ./output/gpt/zero_shot/responses.json (キー: springbaud-raisers-edge-1)
------------------------------
評価中のサービス: readit.me
Iteration 1, Total call: 20
**Reasoning**:

1. **Requirement Analysis**:
   - The user wants a **lightweight diary of books** they've used — essentially a reading diary or book tracking application.
   - The user wants to be able to **share the diary with friends** — social integration is required.
   - Integration with **Amazon's book catalog** is needed for access to a wide range of book information and metadata.
   - Integration with **Facebook** is needed for social sharing or authentication.
   - The service should be **hosted on Heroku**, implying the need for a backend/cloud platform API that can work well or deploy apps on Heroku.

2. **Category Selection**:
   - **books**: For managing book information, accessing a book database or book catalog.
   - **social**: For integrating friend sharing, social media connections (in this case, Facebook).
   - **cloud**: Hosting on Heroku suggests using cloud or platform-as-a-service APIs.
   - **applications**: Potentially for app-related functionalities.
   - **developers / framework** are less critical here since Heroku is preferred, which has its own ecosystem and API.
   
   The key categories relevant would be: 
   - books (for book diary/catalog)
   - social (for Facebook integration and sharing)
   - cloud (for Heroku as a hosting platform)

3. **API Selection**:
   - For **books**:
     - *amazon-product-advertising*: Provides the Amazon catalog data including books; ideal for integrating the Amazon book database.
     - *goodreads*: Access to book data, reviews, and user shelves; a book-centric social platform with APIs.
     - *open-library-books*: Open book catalog, for book data.
   
   - For **social** (friend sharing, Facebook integration):
     - *facebook-graph*: Access Facebook user data, authentication, and sharing capabilities.
     - *facebook*: Deprecated, but *facebook-graph* supersedes it.
     - Possibly *facebook* if historical, but prefer *facebook-graph*.
   
   - For **cloud / hosting**:
     - *heroku*: To manage app deployment and integration on Heroku platform.
   
4. **API reasoning**:
   - *amazon-product-advertising* gives access to Amazon's extensive book catalog, enabling the diary to use rich Amazon book metadata.
   - *facebook-graph* allows sharing book diary entries with friends on Facebook, posting status updates, authenticating users, etc.
   - *heroku* API enables managing the hosting environment where this diary app would reside.
   - Optionally, *goodreads* can be useful since it is a book social platform and could complement Amazon, but requirement explicitly asks for Amazon catalog.
   - Focus will be on *amazon-product-advertising*, *facebook-graph*, and *heroku* APIs.

**Conclusion**:

- Recommend categories: ['books', 'social', 'cloud']

- Recommend All matched APIs: ['amazon-product-advertising', 'facebook-graph', 'heroku']
./output/gpt/zero_shot/responses.json
データが保存されました: ./output/gpt/zero_shot/responses.json (キー: readit.me-1)
------------------------------
評価中のサービス: hoiio-wave
Iteration 1, Total call: 21
**Reasoning**:  
Hoiio Wave is focused on driver safety by measuring brain waves to assess driver attention and then alerting the driver using the Hoiio API suite. This requires telephony/messaging capabilities for delivering alerts and potentially voice interactions. The main focus is on real-time communication features to notify or warn the driver based on cognitive measurements.

- The relevant category is **telephony** because alerts and communication to the driver are likely done via voice calls, SMS, or related communication channels.
- The key API here is **Hoiio Voice API**, which offers voice call making and IVR (Interactive Voice Response), enabling automated calls and voice responses without the need for physical hardware.
- Additionally, **Hoiio SMS API** is relevant for text message alerts as it enables sending SMS messages globally at low cost.
- These two APIs combined suit the alerting mechanism described in the requirement.
- No other categories or APIs are directly relevant based on the description since the focus is on brainwave measurement device integration with telephony APIs for alerting.

**Conclusion**:  
- Recommend categories: ['telephony']  
- Recommend All matched APIs: ['hoiio-voice', 'hoiio-sms']
./output/gpt/zero_shot/responses.json
データが保存されました: ./output/gpt/zero_shot/responses.json (キー: hoiio-wave-1)
------------------------------
評価中のサービス: geopix-0
Iteration 1, Total call: 22
**Reasoning**:  
The user wants to explore the world with pictures that are geographically placed directly on a map. Also, they want features to filter these pictures by tags and be able to save favorites into an itinerary. This implies a mashup involving at least:  
1. Mapping services to display images on maps and handle geocoordinates.  
2. Photo/image services with geo-tagged images and tagging/filtering capabilities.  
3. Potentially bookmark or itinerary management services to save favorite pictures.

Step by Step Analysis:

- **Mapping Category**:  
  A service that can provide geo-coordinates and a map UI to organize and display photos. Candidate APIs:  
  - bing-maps-search: related to map search, but primarily for places, property, not specified for photos.  
  - google-maps-places: place information with photos, but more place-oriented.  
  - openlayers, mapbox, mapquest, bing-maps, etc. provide mapping capabilities. Of these, Mapbox provides a suite of open source mapping tools and embeddable maps with proper API.  
  - scribble-maps: a map drawing/sharing platform with map images and sharing, could be useful.  
  - geolocations and geotagging data services like geonames or geoloqi may support location data but don’t directly offer photos.  

- **Photos Category**:  
  Looking for APIs that allow access to photo repositories with geo-tagging, filtering by tags, and displaying images. Some candidates:  
  - flickr: well known photo sharing with geo-tagged photos and tags. Good for this use case.  
  - 500px: no longer publicly available.  
  - instagram-graph or instagram-real-time: provides photos, but Instagram's geo-tagging and tag filtering requires authentication and may have usage limitations.  
  - panoramio (deprecated), probably not current.  
  - pixabay-free-images: royalty free, tags, but no direct geotagging or mapping integration info is given.  
  - images API from Graphics Factory Clip Art: probably generic clip art, less about geo-tagged photos.  
  - smugmug, photobucket, imgur: possible, but no direct mention of geo-tagging or map placement.  
  - giphy is animated GIF oriented, not photos on maps.  
  Overall, Flickr API is the best fit with geo-tagging, tags, photo browsing and search capabilities.  
   
- **Bookmarks or Itinerary**:  
  The user wants to click on pictures to save favorites in an itinerary. We need a service that supports saving or bookmarking. API candidates:  
  - pocket - save articles/videos for later: could potentially be repurposed for saving favorites though not explicitly photos.  
  - readability, instapaper: article/bookmark related, less relevant for photos.  
  - zotero - research source organizer, probably not a good fit for travel/photo itinerary.  
  - personal-information-management or bookmarks category may have relevant APIs but none seem directly relevant to saving photo favorites or itineraries.  
   
If the saving is managed internally or using a lightweight bookmark API, the primary categories remain mapping and photos. Itinerary management may be custom built or use existing bookmark APIs. However, no direct itinerary management API is listed. Therefore, categories recommended are primarily:  
- mapping (for maps and placing photos)  
- photos (for photo content access, filtering by tags)  
- bookmarks (for saving favorites / itinerary, optional)

APIs Recommended:  
- Mapbox (mapping): for flexible open source mapping and displaying user data  
- Flickr (photos): for geo-tagged photos with tags filtering  
- scribble-maps (mapping): allows map drawing, saving, sharing which could help with itinerary creation  
- pocket or zotero (bookmarks): to support saving favorites or building itinerary-like lists if needed  

**Conclusion**:  
- Recommend categories: ['mapping', 'photos', 'bookmarks']  
- Recommend All matched APIs: ['mapbox', 'flickr', 'scribble-maps', 'pocket']
./output/gpt/zero_shot/responses.json
データが保存されました: ./output/gpt/zero_shot/responses.json (キー: geopix-0-1)
------------------------------
評価中のサービス: yaptap
Iteration 1, Total call: 23
**Reasoning**:

The requirement describes a community communication platform, Yaptap, that allows flexible communication methods including text, email, phone, and social media. Group leaders have access via web or mobile apps to organize groups, events, and communications, while members choose their preferred communication channels.

Key features needed:
- Multi-channel communication: text messaging, email, phone calls, and social media integration.
- Group management and organization tools.
- Event management.
- Support for both web and mobile applications.

Based on these features, the recommended categories and APIs should support these capabilities:

1. **Messaging**: To support text messaging (SMS), possibly MMS, and real-time communications.
   - Twilio (telephony, messaging) offers voice and SMS communications through cloud services with RESTful APIs.
   - Clockwork SMS, Mogreet, Vonage Nexmo SMS, Hoiio SMS, etc. — APIs that provide SMS gateway services.
   - PubNub and Pusher for realtime messaging and push notifications in the web/mobile apps.
   - Amazon SNS for push notifications.
   - Slack Incoming Webhooks or similar for message posting features if integrations desired.

2. **Email**: For email communications.
   - APIs like Mailjet, Mandrill, Mailgun, Campaign Monitor, SendGrid, Gmail API for sending, tracking and managing emails.

3. **Telephony**: For voice phone calls, call forwarding, voicemail, IVR, or integration with telephony systems.
   - Twilio, Plivo, TelAPI, KooKoo, Voxeo, Hoiio Voice, Tropo, Plum Fuse for programmable voice calls and phone interactions.

4. **Social**: To integrate social media communications and community features.
   - Facebook Graph, Twitter APIs, LinkedIn, Meetup, NationBuilder, Ning, Buffer, etc. to enable social media interaction, sharing, and communication.

5. **Events**: For group event creation and management.
   - Eventbrite, Eventful, Active.com APIs provide event organization, attendee management.

6. **Project/Group Management**:
   - APIs like Basecamp, Harvest, ConceptShare, Intellinote might cover collaboration but not central here.
   - More relevant might be enterprise or backend services if needed.

7. **Backend and Tools**:
   - QuickBlox (backend for chat, presence, voice and video).
   - CloudMine or similar BaaS for backend services.
   - Authentication APIs may also be relevant (not specified but usually necessary).

Yaptap primarily needs messaging (SMS, voice), email, social, and event APIs to support its features.

**Conclusion**:

- Recommend categories: ['messaging', 'email', 'telephony', 'social', 'events', 'backend', 'tools']

- Recommend All matched APIs:  
  - Messaging and SMS: ['twilio', 'clockwork-sms', 'mogreet', 'vonage-nexmo-sms', 'pubnub', 'pusher', 'amazon-sns', 'slack-incoming-webhooks', 'mailgun', 'sendgrid', 'campaign-monitor', 'mailjet', 'amazon-sqs']  
  - Email: ['mailjet', 'mandrill', 'mailgun', 'gmail', 'campaign-monitor', 'sendgrid', 'constantcontact', 'rapleaf', 'contextio', 'gmail', 'gmail-api']  
  - Telephony (Voice and IVR): ['twilio', 'plivo', 'telapi', 'kookoo', 'voxeo', 'hoiio-voice', 'tropo-scripting', 'plum-fuse', 'spokenbuzz', 'myvox']  
  - Social: ['facebook-graph', 'twitter', 'linkedin', 'meetup', 'buffer', 'nationbuilder', 'ning', 'tagalus', 'plancast', 'scoopit', 'tarpipe', 'tumblr', 'pinterest-domain', 'vk', 'addthis-services', 'addthis-analytics', 'social-share-count', 'launchrock']  
  - Events: ['eventbrite', 'eventful', 'active', 'brown-paper-tickets']  
  - Backend: ['quickblox', 'cloudmine', 'ahrefs', 'apigee'] (quickblox is especially relevant for chat and real-time communication backend)  
  - Tools: ['zapier', 'github', 'google-closure-compiler', 'slack-web']

Note: Some APIs overlap in categories (e.g., Twilio is both telephony and messaging). Also, given Yaptap's feature set, key APIs like Twilio (messaging, voice), Mailjet or SendGrid (email), Eventbrite (event management), and Facebook/Twitter APIs (social) would be primary choices.

# Final Recommendations

- **Categories**: ['messaging', 'email', 'telephony', 'social', 'events', 'backend', 'tools']

- **APIs**: ['twilio', 'clockwork-sms', 'mogreet', 'vonage-nexmo-sms', 'pubnub', 'pusher', 'amazon-sns', 'slack-incoming-webhooks', 'mailjet', 'mandrill', 'mailgun', 'gmail', 'campaign-monitor', 'sendgrid', 'constantcontact', 'plivo', 'telapi', 'kookoo', 'voxeo', 'hoiio-voice', 'tropo-scripting', 'plum-fuse', 'spokenbuzz', 'myvox', 'facebook-graph', 'twitter', 'linkedin', 'meetup', 'buffer', 'nationbuilder', 'ning', 'tagalus', 'plancast', 'scoopit', 'tarpipe', 'tumblr', 'pinterest-domain', 'vk', 'addthis-services', 'addthis-analytics', 'social-share-count', 'launchrock', 'eventbrite', 'eventful', 'active', 'brown-paper-tickets', 'quickblox', 'cloudmine', 'zapier', 'github', 'google-closure-compiler', 'slack-web']
./output/gpt/zero_shot/responses.json
データが保存されました: ./output/gpt/zero_shot/responses.json (キー: yaptap-1)
------------------------------
評価中のサービス: mapanno
Iteration 1, Total call: 24
**Reasoning**:
- The requirement is to allow users of "flickr" and "23" photo services to mash up their images into an interactive web page.
- The "interactive web page" should support the option of including background maps, specifically Google Maps or Second Life Maps.
- Therefore, the mashup involves integrating photo APIs from "flickr" and "23" and map APIs for Google Maps and Second Life Maps.
- Looking at the available categories and APIs:
   - Photos category contains both "flickr" and "23" APIs. These allow access to their photo services.
   - Mapping category contains:
       - "google-maps" API (though noted as deprecated, it historically supports Google Maps integration).
       - "secondlife" API which supports embedding Second Life Maps into web pages.
- Given the mention of using Google Maps and Second Life Maps as backgrounds in the mashup, both mapping APIs are relevant.
- Hence, Category recommendations should include "photos" for access to images and "mapping" for background maps.
- The specific APIs matched are:
   - "flickr": to access and integrate Flickr photos.
   - "23": to access and integrate the 23 photo service.
   - "google-maps": for Google Maps support (though deprecated, it's still relevant as per requirement).
   - "secondlife": for Second Life Maps support.

**Conclusion**:
- Recommend categories: ['photos', 'mapping']
- Recommend all matched APIs: ['flickr', '23', 'google-maps', 'secondlife']
./output/gpt/zero_shot/responses.json
データが保存されました: ./output/gpt/zero_shot/responses.json (キー: mapanno-1)
------------------------------
評価中のサービス: upczilla
Iteration 1, Total call: 25
**Reasoning**:

- UPCZilla is a search engine focused on UPCs (Universal Product Codes) and price comparison by aggregating data from multiple ecommerce-related services.
- It integrates web services of Amazon, eBay, and Commission Junction to search for matches based on UPC.
- The main functionality involves product search, price comparison, and retrieval of offers or commissions related to specific product identifiers.
- It uses caching due to the limits imposed by the respective services.
- The environment is WordPress-based, which suggests the use of existing ecommerce APIs that support product search and price listing.
- Given the involvement of UPCs and product lookups along with price and commission data, the prime relevant categories are ecommerce and payments/monetization.
- The mentioned services to be leveraged are Amazon, eBay, and Commission Junction.

Matching APIs:
- Amazon Product Advertising API: Provides product information and e-commerce functionality for Amazon products, includes search functionality.
- eBay Finding & Shopping APIs: eBay’s Finding API offers capabilities for searching and browsing items listed in eBay, and Shopping API integrates with eBay product info.
- Commission Junction (CJ) API: REST-based API that enables advertisers and publishers to access commission and item detail data.
  
Additional relevant APIs:
- RetailMeNot Community Ideas API: For coupons and discounts data which may complement price comparison services.
- 8coupons API: For local deals and coupons integration.
- PriceSpin API: For price comparison and searching for products and stores.
- Wishpot, Shopzilla, DealSurf, and other ecommerce-related APIs could be potential complementary sources but the main requirement describes Amazon, eBay, and CJ specifically.

Therefore, the recommended categories should include ecommerce, advertising (since CJ is an affiliate/advertising network), and payments or merchants if billing/monetization is involved, but the prime focus is ecommerce and affiliate advertising.

**Conclusion**:

- Recommend categories: ['ecommerce', 'advertising']

- Recommend matched APIs: ['amazon-product-advertising', 'ebay-finding', 'ebay-shopping', 'commission-junction']
./output/gpt/zero_shot/responses.json
データが保存されました: ./output/gpt/zero_shot/responses.json (キー: upczilla-1)
------------------------------
評価中のサービス: tourcms-facebook-tabs
Iteration 1, Total call: 26
**Reasoning**:
- The requirement involves creating a Facebook app that integrates with TourCMS to allow Tour and Activity Operators to add product details to a Facebook page tab.
- Facebook app: This involves social media platform interaction, so the "social" category is relevant.
- TourCMS is a travel/tour booking platform, so the "travel" category is relevant for accessing product details and managing bookings, tours, or activities.
- The functionality involves embedding product information into a Facebook tab, which may require social API access and travel product API access.

From the available APIs:

- TourCMS is available in the travel category: Provides live product data, hotel/flight/tour APIs with booking capabilities.
- Facebook is listed under social category (Facebook Graph API) to interact with Facebook pages and apps.
- The Facebook Graph API allows apps to add content to Facebook pages, create tabs, and manage page content.
- No explicit API for Facebook Tabs apart from the general Facebook Graph API, but Facebook apps usually use the Facebook Graph API to manage page integrations.
- TourCMS API allows access to product info and bookings.
  
Hence:

- Categories needed: social (for Facebook app integration), travel (to access TourCMS product data)
- APIs matched: "tourcms-marketplace" from travel (live product data for tours and activities) and "facebook-graph" from social (to manage Facebook page tab and content)

**Conclusion**:
- Recommend categories: ['social', 'travel']
- Recommend All matched APIs: ['facebook-graph', 'tourcms-marketplace']
./output/gpt/zero_shot/responses.json
データが保存されました: ./output/gpt/zero_shot/responses.json (キー: tourcms-facebook-tabs-1)
------------------------------
評価中のサービス: visit-mauritius
Iteration 1, Total call: 27
**Reasoning**:
MauritiusVisit.com is a service that allows users to see aerial views, photos, and videos of points of interest such as hotels, beaches, and attractions in Mauritius. The main functionalities required include:
1. Providing aerial views and maps of locations — this falls under the **"mapping"** category.
2. Providing photos of locations and attractions — this relates to the **"photos"** category.
3. Providing videos related to the places of interest — obviously under the **"video"** category.

Looking at the available categories and APIs:

- For **mapping**, multiple APIs offer map imagery, aerial views and geolocation data. Good choices include:
  - **bing-maps-search** – for searching places and locations.
  - **bing-maps-locations** – for getting location information including coordinates.
  - **bing-maps** – includes REST services for maps, routing, and aerial imagery.
  - **google-maps-places** – provides place search, photo, and autocomplete.
  - **google-street-view-image** – allows retrieval of panoramic/street-level images, useful for visualizing sites.
  - **bing-maps-routes** – if route mapping is desired.
  - **google-static-maps** for static map images.
  - **google-maps-elevation** and **google-maps-geolocation** can augment mapping experience but are less relevant.
  - **mapbox**, **openlayers**, **mapquest**, **arcweb**, **metacarta**, **yahoo-internet-location-platform** etc. provide additional mapping capabilities.

- For **photos**, possible APIs:
  - **flickr** – a large photo sharing service with a huge photo repository.
  - **pixabay-free-images** – license free images, might have relevant photos.
  - **giphy** is more about GIFs or animations; less relevant here.
  - **photos** API by Graphics Factory Clip Art.
  - **instagram-graph** and **instagram-real-time** could provide user shared photos.
  - **google-picasa** (deprecated) and its replacement might be less useful.
  - **500px** (not publicly available).
  - **photobucket**, **smugmug**, **imgur** – other photo sharing platforms.

- For **videos**, choices include:
  - **youtube** – largest video hosting with APIs for search and upload.
  - **dailymotion**, **brightcove**, **vimeo** – video hosting and streaming platforms.
  - **stvpeflix** and **framey** are more about video creation.
  - **embedly** to embed video content from many sites.

Because MauritiusVisit.com focuses on aerial views and photos/videos of locations:

- For **aerial views and map data**, the best fit is a dedicated **mapping** API with capabilities for aerial photography and geographical data, favoring the Bing Maps APIs and Google Maps Places + Street View.

- For **photos**, Flickr is an established source with large global location-tagged photo collections.

- For **videos**, YouTube API is the most comprehensive video platform with access to a large repository of videos about places like hotels and beaches in Mauritius.

Hence the recommended categories are:  
- mapping  
- photos  
- video

**Conclusion**:
- Recommend categories: ['mapping', 'photos', 'video']
- Recommend All matched APIs: ['bing-maps-search', 'bing-maps-locations', 'bing-maps', 'google-maps-places', 'google-street-view-image', 'flickr', 'pixabay-free-images', 'photobucket', 'youtube', 'dailymotion', 'vimeo', 'brightcove', 'embedly']
./output/gpt/zero_shot/responses.json
データが保存されました: ./output/gpt/zero_shot/responses.json (キー: visit-mauritius-1)
------------------------------
評価中のサービス: ridedog
Iteration 1, Total call: 28
**Reasoning**:

RideDog is a service aimed at helping cyclists find and map the best rides for road cycling, mountain biking, and cyclocross. This suggests the primary components needed are map-based search, route discovery, and possibly ride-related metadata or user-generated trail information.

- The core functionality is heavily centered on geographic mapping, route finding, and location information. Therefore, **mapping** is the most relevant category.
- The system needs to support discovering new routes — which typically means APIs that provide geolocation data, routing (for driving/walking/biking paths), and possibly points of interest or trails.
- Additionally, since it may be used both locally and when traveling, searching for routes or locations would benefit from APIs that allow queries by geographic parameters.
- Related categories like **travel** and **social** might also be relevant if the service includes sharing routes or community-driven data, but these are not explicitly stated as requirements.
- We will focus on APIs that support detailed mapping, route creation, points of interest, and potentially cycling-specific trails.

From the long list of available APIs, the most directly fitting ones are:

1. **Bing Maps Search (mapping)**
   - Allows parsing map-related search queries and returning results with filtering.
2. **Bing Maps Routes (mapping)**
   - Offers routing between two or more locations for driving and walking routes. It may be extensible for biking routes.
3. **Google Maps Places (mapping)**
   - Provides rich information about places and geographic locations; useful to discover and map points of interest near routes.
4. **Google Distance Matrix (mapping)**
   - Calculates travel distance and time between locations; useful for planning rides.
5. **MapQuest and its mapping APIs (mapping)**
   - Provides map display, geocoding, search, directions, and traffic info.
6. **OpenStreetMap (mapping)**
   - Open-source world map with extensive community data including trails, roads, and paths relevant for bike routes.
7. **Mapbox (mapping)**
   - Open source mapping tools that support creating interactive maps and hosting maps for embedding, very popular for custom trail mapping.
8. **Bing Maps (mapping)**
   - General mapping API for maps, imagery, routing, and more.
9. **Here Maps APIs (if present) or similar mapping services (not explicitly listed)**
10. **Geonames or other geographic databases (reference)**
    - For extra geographic data such as nearby towns or regions.
11. **Geographical specific APIs that may provide trail data (if available) – not specifically included in the list.**

Since RideDog is for cycling routes, an API supporting walking or alternate routes might be adapted for bikes, such as MapQuest Open Directions or Bing Maps Routes.

Hence, focus primarily on categories: "mapping" (for map display, geocoding, routing) and potentially "travel" if it involves trip planning across regions.

**Conclusion**:

- Recommend categories: ['mapping', 'travel']
- Recommend All matched APIs: [
  'bing-maps-search',
  'bing-maps-routes',
  'google-maps-places',
  'google-distance-matrix',
  'mapquest',
  'openstreetmap',
  'mapbox',
  'bing-maps',
  'mapquest-open-directions',
  'yahoo-placemaker',
  'geonames',
  'skyscanner-live-pricing',
  'tripit',
  'viamichelin',
  'bing-traffic',
  'google-waze'
]
./output/gpt/zero_shot/responses.json
データが保存されました: ./output/gpt/zero_shot/responses.json (キー: ridedog-1)
------------------------------
評価中のサービス: pushr
Iteration 1, Total call: 29
**Reasoning**:

The requirement describes Pushr as a tool that enables small businesses to engage with customers primarily through SMS communication. Features include scheduling groups of SMS messages, managing contacts, and maintaining SMS communication logs.

- The main focus here is SMS-based communication.
- The tool needs APIs to send messages, manage SMS logs (history), and organize contacts.
- Considering APIs that allow SMS sending capabilities, contact management, and scheduling or logs would be relevant.
- Since it's targeted for small businesses, APIs with scalable and straightforward SMS services will be suitable.

Looking at the available categories and APIs:

**Relevant categories:**
- messaging (for SMS sending and management)
- contacts or personal-information-management (for managing customers' contacts; however, none specific appear under that name here)
- tools (possibly, for SMS scheduling or message management tools)
- payments (not relevant here)
- backend (less relevant but could be associated for contact or message data storage; not primary here)
- social (not relevant)
- enterprise (possibly for CRM functions, but not specifically messaging)
- telephony (includes call and SMS services)
- chat (less relevant for SMS)
  
**Relevant APIs:**

1. **Twilio SMS API (Category: messaging)**
   - Twilio provides an extensive SMS API for sending and receiving messages, tracking status.
   - Well-known for scalable SMS services.
   - RESTful interface, supports sending, receiving, message history.

2. **Clockwork SMS API (Category: messaging)**
   - SMS gateway to send bulk SMS.
   - Supports REST, SOAP, SMPP.
   - XML responses.
   - Suitable for marketing and communication with groups.

3. **Vonage Nexmo SMS API (Category: messaging)**
   - Allows integration of SMS sending and receiving.
   - Good international support.
   - Used for customer engagement through SMS.

4. **PostalMethods (Category: messaging)**
   - Provides a postal gateway for letters and postcards, not SMS, so less relevant.

5. **Mogreet (Category: messaging)**
   - SMS/MMS marketing focused.
   - Can send SMS/MMS including rich media to customers.
   - Could be relevant if richer messaging needed.

6. **Hioio SMS (Category: messaging)**
   - Global SMS API provider.
   - Low cost global SMS messaging.
   - Useful for SMS integration.

7. **StrikeIron Bulk SMS (Category: messaging)**
   - Bulk SMS service with international reach.
   - REST API, supports campaign messaging.

8. **PayAPI/Payment related (payments) not relevant**

9. **Att App Messaging (Category: messaging)**
   - Provides SMS and MMS capabilities.
   - Supports sending SMS messages, media messages, replies.

10. **Pushover Message (Category: messaging)**
    - Push notifications to mobile devices.
    - Not SMS but app-based notifications - not a direct match.

11. **Slack Real Time Messaging, PubNub etc. (messaging category)**
    - Focused on real-time messaging or chat, not SMS-based customer engagement.

12. **Contacts Management APIs?**
    - Not explicitly detailed for contact management in listings, so likely no specialized contact API to recommend here.

Because the requirement is SMS-focused for small business customer communication, the key needed functionality revolves around SMS sending, group/scheduled messaging, and logs.

Among all, **Twilio SMS** and **Clockwork SMS** APIs are especially suitable due to their focus, scalability and wide use. **Vonage Nexmo SMS** is also a strong candidate.

**Conclusion**:

- Recommend categories: ['messaging', 'telephony', 'tools']
- Recommend All matched APIs: ['twilio-sms', 'clockwork-sms', 'vonage-nexmo-sms', 'mogreet', 'att-app-messaging', 'hoiio-sms', 'strikeiron-sms-mobile-marketing']

These APIs collectively cover SMS sending, group messaging, messaging logs, and multimedia messaging functionalities suitable for Pushr's described requirements.
./output/gpt/zero_shot/responses.json
データが保存されました: ./output/gpt/zero_shot/responses.json (キー: pushr-1)
------------------------------
評価中のサービス: docusign-and-twilio
Iteration 1, Total call: 30
**Reasoning**:
The requirement is to enable voiding a DocuSign Envelope (an electronic signature document) remotely, specifically during a phone call without Internet access. This suggests integration of electronic signature management (DocuSign API) with telephony capabilities (such as making phone calls, interpreting phone inputs, or sending/receiving SMS) to provide voice or phone-based control over the document envelopes.

1. DocuSign is an electronic signature service, and it exposes an API for envelope management, including voiding envelopes. So, the "electronic-signature" category with the DocuSign API is essential.

2. To perform these actions via a phone call, telephony services are required. Twilio is a widely used telephony API that allows building voice and SMS applications—this meets the requirement for phone call interfacing and actionable commands over calls, including grabbing envelope information and executing actions like voiding.

3. The mention of doing this "while on the go, without internet service" indicates that the phone call itself acts as the interface, with backend logic processing the voice/SMS commands and integrating with the DocuSign API. Twilio provides the cloud telephony infrastructure to build such solutions.

Therefore, the mashup service should integrate electronic-signature APIs (for envelope management) and telephony APIs (for voice call handling and commands).

**Conclusion**:
- Recommend categories: ['electronic-signature', 'telephony']
- Recommend All matched APIs: ['docusign-enterprise', 'twilio']
./output/gpt/zero_shot/responses.json
データが保存されました: ./output/gpt/zero_shot/responses.json (キー: docusign-and-twilio-1)
------------------------------
評価中のサービス: gool.li
Iteration 1, Total call: 31
**Reasoning**:  
The requirements describe a service called Gool.li that centers around knowledge aggregation and presentation. It considers data from various categories as pieces of information and aggregates these to create knowledge. The service aims to provide:  
- An elastic and real-time architecture, enabling seamless scaling and timely updates.  
- Enterprise mashup design patterns, integrating multiple sources to form a unified service.  
- Card-based UI design with filters per card and category to allow focused data exploration.  
- Responsive and multi-platform user interface to support broad device compatibility.  
- General search regrouping links by domains with soft integration of social networks emphasizing network relationships rather than individual nodes.  
- The service is more than a search engine; it focuses on filtering, adjusting, categorizing, and enhancing presented information dynamically.  

From this, the essential features needed are:  
1. Categories that provide diverse data and information sources for knowledge construction across multiple domains: search, social, news, reference, analytics, and more.  
2. APIs that support real-time or frequently updated data feeds and content aggregation from various domains or content types to feed the mashup.  
3. APIs that enable social integration but do so softly, emphasizing network and relational data rather than intrusive or hard integrations.  
4. Support for elastic and real-time data handling suggests analytics, social, search, and data-as-a-service categories.  
5. Card designs imply data modularity and the need for APIs that can return filtered and categorizable content.  
  
Matching these criteria against the available categories and APIs, the following categories stand out:  

- **search**: For general search, domain-level grouping, open content access from web sources, media, and data aggregation. Candidates: Google Custom Search, Yahoo Local Search, Bing, etc.  
- **social**: For soft social integration emphasizing network and relational data. Candidates: Facebook Graph, LinkedIn, Twitter Streaming, AddThis, Buffer, etc.  
- **news-services**: For timely news and article feeds, enabling real-time knowledge updates. Candidates: New York Times APIs, Guardian, Reuters Spotlight, Webhose.io.  
- **reference**: To provide structured knowledge and authoritative data, essential to knowledge services. Candidates: Wikipedia, Wordnik, Wolfram Alpha, DBpedia, etc.  
- **analytics**: To support real-time data monitoring, metrics, and insights as part of the elastic architecture. Candidates: Google Analytics, Mixpanel, Galileo, New Relic.  
- **data-as-a-service**: To offer diverse data sources for mashup integration and enrichment. Examples: ZoomInfo.  
- **tools**: APIs that provide backend or developer tools for integration, scaling, and management that complement the elastic architecture. Example: Pusher, Zapier, Google Closure Compiler.  
- **applications**: For CMS and content management to handle the diverse content aggregation and UI presentation layers. Like Contentful, AppHarbor.  
- **machine-learning** or **natural-language-processing**: To enhance the algorithmic understanding and filtering of data dynamically, improving learning and categorization. Examples: RxNLP Text Similarity, Dialogflow, Datumbox.

Recommended APIs would be those that:  
- Are known for real-time/searchable content (Google Custom Search, Bing, Yahoo Local Search)  
- Provide social data or soft social integration (Buffer, AddThis, Facebook Graph, Twitter Streaming)  
- News services that deliver fresh, up-to-date content (NYT, Guardian, Webhose.io)  
- Reference APIs for authoritative knowledge (Wikipedia, DBpedia, Wolfram Alpha)  
- Analytics services for real-time insights (Google Analytics, Mixpanel)  
- Data-as-a-service APIs offering large-scale datasets (ZoomInfo)  
- Developer and integration tools for elasticity and scalability (Pusher, Zapier)  

**Conclusion**:  
Recommend categories:  
['search', 'social', 'news-services', 'reference', 'analytics', 'data-as-a-service', 'tools', 'applications', 'natural-language-processing', 'machine-learning']

Recommend All matched APIs:  
[  
  'google-custom-search', 'bing', 'yahoo-local-search',  
  'facebook-graph', 'buffer', 'addthis-analytics', 'twitter-streaming', 'tagalus', 'plancast', 'nationbuilder', 'linkedin', 'scoopit', 'social-share-count',  
  'new-york-times-article-search', 'new-york-times-newswire', 'guardian', 'webhoseio', 'reuters-spotlight',  
  'wikipedia', 'dbpedia', 'wordnik', 'wolfram-alpha', 'dbpedia-spotlight',  
  'google-analytics-core-reporting', 'mixpanel', 'galileo', 'new-relic', 'looker',  
  'zoominfo',  
  'pusher', 'zapier', 'google-closure-compiler', 'airbrake', 'circleci', 'datadog', 'github',  
  'contentful', 'appharbor',  
  'rxnlp-text-similarity', 'dialogflow-standard-webhooks', 'datumbox', 'uclassify',  
  'jamendo', 'spotify-web', 'lastfm', 'musixmatch'  // Additional music APIs for broad info content diversity if relevant  
]
./output/gpt/zero_shot/responses.json
データが保存されました: ./output/gpt/zero_shot/responses.json (キー: gool.li-1)
------------------------------
評価中のサービス: filtrand
Iteration 1, Total call: 32
**Reasoning**:
The user wants an example demonstrating integration of the Twitter Streaming API, Pusher, and Pusher WebHooks, referencing a blog post about filtrand, a demo webhooks application. The request is centered on:

- Receiving real-time data from Twitter's Streaming API.
- Using Pusher as a real-time push notification service.
- Using Pusher WebHooks for real-time webhook management or event callbacks.

Based on the available categories and APIs:

1. **Twitter Streaming API**:
   - Category: social
   - Description: Provides high-throughput near-realtime access to public Twitter data by filtering streams by keywords, users, location, etc.
   - Matches the first part of the need — gathering real-time Twitter data streams.

2. **Pusher**:
   - Category: tools
   - Description: Hosted API for real-time bi-directional communication via WebSockets supporting event-based messaging, suitable for implementing real-time features.
   - Matches the second part — pushing events/data in real-time to clients.

3. **Pusher WebHooks** (not explicitly listed but presumably part of Pusher):
   - Since "Pusher WebHooks" are more of a feature set under Pusher service for event callbacks, it is reasonable to treat this as part of the Pusher API.

No other APIs in the available list directly support Twitter Streaming or Pusher functionality.

**Conclusion**:
- Recommend categories: ['social', 'tools']
- Recommend All matched APIs: ['twitter-streaming', 'pusher']
./output/gpt/zero_shot/responses.json
データが保存されました: ./output/gpt/zero_shot/responses.json (キー: filtrand-1)
------------------------------
評価中のサービス: symbyoz
Iteration 1, Total call: 33
**Reasoning**:  
The requirement is for a social utility aimed at helping users keep in touch more often and more easily with important friends from major social networks. This means the solution would need:  
- Access to social network user data, including friends or connections  
- Ability to interact or communicate easily with those friends (e.g., messaging, updates)  
- Possibly integration with multiple popular social networks to cover a broad range of important friends  
- Support for user authentication or authorization to access private friend lists  

Given these considerations, the relevant category is clearly **social**.

Now looking into the available APIs under the social category that fit this use case:

1. **facebook-graph** (Facebook social graph)  
   - Provides access to social connections, profiles, posts, events, and more. It is a comprehensive Facebook API for interacting with user and friend data.

2. **linkedin**  
   - Offers access to people, companies, jobs, and interactions. LinkedIn is a major social network focused on professional connections.

3. **twitter** and **twitter-streaming**  
   - Twitter’s APIs provide social data streams, user information, and real-time status updates. Twitter is a large social network with wide adoption.

4. **foursquare**  
   - While primarily location-based, it includes users, venues, photos, and check-ins which could help with social sharing and friend interactions.

5. **buffer**  
   - A social media scheduling tool that manages and schedules tweets—could be useful for managing social contacts and outreach.

6. **meetup**  
   - Focuses on groups and events with social networking aspects, including profiles and RSVPs.

7. **tumblr**  
   - Blogging and social updates platform.

8. **pinterest-domain**  
   - Access to user pinboards and social interactions on Pinterest.

9. **hyves, nationbuilder, plancast, shizzow, launchrock**  
   - Other social platforms with APIs for user and group management, posts, events, and social engagement.

10. **fullcontact-person**  
   - Provides enriched profiles from social handles and emails, helping identify and manage contact information comprehensively.

Additionally, to ease communication, including messaging platforms or chat may be considered, but the core requirement is social connectivity.

User authentication APIs (OAuth, social login) are also useful but not explicitly requested here.

**Conclusion**:  
- Recommend categories: ['social']  
- Recommend matched APIs: ['facebook-graph', 'linkedin', 'twitter', 'twitter-streaming', 'foursquare', 'buffer', 'meetup', 'tumblr', 'pinterest-domain', 'hyves', 'nationbuilder', 'plancast', 'shizzow', 'launchrock', 'fullcontact-person']
./output/gpt/zero_shot/responses.json
データが保存されました: ./output/gpt/zero_shot/responses.json (キー: symbyoz-1)
------------------------------
評価中のサービス: flickoutr
Iteration 1, Total call: 34
**Reasoning**:  
The requirement is primarily about sharing Flickr images by tags or sets across social networks like Facebook and Twitter. It involves painless sharing, group sharing, and support for multiple accounts.  

1. **Core Service (Flickr Images by Tag or Set):**  
   The main service involves access to Flickr images with functionality to filter by tags or sets. The API should enable access to Flickr's photo-sharing capabilities including retrieval by tags, sets, or other organizational structures.  
   - The **Flickr API** is the most obvious match here, but it is not explicitly listed in the provided APIs. However, in the photos category, a relevant API is present:  
     - **flickr**: The Flickr API provides access to photos with filtering by various feeds including public photos, favorites, groups, and tagging. It supports uploading as well as retrieving photos and videos. It supports multiple protocols and data formats.  
   This API can give access to Flickr photos and support grouping via groups and sets.  

2. **Social Sharing Across Facebook and Twitter:**  
   - Sharing across Facebook and Twitter implies integration with social networking APIs that can post or share content programmatically.  
   - For Facebook:  
     - **facebook-graph** is listed (though noted as legacy, but the most relevant given the data). It provides access to Facebook social graph features including photos, posts, and sharing capabilities.  
   - For Twitter:  
     - **twitter-streaming** or **twitter** API (noted as deprecated) existed but not ideal. Alternatively:  
     - **twitter-search** API: For searching tweets but limited sharing.  
     - No current Twitter REST API with write/share permissions explicitly present here, but the original Twitter API is mentioned.  
   Alternatively, for general social sharing functionality:  
   - **addthis-services** and **addthis-sharing-endpoints** provide free ways to boost traffic and share content across many social platforms. These APIs could be leveraged to share Flickr photos easily across social networks including Facebook and Twitter.  
   - **buffer** is an API that manages and schedules tweets, meaning it can be used to orchestrate posting tweets on behalf of multiple accounts. Buffer could also be used to post to Facebook.  
3. **Group Sharing and Multiple Accounts:**  
   - Sharing with groups implies the ability to post content on behalf of groups or multiple users/accounts.  
   - **facebook-graph** API supports group features (groups, posts) and multiple accounts can be managed via OAuth scopes.  
   - **buffer** allows management of multiple social media accounts and scheduled posts, including to Facebook and Twitter, making it a great tool for painless sharing involving multiple accounts.  
4. **Summary of Relevant Categories:**  
   - **photos**: For Flickr photo access.  
   - **social**: For APIs interacting with Facebook, Twitter, Buffer, AddThis, etc.  
   - **tools**: For services like Buffer or AddThis APIs that manage sharing across platforms.  
5. **APIs Not Signed but Mentioned in Data:**  
   - Because the official Flickr API is not directly listed, the best available Flickr API, i.e., **flickr** (Category: photos) is a perfect match for image retrieval and management by tags or sets.  
   - For sharing, **facebook-graph** for Facebook, **twitter-streaming** for Twitter (noting deprecation), and **buffer** for multi-account social media scheduling/sharing.  
   - **addthis-services** and **addthis-sharing-endpoints** can facilitate easy social sharing to both Facebook and Twitter.  

**Conclusion**:  
- Recommend categories: ['photos', 'social', 'tools']  
- Recommend All matched APIs: ['flickr', 'facebook-graph', 'buffer', 'addthis-services', 'addthis-sharing-endpoints', 'twitter-streaming']
./output/gpt/zero_shot/responses.json
データが保存されました: ./output/gpt/zero_shot/responses.json (キー: flickoutr-1)
------------------------------
評価中のサービス: trip-republic
Iteration 1, Total call: 35
**Reasoning**:  
The requirements describe "Trip Republic" as a travel planner application that integrates third-party supply with user-generated content. The core features include:  
1. Planning and sharing trip ideas with co-travelers - implies collaboration, social and content sharing.  
2. Searching and booking flights, hotels, activities, restaurants, etc. - requires integration with travel-related booking and search APIs.  
3. Personal travel recommendations from a travel buddy - implies recommendations, user interaction, and perhaps social or machine learning features.

Breaking down the needs:  
- **Travel category**: Booking flights, hotels, activities, and travel data is core.  
- **Social category**: For sharing trip ideas, interacting with co-travelers, and personalized recommendations from buddies. Social APIs enable user profiles, sharing, and connections.  
- **Recommendations category**: To provide personalized travel suggestions from the travel buddy system.  
- **Events category**: For integrating activities/events as part of travel plans.  
- **Mapping category**: For locations, route planning, hotels nearby, points of interest visualization.

Matching APIs from available list:  

**Travel**:  
- amadeus: Offers flight and hotel search, booking capabilities, destination content, AI-powered travel insights — fits core travel search, booking and recommendations.  
- tripit: Access to itineraries and travel info from many sources — useful for planning and consolidating trip data.  
- skyscanner-live-pricing: Live pricing for flights — good for flight booking.  
- travel-iq: Hotel booking, flight search, and location data — meets hotel and flight booking needs.  
- sabre-0: Comprehensive global travel marketplace including flights, hotels, car rentals — powerful travel supply integration.  
- bing-traffic & yahoo-traffic (also travel adjacent): Traffic info useful for travel status and route planning.

**Social**:  
- facebook-graph: Social graph for sharing trip ideas, user connections.  
- twitter, twitter-streaming: For social sharing and retrieving travel-related tweets.  
- linkedin: For professional social connections (secondary).  
- plancast: Service for sharing events and plans with friends.  
- tagalus, addthis-services, buffer: For social sharing and tagging.  
- nationbuilder, scoopit, tarpipe: Social platform integrations.  
- meetup: Useful for finding and sharing events with others.

**Recommendations**:  
- yelp-fusion: Business and restaurant reviews, ratings, and recommendations at particular locations.  
- trakttv (if integrating TV shows during travel downtime).  
- yelp-fusion, musikki-music not a direct fit for travel but good for localized recommendations if expanded.  
- amadeus also mentions AI-powered travel insights, suitable for recommendations.  
- tagalus: tagging for social media, could support semantic tagging for recommendations.

**Events**:  
- eventbrite: Create and manage events, retrieve attendees — perfect for integrating activities.  
- active: Provides sports, running events, other activities — suitable for adding events to travel plans.  
- brown-paper-tickets: Event ticketing.  

**Mapping**:  
- google-maps-places: Information about places, points of interest, establishments — critical for travel.  
- bing-maps and bing-maps-search: Map data with search functions.  
- mapquest: Comprehensive location and mapping services.  
- openlayers, openstreetmap: Open source mapping solutions.  
- google-distance-matrix: Travel distances and timing between locations — useful in travel planning.  
- google-maps-geolocation, geonb, geograph: Geolocation and geographic data.  

Additional relevant APIs:  
- mailjet, gmail, sendgrid for email communication within the travel planner (optional).  
- social APIs for sharing content, and messaging APIs if direct messaging planned among co-travelers.

**Conclusion**:  
Recommend categories: ['travel', 'social', 'recommendations', 'events', 'mapping']

Recommend All matched APIs:  
[  
  'amadeus', 'tripit', 'skyscanner-live-pricing', 'travel-iq', 'sabre-0', 'bing-traffic', 'yahoo-traffic',  
  'facebook-graph', 'twitter-streaming', 'plancast', 'tagalus', 'addthis-services', 'buffer', 'nationbuilder', 'scoopit', 'tarpipe', 'meetup',  
  'yelp-fusion', 'eventbrite', 'active', 'brown-paper-tickets',  
  'google-maps-places', 'bing-maps', 'bing-maps-search', 'mapquest', 'openlayers', 'openstreetmap', 'google-distance-matrix', 'google-maps-geolocation',  
  'geonb', 'geograph'  
]
./output/gpt/zero_shot/responses.json
データが保存されました: ./output/gpt/zero_shot/responses.json (キー: trip-republic-1)
------------------------------
評価中のサービス: homewebshop
Iteration 1, Total call: 36
**Reasoning**:

HomeWebShop.com is an online shopping site that combines Google Maps and Amazon.com shopping services.

- The requirement calls for ecommerce functionality since the site is an online shopping site.
- It requires integration with Google Maps services for location-based or mapping features such as store locations, delivery areas, or interactive maps.
- Given this, relevant categories will be 'ecommerce' and 'mapping'.
- For ecommerce, Amazon.com is a major provider, so look for APIs related to Amazon.com shopping services.
- For mapping, considering "Google Maps," look for APIs associated with Google Maps services.

From the available APIs and categories:

- The ecommerce category has several Amazon-related APIs:
   - amazon-product-advertising: Provides access to Amazon's product data and e-commerce functionality. Allows searching and advertising products on Amazon.
   - amazon-marketplace-web-service: Helps sellers automate listings, orders, payments, reports, etc.
- The mapping category has multiple APIs related to Google Maps:
   - google-maps-places: For place search, details, etc.
   - google-maps-geocoding: For geocoding addresses into coordinates.
   - google-maps-geolocation: For geolocation based on towers and WiFi nodes.
   - google-maps-distance-matrix: For travel distance and time.
   - google-static-maps: For embedding Google Maps images.
   - google-maps-elevation: For elevation data.
   - google-geocoding: For geocoding and reverse geocoding.
   - google-maps: Deprecated, but referencing underlying APIs.
   - google-directions: Calculating directions between locations.
- The key API for ecommerce would be amazon-product-advertising for product search and details.
- The key APIs for the mapping side would be google-maps-places, google-geocoding, and other Google Maps APIs to cover the mapping functionality.
- Optionally, google-maps-geocoding and google-directions APIs can be included to provide full location related features.
- No other category or API is indicated as relevant to combine ecommerce and mapping.

**Conclusion**:
- Recommend categories: ['ecommerce', 'mapping']
- Recommend All matched APIs: ['amazon-product-advertising', 'google-maps-places', 'google-geocoding', 'google-maps-geolocation', 'google-maps-distance-matrix', 'google-static-maps', 'google-directions']
./output/gpt/zero_shot/responses.json
データが保存されました: ./output/gpt/zero_shot/responses.json (キー: homewebshop-1)
------------------------------
評価中のサービス: price-drop-you-save
Iteration 1, Total call: 37
**Reasoning**:
- The requirement is for an Amazon price tracker and price drop alert service.
- The key features to support are retrieving Amazon product prices and triggering alerts on price drops.
- The service must be totally free and require no registration.
- The relevant category should be ecommerce due to involvement with Amazon product information and price tracking.
- From the available APIs, the ones related to Amazon and ecommerce that might provide price info or tracking are:
  - amazon-product-advertising: Provides Amazon product information, allows developers to access Amazon's product data and ecommerce functionality. This is suitable for product and price data retrieval.
  - amazon-fulfillment-web-service: Focuses on fulfillment, not price tracking directly.
  - amazon-marketplace-web-service: Helps sellers automate listings and order processing, more seller-focused.
  - amazon-alexa-proactive-events: Related to Alexa and voice, not relevant.
  - amazon-s3, amazon-sns, amazon-dynamodb, amazon-ec2, amazon-cloudwatch, amazon-simpledb: Infrastructure services, not product data.
- Other ecommerce APIs (like best-buy-products, walmart-open) are not Amazon.
- Other price tracking or price alert APIs do not match the requirement.
- Among the available APIs, amazon-product-advertising is the only one that fits the need for Amazon product price access.
- The requirement states no registration is required and totally free – however, the Amazon Product Advertising API usually requires registration and approval to get an API key.
- Since the user explicitly requests a totally free service with no registration, there is no explicitly stated Amazon price tracking API that fits this requirement.
- Given the comprehensive available list, no API exactly fits a free, no-registration Amazon price tracker.
- The closest match is amazon-product-advertising API in ecommerce category, as it provides product info and prices.
- Therefore, recommend ecommerce category and amazon-product-advertising API, noting in reasoning that it may require registration normally.

**Conclusion**:
- Recommend categories: ['ecommerce']
- Recommend All matched APIs: ['amazon-product-advertising']
./output/gpt/zero_shot/responses.json
データが保存されました: ./output/gpt/zero_shot/responses.json (キー: price-drop-you-save-1)
------------------------------
評価中のサービス: eventsites
Iteration 1, Total call: 38
**Reasoning**:

- The requirement is for a mashup service named "Eventsites" that allows users to create mini-websites for their events.
- The site has three key features:
  1. Event description: This requires just content management/display, but since the service stores no data of its own, it will likely pull data from external APIs.
  2. A Google Map: This calls for mapping and location services.
  3. Photos from Flickr: This involves accessing photo-sharing services.

- Because Eventsites is fully AJAX-based and stores no data internally, the APIs must provide data retrieval or integration capabilities.

- Considering the functionalities required:

  a. **Mapping**:
    - The requirement explicitly mentions use of "a Google Map", so mapping APIs that suit this use case are needed.
    - In the available APIs, several mapping-related APIs include:
      - google-maps-places
      - google-maps-geocoding
      - google-maps-geolocation
      - bing-maps
      - flickr does not provide mapping but can provide geo-tagged photos. However, requirement specifically mentions Flickr photos, so direct Flickr API access is needed.
  
  b. **Photos**:
    - Flickr is mentioned specifically, so Flickr API (photos category) is essential.
  
  c. **Event Description / Content**:
    - Event description is user supplied, but since Eventsites stores no data, it might use APIs that give additional event data or handle event content.
    - Potentially events or content APIs could be useful if extended event data is needed.
    - However, the user seems to provide the description, no external data needed.
  
  d. Since the site stores no data, all data is pulled live via APIs.

- Therefore, the primary needed categories are:
  - mapping (for the Google Map)
  - photos (for Flickr photos)

- For APIs:

  - In "photos" category, the Flickr API fits the need for accessing photos from Flickr.
  - In "mapping" category, the Google Maps Places or Google Maps Geocoding API may be helpful, but the requirement is for a Google Map embedded in the site, likely standard Google Maps API.
  - Among the available mapping APIs, "google-maps-places" is suitable as it provides information about places and points of interest with location data.
  - The "google-maps-geocoding" API can help to convert addresses to coordinates or vice versa.
  - Additionally, "bing-maps" and "bing-maps-search" are options, but the requirement specifies Google Map.

- Eventsites likely uses Flickr API to pull photos related to the event using tags or geo-location.

**Conclusion**:

- Recommend categories: ['mapping', 'photos']
- Recommend All matched APIs: ['google-maps-places', 'flickr']
./output/gpt/zero_shot/responses.json
データが保存されました: ./output/gpt/zero_shot/responses.json (キー: eventsites-1)
------------------------------
評価中のサービス: tweets-abound
Iteration 1, Total call: 39
**Reasoning**:  
We want to create a mashup that geocodes locations from Twitter’s Public Timeline and plots them on Google Maps. The features include:  
1. Automatically geocoding Twitter Public Timeline data.  
2. Allowing users to perform specific searches through the Twitter Search API.  
3. Geocoding the search results and plotting locations on Google Maps.  

For this mashup, we need:  
- Access to Twitter Public Timeline and Search data: This involves searching tweets, getting tweeting user data possibly including location. The relevant category is social. The Twitter API is the starting point. However, the original Twitter API listed is deprecated. We should consider a Twitter Search API or an alternative. We have "twitter-search" under search and "twitter-streaming" under social, and "twitter" under social but all note deprecation or splitting into multiple APIs. The "twitter-search" seems focused on search and trending tweets; the "twitter-streaming" is for live data streams. So twitter-streaming and twitter-search are viable for retrieving Twitter data.  
- Geocoding service to convert place names or other location info into latitude/longitude coordinates: This is in the mapping category. Since Google Maps Services are deprecated, Google Maps Places, Google Geocoding, Google Maps Geocoding, Google Maps Latitude, are all options; some mention deprecation. Other alternatives are Bing Maps APIs including bing-maps-search, bing-maps-locations, google-geocoding, mapquest-geocoding, or openstreetmap.  Google Geocoding API is still available here for geocoding locations, returning geocoordinates.  
- Google Maps or compatible map rendering: Google Maps is deprecated but has replacements – e.g., google-maps-places, google-geocoding, bing-maps. Typically, the geocoding and mapping is done via Google Maps API or equivalent.  
- Twitter Search API for specific search queries: The "twitter-search" under search category.  
- Plotting the data on a map view: This is generally done through the mapping API (like google-maps).  
Therefore, the mashup should utilize these categories:  
- social (for Twitter access and search)  
- search (for the Twitter Search API)  
- mapping (for geocoding and rendering maps)  

From Available APIs:  
- For Twitter data:  
  - twitter-streaming (social): provides access to public and filtered Twitter streams. Could be used to get realtime Twitter Public Timeline.  
  - twitter-search (search): provides search functionality with language, hashtags filters etc.  
These two cover the Twitter data sourcing requirement.  

- For geocoding and mapping:  
  - google-geocoding (mapping): Provides forward and reverse geocoding and is current and supported.  
  - google-maps-places (mapping): For place information and autocomplete, could be used to assist with location parsing.  
  - bing-maps-search, bing-maps-locations, and bing-maps-routes: Microsoft Bing mapping services that provide geocoding among other mapping functionalities.  
  - mapquest-geocoding (mapping): Another geocoding API.  
  - openstreetmap (mapping): Open source mapping platform that can provide geodata, but for mapping visualization you often need to use its JavaScript SDK or similar.  
For the mashup that uses GoogleMaps specifically, google-geocoding and google-maps-places are the primary candidates for address geocoding. They support RESTful requests and return JSON or XML.  

- For Google Maps display and plotting: Assuming the mapping visualization is embedded via JavaScript API (details not strictly part of the API list), but geocoding is necessary for coordinates.  

**Conclusion**:  
Recommend categories: ['social', 'search', 'mapping']  
Recommend All matched APIs: ['twitter-streaming', 'twitter-search', 'google-geocoding', 'google-maps-places']
./output/gpt/zero_shot/responses.json
データが保存されました: ./output/gpt/zero_shot/responses.json (キー: tweets-abound-1)
------------------------------
評価中のサービス: starterpad
Iteration 1, Total call: 40
**Reasoning**:
- StarterPad is a social network aimed at entrepreneurs to help each other succeed. This indicates the main domain is social networking.
- The requirement mentions leveraging Facebook and Twitter APIs for user login, which points to the need for "social" category APIs that support user authentication, user data access, and social networking features.
- Therefore, we need to recommend APIs from the "social" category that provide access to Facebook and Twitter platforms, particularly supporting login/authentication via username and password (OAuth or similar) and user data access.
- The description from the available APIs shows:
  - "facebook-graph" API: Provides access to the Facebook social graph, user profile information, friends, photos and events, with OAuth 2.0.
  - "twitter" API is deprecated but there is "twitter-streaming" and "twitter-search". For login/authentication, the main API is implied under "twitter". Given "twitter" is deprecated but still listed for historical and research purposes, the best fit from the list is the "twitter" API.
- For authentication, Facebook supports OAuth. Twitter authentication typically uses OAuth 1.0a or OAuth 2.0. The ability to log in using usernames and passwords is normally handled via OAuth flows for security. The Facebook and Twitter APIs provide the appropriate mechanisms for that.
- Besides social, authentication is a relevant category. However, the requirement specifically mentions using Facebook and Twitter for login, so social APIs should suffice. The "authentication" category is not explicitly necessary unless they want to build custom auth, which is not indicated here.
- Thus, recommend the category "social".
- Recommend APIs: "facebook-graph" and "twitter".

**Conclusion**:
- Recommend categories: ['social']
- Recommend All matched APIs: ['facebook-graph', 'twitter']
./output/gpt/zero_shot/responses.json
データが保存されました: ./output/gpt/zero_shot/responses.json (キー: starterpad-1)
------------------------------
評価中のサービス: intellinote-zapier
Iteration 1, Total call: 41
**Reasoning**:
The user wants a mashup that involves Intellinote and Zapier. The mashup should combine functionalities from Intellinote (a project collaboration and management service with notes, tasks, tags, files, etc.) and Zapier (an application that integrates and automates workflows across many apps).

- Intellinote is primarily used for managing collaboration and projects with features to create, modify, manage workspaces, notes, tasks, tags, files, and users.
- Zapier serves as an integration & automation layer connecting Intellinote with various other applications with triggers and actions.
- The mashup described connects triggers and actions of Intellinote within the Zapier platform, enabling both technical and non-technical users to build workflow automations.

To address this mashup, we should look for:
1. The Intellinote API, which is a project-management-related API.
2. The Zapier API, which is a tools-related API for application integration automation.

From the provided APIs:
- "intellinote" is listed under the "project-management" category.
- "zapier" is listed under the "tools" category.

Thus the best match includes categories "project-management" and "tools", and includes both the "intellinote" and "zapier" APIs.

**Conclusion**:
- Recommend categories: ['project-management', 'tools']
- Recommend All matched APIs: ['intellinote', 'zapier']
./output/gpt/zero_shot/responses.json
データが保存されました: ./output/gpt/zero_shot/responses.json (キー: intellinote-zapier-1)
------------------------------
評価中のサービス: landmarkr
Iteration 1, Total call: 42
**Reasoning**:

The requirement is a hackathon project that shows routes with landmarks. This implies that the project needs to handle:

- Route creation or route planning: obtaining routes between points.
- Displaying landmarks or location-based points of interest.
- Possibly map visualization to present the routes and landmarks.

Breaking down the requirement:

1. Route Data:
   - Need an API that supports route calculation, including directions, preferably with support for steps of the route, multiple waypoints, etc.
   - Mapping category APIs that provide routing are appropriate.

2. Landmarks:
   - We want to show landmarks which means having location data about points of interest or landmarks.
   - Could be separate APIs providing landmarks info or location metadata.

3. Map Display:
   - Using a mapping API with geocoding, showing maps, and overlays is ideal.
   - An API that supports geolocation, geocoding, and displaying maps.

Given these, categories of interest:

- mapping: For route, geolocation, map visualization.
- reference or geography: For landmark data, although landmarks may also be integrated in mapping APIs.
- Possibly location: for landmarks if API provides location-based landmarks.

Looking at available APIs:

Mapping APIs with route support:

- bing-maps-routes: specifically for routes, supports driving and walking routes. Bing Maps Routes API can create routes with two or more locations.
- google-directions: calculates directions between locations, supports waypoints.
- mapquest-open-directions: provides routing using OpenStreetMap data for driving, walking, biking, and transit.
- mapquest: includes directions, geocoding, search and other functionality.
- bing-maps-search: can parse mapping related search queries including filters – possibly useful for landmarks.
- bing-maps, microsoft-bing-maps: mapping with routes and traffic info.
- google-maps-places: returns info about places and points of interest, good for landmarks.
- geonb: geographic info and mapping data.
- geograph: geographic images and data.
- metalocator: mapping and locator service for searchable maps (store locator etc).
- geonames: geographical database with location info, including timezone, post codes etc., but may also include landmarks.
- openstreetmap: open source mapping which includes data on landmarks.
- mapbox: open source mapping tools, allows interactive maps which could include landmarks.
- yahoo-placemaker: geo-enrichment platform to extract places from unstructured content, provides geographic metadata.
- yelp-fusion: business reviews, useful for landmarks if commercial.
- your-mapper: aggregates local government data and geocodes it.

For landmarks specifically:

- bing-maps-search: can return search results for properties, neighborhoods, ratings.
- google-maps-places: widely used for places and landmarks.
- geograph: specifically for representing images and data of locations.
- metalocator: locator and mapping for different types of location directories.
- geonames: large geographical database.
- yahoo-placemaker: geo-enrichment, place identification.
- yelp-fusion: business locations and review info.
- your-mapper: aggregates local government data including geographic points.

For Map Display and Routing combined, best bets:

- bing-maps-routes (for routes) + bing-maps-search (for landmarks)
- google-directions (for routes) + google-maps-places (for landmarks)
- mapquest-open-directions (for routes) + mapquest (overall including search)
- mapbox could also be considered for map rendering and data layering.

Considering it is a hackathon project, APIs that are more accessible, offer liberal usage and good documentation are preferable. Google APIs are robust but some are deprecated or no longer available in one form; we see google-directions and google-maps-places are available. Bing Maps Routing and Search are available RESTful APIs with JSON and XML responses.

Conclusion:

Recommend categories: 
- ['mapping', 'reference'] (to cover landmarks and routing)

Recommend all matched APIs:
- 'bing-maps-routes' (routes)
- 'bing-maps-search' (landmarks search)
- 'google-directions' (routes)
- 'google-maps-places' (landmarks)
- 'mapquest-open-directions' (routes)
- 'mapquest' (mapping and landmarks)
- 'geograph' (landmark images and data)
- 'geonames' (geographic landmark data)
- 'metalocator' (location directory)
- 'yahoo-placemaker' (geo-enrichment for places)

If the project is to include map visualization and interactive features, use one or more of these mapping and routing APIs along with the landmarks APIs to get location points.

**Conclusion**:
- Recommend categories: ['mapping', 'reference']
- Recommend All matched APIs: ['bing-maps-routes', 'bing-maps-search', 'google-directions', 'google-maps-places', 'mapquest-open-directions', 'mapquest', 'geograph', 'geonames', 'metalocator', 'yahoo-placemaker']
./output/gpt/zero_shot/responses.json
データが保存されました: ./output/gpt/zero_shot/responses.json (キー: landmarkr-1)
------------------------------
評価中のサービス: caddiehub
Iteration 1, Total call: 43
**Reasoning**:

The requirement is for searching golf videos, tutorials, and golf courses, with each golf course being mapped. This combines three key functionalities:

1. Video search and retrieval focused on golf videos and tutorials.
2. Search capabilities for golf courses.
3. Mapping functionality to display golf courses geographically.

We can analyze the needed categories:

- **Video**: To get golf videos and tutorials, we need access to video APIs that can provide video content.
- **Search**: For searching golf videos and golf courses, a search API is required that supports such queries.
- **Mapping**: To map golf courses geographically, mapping APIs with geocoding and map rendering capabilities are needed.

Looking at the available categories and APIs:

1. **Videos**: 
   - youtube: Allows searching for and retrieving videos. YouTube likely has golf-related videos and tutorials.
   - vimeo: Another video platform, but less commonly used for tutorials compared to YouTube.
   - dailymotion: Video platform as well, but YouTube API is more comprehensive.
   - embedly: Provides embed code from over 100 sites including video embeds, but not a primary video search API.
   
   The best fit for video search is the **youtube** API.

2. **Search**:
   - google-custom-search: Can be used to create web or site-specific search including for golf courses or videos.
   - yelp-fusion (recommendations): Provides business and location information including reviews, can be used for golf courses.
   - yelp-fusion is categorized under recommendations, but it can provide business info.
   - foursquare (social): Provides venue data including location info, which may include golf courses.
   - google-maps-places (mapping): Provides place details, which includes establishments such as golf courses.
   
   Since golf courses are physical locations / businesses, the **google-maps-places** API can be used to search golf courses with geographic info and mapping data.

3. **Mapping**:
   - google-maps-places (also supports mapping and place search)
   - bing-maps-search: Allows parsing mapping-related search queries and results, including places.
   - mapquest, google-maps, openlayers, etc.
   
   The **google-maps-places** API provides comprehensive place data, including for golf courses with geographic coordinates suitable for mapping. Also, **bing-maps-search** can do similar.

In summary, the best approach is:

- Use **youtube** API to search for golf videos and tutorials.
- Use **google-maps-places** or **bing-maps-search** API to search and map golf courses.
- The mapping component can be directly handled by these mapping/place APIs.

**Additional considerations**:

- Yahoo Local Search API could be used for business info but limited usage and less popular than Google Maps Places.
- Yelp Fusion or Foursquare could complement business data but less comprehensive for mapping.
- For simplicity and coverage, Google Maps Places is the primary mapping and place search API.
- For videos, YouTube is the largest and richest source.
- The requirement does not specifically ask for social data; the key focus is video search, golf course search, and mapping.

**Conclusion**:

- Recommend categories: ['video', 'mapping', 'search']
- Recommend All matched APIs: ['youtube', 'google-maps-places', 'bing-maps-search']
./output/gpt/zero_shot/responses.json
データが保存されました: ./output/gpt/zero_shot/responses.json (キー: caddiehub-1)
------------------------------
評価中のサービス: memolane
Iteration 1, Total call: 44
**Reasoning**:

The requirement is to build a mashup service that captures memories from popular social media sites, with capabilities to see, search, and share content including photos, music, videos, status updates, blog posts, and more. This means the service needs to integrate with APIs from several social networks and media platforms that provide access to user-generated content and social interactions.

Key requirements interpreted:
- Access to social media content (status updates, posts)
- Access to photos/images (upload, retrieval, search)
- Access to music information or streaming data
- Video content access, including search and embedding
- Blogging content access and management
- Sharing capabilities for various media types

From the available categories, these are relevant:
- social: for social network data like status updates, friend/follower info, posts
- photos: for photo sharing and management APIs
- music: for music discovery, streaming, or metadata APIs
- video: for video platform APIs
- blogging: for blog post content and interactions

Based on these categories, I identified APIs that support these functionalities across major social media and media platforms:

**Social APIs**:
- facebook-graph: Provides access to social graph including posts, photos, events
- twitter-streaming: Access to Twitter tweets, status updates, trends (though limited mention)
- linkedin: Professional social networking data including posts and connections
- tumblr: Blogging and social interaction platform API
- vk: Large European social network API
- plancast, tagalus, network APIs offering social content sharing and tagging
- buffer: Social media scheduling and management tool API
- scoopit: Social content curation platform
- addthis-services/sharing: Social sharing of content
- pinterest-domain: Pinboards and photo sharing on Pinterest
- instagram-graph & instagram-real-time: Photo sharing, user photos, real-time photo changes
- okapi: Not listed but often relevant (skip)
- other social APIs like readsocial, nationbuilder, facebook, hyves, and them

**Photos APIs**:
- flickr: Popular photo sharing platform
- 500px: Photography community
- photobucket: Photo sharing and storage
- smugmug: Photo hosting and sharing
- pixabay-free-images: Free photos and illustrations
- google-picasa (deprecated), google-photos (not listed but recommended)
- instagram APIs mentioned above overlap with photos category
- pixabay, twitpic (upload photos to Twitter)

**Music APIs**:
- spotify-web: Spotify’s music catalog and user playlists
- lastfm: Music data, playlists, events
- soundcloud: Audio sharing and streaming
- jamendo: Music catalog data
- musiXmatch: Lyrics and song metadata
- bandsintown: Concert and live music data
- exfm, gruvr, beatport, musikki-music, bandcamp
- playme: music streaming & widgets

**Video APIs**:
- youtube: Video content, search, upload, playlists, user data
- dailymotion: Major video platform API
- brightcove: Video hosting and management
- vimeo: Video hosting and playback
- trailer-addict: Movie trailers
- embedly: Rich media embedding including videos
- roku-web-service: Streaming video platform API
- stupreflix: Automated video generation
- framey: video recording embedded in sites
- iva-video: Metadata and promotional video assets

**Blogging APIs**:
- blogger: Google’s blogging platform API
- wordpresscom/org: Blog content, comments, posts
- disqus: Commenting platform API
- livejournal: Blogging and social network API
- zemanta: contextual content API (metadata for blogs)
- feedly: RSS/blog feed reader
- bloglines: News feed and blogs

Given the requirement to "Capture your memories from popular social media sites" and to see, search, and share multi-media content, we recommend grouping these categories (social, photos, music, video, blogging). The APIs selected represent the popular sources of this content.

**Conclusion**:
- Recommend categories: ['social', 'photos', 'music', 'video', 'blogging']
- Recommend all matched APIs: [
    'facebook-graph',
    'twitter-streaming',
    'linkedin',
    'instagram-graph',
    'instagram-real-time',
    'pinterest-domain',
    'tumblr',
    'vk',
    'buffer',
    'scoopit',
    'plancast',
    'tagalus',
    'readsocial',
    'nationbuilder',
    'flickr',
    'photobucket',
    'smugmug',
    'pixabay-free-images',
    'twitpic',
    'spotify-web',
    'lastfm',
    'soundcloud',
    'jamendo',
    'musiXmatch',
    'bandsintown',
    'exfm',
    'gruvr',
    'beatport',
    'musikki-music',
    'bandcamp',
    'playme',
    'youtube',
    'dailymotion',
    'brightcove',
    'vimeo',
    'trailer-addict',
    'embedly',
    'roku-web-service',
    'stupeflix',
    'framey',
    'iva-video',
    'blogger',
    'wordpresscom',
    'wordpressorg',
    'disqus',
    'livejournal',
    'zemanta',
    'feedly',
    'bloglines'
]
./output/gpt/zero_shot/responses.json
データが保存されました: ./output/gpt/zero_shot/responses.json (キー: memolane-1)
------------------------------
評価中のサービス: cosmos-and-culture
Iteration 1, Total call: 45
**Reasoning**:
The request is for an entry to the Science Museum's API competition and the desired features are a large gallery, location map, and an object timeline. This implies the need to access museum collection data (gallery), geospatial data to locate items or exhibitions on a map (location map), and a time-based aspect for viewing an object timeline.

1. Since this involves museum-related content, features about exhibitions and galleries, this clearly falls under the "education" category for APIs related to museums and educational collections.

2. A location map feature suggests a need for mapping or geographic APIs to position objects or exhibitions on a map interface.

3. An object timeline indicates chronological data which can be part of museum APIs detailing the history or timeline events of objects.

Reviewing the available APIs for the Science Museum and related educational content:

- The "science-museum" API (Category: education) provides access to pledge information and a list of exhibitions and galleries (current and historical). The mention of exhibitions and galleries captures the large gallery feature request.

- For location mapping, mapping or geography categories would be appropriate, but since the request is specifically for the Science Museum API competition, focus is primarily on the Science Museum API itself.

- The Science Museum API’s Exhibitions API specifically lists exhibitions and galleries in both current and past contexts, which could be used to compose an object timeline and exhibition history.

Hence, the best match is the "science-museum" API in the education category. No other API is specifically related to museum collections with location and timeline data.

**Conclusion**:
- Recommend categories: ['education']
- Recommend all matched APIs: ['science-museum']
./output/gpt/zero_shot/responses.json
データが保存されました: ./output/gpt/zero_shot/responses.json (キー: cosmos-and-culture-1)
------------------------------
評価中のサービス: flitter
Iteration 1, Total call: 46
**Reasoning**:
The requirement is to create a mashup service that integrates multiple kinds of data and media around content such as albums, books, artists, photos, links, media files, and blog posts.

- Amazon (for album/book details): Amazon APIs providing book and album information would be in the ecommerce or books/music categories. The available category is "ecommerce" and there is "amazon-product-advertising" API which exposes Amazon's product data and e-commerce functionality including product discovery features. This API supports product information, including books, albums, etc.

- Audioscrobbler (for related artists): Audioscrobbler is historically the backend for Last.fm API which provides music metadata, artist info, related artists, etc. The "music" category fits, and we have the "lastfm" API available which is described as providing access to albums, artists, playlists, events and more, with artist-related info.

- Flickr (for tagged photos): Flickr API fits in the "photos" category. There is a "flickr" API listed which provides access to photos and videos, including tagged photos.

- del.icio.us (for tagged links): del.icio.us is a social bookmarking service, so the "bookmarks" category fits. We have "delicious-0" API (delicious is the renamed del.icio.us), providing access to bookmarks and tagging functionality.

- Blogdigger (for media files): Blogdigger historically was a search engine for blogs including media, but it's not explicitly found in the available APIs. However, to get media files or media content from blogs or feeds, "feeds" or "blogging" categories would be suitable. Among these, "feedly" is an RSS/blog feed reader API that allows aggregation and tracking of blogs and RSS feeds.

- Feedster (for matching weblog posts): Feedster is an open blog search engine. Again, similar to Blogdigger, the exact API is not listed. But "blogging" and "feeds" categories contain relevant APIs to retrieve blog posts. Available APIs include "feedly" (RSS/blog feed reader), "weblogs" (ping services for blogs), "disqus" (blogging comments), and several social and blog-related APIs.

To match Blogdigger and Feedster-like functionality for media files and blog posts, the best match is "feedly" API under "blogging" and possibly "twitter" or "twitter-streaming" for weblogs data social context if needed.

Summarizing categories:
- ecommerce (for Amazon product data)
- music (Audioscrobbler / Last.fm related artists)
- photos (Flickr tagged photos)
- bookmarks (del.icio.us tagged links)
- blogging (Blogdigger, Feedster similar feed / weblog posts)

APIs matched:
- amazon-product-advertising (Amazon product details - albums/books)
- lastfm (Audioscrobbler equivalent, artist related info)
- flickr (tagged photos access)
- delicious-0 (del.icio.us tagged links/bookmarks)
- feedly (RSS/blog feed reader for blogs/media files)
  
No direct Blogdigger or Feedster APIs in the list, but feedly is the closest match that aggregates blog posts and feeds, which can include media files and matching weblog posts.

**Conclusion**:
- Recommend categories: ['ecommerce', 'music', 'photos', 'bookmarks', 'blogging']
- Recommend All matched APIs: ['amazon-product-advertising', 'lastfm', 'flickr', 'delicious-0', 'feedly']
./output/gpt/zero_shot/responses.json
データが保存されました: ./output/gpt/zero_shot/responses.json (キー: flitter-1)
------------------------------
評価中のサービス: rental-source
Iteration 1, Total call: 47
**Reasoning**:
- The requirements specify a service that offers apartment rentals, vacation rentals, home rentals, and other real estate rentals.
- It should enable searching listings and posting rental listings.
- It should also support searching Craigslist, which might be relevant for classified ads and local listings.
- Key functionality involves real estate listings, searching and posting listings, and aggregated data from common sources like Craigslist.
- The relevant category that fits best is **real-estate**, as it specializes in property listings and rental information.
- From the provided APIs, the following fit this scenario:
   - **nestoria**: A vertical search engine for property in the UK and Spain, with API access to geocoded property data, which aligns well with rental listings search functionality.
   - **booli**: A Swedish real estate search portal with an API for programmatic access to real estate data; effective for rental or property listings.
   - **realtybaron-answers**: Provides a Q&A service related to real estate, could be complementary but not the core API for listing/search.
   - **walk-score**: Provides walkability scores for an address, useful to enrich property data but not core listing or search.
   - **zillow**: Offers home valuation, property details, local statistics, mortgage rates — covers broad real estate data including rentals.
- Searching Craigslist specifically is requested:
   - None of the listed APIs specifically mentions Craigslist search or integration.
- Since Craigslist integration is important and not explicitly listed, a general approach would be to use an API that covers local classified listings or property rental aggregations that might include Craigslist data or allow postings/searches across multiple sources.
- Unfortunately, no Craigslist-specific API is listed here.
- The most relevant category and APIs are those related to real estate with listing and search capabilities; Craigslist search may be handled outside or via an unlisted API or web scraping.
  
**Conclusion**:
- Recommend categories: ['real-estate']
- Recommend All matched APIs: ['nestoria', 'booli', 'zillow']
./output/gpt/zero_shot/responses.json
データが保存されました: ./output/gpt/zero_shot/responses.json (キー: rental-source-1)
------------------------------
評価中のサービス: mashedin
Iteration 1, Total call: 48
**Reasoning**:
   The requirement is to view mutual connections across three major social platforms: Facebook, Twitter, and LinkedIn. This involves accessing social network data, including user connections, friend lists, followers, or similar relationships. The categories that best fit are:

- **Social**: This is the primary category that deals with APIs related to social networks and social data access.
  
For APIs relevant to these platforms:

- **Facebook**: The historical Facebook API is no longer available, but the Facebook Graph API was the main API to access user data, including friends/connections. Also, Facebook Graph API is now the main offered API in the social category.

- **Twitter**: The Twitter API has been split into multiple APIs, including Twitter Ads API, Twitter Search Tweets API, and Twitter Direct Message API, but traditionally, Twitter’s social data was accessible via its Social category APIs.

- **LinkedIn**: The LinkedIn API allows RESTful access to people, connections, and social data.

Hence, the APIs recommended would be those under the social category for these platforms:

- Facebook Graph API (listed as facebook-graph)
- Twitter API (historically as twitter or twitter-streaming; note many have been split or deprecated but available historically)
- LinkedIn API

We should pick APIs that expose user connections and social graph data for Facebook, Twitter, and LinkedIn.

Therefore:

- Category: social
- Matched APIs:
   - facebook-graph (for Facebook data)
   - twitter-streaming (to access twitter public statuses and potentially follow lists)
   - linkedin (to access LinkedIn profiles and connections)

Other auxiliary APIs like tagalus or plancast are more about tags or event plans, not connections.

**Conclusion**:
- Recommend categories: ['social']
- Recommend All matched APIs: ['facebook-graph', 'twitter-streaming', 'linkedin']
./output/gpt/zero_shot/responses.json
データが保存されました: ./output/gpt/zero_shot/responses.json (キー: mashedin-1)
------------------------------
評価中のサービス: 1dollarthings.com
Iteration 1, Total call: 49
**Reasoning**:
- The service 1dollarthings.com is described as a bargain hunting site that aggregates favorite online stores into one big dollar store, focusing on deals/items under a certain price point.
- This points clearly to the ecommerce domain as it involves product listings, deals, prices, and integration with various online stores.
- The key features needed are APIs that provide access to product data, price information, deals or coupons, and possibly merchant/seller information.
- Some APIs are designed specifically for fetching product listings at certain price points, retrieving deals and coupons, or providing product catalog data from multiple online stores or marketplaces.
- Therefore, the primary category is "ecommerce".
- Additionally, advertising can sometimes be linked to deal and coupon platforms, but the core is ecommerce.
- There may also be a need for "payments" or "merchants" in a full-fledged solution but from the description the core is product listing and pricing.
- We will highlight suitable ecommerce APIs from the available APIs that align with finding items under price thresholds or deals aggregation.

**Matched Ecommerce APIs for bargain hunting and deals under a certain price**:
- 8coupons: API provides access to deals from neighborhood restaurants, bars, salons, and stores with methods for location and store-based deals.
- Adility OffersDB API: submitting and distributing offers, coupons, and deals from the Adility platform.
- DealSurf: daily deal aggregator service offering deals from hundreds of providers including LivingSocial, kgb Deals, and GroupOn.
- RetailMeNot.com Community Ideas API: access online coupons, coupon codes, and discounts for a variety of retailers.
- Groupon API: daily deal site with API to interact directly with Groupon for deals.
- PriceSpin: price comparison and searching for products and stores, and category-specific offers.
- Shopzilla Catalog API: access to catalogued products, merchant offers, and merchant ratings & reviews.
- Amazon Product Advertising API: retrieves product information, enables discovery, and search of Amazon products; useful for affiliate or comparison shopping sites.
- eBay Finding API: programmatic access to search listings on eBay with metadata for refining searches.
- Walmart Open APIs: access to product catalog, product details, pricing, availability, and review data.
- Zappos API: robust product search functionality with filtering and sorting, product details, images, reviews, and brand info.
- WooCommerce API: enables integration with WooCommerce WordPress eCommerce plugin.
- Magento API: access to eCommerce solution data for orders, customers, and products.
- Neto API: all-in-one hosted eCommerce software solution.
- BigCommerce API: RESTful API for online stores updating customers, orders, and products.
  
These APIs provide access to products, deals, coupons, discounts, pricing, and merchant offers, which matches the needs for 1dollarthings.com to find items under certain price points.

**Conclusion**:
- Recommend categories: ['ecommerce']
- Recommend all matched APIs: ['8coupons', 'Adility OffersDB API', 'DealSurf', 'RetailMeNot.com Community Ideas API', 'Groupon API', 'PriceSpin', 'Shopzilla Catalog API', 'Amazon Product Advertising API', 'eBay Finding API', 'Walmart Open APIs', 'Zappos API', 'WooCommerce API', 'Magento API', 'Neto API', 'BigCommerce API']
./output/gpt/zero_shot/responses.json
データが保存されました: ./output/gpt/zero_shot/responses.json (キー: 1dollarthings.com-1)
------------------------------
評価中のサービス: twitv
Iteration 1, Total call: 50
**Reasoning**:  
The requirement describes an application where a cartoon character watches music videos that are selected based on what Twitter users are saying they are listening to. This implies a mashup involving:

1. Social media data capturing: Reading Twitter data to know what users are listening to. This involves access to Twitter data streams or Twitter APIs to get real-time or recent tweets referencing music listening activity. Hence, a social or social media API that accesses Twitter is needed.

2. Music metadata and music content: To obtain music data related to the songs or artists found in Twitter posts; this can include the metadata of songs or music video information, to know what videos to play or select. Hence, music APIs are relevant.

3. Video streaming or video data API: To provide music videos for the selected songs. So, a video content API that supports searching, retrieving, or embedding music videos is required.

Based on these, the involved categories would be:

- social: To access Twitter data or social media data.
- music: To access data about music, such as artists, tracks, or metadata.
- video: To access and display music videos.

From the available APIs:

- social category:  
  - twitter-streaming: Provides real-time access to Twitter data including filtered streams.  
  - twitter-search: Twitter search API for tweets which can be filtered by hashtags and keywords.  
  - twitter: Legacy API for Twitter; twitter-streaming or twitter-search is preferred.  
  - facebook-graph, linkedin, plancast, etc. are social but Twitter-specific data is best from Twitter's own API.  
- music category:  
  - lastfm: Gives access to music artists, albums, playlists, and user data.  
  - bandsintown: Provides data on live concerts and music recommendations; maybe useful but more for events.  
  - spotify-web: Provides music catalog data and user-related data, including playlists.  
  - soundcloud: Music upload and sharing API.  
  - jamendo, musiXmatch, playme, musikki-music, gruvr: Each offers music data, including metadata and recommendations.  
- video category:  
  - youtube: The YouTube API offers the ability to search and retrieve videos, including music videos, and embed them for playback.  
  - dailymotion, brightcove, vimeo, embedly, etc. provide video-related API functionality. YouTube is widely used and supports searching music videos easily.  
 
Thus, for accessing what Twitter users say they're listening to, "twitter-streaming" or "twitter-search" fits best. For music info and perhaps validation of track names or recommendations, "lastfm" or "spotify-web" is excellent. For playing music videos, "youtube" is the best fit due to its widespread video catalog including music videos, and ability to embed them.

**Conclusion**:  
- Recommend categories: ['social', 'music', 'video']  
- Recommend All matched APIs: ['twitter-streaming', 'lastfm', 'youtube']
./output/gpt/zero_shot/responses.json
データが保存されました: ./output/gpt/zero_shot/responses.json (キー: twitv-1)
------------------------------
評価中のサービス: saveyourcall
Iteration 1, Total call: 51
**Reasoning**:  
The user requests a call recording service that leverages both Heroju and Twilio APIs and works with any phone, including cell phones. The focus is on telephony services with call recording capabilities.

- Heroju is not explicitly present in the available APIs list, but the user wants a call recording service combining Heroju and Twilio APIs. Twilio is available and is noted for providing telephony infrastructure including voice and SMS communications, with the ability to build voice applications. Twilio supports voice call operations and message handling, which would be key for call recording services.

- The relevant category for this functionality is "telephony" because it deals with phone communication, voice, and call features.

- Since the service needs to work with any phone including cell phones, using Twilio is appropriate since it offers cloud telephony services accessible from any phones, including mobile devices.

- Therefore, the most relevant category is "telephony" and within the available APIs, the Twilio API is the ideal choice.

**Conclusion**:  
- Recommend categories: ['telephony']  
- Recommend All matched APIs: ['twilio']
./output/gpt/zero_shot/responses.json
データが保存されました: ./output/gpt/zero_shot/responses.json (キー: saveyourcall-1)
------------------------------
評価中のサービス: mosoto
Iteration 1, Total call: 52
**Reasoning**:
- The requirement describes "Mosoto" as a new way to:
  1. Share files
  2. Chat with friends
  3. Discover people and media in your social network
  4. Social streaming media

- This clearly indicates a mashup service involving social networking, media content (music, video), file sharing, and chat messaging.

- From the available categories:

  - **social**: Essential for managing social network functionalities such as sharing, discovering people, social content, and interactions.
  
  - **chat** or **messaging**: Required for chatting capabilities. Since the description mentions chat, the chat or messaging categories are relevant.
  
  - **file-sharing**: Sharing files implies the need for file storage and transfer capabilities.
  
  - **photos**, **music**, **video** (media related categories): Since "discover people and media" and "social streaming media" is mentioned, media-centric categories would be relevant to access and integrate photos, music, and video.
  
- Among these, **chat** and **messaging** are slightly different: chat tends to focus on real-time chat collaboration tools, and messaging often focuses on SMS or push notifications. Given the social networking context, chat is likely more suitable for instant messaging capabilities.

- Therefore, the recommended categories are at least: `social`, `chat`, `file-sharing`, and media categories such as `music`, `video`, and `photos`.

- Next, matching APIs in these categories:

  - **social**:
    - facebook-graph (Facebook social graph, friendships, photos, events)
    - linkedin (professional social network data)
    - twitter-streaming (stream of social tweets)
    - foursquare (location-based venues, social checkins)
    - buffer (manage social tweets)
    - tumblr, vk, etc.
    - tagalus (Twitter hashtag meanings)
    - nationbuilder (community / campaigns)
    - plancast (sharing events / plans)
    - scoopit (social content curation)
    - tarpipe (automating social posts)
    - scoopit, launchrock, peerindex, etc.

    For Facebook specifically, the `facebook-graph` API is the best direct match for Facebook friends, social network connections, social interactions.

  - **chat**:
    - quickblox (chat, video calling, voice chat, notifications)
    - hipchat (team internal messaging)
    - campfire (realtime chat collaboration)
    - mesibo-server-side (real-time messaging, voice, video chat)
    - mesibo-client-side
    - slack-web, slack-real-time-messaging APIs
    - google-talk (XMPP chat)
    - telapi, tropo-scripting, plivo, spokenbuzz, etc. (telephony + messaging APIs)

    Quickblox stands out as a comprehensive cloud backend for chat and media for mobile apps and web.

  - **file-sharing**:
    - mediafire (cloud-based file storage, sharing)
    - 4shared (online storage and file sharing)
    - dropbox (storage service syncing files)
    - sugarsync (cloud storage and sync)
    - box (content management for organizations)
    - googledrive (cloud storage integration)
    - amazon-s3 (object storage)
    - rackspace-cloud-files

    MediaFire and Dropbox are common choices for file sharing in social apps.

  - **media categories**:
    - music:
      - spotify-web (music catalog and playlists)
      - soundcloud (audio sharing platform)
      - rhapsody, jamendo, bandcamp
    - video:
      - youtube (video upload and search)
      - vimeo (video hosting and sharing)
      - dailymotion
      - brightcove
      - embedly (embed video, images, rich content)
    - photos:
      - flickr (photo sharing)
      - instagram-graph (photo sharing)
      - photobucket
      - smugmug

    These enable discovery and streaming of media.

- Since Mosoto is specifically for Facebook friends, the `facebook-graph` API is primary for social network connections and media posted on Facebook.

- For chat, `quickblox` provides scalable, real-time chat, voice, and video functionalities.

- For file sharing, `mediafire` and `dropbox` are relevant APIs to integrate.

- For media discovery & streaming, `spotify-web`, `soundcloud` for music, and `youtube`, `vimeo`, `dailymotion` for video APIs are fit.

- Photos can be accessed via `flickr` or `instagram-graph`.

**Conclusion**:
- Recommend categories: ['social', 'chat', 'file-sharing', 'music', 'video', 'photos']

- Recommend All matched APIs: [
  'facebook-graph',
  'quickblox',
  'mediafire',
  'dropbox',
  'spotify-web',
  'soundcloud',
  'youtube',
  'vimeo',
  'dailymotion',
  'flickr',
  'instagram-graph'
]
./output/gpt/zero_shot/responses.json
データが保存されました: ./output/gpt/zero_shot/responses.json (キー: mosoto-1)
------------------------------
評価中のサービス: tweeturmusic
Iteration 1, Total call: 53
**Reasoning**:  
The requirement is to create a mashup service that combines functionality of online social radios similar to "Twitter jukebox." This service should integrate Twitter's social features with music playback ability. Users should be able to tweet and then have songs played based on those tweets. Hence:

1. **Social & Microblogging API**:  
   - Since the service is described as a "Twitter jukebox," access to Twitter's social and tweet data is essential. The Twitter API (or its newer Segments) would be required to capture tweets, track hashtags, user interactions, etc.  
   - Among available APIs, there is "twitter-streaming" (for near real-time access to tweets) and "twitter-search" (for search queries). However, the legacy Twitter API profile is noted as deprecated and split. But still, the twitter-streaming API is suitable for listening to real-time tweets, which is crucial for immediate jukebox functionality.

2. **Music Playback & Catalog API**:  
   - To play songs tied to tweets, a music catalog and streaming API is needed.  
   - Mentioned in the available APIs, the **Play.me** API is specified as a music API with catalog access, allowing developers to stream and perform various music-related operations. Play.me supports non-commercial integration and has multiple tiers for usage.  
   - Alternatively, other music APIs like Spotify Web, SoundCloud, Jamendo, MusiXmatch provide music data, but Play.me is named explicitly in the requirement, so it fits best.

3. **Social Data Integration**:  
   - Optionally, to enhance social graph and user data from Twitter, additional social APIs could be considered, but given the requirement to mashup Twitter and Play.me primarily, the main social focus is Twitter.

4. **Cross-Category Integration**:  
   - The mashup is primarily on "social" and "music." Hence these two categories are the correct picks.

**Conclusion**:  
- Recommend categories: ['social', 'music']  
- Recommend All matched APIs: ['twitter-streaming', 'playme']

These two APIs provide near real-time tweet streaming and music playback integration, which together fulfill the core mashup functionality described.
./output/gpt/zero_shot/responses.json
データが保存されました: ./output/gpt/zero_shot/responses.json (キー: tweeturmusic-1)
------------------------------
評価中のサービス: google-analytics-and-box.net
Iteration 1, Total call: 54
**Reasoning**:  
The requirement is to allow Box.net users to view analytics about files they have shared through Box. The key points are:

- The service relates specifically to Box.net users and files, indicating a need to integrate with the Box content management system.  
- The main functionality is viewing analytics data about shared files, requiring access to file metadata, sharing information, and analytics.  
- The analytics feature implies the API should provide insight into usage, sharing statistics, or similar file-related data.  
- Since Box.net is a content management platform, the relevant category for the API would be "content" because it deals with managing and analyzing content/files.  
- Among the available APIs, the "box" API matches this description as it is "a modern content management platform" with "content APIs to build secure content experiences in custom apps."  
- The Box Platform API allows organizations to bring content management and collaboration services to their own custom apps. This aligns with the requirement to allow users to view analytics about shared files.  
- There are no other APIs specifically associated with Box or file analytics in the available list.  
- Therefore, the best fit is the "box" API under the "content" category.

**Conclusion**:  
- Recommend categories: ['content']  
- Recommend All matched APIs: ['box']
./output/gpt/zero_shot/responses.json
データが保存されました: ./output/gpt/zero_shot/responses.json (キー: google-analytics-and-box.net-1)
------------------------------
評価中のサービス: surf-kultura
Iteration 1, Total call: 55
**Reasoning**:
The requirements specify a surfer blog that hosts a "surf spot locator." The main features include:

1. A blog platform for hosting surf-related content.
2. A surf spot locator using Google Maps to show locations.
3. Integration of Flickr API to display images relevant to surf spots.

Breaking this down:

- Surf blog:
  - Needs blogging capabilities to manage posts, articles, comments, etc.
  - There are blogging related APIs available.

- Surf spot locator:
  - Needs mapping functionality centered on locations.
  - Google Maps API or equivalents can provide mapping, geocoding, and location display.
  
- Flickr API for photos:
  - Requires photos category APIs.
  - Flickr is a prominent photo sharing API that matches the requirement.

Hence, three categories best fit:
- blogging (for the surfer blog)
- mapping (for surf spot locator)
- photos (for Flickr API integration)

Matching APIs:

- For blogging:
  - WordPress.com API: popular hosted blogging platform, supports posts and comments.
  - Blogger API: another blogging platform.
  - Disqus: provides comment management (optional).
  - feedly: to aggregate RSS/blog feeds if needed.
  But WordPress.com is the most well-known blogging API here.

- For mapping:
  - Google Maps Places, Geocoding, and Maps APIs are now deprecated as a whole, but:
    - google-maps-places: for places info.
    - google-geocoding: for geocoding addresses.
  - Bing Maps APIs are available.
  - OpenLayers or Mapbox or similar are also available.
  The requirement is specifically to use Google Maps, so:
  - google-maps-places and google-geocoding are suitable.
  
- For photos:
  - flickr is the direct match (The Flickr API can be used to retrieve photos with various feeds).
  
So recommend:
- Categories: blogging, mapping, photos
- APIs: WordPress.com (blogging), google-maps-places (mapping), flickr (photos)

**Conclusion**:
- Recommend categories: ['blogging', 'mapping', 'photos']
- Recommend All matched APIs: ['wordpresscom', 'google-maps-places', 'flickr']
./output/gpt/zero_shot/responses.json
データが保存されました: ./output/gpt/zero_shot/responses.json (キー: surf-kultura-1)
------------------------------
評価中のサービス: e-hotelbase.com
Iteration 1, Total call: 56
**Reasoning**:  
The user wants to create a hotel mashup with the following requirements:  
1. Display more than 30,000 hotels on a map.  
2. Use Google Maps for map visualization.  
3. Provide panoramic street views where available.  
4. Use specific APIs including Hotel Club, Google Maps, and Street Cities for hotel data and mapping.

From the available categories and APIs:  
- We need a category related to **travel or booking** for hotel data from Hotel Club or similar.  
- We need **mapping** category APIs that allow positioning hotels on a map and panoramic street view support.  
- Possibly **photos** or **images** or **video** categories refer to panoramic/street view imagery, but primarily mapping APIs often provide panoramic views.

Checking available APIs:  
- For hotel data from Hotel Club:  
  - "kounta" is payments, no.  
  - "easytobook" is a travel API with hotel bookings (120,000+ hotels) but Hotel Club API is not directly mentioned here. However, user mentions Hotel Club, maybe we can map similar APIs or if Hotel Club API is missing, the closest is "easytobook" or "hotel club" if available.  
- For mapping:  
  - Google Maps Places API: Provides location, place search, details, photos, and autocomplete. Good for displaying hotel locations.  
  - Google Street View Image API: Provides panoramic street view images for a specified location on Google Maps. Perfect for panoramic views.  
  - Bing Maps Search or Google Maps API for general mapping. Google Maps Places API is more relevant for places like hotels.  
- For street cities, look for APIs referencing city/street views or places. Google street view API serves panoramic street views.

Specific APIs matching:  
- google-maps-places (Category: mapping) — for hotel data location, place search, photos.  
- google-street-view-image (Category: photos) — for panoramic street view images of the location.  
- easytobook (Category: travel) — large hotel booking engine with API for hotels, availability, photos, booking. This fits the need for 30,000+ hotels. Hotel Club API is not listed but easytobook API is close.  
- google-maps, google-maps-geocoding, bing-maps, bing-maps-search (mapping related) — for base map.  

Hotel Club API is not found in the available APIs, but easytobook provides extensive hotel database and booking access, suitable as substitute. Street Cities is not listed as an API. Given that, we must recommend the available APIs that best fit the user needs.  

**Conclusion**:  
Recommend categories: ['travel', 'mapping', 'photos']  

Recommend All matched APIs: ['easytobook', 'google-maps-places', 'google-street-view-image']
./output/gpt/zero_shot/responses.json
データが保存されました: ./output/gpt/zero_shot/responses.json (キー: e-hotelbase.com-1)
------------------------------
評価中のサービス: worlds-fastest-elevators
Iteration 1, Total call: 57
**Reasoning**:  
The user wants a mashup that features "the ten fastest elevators in the world from some of the tallest buildings," and also wants to integrate YouTube videos related to these buildings. This requires:

1. Data about elevators in some of the tallest buildings (speed) or the buildings themselves,
2. Videos from YouTube about those buildings or elevators.

Breaking down the requirements:

- Getting details on the tallest buildings and elevator speeds is primarily about reference data or encyclopedic content. There is no direct API specifically for elevators or buildings speeds listed here, but there are some reference, news, entertainment, or video APIs that might be helpful.

- For videos, YouTube Data API is perfect as it allows for searching videos, retrieving related content about the buildings, and embedding them.

So for the first part, we may rely on reference or news-service APIs that provide information about skyscrapers or tallest buildings or general encyclopedic data. Since no specific building or elevator API is available, reference or news-services categories are suitable.

For the second part, videos, we recommend video category APIs that integrate YouTube videos.

Available APIs relevant to video that provide YouTube integration or video embedding:

- YouTube (Category: video): Provides video search, embedding, user info, etc.

For building information about tallest buildings or elevator details:

- No direct "tall building" API available. Alternatives include:

   - Wikipedia or DBpedia APIs (Category: reference or wiki) can provide structured info on tallest buildings.

   - News-services APIs (e.g., New York Times, Guardian) can provide articles on fastest elevators or tall buildings.

   - Education or reference APIs might also have related info.

But since the user specifically wants the fastest elevators and tallest buildings, referencing Wikipedia or DBpedia makes sense for building detailed info.

Therefore, recommended categories would be:

- video: for embedding YouTube videos of the buildings.

- reference / wiki: to get detailed information of the elevators and buildings.

**Matched APIs**:

- YouTube (mapping videos): for the videos integration.

- wikipedia or dbpedia-spotlight or dbpedia: to get structured data about tallest buildings and elevators.

No explicit elevator API is found here; so using a general knowledge base is best.

**Conclusion**:  
Recommend categories: ['video', 'reference', 'wiki']  
Recommend All matched APIs: ['youtube', 'wikipedia', 'dbpedia']
./output/gpt/zero_shot/responses.json
データが保存されました: ./output/gpt/zero_shot/responses.json (キー: worlds-fastest-elevators-1)
------------------------------
評価中のサービス: weather-web-app
Iteration 1, Total call: 58
**Reasoning**:
- The main functionality of the web app is to show the current weather at the user's location, along with an image taken near that location.
- For "current weather" data, we need APIs from the "weather" category that provide current weather information and forecasts.
- To get the user's location, especially latitude and longitude, we will need geolocation or mapping/location services. 
- For the image "taken near user's location," we need an API that provides photos or images with geotags (latitude and longitude).
- Thus, the app requires two key components: weather data API and photo/image API with location/geotag support.

Step 1: Weather APIs
- Checking available weather APIs:
  - aerisweather: Provides weather data including forecasts and advisories via JSON/JSONP.
  - norwey-weather: Norwegian Meteorological Institute provides weather forecasts for many locations.
  - national-weather-service-ndfd: NOAA National Weather Service API with XML data.
  - openweathermap (deprecated): There are newer OpenWeatherMap APIs but deprecated one is listed.
  - aerisweather is a modern weather API with RESTful calls and JSON responses.
- AerisWeather is the best choice here. It supports forecasts, observations, advisories, which is exactly what is needed for a "current weather" app.

Step 2: Get user location
- IP-based geolocation or browser HTML5 geo might be used.
- IP geolocation APIs include:
  - ip2location (mapping): Reverse lookup of IP to latitude/longitude etc.
  - ip-apicom-geolocation (tools): Locates IP addresses.
  - ipinfoio-ip-geolocation (location): Provides region, country, city and lat/lon for an IP.
- Alternatively, a pure mapping category API that supports geolocation:
  - google-maps-geolocation
  - bing-maps-locations
  - mapquest-geocoding
- Since the app shows weather based on user location, IP geolocation could suffice if HTML5 geolocation not available.

Step 3: Image near the user's location
- Need a photo API that supports search by geo coordinates or locational metadata.
- Photos category APIs with geo-support:
  - flickr: Supports geo-tagged photos and searching based on location.
  - pixabay-free-images: High quality free photos with search capability.
  - 500px: No longer publicly available.
  - instagram-graph and instagram-real-time: Instagram API for photos, but potentially requires auth and more complex.
  - panoramio: Deprecated.
  - giphy: For animated GIF images; unrelated.
- Flickr is a good fit because it supports geo-based image search.
- Pixabay is another option for free, high quality photos using search.

Step 4: Summary and best fit choices
- Weather: aerisweather
- Location: ip2location or ipinfoio-ip-geolocation or google-maps-geolocation (depending on approach). ipinfoio-ip-geolocation is free and straightforward.
- Image: flickr (geo-tagged photos), pixabay-free-images (search capability)
- Categories: weather, mapping/location, photos

**Conclusion**:
- Recommend categories: ['weather', 'mapping', 'photos']
- Recommend All matched APIs: ['aerisweather', 'ipinfoio-ip-geolocation', 'flickr', 'pixabay-free-images']
./output/gpt/zero_shot/responses.json
データが保存されました: ./output/gpt/zero_shot/responses.json (キー: weather-web-app-1)
------------------------------
評価中のサービス: raddio.tk
Iteration 1, Total call: 59
**Reasoning**:

- The user mentions "Raddio.tk is an HTML5 experimental player that uses the Jamendo.com API to load songs based on selected user tags."
- This means the service involves music playback, discovering songs by tags, and integration with Jamendo API.
- Jamendo.com is a music platform, and the integration is clearly with the Jamendo API.
- The player is implemented with HTML5, and since the API is used to load songs, the main category is music.
- The requirements specify JavaScript updated on 30-06-2011 – implies usage of client-side web technologies.
- There is no direct mention of other categories like authentication or social, so main focus stays on music.
- The available API list includes "jamendo" under the music category with detailed description matching the functionality described.
- Therefore, the most relevant category is "music" and the recommended API is "jamendo".

**Conclusion**:
- Recommend categories: ['music']
- Recommend All matched APIs: ['jamendo']
./output/gpt/zero_shot/responses.json
データが保存されました: ./output/gpt/zero_shot/responses.json (キー: raddio.tk-1)
------------------------------
評価中のサービス: careersix
Iteration 1, Total call: 60
**Reasoning**:
- The user requests a mashup that searches for jobs by city name.
- Specifically mentions combining job search functionality with Google Maps, presumably for visualizing job locations or enabling location-based job searches.
- For job search functionality, we need APIs that provide job listings and search by location (city name).
- For map visualization or mapping services, we need APIs related to mapping or geolocation to integrate map features.
  
Step 1: Identify appropriate job search APIs:
- Indeed API: "Indeed is a search engine for jobs ... The Indeed API allows developers to embed Careerjet search results into other websites. Search results can be returned by keywords, locations, companies..." — Indeed API fits well for searching jobs by city.
- Careerjet: "Careerjet is a job search engine... The API allows developers to embed Careerjet search results into other websites." This also fits the requirement well.

Step 2: Identify appropriate mapping APIs:
- Google Maps related APIs are frequently used for location-based applications.
- Available mapping APIs related to Google Maps include:
   - google-maps-places: for place-based data by latitude/longitude.
   - google-distance-matrix: travel distance/time calculation.
   - google-maps-geolocation: geolocation based on cell towers and wifi.
   - google-maps-geocoding: converting addresses to coordinates and reverse.
   - google-maps: deprecated, split into multiple services.
   - google-directions, google-maps-elevation, google-static-maps, etc.
- Also Bing Maps-related APIs:
   - bing-maps-search, bing-maps, bing-maps-routes.
- OpenStreetMap or MapQuest APIs could also fulfill mapping needs.

Since the user specifically mentions Google Maps, the best fit would be:
- google-maps-geocoding to convert city names into geographic coordinates for map placement.
- google-maps-places to enhance location information, if needed.
- google-static-maps for displaying maps based on coordinates.
- Perhaps google-distance-matrix for travel info, if desired.

Conclusion: The mashup can combine Indeed API with Google Maps APIs for geocoding and map display.

**Conclusion**:
- Recommend categories: ['jobs', 'mapping']
- Recommend All matched APIs: ['indeed', 'google-maps-geocoding', 'google-static-maps', 'google-maps-places']
./output/gpt/zero_shot/responses.json
データが保存されました: ./output/gpt/zero_shot/responses.json (キー: careersix-1)
------------------------------
評価中のサービス: jobs-assistant
Iteration 1, Total call: 61
**Reasoning**:

We need to create a job search engine and web mashup that combines:
1. A job search capability.
2. A mapping service to see the location of the employer.
3. A professional social network (LinkedIn) to show which of your contacts works at the job location.
4. Salary analysis by job category.

Breaking down the requirements:

1. **Job Search**:  
   Look for APIs that provide job search or job data search capabilities.  
   Candidates include:
   - Careerjet (Category: jobs): Job search engine pulling postings from company and organization websites.
   - Indeed (Category: jobs): Search engine for jobs across many sites.
   - Other "jobs" category APIs could be referenced, but Careerjet and Indeed are prominent.

2. **Mapping Service**:  
   Must integrate Google Maps or similar mapping API to display job location.
   Candidates:
   - google-maps-places (mapping): Places API to get place/location details.
   - google-geocoding (mapping): Geocode an address to coordinates.
   - bing-maps-search or bing-maps (mapping): For mapping and location.
   - mapquest (mapping): Another mapping API.
   Since the user specifically wants Google Maps, the Google Maps APIs are ideal.

3. **LinkedIn for Contacts**:  
   The LinkedIn API (Category: social) can provide info about a user's connections and companies, enabling retrieval of which connections work at a specific employer.

4. **Salary/PayScale Data**:  
   Payscale is a well-known salary analysis service; however, in the Available APIs there is no Payscale API listed. We need to find an API for salary or compensation data or job market data.

   Checking the APIs for salary or compensation data:  
   - financial category APIs like PayPal, Xero, FreshBooks are financial but not salary oriented.  
   - No direct "Payscale" or salary analysis API appears in the given list.

   Since no direct Payscale API is listed, we need an alternative approach or recommend a category for salary analysis. Possibly, some job APIs include salary data.

   The Careerjet API or Indeed API may include salary info with jobs (Indeed often provides salary estimates). But Indeed is present under jobs, Careerjet is more generic job search.

   Therefore, recommend Careerjet/Indeed for job listings including salary data, or if salary data is not present, no perfect alternative.

**Conclusion**:

Recommend categories:
- jobs (for job search)
- mapping (to integrate Google Maps for employer location)
- social (to integrate LinkedIn for contacts at the job location)

Recommend matched APIs:
- Careerjet (jobs): for job search engine data
- google-maps-places (mapping): for integrating Google Maps and displaying employer location details
- google-geocoding (mapping): for converting employer addresses to geographic coordinates to display on Google Maps
- linkedin (social): to find contacts working at the job location
- Indeed (jobs): another job search API with job and possibly salary data

No Payscale API is found in the available APIs; if Payscale API were available, we would recommend it under "financial" or "jobs" if it exists. Alternatively, use data from job APIs that may include salary.

**Summary:**

**Recommend categories:** ['jobs', 'mapping', 'social']

**Recommend APIs:** ['careerjet', 'indeed', 'google-maps-places', 'google-geocoding', 'linkedin']
./output/gpt/zero_shot/responses.json
データが保存されました: ./output/gpt/zero_shot/responses.json (キー: jobs-assistant-1)
------------------------------
評価中のサービス: trivop.com
Iteration 1, Total call: 62
**Reasoning**:
1. The mashup requirement is for a "first video guide for hotels," which implies:
   - Video content hosting and management capabilities.
   - Search functionality integrated, specifically for hotel data.
   - Integration with Google Maps for location-based features.
   - Amazon S3 for video storage, so cloud-based storage is needed.

2. Based on the available APIs and categories:

   - For video hosting and serving:
     - Amazon S3 (storage): This is ideal for storing and serving video content at scale.
     - Brightcove (video): While Amazon S3 is for storage, Brightcove is a digital media platform used for managing and distributing videos. It allows video publishing and distribution and offers APIs.
     - YouTube (video): Provides video uploads and management, but the requirement specifically states Amazon S3 storage, so standalone specialized video platform (Brightcove) or direct storage (Amazon S3) is more aligned.
     - Vimeo (video): Also a video hosting platform but no explicit Amazon S3 integration. Still a popular video API.

   - For hotel search:
     - easytobook (travel): Provides hotel searching and booking, with hotel photos, availability, and other info.
     - travel-iq (travel): Also provides hotel search and booking, plus flight search and location data.
     - sabre-0 (travel): Global distribution system supporting flights, hotels, and more.
     - sletohcom (travel): Provides hotel price search from multiple providers.
     - viator (travel): Sells tours and activities, not directly hotels.
     - skyscanner-live-pricing (travel): Primarily flights, hotels, car hire search.
     - zoominfo (data-as-a-service): Not relevant.
     - yelp-fusion (recommendations): Has business info and reviews but not hotel booking.
     - Booking.com Content (booking): Allows managing multiple property listings and photos.
   
   Since requirement is a "video guide for hotels" with integrated search and Google Maps, Easytobook and Travel IQ provide hotel search with booking and photos—likely relevant. Booking.com content API is restricted to partners but works with hotel data too.

   - For map integration:
     - google-maps-places (mapping): Places API to get info about establishments, geographic locations.
     - bing-maps-search (mapping): Mapping related search queries.
     - google-maps-geocoding, google-maps-directions (mapping): For geocoding and directions.
     - google-maps-geolocation: For location data.
     - google-maps (deprecated), bing-maps, mapquest (mapping): Also possible map services.
     - google-static-maps: To embed static map images.
     - google-maps-map-image (deprecated), google-maps (deprecated): Use the above more specific mapping APIs.
   
   Using Google Maps Places API is suitable for integrating hotel place information with maps.

   - For storage:
     - Amazon S3 (storage): Primary candidate for storing and serving video content.

3. The required APIs group into:

   - Video storage: amazon-s3
   - Video handling and embedding: Possibly brightcove (for professional video management), though user could handle video on amazon-s3 and just embed via UI.
   - Hotel search and data: easytobook, travel-iq, or booking.com content. Since Booking.com Content API is restricted and requires partnership, Easytobook and Travel IQ are better choices.
   - Map integration: google-maps-places

**Conclusion**:
   - Recommend categories: ['video', 'travel', 'mapping', 'storage']
   - Recommend All matched APIs: ['amazon-s3', 'easytobook', 'travel-iq', 'google-maps-places']

Optionally, if richer video management is required, Brightcove could be included. But since Amazon S3 is specifically stated for video storage, it's the primary recommendation for storage. Google Maps Places API is best for hotel place search, and Easytobook and Travel IQ provide hotel search and booking APIs.
./output/gpt/zero_shot/responses.json
データが保存されました: ./output/gpt/zero_shot/responses.json (キー: trivop.com-1)
------------------------------
評価中のサービス: instascriber
Iteration 1, Total call: 63
**Reasoning**:  
The requirement is to allow users to subscribe to their favorite RSS feeds and have those feed items automatically appear in Instapaper. This involves two main functional components:

1. Managing or interacting with RSS feeds (subscribe to, get updates, etc.)  
2. Interfacing with Instapaper to add items automatically to the user's Instapaper account.

Breaking down the requirements:  
- "Subscribe to your favorite RSS Feeds" relates to RSS feed reading and handling. This falls clearly into the **bookmarks** category, as RSS feed readers and bookmark managers fall there.  
- "Automatically appear in Instapaper" and "Login to Instascriber with your Instapaper credentials and enter the RSS feeds you would like to appear in Instapaper" means integration with Instapaper, which is a **bookmark** or "read it later" type service.  
- The specified API for Instapaper: "Instapaper API" is under the bookmarks category. It allows third-party applications to add URLs to Instapaper and build full featured clients/mashups.

No OAuth or other advanced auth API is requested specifically; the login is mentioned as with user's Instapaper credentials for authentication. The Instapaper API itself is probably sufficient for adding feed items (URLs) to Instapaper automatically.

For subscription to RSS feeds, the requirement is only to "Subscribe to your favorite RSS feeds and have them appear in Instapaper automatically." This can be done by polling the RSS feeds externally, or using an RSS feed API, but since no dedicated RSS feed API is given in the list, the user can rely on the Instapaper API to add items once feeds are obtained.

Hence the best fit is the **bookmarks** category and the **Instapaper** API.

**Conclusion**:  
- Recommend categories: ['bookmarks']  
- Recommend All matched APIs: ['instapaper']
./output/gpt/zero_shot/responses.json
データが保存されました: ./output/gpt/zero_shot/responses.json (キー: instascriber-1)
------------------------------
評価中のサービス: clismap
Iteration 1, Total call: 64
**Reasoning**:
A clinical trials finder application is designed to help users locate clinical trials that they might be interested in participating in or learning about. 

Key requirements and considerations:
1. **Clinical Trial Data Access**: The main requirement is access to a database or service providing clinical trial data. This data should include attributes such as trial description, phases, eligibility criteria, statuses, and potentially locations.
2. **Location Handling**: Clinical trials might have limited or missing location information, and not all locations may be easily geocoded. Therefore, the system should ideally provide some way to handle or supplement location info where available, or allow searching/filtering based on location.
3. **Geocoding/Mapping**: If available, geocoding and mapping services are helpful to display trial locations on maps, or to help users find nearby trials.
4. **Categories relevant to the need**: 
   - **medical** (for clinical trial data or related medical info)
   - **government** (many clinical trial registries are operated or mandated by government or public health agencies)
   - **mapping** (for geocoding and display of trial locations)

From the provided list of available categories and APIs, there does not appear to be a dedicated "clinical trials" API specifically. However:

- There is a **medical** category API called **nhs** that provides access to NHS medical content, but it may not specifically cover clinical trials.
- Other medical or government APIs may provide related data. The **healthfindergov** (government) provides health content and could possibly be used, but it is described as a health guide rather than trials.
- The **us-census-bureau**, **govtrackus** are government APIs but not related to clinical trials.
- There is no explicit clinical trials API like ClinicalTrials.gov listed here.
- Location and mapping APIs including **bing-maps-search**, **google-maps-places**, **ip2location**, **google-geocoding**, and others can assist in geocoding and mapping location data for trials that have that information.

Given the absence of a specific clinical trials API in the list, and knowing that clinical trial data is typically provided by government or medical organizations, the best approach would be:

- Use a **medical** category API if available for basic medical info or trial data (none explicit here).
- Use a **government** category API if any clinical trial registries are included (none explicit here).
- Supplement with **mapping** category APIs for the geocoding, searching, and displaying of clinical trial trial locations.
- Use general **search** APIs if they can help discover trial info.

**Conclusion**:  
Recommend categories:  
- 'medical'  
- 'government'  
- 'mapping'  

Recommend matched APIs (based on relevance and potential use):  
- nhs (medical) - may have medical content that could be relevant  
- google-maps-places (mapping) - to handle place info and geocoding of trial locations  
- bing-maps-search (mapping) - for mapping and location query support  
- ip2location (mapping) - reverse IP to location for additional geo info if needed  
- google-geocoding (mapping) - for converting location data into coordinates  
- yahoo-local-search (search) - for location-based searching of local businesses/places, might be extended for locations of trials  
- open-movie-database, yelp-fusion, etc. are unrelated.  

No direct clinical trials API listed, so the clinical data source would need to be integrated externally or via partner government/medical APIs not listed here.

# Final recommended:

**Categories**: ['medical', 'government', 'mapping']

**APIs**: ['nhs', 'google-maps-places', 'bing-maps-search', 'ip2location', 'google-geocoding', 'yahoo-local-search']
./output/gpt/zero_shot/responses.json
データが保存されました: ./output/gpt/zero_shot/responses.json (キー: clismap-1)
------------------------------
評価中のサービス: myshopping-facebook
Iteration 1, Total call: 65
**Reasoning**:
- The requirement is for an application called "MyShopping" on Facebook, which is used to connect with friends, co-workers, or family on daily shopping activities.
- Key aspects to consider:
  - Social interaction and networking with friends, co-workers, or family.
  - Daily shopping activities, which would involve product browsing, e-commerce, and possibly recommendations or reviews.
  - Since it's a Facebook app, integration with social features is critical.
- Thus, the categories relevant here are:
  - social: To enable connecting with friends, social network integration, sharing, comments, etc.
  - ecommerce: For managing the shopping aspect, products, orders, possibly coupons or deals.
  - recommendations: To provide suggestions on products, deals, or stores to friends and family within the app.
- Matching APIs that support these categories and the described functionality:
  - social:
    - facebook-graph: Although the main Facebook API is deprecated, the Facebook Graph API remains the core modern API to interact with Facebook social features, enabling social connections.
    - linkedin, twitter, or others could be possible, but since the requirement specifies Facebook, the facebook-graph API is primary.
  - ecommerce:
    - shopify-admin: For merchants and shopping features.
    - woocommerce: WordPress eCommerce plugin API for shopping cart features.
    - retailmenotcom-community-ideas: For deals and coupons.
    - amazon-product-advertising: For product info and shopping.
    - walmart-open: Product catalog access.
    - sears, zappos, best-buy-products: Product information and eCommerce APIs
    - 8coupons, groupon, dealSurf: Deals and local offers could be relevant.
  - recommendations:
    - yelp-fusion: Business recommendations and reviews.
    - trakttv, rotten-tomatoes: Not relevant in this context.
    - yelp-fusion is a good example for local business recommendations.
- Since the requirement is about connecting with friends on daily shopping, social and ecommerce are most critical. Recommendations are useful to enhance shopping experience.
- Other possible useful categories include payments (if handling payment), but the requirement doesn't explicitly mention payment processing.
- Given the above, it's better to recommend categories: social, ecommerce, recommendations.
- In APIs, facebook-graph for social part.
- For ecommerce, potentially amazon-product-advertising for product data and shopify-admin or woocommerce for store/cart management.
- For recommendations, yelp-fusion API is useful.
- If the MyShopping app specifically connects to Facebook, the facebook-graph API is essential.

**Conclusion**:
- Recommend categories: ['social', 'ecommerce', 'recommendations']
- Recommend All matched APIs: ['facebook-graph', 'amazon-product-advertising', 'shopify-admin', 'woocommerce', 'retailmenotcom-community-ideas', 'yelp-fusion']
./output/gpt/zero_shot/responses.json
データが保存されました: ./output/gpt/zero_shot/responses.json (キー: myshopping-facebook-1)
------------------------------
評価中のサービス: mailmaps-email-marketing
Iteration 1, Total call: 66
**Reasoning**:  
The requirement focuses on a service, Mailmaps, that offers inexpensive and bulk email marketing solutions suitable for small and large businesses to send email promotions and outreaches to prospects, contacts, and customers. The key services described are email marketing and bulk email sending targeted for business promotion purposes.

Based on this, the relevant category is clearly **email**, as the core functionality revolves around email marketing and bulk email services.

Next, from the available APIs and categories, we should look for email related APIs that provide bulk email sending, email marketing campaign management, contact management, and analytics related to email campaigns.

Matching APIs and their relevance:

- **mailjet** (Category: email): Cloud-hosted email platform that supports creation, sending of email newsletters, transactional emails, and email analytics. Offers features for managing contacts and campaigns. Suitable for bulk email marketing.

- **campaign-monitor** (Category: email): Allows syncing campaign stats and subscribers, automates email campaigns to segments, and integration with third party tools.

- **mailchimp** (Category: email): Popular email marketing service with API access to campaign stats, subscribers, unsubscribe list, and campaign management, ideal for marketing via email.

- **sendgrid** (Category: email): Cloud-based email service with APIs for sending emails, handling message tracking (opens, clicks), managing subscriptions, and analytics. It supports bulk and transactional emails.

- **mandrill** (Category: email): MailChimp's transactional email service, allowing sending and managing emails, messages, user management, templates. Fits marketing and bulk email sending needs.

- **constantcontact** (Category: email): A well-known email marketing platform with API for managing email contacts, lists, and campaign reporting. Supports email marketing use cases.

- **mailgun** (Category: email): Email management API for sending, automating services, real-time notification, tracking, and analytics.

These APIs provide the capabilities required for a bulk and promotional email marketing platform like Mailmaps.

Other related categories (like advertising or marketing) are less directly relevant since the core focus is on email communication, not ad management or analytics on ads.

**Conclusion**:  
- Recommend categories: ['email']  
- Recommend All matched APIs: ['mailjet', 'campaign-monitor', 'mailchimp', 'sendgrid', 'mandrill', 'constantcontact', 'mailgun']
./output/gpt/zero_shot/responses.json
データが保存されました: ./output/gpt/zero_shot/responses.json (キー: mailmaps-email-marketing-1)
------------------------------
評価中のサービス: map-your-list-0
Iteration 1, Total call: 67
**Reasoning**:
The requirement involves converting lists into maps, adding annotations, sharing or exporting maps in multiple formats. This clearly points to APIs that provide mapping features, including the ability to create, manipulate, annotate, and export maps. 

- The main category that directly involves these capabilities is **mapping**.
- Mapping APIs typically provide functionalities such as:
  - Creating/embedding maps
  - Adding markers, annotations, and overlays
  - Exporting or sharing maps/images
  - Geographic data querying and geocoding

From the available APIs, the relevant mapping APIs that focus on map creation, annotations, and sharing/exporting are:

1. **MapQuest**: Offers platform services including maps, search, directions, static maps, and traffic. Known for providing developer tools to build rich, engaging online mapping solutions. Supports directions and static map images.

2. **Bing Maps REST Services / Bing Maps**: Provides capabilities for routing, static maps, geocoding, imagery, and traffic information. Also supports REST and SOAP and returns map images and routes.

3. **Google Maps Places, Google Maps Geocoding, Google Maps Distance Matrix, Google Maps Elevation, Google Static Maps, Google Street View Image**: These are parts of the Google Maps service ecosystem. Among them, significant to the requirements are:
    - Google Static Maps: for embedding maps as images that can be shared/exported.
    - Google Street View Image: embedding panoramas.
    - Google Maps Places and Geocoding: fetching place and location data.
    - Distance Matrix and Elevation APIs help with route-related data.

4. **OpenLayers**: A library/API to include dynamic maps with map tiles, vector data, markers, supporting overlays and mobile considerations. Great for building custom map visualizations with annotations.

5. **Mapbox**: An open source suite for creating interactive maps, providing hosting and embedding options. Strong in supporting customization and sharing.

6. **Scribble Maps**: Allows users to draw, save, share maps, and retrieve images/maps. Supports annotations and sharing/exporting.

7. **Ordnance Survey Maps (OS OpenSpace API)**: Enables embedding Ordnance Survey maps, adding markers, panning, zooming, and adding polygons.

8. **MetaLocator**: Provides searchable maps that can be embedded anywhere with XML-RPC API to manage locations (markers).

9. **MapLarge**: Provides API for embedding interactive maps and supports geocoding datasets on top of various map providers.

10. **Bing Maps Locations API & Bing Maps Search**: Allow location data retrieval and searching, supporting annotations.

11. **Other Helpful Mapping APIs**:
    - **Geonb** (New Brunswick geographic data)
    - **Geocoderca** (Canada/US geocoding)
    - **Google Latitude** (location history)
    - **ArcWeb** (mapping APIs)
    - **Yahoo Internet Location Platform** (location vocabularies and data)
    - **Yelp Fusion**, **Yelp Search**: not mapping per se but provide local place data.

However, since the requirement specifically mentions converting lists into maps, annotations, and sharing or export in different formats, the best fitting APIs are those that provide:

- Map creation or embedding
- Annotation features (markers, polygons, labels)
- Exporting/sharing (often via static map images or links)

Hence, the **mapping category** is central.

No other category is as focused as mapping for these requirements. Some analytics or tools APIs provide data but not map creation/sharing.

**Conclusion**:
- Recommend categories: ['mapping']
- Recommend All matched APIs: 
[
  'mapquest', 
  'bing-maps', 
  'google-static-maps', 
  'google-street-view-image', 
  'openlayers', 
  'mapbox', 
  'scribble-maps', 
  'ordnance-survey-maps', 
  'metalocator', 
  'maplarge',
  'bing-maps-locations',
  'bing-maps-search'
]
./output/gpt/zero_shot/responses.json
データが保存されました: ./output/gpt/zero_shot/responses.json (キー: map-your-list-0-1)
------------------------------
評価中のサービス: places-near-me
Iteration 1, Total call: 68
**Reasoning**:
To build a web application that takes a user's location and finds nearby services such as gas stations, restaurants, hotels, and hospitals, the core requirement is to access APIs that support geolocation, places lookup, and place categorization.

1. **Mapping/Geolocation**: The application needs to determine the user's location via coordinates or IP-based geolocation.
2. **Places Search**: The API must support querying places by category (e.g., gas stations, restaurants, hotels, hospitals) nearby a given location.
3. **Support for Multiple Place Types**: The API should ideally support multiple POI (points of interest) categories or be flexible enough to search around different types of places.
4. **Response Formats**: APIs that return data in JSON or XML will be easier to integrate and parse.

From the available categories and APIs, the obvious category for this functionality is **mapping** as it mostly revolves around geographic data and location-based services.

Matched APIs from the mapping category which support place searches, geolocation, or retrieval of place information includes:

- **bing-maps-search**: SOAP API that allows searching for places with filters such as neighborhood, ratings, and more.

- **google-maps-places**: REST API that returns information about a place - can specify place type, photos, autocomplete, etc.

- **foursquare**: Provides location-based venue info including restaurants, hotels, etc.

- **yelp-fusion**: Provides business information including reviews, ratings, photos for places like restaurants, hotels, etc.

- **ip2location**: Useful to get the user location from IP for location detection.

- **google-maps-geolocation**: To get user location based on cell towers/WiFi.

- **bing-maps-locations**: Allows getting coordinates of locations or addresses.

- **mapquest** and its various services: These include search, directions, geocoding, and mapping abilities.

- **yahoo-local-search**: Provides local business info including address, phone, category, user reviews, etc.

- **geonames**: Broad geographical database with search capabilities.

- **smart-ip-geo-ip** and **ip-apicom-geolocation**: IP based geolocation services.

Some other useful mapping APIs that offer enhanced functionality:

- **google-distance-matrix**: To calculate distances and travel times between points.

- **bing-maps-routes**: For route creation, can be useful for navigation.

For place searches specifically (gas stations, restaurants, hotels, hospitals), APIs like **google-maps-places**, **bing-maps-search**, **foursquare**, **yelp-fusion**, and **yahoo-local-search** provide rich places/venues info with categorization.

Since the requirement is for a web application that can identify nearby services based on user location, the APIs should ideally include both location detection and place search functionalities.

**Conclusion**:
- Recommend categories: ['mapping', 'location', 'recommendations']

- Recommend All matched APIs:
  [
    'bing-maps-search',
    'google-maps-places',
    'foursquare',
    'yelp-fusion',
    'ip2location',
    'google-maps-geolocation',
    'bing-maps-locations',
    'mapquest',
    'yahoo-local-search',
    'geonames',
    'smart-ip-geo-ip',
    'ip-apicom-geolocation'
  ]
./output/gpt/zero_shot/responses.json
データが保存されました: ./output/gpt/zero_shot/responses.json (キー: places-near-me-1)
------------------------------
評価中のサービス: mod9.tv
Iteration 1, Total call: 69
**Reasoning**:

The requirements specify sharing an online video link via SMS and enabling recipients to listen to the audio portion of the video by either calling back or replying to the message to get a callback. This implies several functionalities:

1. **Messaging capability**: The system must send SMS messages containing the video link.

2. **Telephony functionality**: The system should be able to receive replies or incoming calls and initiate outbound calls to the recipient (callback). The calls should play the audio portion of the video.

3. **Handling voice calls and interactive voice response (IVR)**: To allow the user to listen to audio after dialing back or replying.

4. **Possibly integration with video or media services**: For streaming or extracting the audio portion of the video.

Given the above, the essential categories for the APIs would be:

- **Messaging**: To handle sending SMS messages and receiving replies from recipients.

- **Telephony**: To handle inbound and outbound call management, including playing audio over calls.

- Possibly **Video** or **Media** APIs to handle online video processing or streaming, but since the requirement only says sharing an online video link and listening to audio, assuming the video is hosted elsewhere and the audio is accessible via a URL, the telephony API should support playing audio streams.

Now, looking through the available APIs for suitable candidates:

- Under **messaging**:

  - *Twilio SMS*: Sends and receives SMS messages; Twilio fully supports SMS and voice with RESTful APIs, JSON responses, and is broadly used for such telephony and messaging integration.

  - *Clockwork SMS*: SMS gateway, send messages through an application; also supports replies but may lack voice call features.

  - *Mogreet*: Focuses on SMS/MMS marketing with video and rich media messaging, but not specifically on voice callback.

  - *PostalMethods*: For sending letters and postcards; unrelated.

  - *PostalMethods*: Not relevant.

  Other messaging APIs include Vonage Nexmo SMS, Hoiio SMS, Slack Incoming Webhooks (chat, but not telephony), etc.

- Under **telephony**:

  - *Twilio*: Yes, provides a full web service for voice and SMS, including voice calls, IVR, conference, SMS messaging, and callbacks. It supports REST and is widely used for this functionality.

  - *Plivo*: Telephony platform for voice calls, conferencing, recording, JSON responses.

  - *KooKoo*: Provides telephony API for placing calls, receiving calls, sending SMS, gathering user input. Useful for building IVR apps and outbound campaigns.

  - *TelAPI*: Telephony platform with voice and SMS features, managing calls, recordings, etc.

  - *Tropo*: Build phone and SMS applications with voice recognition, conferencing, and recording.

  - *SpokenBuzz*: Voice portal with API for initiating phone calls and recording messages.

  - *Voxeo*: SIP voice platform providing IVR, speech recognition, call control, recording.

  Among these, Twilio is the most prominent and broadly recognized, supporting all needed functions (SMS sending, replies, voice call handling, playing audio or streaming, call backs).

- Under **video / media / audio**:

  - No specific APIs listed to extract or stream audio from arbitrary online videos; this capability is typically custom-developed or integrated with other media hosting services.

  For the purpose of this mashup, assuming the audio link or the streaming audio can be accessed via standard URL, Twilio or similar telephony services can be scripted to play audio files via their voice API (TwiML for Twilio).

Therefore, the best approach is to use:

- A **Messaging API** to send the SMS link and receive replies.

- A **Telephony API** to handle incoming calls or SMS replies and initiate a callback playing the audio.

Twilio provides both messaging and telephony capabilities.

**Conclusion**:

- Recommend categories: ['messaging', 'telephony']

- Recommend All matched APIs: ['twilio', 'twilio-sms']
./output/gpt/zero_shot/responses.json
データが保存されました: ./output/gpt/zero_shot/responses.json (キー: mod9.tv-1)
------------------------------
評価中のサービス: quickresu.me
Iteration 1, Total call: 70
**Reasoning**:
QuickResu.me is a service aimed at building a mobile resume that can be accessed via a QR code. This involves two key functionalities:
1. Mobile resume creation and hosting or management.
2. QR code generation and linking.

To implement such a mashup, we need to identify APIs that cater to:
- Easy content hosting, management, or publishing (for resumes).
- QR code (or URL shortening) generation to encode the link to the resume.

From the provided API catalog and categories, the most directly relevant categories and APIs are:

- **url-shortener**: for generating short URLs or QR codes linking to resumes.
  - **bitly**: Provides URL shortening, sharing, and tracking. It simplifies link sharing which helps when embedding resume links in QR codes.
  - **short-and-tweet**: Also provides URL shortening services and the ability to tweet short links.
  
- **social** & **bookmarks** categories could be considered if social sharing of resumes or saving resumes is involved, but these seem peripheral.

- **applications** or **cloud**: for hosting or storing resume data - but no explicit resume builder or CMS APIs are listed. Content management APIs like **Contentful** (CMS for web and mobile applications) or storages like **Google Drive** or **Dropbox** could be used to store resumes.

- **qr-code generation** APIs are not explicitly listed. However, many URL shorteners provide QR code generation features or can be integrated with QR code libraries.

- Possibly **tools** category for utility APIs related to content management or conversion, but none directly mention resume-related functionality.

Since the service QuickResu.me emphasizes mobile resume creation linked to QR codes, the best API fits from the provided list are:
- URL shortener APIs (bitly, short-and-tweet)
- Storage/content APIs for resume storage (Google Drive, Dropbox, Contentful)
- Possibly backend or cloud for hosting or managing the resume data (CloudMine or AWS-based services).

Hence, primary category recommendations would be:

- url-shortener (for link shortening and QR code link generation)
- storage (for hosting resumes or related files)
- applications (for resume building or content management)

Since no dedicated resume-building API is listed, the service would predominantly rely on integrating hosting/storage services with URL shorteners for sharing via QR code.

**Conclusion**:
- Recommend categories: ['url-shortener', 'storage', 'applications']
- Recommend All matched APIs: ['bitly', 'short-and-tweet', 'google-drive', 'dropbox', 'contentful']

These APIs together can facilitate building mobile resumes stored in cloud storage or CMS and generating short URLs that can be embedded in QR codes.
./output/gpt/zero_shot/responses.json
データが保存されました: ./output/gpt/zero_shot/responses.json (キー: quickresu.me-1)
------------------------------
評価中のサービス: usa-name-data-bigquery-public-dataset
Iteration 1, Total call: 71
**Reasoning**:
- The user wants to explore "Google BitQuery's USA Names public dataset" using Looker visualization tools. So, the project is to use Looker for data visualization purposes.
- Embedding Looker visualizations into a third-party website indicates interaction with Looker's API tools for analytics and data visualization.
- Therefore, the mashup relates to leveraging data-as-a-service (for accessing datasets) and analytics (for Looker visualization and reporting).
- Looker is known for its analytics and visualization capabilities.
- From the available categories and APIs, Looker API (Category: analytics) is the best match because it provides RESTful API access to integrate visualization and reporting.
- The dataset is Google BitQuery's USA Names public dataset, which is a public dataset potentially accessible via BigQuery or similar.
- Google BigQuery (Category: database) provides SQL-like query access to very large datasets, ideal for running queries on public datasets like USA Names in BigQuery.
- Integration of BigQuery would allow querying Google BitQuery datasets.
- The user wants to visualize data from that dataset using Looker; thus, combining BigQuery (for data querying) and Looker (for visualization) matches the requirement.
- Therefore, recommend Looker API (analytics) and Google BigQuery API (database) for this mashup.

**Conclusion**:
- Recommend categories: ['analytics', 'database']
- Recommend All matched APIs: ['looker', 'google-bigquery']
./output/gpt/zero_shot/responses.json
データが保存されました: ./output/gpt/zero_shot/responses.json (キー: usa-name-data-bigquery-public-dataset-1)
------------------------------
評価中のサービス: jacktracker-24
Iteration 1, Total call: 72
**Reasoning**:
The user's mashup requirement is to build a handy "Jacktracker" related to the TV show "24," incorporating images and various plot details and integrating features such as discussion boards for each "waypoint," inspired by Wayfaring.com.

Breaking down the requirements:

1. TV Show Data and Plot Details:
   - This calls for access to TV show metadata, episode information, plot summaries, cast information, etc.
   - The related category is "video" because TV shows and multimedia content usually fall under this.
   - Candidate APIs include those providing TV show data and multimedia content.

2. Images:
   - The mashup requires images related to the show. So "photos" or "media" category APIs will be helpful.

3. Discussion Boards for each waypoint (or episode segment/location):
   - Need a platform or API that provides discussion boards or forums.
   - "Blogging," "social," "chat," or "forums" could cover this functionality.
   - Wayfaring.com style features could imply discussion threads linked to locations or waypoints, suggesting possible integration with social or chat APIs or specialized discussion board APIs.

4. Wayfaring.com features:
   - Wayfaring.com is known for user-generated content, maps, and discussions at waypoints.
   - We might need mapping/location APIs if waypoints correspond to locations.
   - But since the user specifies that these are "discussion boards for each waypoint," the emphasis might be more on discussion functionality linked to waypoints.

Matching available APIs and categories:

- For TV show and plot details with images:
   - `movie-database-tmdb` (Category: entertainment): provides movie, TV show, and cast data along with images and posters.
   - `thetvdbcom` (Category: video): community driven database of television shows, with XML responses.
   - `broadcaster` APIs or content/media APIs like `bbc-nitro` might be too generic or not specific for "24".

- For Images:
   - Some photos APIs are available but since the TV show related info includes images, `movie-database-tmdb` likely suffices.
   - Alternatively, generic photo APIs like `flickr`, `pixabay-free-images` might be too generic and not focused specifically on the TV show.

- For Discussion Boards (social/chat/forum):
   - `disqus` (Category: blogging): well-known comment/discussion system, enabling comment threads and discussion boards integration.
   - `plancast` or `tagalus` are more about sharing plans or tagging social content; may not fit perfectly.
   - `campfire` is a chat tool, but may not be ideal for discussion boards attached to web content.
   - `scoopit` or `readsocial` could offer content sharing and social features but are less focused on discussion boards.

- If waypoints correspond to locations, map APIs might be considered but since it's about plot details, the main focus is on TV show data and discussion.

Therefore, the best fit APIs are:

- `movie-database-tmdb`: for TV show details and images.
- `disqus`: for discussion boards integration.

**Conclusion**:
- Recommend categories: ['video', 'entertainment', 'photos', 'blogging', 'social']
- Recommend All matched APIs: ['movie-database-tmdb', 'thetvdbcom', 'disqus']
./output/gpt/zero_shot/responses.json
データが保存されました: ./output/gpt/zero_shot/responses.json (キー: jacktracker-24-1)
------------------------------
評価中のサービス: keeptherecord
Iteration 1, Total call: 73
**Reasoning**:
KeepTheRecord offers an online conference call service that supports up to 10 participants, with a one-click join feature. It also records the conference and provides the recording to all participants afterward. To support such a service, the essential functionalities are:

1. Real-time group voice communication (conference calling) - requires telephony or voice APIs that can handle multiple calls simultaneously, mixing audio streams, and managing call participation.

2. Call recording and providing access to recorded audio files - needs APIs or backend services to capture, store, and distribute recorded sessions, likely integrating cloud storage or media APIs.

3. User and session management might also be needed but primarily the focus is on telephony features and media handling.

Available categories relevant to these needs include:

- telephony: for voice calls, conference calls, call controls
- messaging: might be considered if SMS invites or notifications are sent
- cloud/storage: for storing recordings
- video: if video conferences are supported, but the requirement mentions only calls
- backend/platform-as-a-service: for overall application hosting and data management

From the available APIs, those under the telephony category offering voice calling and conference call capabilities and recording features are the most pertinent.

Matching APIs:

- twilio: Provides voice and SMS communications applications with scalable voice capabilities, including voice calls that can be programmed to handle multi-party conference calls and recordings. Twilio supports call recording and makes recordings accessible.

- quickblox: A backend platform that provides communications functionality including chat, video and voice calls, and presence. Supports group communications that could support conferencing.

- plivo: Telephony platform built to handle call making and receiving functions including conferencing and recording.

- voxeo: VoIP platform with voice and text to speech services including call control and recording.

- plum-fuse: Cloud-based visual voice application editor and programmable voice platform that supports IVR, outbound calling, messaging, voice recordings, and call routing.

- spokenbuzz: Voice portal with voicemail, call forwarding, call screening, outbound calling and voice message recordings, with API for calls and storing voice messages.

- telapi: Platform for telephony applications allowing you to add voice and SMS features, call recording, etc.

These provide capabilities for multi-party calls and recording.

Regarding storage or cloud services for recordings:

- google-drive: Cloud storage service to store and access files - can be used to store recordings after calls.

- amazon-s3: Cloud storage used to store objects - recordings may be stored here.

However, the core need is telephony with conferencing and recording.

**Conclusion**:
- Recommend categories: ['telephony', 'messaging', 'storage', 'cloud']

- Recommend All matched APIs: ['twilio', 'plivo', 'quickblox', 'voxeo', 'plum-fuse', 'spokenbuzz', 'telapi', 'google-drive', 'amazon-s3']
./output/gpt/zero_shot/responses.json
データが保存されました: ./output/gpt/zero_shot/responses.json (キー: keeptherecord-1)
------------------------------
評価中のサービス: groupme
Iteration 1, Total call: 74
**Reasoning**:
The requirement is for real-time group communications over SMS, web browsers, and smartphone applications. This entails features like sending and receiving messages instantly across multiple platforms and supporting group messaging functionality in real time.

To fulfill this requirement, the API should provide:
- Real-time messaging infrastructure supporting multiple device types (web, mobile, SMS).
- Group chat support.
- Facilities for SMS sending and receiving, potentially with features for bulk or group messaging.
- API usability for integration into web and mobile applications.

Looking through the available APIs, the following categories and APIs stand out:

**Categories**:
- messaging: APIs that focus on SMS gateways, real-time notifications, and messaging services.
- chat: APIs that provide real-time chat and collaboration tools, often with group messaging capabilities.
- telephony: APIs focused on voice and SMS telephony services, which may include messaging capabilities on mobile networks.
- backend: Cloud-hosted communication platforms providing chat, voice, and messaging SDKs that support multi-platform integration.

**Relevant APIs**:

1. **QuickBlox (Category: backend)**: 
   - Provides cloud-hosted backend with chat, video, voice, notifications.
   - Includes modules for messaging and ratings.
   - Supports various platforms including web and mobile.
   - SDKs available with no usage limits.
   - Matches real-time group chat and multi-device support.

2. **Twilio (Category: telephony)**:
   - Provides RESTful cloud API for voice and SMS communications.
   - Supports scalable voice and SMS applications.
   - Can be used to integrate SMS, including group messaging, and voice calls.
   - Syntax focused on web development.
   - Suitable for real-time SMS communications and web/mobile integrations.

3. **Twilio SMS (Category: messaging)**:
   - Dedicated SMS API from Twilio that supports sending and receiving messages.
   - Tracks sent messages and provides history management.
   - Tight integration with Twilio's telephony cloud.
   - Supports real-time SMS.

4. **Clockwork SMS (Category: messaging)**:
   - API to send bulk SMS through an SMS gateway.
   - Supports RESTful, SOAP, SMPP protocols.
   - Suitable for sending group SMS messages, though not necessarily real-time chat.

5. **PubNub (Category: messaging)**:
   - Cloud-based real-time messaging with websocket support.
   - Designed for high message volume and real-time bi-directional communication.
   - Supports mobile and web applications.
   - PubNub provides publish/subscribe messaging ideal for real-time group interactions.

6. **Mesibo (Category: chat)**:
   - Real-time messaging service with client and server-side APIs.
   - Supports one-on-one and group messaging, voice, video, and file transfers.
   - Designed for mobile and web.
   - Strong candidate for real-time group messaging apps.

7. **Slack Real Time Messaging (Category: messaging)**:
   - WebSocket-based API for real-time messaging.
   - Mainly used to embed chat functionality.
   - Might be limited to Slack environment.

8. **Pusher (Category: tools)**:
   - Hosted API for realtime bi-directional functionality via WebSockets.
   - Supports events, channels, presence.
   - Could be used to build real-time chat applications.

Given the requirement, the best APIs are those that provide real-time group communication over SMS and web/mobile apps, suitable for building group messaging applications like group.ly.

**Conclusion**:
- Recommend categories: ['messaging', 'chat', 'telephony', 'backend']

- Recommend All matched APIs: ['QuickBlox', 'Twilio', 'Twilio SMS', 'Clockwork SMS', 'PubNub', 'Mesibo', 'Pusher']
./output/gpt/zero_shot/responses.json
データが保存されました: ./output/gpt/zero_shot/responses.json (キー: groupme-1)
------------------------------
評価中のサービス: funny-vines-thebestvines.tv
Iteration 1, Total call: 75
**Reasoning**:
- The mashup is focused on aggregating Vine videos from around the world.
- Vine is a video sharing service, so the primary API needed is one that allows searching, retrieving, and aggregating video content on a global scale.
- The requirement is to have fun searching for new videos that users haven't seen yet, which implies the mashup needs access to wide-ranging video data or video search capability.
- Hence, the main relevant category would be "video" because the mashup deals with video content.
- We must look for APIs that relate to video searching, viewing, or aggregating video content.
- Checking available APIs under "video":
  - Brightcove: digital media platform, media library management (could be used if aggregating videos).
  - YouTube Data API: allows search and retrieval of videos (though "youtube" is the API name; YouTube is the leading platform for video content).
  - Dailymotion: large video platform, supports video search and streaming.
  - Vimeo: video hosting with uploading and playback capabilities.
  - TrailerAddict: focused on movie trailers.
  - OtNet.tv: custom TV streaming API.
  - Framey: video recording and embedding on sites.
  - iva-video: metadata and promotional video assets.
  - Stupeflix: video generation service.
- Since Vine videos used to be short form, but the API for Vine itself is not present (or retired), the closest alternative is a video platform API that allows video search and aggregation.
- YouTube is the dominant video platform, and YouTube API is included in the listing as "youtube".
- "youtube" API allows users to search for videos and retrieve feeds of videos, which can be leveraged to aggregate videos from around the world.
- Therefore, the best matching API is "youtube" in category "video".
- Since the requirement mentions Vine specifically, but no Vine API is available, the YouTube API could be used as an alternative to aggregate video content.
- The mashup's focus is on video searching and aggregating, so categories are "video" primarily, and optionally "search" category could supplement.
- No direct Vine API is available, so similar video search API is the alternative.

**Conclusion**:
- Recommend categories: ['video', 'search']
- Recommend All matched APIs: ['youtube', 'giphy'] (Giphy is for GIFs, not videos, so less relevant for video content but it is a media search engine; could be excluded.)
- Primarily only 'youtube' API fits the requirement directly.

# Final Recommendation

**Recommend categories**: ['video']

**Recommend All matched APIs**: ['youtube']
./output/gpt/zero_shot/responses.json
データが保存されました: ./output/gpt/zero_shot/responses.json (キー: funny-vines-thebestvines.tv-1)
------------------------------
評価中のサービス: everygain-translator
Iteration 1, Total call: 76
**Reasoning**:  
The requirement is for a browser extension for Firefox and Chrome that provides translation functionality anywhere on the web, including on platforms like Twitter, Facebook, and many forums. The key features are one-click translation without the need to first select the text, and availability as a bookmarklet.

1. **Category selection reasoning**:  
   - The primary feature is language translation, so the key category is **translation**.
   - The extension would target social media platforms and forums, but those are end-use environments rather than the core service provided by the API.
   - The extension itself is a browser extension or bookmarklet, which may fall under **tools** or **applications**, but the main value clearly comes from translation.
   
2. **API selection reasoning**:  
   - APIs that provide translation services with broad language support would fit best.
   - Among the available APIs, two notable translation APIs stand out:
     - `microsoft-translator` (Category: translation): A cloud-based machine translation service supporting translation of text and other content in over 60 languages.
     - `google-cloud-translation` (Category: translation): Google's Cloud Translation API supporting text translation with glossaries and batch requests.
   - Both offer RESTful APIs that can be integrated easily into browser extensions and bookmarklets.
   - No mention of APIs explicitly providing instant one-click translation in UI, but these translation APIs provide the underlying translation capability needed.
   
No APIs specifically named as translation bookmarklets or browser extension backends appear, so these two translation APIs would be the best fit.

**Conclusion**:  
- Recommend categories: ['translation']  
- Recommend All matched APIs: ['microsoft-translator', 'google-cloud-translation']
./output/gpt/zero_shot/responses.json
データが保存されました: ./output/gpt/zero_shot/responses.json (キー: everygain-translator-1)
------------------------------
評価中のサービス: flexijourney-travel
Iteration 1, Total call: 77
**Reasoning**:

The user needs to build a travel-related mashup with the following key features:
- Travel information
- Interactive maps
- Photos
- Travel videos
- Custom search engine
- A virtual journey experience exploring the world

We need to identify APIs and categories that can provide these functionalities.

1. **Travel Information**:
   The "travel" category APIs are most relevant here. They provide flight, hotel, tour, itinerary, and general travel info.
   Examples include:
   - skyscanner-live-pricing: live flight prices
   - tripit: travel and itineraries info
   - amadeus: flight, hotel search and booking
   - travel-iq: hotel and flight search, booking, location data
   - yahoo-travel: trip planner and travel data
   - viamichelin: maps, itineraries for travel
   - sabre-0: large travel marketplace

2. **Interactive Maps**:
   Mapping category APIs are required for interactive maps.
   Examples:
   - bing-maps-search, bing-maps, bing-maps-routes, bing-maps-geocode-dataflow
   - google-maps-places, google-maps-elevation, google-geocoding, google-directions
   - mapquest, mapquest-open-directions, mapquest-geocoding
   - mapbox: open-source interactive maps
   - openstreetmap: open source map data and mapping
   - scribble-maps: interactive map drawing and sharing
   - metacarta, arcweb, maplarge

3. **Photos**:
   Travel mashups benefit greatly from photos.
   Recommended photo APIs:
   - flickr: photo sharing with location info
   - pixabay-free-images: vast catalog of license free photos
   - google-picasa (deprecated but historically large)
   - instagram-graph, instagram-real-time: photo sharing and streaming
   - 500px (not public currently)
   - photobucket, smugmug, imgur can also be considered
   - panoramio (deprecated)
   - google-street-view-image: street level photos

4. **Travel Videos**:
   Videos add a rich media experience.
   Recommended video APIs:
   - youtube: largest video catalog, upload and search videos
   - brightcove: online media platform
   - dailymotion: large video sharing platform
   - vimeo: video hosting and sharing
   - ivi-video, embedly (embed videos from many providers)
   - trailer-addict (movie trailers)
   - framey (record webcam videos embedded in sites)

5. **Custom Search Engine**:
   APIs which allow custom search to find relevant travel content:
   - google-custom-search: allows adding custom search to any site or app
   - bing: powerful search with images videos etc.
   - yahoo-search-marketing or yahoo-search for search functionality
   - giphy or tagoo if looking for GIF/video search
   - primal: recommendations based on interest graphs
   - earthtools, yelp-fusion for recommendations
   - yahoo-local-search for local business info (e.g. restaurants etc)
   - yummly for recipe search as optional (food related travel)
   - open-movie-database for movie info, less relevant but possible

6. **Additional Considerations**:
   - Social media APIs (facebook-graph, twitter-streaming, foursquare, instagram-graph, pinterest-domain) can enrich the travel experience with social sharing and real-time photos.
   - Mapping combined with POI (Points of Interest) APIs like geograph, geoloqi, geonames, openlayers, or metaLocator can add location-aware content.

**Conclusion**:

- Recommend categories:  
  ['travel', 'mapping', 'photos', 'video', 'search']

- Recommend All matched APIs:

  **Travel APIs:**  
  - skyscanner-live-pricing  
  - tripit  
  - amadeus  
  - travel-iq  
  - yahoo-travel  
  - viamichelin  
  - sabre-0  

  **Mapping APIs:**  
  - bing-maps-search  
  - bing-maps  
  - bing-maps-routes  
  - bing-maps-geocode-dataflow  
  - google-maps-places  
  - google-geocoding  
  - google-directions  
  - mapquest  
  - mapquest-open-directions  
  - mapquest-geocoding  
  - mapbox  
  - openstreetmap  
  - scribble-maps  
  - metacarta  
  - arcweb  
  - maplarge  

  **Photos APIs:**  
  - flickr  
  - pixabay-free-images  
  - instagram-graph  
  - instagram-real-time  
  - photobucket  
  - imgur  
  - google-street-view-image  

  **Video APIs:**  
  - youtube  
  - brightcove  
  - dailymotion  
  - vimeo  
  - embedly  
  - trailer-addict  
  - framey  

  **Search APIs:**  
  - google-custom-search  
  - bing  
  - yahoo-search-marketing  
  - primal  

These APIs will collectively provide travel data, rich interactive maps, geo-tagged photos, travel videos, and powerful customizable search capabilities to realize a virtual journey and exploration of the world experience.
./output/gpt/zero_shot/responses.json
データが保存されました: ./output/gpt/zero_shot/responses.json (キー: flexijourney-travel-1)
------------------------------
評価中のサービス: twitter-trending-local-restaurants
Iteration 1, Total call: 78
**Reasoning**:

1. The requirement involves browsing Twitter-trending restaurants and bars, which suggests:
   - Access to Twitter trending data to identify popular topics or hashtags related to restaurants and bars.
   - Access to location-based information about restaurants and bars in specific top Twitter cities like San Francisco, New York, LA, etc.
   - Possibly social or recommendation APIs to get detailed business information, ratings, or user reviews for these eateries and bars.

2. Twitter trending data:
   - Look for social or search category APIs that interface with Twitter or provide trending hashtag data.
   - "Tagalus" API lets you work with Twitter hashtag definitions and might help understand trending hashtags.
   - "What-trend" API specifically identifies trending topics on Twitter along with explanations.
   - "twitter-streaming" API (though older) provides real-time access to Twitter data streams, which could be useful for capturing trending topics in targeted locations.
   - "Twitter Search" API (deprecated) but "twitter-streaming" or other contemporary Twitter APIs related to trends may be suitable. However, only APIs listed here can be recommended.

3. Location data for restaurants and bars:
   - Need mapping/location or recommendation APIs that provide local business info.
   - "yelp-fusion" API is under recommendations category and provides business ratings and reviews by geographic region or location, fitting well for restaurants and bars.
   - "citygrid" API under ecommerce offers local business info including reviews and ratings - could also be relevant.
   - "foursquare" API under social category provides venue, photos, check-in data and could be used to identify restaurants and bars in locations.
   - "google-maps-places" API (mapping) provides data about establishments and points of interest, including restaurants and bars.
   - "geograph" and "ip2location" won't specifically provide places or trending data but may help to resolve locations.

4. Combining Twitter trending topics with location-based restaurant data:
   - The mashup could use Twitter trend APIs to find popular hashtags or topics in the 12+ major cities, then utilize Yelp Fusion or Foursquare APIs to get info about restaurants or bars tagged or located there.
   - Yelp Fusion API is widely used for this purpose and directly supports business info and reviews by location.

5. Category Recommendations:
   - social (to handle Twitter trending topics)
   - recommendations (to handle business recommendations, ratings, and reviews)
   - mapping (to provide geographical info if needed for mapping purposes)

6. API Recommendations based on the above:
   - social: "tagalus", "what-trend", "twitter-streaming" (all provide Twitter trending or hashtag data)
   - recommendations: "yelp-fusion" (business and review info for restaurants/bars)
   - mapping: "google-maps-places" (place related data), optionally "foursquare" (social venue data), "citygrid" (local business info, reviews)

Given the core need to browse Twitter trends focused on restaurants and bars in top cities, the best recommendation is to combine a Twitter trending API like "what-trend" or "tagalus" with business location and review APIs like "yelp-fusion" and optionally "foursquare".

**Conclusion**:

- Recommend categories: ['social', 'recommendations', 'mapping']
- Recommend All matched APIs: ['tagalus', 'what-trend', 'twitter-streaming', 'yelp-fusion', 'foursquare', 'google-maps-places', 'citygrid']
./output/gpt/zero_shot/responses.json
データが保存されました: ./output/gpt/zero_shot/responses.json (キー: twitter-trending-local-restaurants-1)
------------------------------
評価中のサービス: darwin-bus-map
Iteration 1, Total call: 79
**Reasoning**:

1. The requirement is to display different bus routes and timetables in Darwin, Australia.
   - This points to a need for public transportation or transit-related data, including bus route information, schedules, and stops.

2. The ability to "View all bus stops, either in real time or by using the timeline".
   - This implies a need for both static and dynamic data related to bus stops and possibly real-time tracking of bus movements.

3. Access to "latest real-time traffic information".
   - This suggests integration with traffic APIs providing incident data, construction sites, congestion information.

4. Access to "StreetView of each bus stop".
   - This calls for a mapping API with street-level images, similar to Google StreetView or other providers with street imagery.

5. Geographic specificity: Darwin, Australia.
   - The API service should either provide data globally (including Australia) or specifically cover Darwin or Australia.

Given the above, we look for APIs in the "transportation", "mapping", "travel", or "government" categories that provide bus route and schedule data, real-time traffic info, and street-level images.

Potential category matches:

- transportation: for real-time traffic and transit info
- mapping: for bus stop locations and street view
- travel/events: potentially for route/timetable info

Specific APIs with potential:

- "public-transit-data-community" (Category: transportation) which provides data for Bus and Train Arrival Predictions, Stops and Stations, Entrances, Routes and Train Lines, Incidents, Intelligent Routing. This seems directly relevant.

- "yahoo-traffic" (Category: transportation) or "bing-traffic" (Category: travel) or "bing-maps-routes" could provide traffic incidents and route info.

- For StreetView, Google Street View Image API would be ideal, but "google-street-view-image" is available and fits the requirement for street-level images.

- For mapping bus stops, routes, and location info, "bing-maps-search" and "bing-maps-routes" could be useful. "google-maps-places" and "google-geocoding" could also help.

- As for real-time traffic info and mapping in Australia, public transit API coverage should be checked; "public-transit-data-community" is US-centric but description doesn't restrict location, so verify if suitable. No explicit Australia data is listed.

- No explicit Australian public transit API is mentioned in the available list.

Since there is no explicitly mentioned Darwin or Australia-specific public transit API, the best option is to use the most relevant general public transit and traffic APIs alongside mapping and street view APIs, to build the required functionality.

**Conclusion**:

- Recommended categories: ['transportation', 'mapping', 'travel']

- Recommended APIs: ['public-transit-data-community', 'bing-traffic', 'google-street-view-image', 'bing-maps-routes', 'google-maps-places', 'google-geocoding']

Explanation:

- "public-transit-data-community" covers transit routes, stops, and arrival predictions, which fit the bus routes and timetable needs.

- "bing-traffic" provides real-time traffic information, suited for latest traffic updates.

- "google-street-view-image" delivers street view imagery of bus stops.

- "bing-maps-routes" and "google-maps-places" plus "google-geocoding" support mapping routes, geocoding bus stops and retrieving location details to build comprehensive maps.

These combined APIs would allow the creation of a mashup displaying Darwin bus routes, timetables, bus stops, real-time traffic data, and street views of stops.
./output/gpt/zero_shot/responses.json
データが保存されました: ./output/gpt/zero_shot/responses.json (キー: darwin-bus-map-1)
------------------------------
評価中のサービス: vodafone-update-app-android
Iteration 1, Total call: 80
**Reasoning**:
The requirement is to stay connected with friends and contacts on social networks on the go, providing mobile access to multiple social networks such as Twitter, Facebook, and MySpace in a single user interface. Therefore, the mashup service needs APIs that manage and access social network data, including reading updates, posting content, managing friends or contacts, and possibly aggregated feeds from multiple social networks.

Given the available categories and APIs, the categories to focus on are clearly 'social' and possibly 'chat' if real-time messaging or notifications are involved. The APIs should allow access to Twitter, Facebook, and MySpace functionalities, including user data and social graph.

Looking into the available APIs:

- **twitter-streaming**: Provides real-time access to Twitter data, including statuses, keywords, user streams. Useful for live update feeds.
- **facebook-graph**: Provides access to the Facebook social graph, including posts, friend relationships, and more.
- **myspace**: Offers an API for interacting with MySpace members and their social data.
- **tarpipe**: Manages social presence and content sharing on sites such as Twitter.
- **buffer**: For managing and scheduling tweets; useful for social media management.
- **tumblr**: For reading and writing Tumblr blog data.
- **meetup**: For interacting with the Meetup platform (social but perhaps less relevant here).
- **linkedin**: Useful if LinkedIn connections were needed (not in the requirement).
- **addthis-services** and **addthis-analytics**: Related to social sharing but less about direct social networking.
- **pinterest-domain**: Pinterest social platform, not in the requirement.
- **tagalus**: Twitter hashtags definitions, supplementary.
- **shizzow**: Announce location to friends, possibly useful but niche.
- **buffer**: Scheduling tweets.
- **twitter**: Legacy Twitter API mentioned, but no longer available. Use twitter-streaming or alternatives.
- **facebook**: Legacy Facebook API no longer available; the recommended API is facebook-graph.
- **twitpic**: For uploading images to Twitter.
- **fullcontact-person**: To lookup person information using social details, useful for enhanced contact data but no direct social stream.
- **linkedin**: Social networking but beyond scope.
- **twitter-streaming** and **buffer** would cater to Twitter, **facebook-graph** for Facebook, and **myspace** for MySpace.

Hence, the recommended categories:

- social
- chat (optional, if real-time messaging needed)

Recommended APIs that specifically connect to the three social platforms mentioned:

- twitter-streaming (for Twitter real-time data)
- facebook-graph (for Facebook social graph access)
- myspace (for MySpace social data)

Additional optional APIs for enhanced social integration or user presence:

- tarpipe (social presence management)
- buffer (tweet management and scheduling)
- tagalus (Twitter hashtag definitions, to improve experience)
- twitpic (Twitter image sharing)
  
**Conclusion**:
- Recommend categories: ['social']
- Recommend All matched APIs: ['twitter-streaming', 'facebook-graph', 'myspace']
./output/gpt/zero_shot/responses.json
データが保存されました: ./output/gpt/zero_shot/responses.json (キー: vodafone-update-app-android-1)
------------------------------
評価中のサービス: bleacherweather
Iteration 1, Total call: 81
**Reasoning**:

1. The requirement is to create a mashup of sporting events combined with weather conditions and forecasts displayed on a Google Map.

2. We need to identify the relevant categories for:
   - Sporting events data
   - Weather data (current conditions and forecasts)
   - Mapping (display on a Google Map)

3. For sporting events:
   - Available categories related to sports: "sports" and "events"
   - APIs that provide sporting events info and data that can be used in mashups.

4. For weather:
   - Relevant category: "weather"
   - APIs that provide weather conditions and forecasts can be integrated.

5. For mapping with Google Maps:
   - The category is "mapping"
   - APIs that provide Google Map services such as location display, embedding maps, and overlays

6. Now identify APIs in these categories which can be combined:

**Sports / Events:**
- eventbrite (Category: events): API allows creation and retrieval of events & attendees.
- eventful (Category: events): The world's largest collection of events including concerts and sports.
- yahoo-fantasy-sports (Category: sports): Provides fantasy sports data on leagues, teams, players.
- espn (Category: sports): Provides sports news, stats, team and league info.
- teamsnap (Category: sports): Team sports management info such as schedule and events.
- ergast (Category: sports): Motor racing data including Formula 1 and Formula E.
- bandintown (Category: music): Concert info but more music focused than sports.
- are-you-watching (Category: sports): Alerts for televised games.
- yahoo-fantasy-sports API is deeper and more fantasy sports specific; eventbrite and eventful are more general events including sports.

**Weather:**
- aerisweather (Category: weather): Provides weather data including advisories, forecasts, storms.
- national-weather-service-ndfd (Category: weather): Official NOAA forecast info.
- noaa-national-weather-service-nws-ndfd-soap (Category: weather): Another access to NOAA data.
- openweathermap (Category: weather): Deprecated but historically used.
- norway-weather (Category: weather): Weather forecasts worldwide.
- world-weather-online (Category: weather): Deprecated but historically for forecasts.
- weather-channel (Category: weather): Now part of IBM Cloud Weather services.
- bing-traffic (though a travel-related API it is about traffic and not weather).
  
Most suitable among the above for forecasts and conditions is "aerisweather" as it is comprehensive and designed for aggregating weather data.

**Mapping:**
- google-maps-places (Category: mapping): Provides info about places and points of interest.
- google-maps-geolocation (Category: mapping): Provides user location based on devices.
- google-maps-elevation, google-maps-geocoding, google-distance-matrix, google-maps-directions, google-street-view-image – all correspond to Google Maps functionalities.
- google-maps (Category: mapping): Deprecated, split into multiple APIs.
- bing-maps-search, bing-maps-locations, bing-maps-routes, microsoft-bing-maps: alternatives to Google Maps.
- mapquest, mapbox, openlayers: third party map solutions.
  
Given user requirement explicitly mentions Google Map, the Google Maps related APIs are best — specifically google-maps-places for landmarks or event location display and google-maps-geocoding to turn addresses into coordinates to place markers on the map.

**Conclusion**:

- Recommend categories: ['sports', 'weather', 'mapping', 'events']

- Recommend All matched APIs:
  - For sporting events data: ['eventbrite', 'eventful', 'espn']
  - For weather data: ['aerisweather', 'national-weather-service-ndfd'] (choose one or both depending on scope)
  - For mapping with Google Maps: ['google-maps-places', 'google-maps-geocoding', 'google-distance-matrix']

  
These APIs together provide access to sporting event data, weather forecasts, and Google Maps integration for visual display.

# Final Recommendation

**Recommend categories**: ['sports', 'weather', 'mapping', 'events']

**Recommend All matched APIs**: ['eventbrite', 'eventful', 'espn', 'aerisweather', 'national-weather-service-ndfd', 'google-maps-places', 'google-maps-geocoding', 'google-distance-matrix']
./output/gpt/zero_shot/responses.json
データが保存されました: ./output/gpt/zero_shot/responses.json (キー: bleacherweather-1)
------------------------------
評価中のサービス: asesor
Iteration 1, Total call: 82
**Reasoning**:
The Asesor app aims to facilitate asynchronous, distributed medical question and answer interactions, involving patients in rural areas calling in with questions, translators transcribing and translating, and doctors providing answers. Key features include:

1. Handling voice calls from patients' telephones to record questions.
2. Displaying and managing audio recordings for translators and doctors.
3. Translating medical queries and responses between multiple languages.
4. Allowing translators/doctors to call patients back from browsers for delivering answers.
5. Possibly storing/manage content (recordings, transcripts, translations, answers).
6. Ensuring secure access and user authentication for different user roles (patient, translator, doctor).

Thus, the main needs correspond to:

- Telephony: To handle incoming calls from patients, record questions, and enable calls from browser to patient for answer relay. Support for Voice API and programmable telephony is key.
- Natural Language Processing & Translation: APIs for translation services and possibly transcription (speech to text) to convert spoken queries into translated text for doctors.
- Medical: Access to medical data or knowledge could be helpful if additional medical context or definitions are needed.
- Messaging: For notifications, alerts, or asynchronous messages between participants.
- Storage / Cloud / Backend: For storing recordings, transcripts, and user data.
- Security / Authentication: To secure access and data privacy.
- Possibly Voice: For voice interactions such as text-to-speech of doctor's answers.

Based on the above, and given the available categories and APIs, let's identify the best matches:

1. Telephony Category:
   - Twilio (voice and SMS programmatic telephony, programmable voice calls and SMS, browser integrations).
   - Plivo (telephony platform for integration with call making/receiving, conferencing, call tracking, recording).
   - Vonage Nexmo SMS API (SMS messaging).
   - Kookoo (telephony APIs for call control, IVR, SMS).
   - TelAPI (voice and SMS telephony features).
   - Hoiio Voice and Hoiio SMS (voice call and SMS globally with IVR).
   - Voxeo (voice platform supporting IVR and calls).
   These telephony APIs support the core requirement of receiving phone calls from patients, recording audio, enabling calls from browser back to patients for answer delivery.

2. Translation / Natural Language Processing:
   - Microsoft Translator (machine translation service supporting many languages).
   - Google Cloud Translation (custom dictionary, batch translation).
   - Dialogflow Standard Webhooks (natural language processing for intent detection, though focused more on conversational interfaces).
   - RxNLP Text Similarity, Datumbox (NLP and text mining).
   These will facilitate the translation and possibly transcription tasks required for translators and doctors.

3. Medical Category:
   - NHS (content access from NHS Choices).
   - Healthfinder.gov (government health data).
   Depending on whether Asesor wants to augment answers with medical data, relevant APIs here might help.

4. Messaging:
   - Twilio SMS / Clockwork SMS / Vonage SMS / Slack RTM / PubNub for real-time messaging.
   Messaging might be helpful for notifications.

5. Storage / Backend / Cloud:
   - Google Drive / Amazon S3 / Dropbox / CloudMine for storing audio files, transcripts.
   - QuickBlox (backend with chat, notifications).
   - AppHarbor (cloud platform for app deployment).
   Needed for managing the app's backend and data storage.

6. Security / Authentication:
   - Google Web Authentication, Janrain Engage, Google reCAPTCHA, Janrain Engage are recognized for managing authentication securely.
   - OAuth 2.0 is mentioned in many APIs (e.g. Twilio, Google services) supporting secure authentication.

7. Voice:
   - Text-to-Speech capability is not specified explicitly in the list.
   - Twilio and related telephony platforms often provide TTS features as part of their voice APIs.

Therefore:
- Telephony APIs like Twilio, Plivo provide essential voice call handling and browser call capabilities.
- Translation APIs like Microsoft Translator and Google Cloud Translation provide multi-language support.
- For security, Google Web Authentication or Janrain Engage could be used.
- For backend, cloud and storage, Google Drive or CloudMine or Amazon S3 can be leveraged.
- Messaging APIs are optional additions for notification.
- Medical APIs can be supplemental for content.

**Conclusion**:
- Recommend categories: ['telephony', 'translation', 'security', 'backend', 'storage', 'medical', 'messaging']

- Recommend all matched APIs:
  - Telephony:
    - Twilio
    - Plivo
    - TelAPI
    - Hoiio Voice
    - Hoiio SMS
    - Kookoo
    - Vonage Nexmo SMS
  - Translation:
    - Microsoft Translator
    - Google Cloud Translation
  - Security:
    - Google Web Authentication
    - Janrain Engage
  - Backend / Storage:
    - Google Drive
    - Amazon S3
    - CloudMine
  - Medical:
    - NHS
    - Healthfindergov
  - Messaging:
    - Twilio SMS
    - PubNub
    - Slack Real Time Messaging (if needed for internal communication)
./output/gpt/zero_shot/responses.json
データが保存されました: ./output/gpt/zero_shot/responses.json (キー: asesor-1)
------------------------------
評価中のサービス: gengo-youtube-translation
Iteration 1, Total call: 83
**Reasoning**:  
The requirement is to have YouTube video captions translated by humans seamlessly to reach a large global audience. This involves two key functionalities: human-powered translation and integration with YouTube videos (which involves video content management and captions).

1. Human translation services API:  
   - We need an API that offers human translation rather than machine translation to ensure quality and seamless service for caption translations.
   - The "gengo-human-translation" API suits this need perfectly. Gengo is a service that provides high quality human translations available via REST API. It's designed to integrate machine and human translation services. Developers can submit text (captions) for human translation.

2. YouTube and video related API:  
   - Since the user wants to have YouTube video captions translated, an API to interface with YouTube videos and captions is required.
   - The "youtube" API provides access to YouTube video management, including searching videos, uploading, modifying user playlists, and video metadata. While it doesn't explicitly mention captions, YouTube's API ecosystem generally supports managing captions, so this API complements the translation process.
   
3. Translation services category:  
   - Though "gengo-human-translation" is human-powered translation, in general, this type of service falls under "enterprise" for human translation or possibly "language" or "enterprise."
   - Gengo API is categorized under "enterprise," which fits the professional human translation services.

4. Other categories or APIs for video captions translation:  
   - There is no specific API listed that deals directly with YouTube captions upload/download or translation besides these.
   - For machine translation, the "microsoft-translator" or "google-cloud-translation" would fit, but user requires human translation.
   
Based on available options, the best combined solution is an integration of "gengo-human-translation" for human translation and "youtube" API to manage the videos on YouTube and facilitate integration.

**Conclusion**:  
- Recommend categories: ['enterprise', 'video']  
- Recommend All matched APIs: ['gengo-human-translation', 'youtube']
./output/gpt/zero_shot/responses.json
データが保存されました: ./output/gpt/zero_shot/responses.json (キー: gengo-youtube-translation-1)
------------------------------
評価中のサービス: mapiprop
Iteration 1, Total call: 84
**Reasoning**:

1. The mashup requires a free real estate search site.
2. Needs to show properties in Argentina, Spain, and Uruguay.
3. Visualization must include:
   - Google Maps integration (map view),
   - Google Street View, and
   - Bing’s Bird's Eye view.
4. Properties data should reflect real estate listings in those countries.
5. APIs required:
   - Real estate data covering Argentina, Spain, and Uruguay.
   - Mapping APIs that support Google Maps, Street View, and Bing Birds Eye view.
6. Available categories for the requirements:
   - mapping (for map display and geospatial data),
   - real-estate (to obtain property listings/data),
   - photos or video are less relevant because the focus is map-based real estate search.
7. From the API list:
   - Google Maps APIs related to mapping (Google Maps, Google Street View Image)
   - Bing Maps APIs to include Bing Maps and Birds Eye View
   - Real estate APIs that support Argentina, Spain and Uruguay:
       - Check if global or regional real estate APIs cover these countries:
         - Nestoria (supports UK and Spain)
         - Booli (Sweden)
         - RealtyBaron-Answers (generic Q&A for real estate)
         - Zillow (US-centric)
         - None seem to cover Argentina explicitly, but Nestoria covers Spain and possibly includes some countries like Uruguay depending on their data feed.
         - Because the requirement is some coverage for Argentina, Spain, and Uruguay, and given Nestoria is for Spain, it fits Spain.
    - Google Maps Places API or Google Geocoding API may help in placing markers and locating properties.
8. For Bing Bird's Eye View, Bing Maps APIs have capability and bird's eye view is generally part of Bing Maps imagery.
9. No specific Argentina-focused real estate API listed, so may rely on general mapping and real estate APIs covering Spain and regional data.
10. Therefore choose:
    - Categories: real-estate, mapping
    - APIs: 
       - google-maps (for maps and street view via Google Maps and street view images)
       - google-street-view-image (specifically for street view images)
       - bing-maps (for bird’s eye view and Bing maps)
       - nestoria (for Spain and potentially Uruguay real estate search)
       - booli (though Sweden focused, if relevant for Uruguay or for exemplification)
11. Since Nestoria explicitly supports Spain, use it for Spain.
12. For Argentina and Uruguay, if no dedicated real estate API is available, the mashup might need to rely on generic mapping APIs to place markers from real estate listings sourced differently or via custom databases.
13. Additionally, the Google Maps Places API could assist in retrieving business/points of interest data but is not specifically mentioned in the available APIs list but google-maps places is listed.
14. Include google-maps-places to help with place and establishment data (useful for property locations).
15. Summary:
    - Use google-maps (mapping, Streetview), google-street-view-image (street view specifically),
    - bing-maps (Bird’s eye view),
    - nestoria (real estate for Spain, partial coverage),
    - google-maps-places (mapping),
    - Possibly booli if supporting Uruguay (though not clearly confirmed).

**Conclusion**:
- Recommend categories: ['real-estate', 'mapping']
- Recommend All matched APIs: ['google-maps', 'google-street-view-image', 'bing-maps', 'nestoria', 'google-maps-places']
./output/gpt/zero_shot/responses.json
データが保存されました: ./output/gpt/zero_shot/responses.json (キー: mapiprop-1)
------------------------------
評価中のサービス: pixurl-social-search
Iteration 1, Total call: 85
**Reasoning**:
- The requirement is to use pixurl to search favorite social platforms all from one web page.
- The key element here is a unified or aggregated search across multiple social platforms.
- Therefore, the mashup needs APIs related to social media aggregation, social platform data, or APIs that allow access to social media content.
- From the available categories, "social" is the most relevant because social media platform APIs are categorized there.
- For the actual APIs, we need APIs that support access to social platform data or aggregation.
- The given Available APIs in the "social" category include:
   - tagalus (Twitter hashtag definitions)
   - plancast (social events, user plans)
   - awe.sm (social data analytics)
   - hi5 (social network)
   - nationbuilder (community organizing)
   - facebook-graph (Facebook social graph data)
   - twitter-streaming (Twitter data streams)
   - buffer (social media management)
   - scoopit (social media content curation)
   - linkedin (business social network)
   - tumblr (blog/social content)
   - rediit (social news)
   - vk (largest European social network)
   - zazzle (more ecommerce, less social)
   - foursquare (location-based social)
   - addthis-services (social sharing tools)
   - pinterest-domain (pinboard social sharing)
   - social-share-count (social sharing metadata)
   - launchrock (social marketing campaigns)
   - peerindex (social media influence analytics)
   - addthis-analytics (social sharing analytics)
   - social-actions (social volunteer opportunities)
   - fullcontact-person (contact social info)
   - launchrock (social analytics)
   - tarpipe (social presence management)
   - fire-eagle (location sharing)
   - scoopit (social content curation)
- These APIs provide access to various social services, content, or aggregated social data.
- To build a "pixurl"-like single search or engagement platform for favorite social platforms, access to multiple social APIs like Facebook, Twitter, LinkedIn, Pinterest, Tumblr is crucial.
- Hence, targeting the "social" category and the above relevant APIs will provide best integration and search capabilities across social platforms.

**Conclusion**:
- Recommend categories: ['social']
- Recommend All matched APIs: ['tagalus', 'plancast', 'awe.sm', 'hi5', 'nationbuilder', 'facebook-graph', 'twitter-streaming', 'buffer', 'scoopit', 'linkedin', 'tumblr', 'reddit', 'vk', 'foursquare', 'addthis-services', 'pinterest-domain', 'social-share-count', 'launchrock', 'peerindex', 'addthis-analytics', 'social-actions', 'fullcontact-person', 'tarpipe', 'fire-eagle']
./output/gpt/zero_shot/responses.json
データが保存されました: ./output/gpt/zero_shot/responses.json (キー: pixurl-social-search-1)
------------------------------
評価中のサービス: mood-tweet
Iteration 1, Total call: 86
**Reasoning**:
The requirement is for an online diary for Twitter users where they can track and rate their "Moo'd Tweets," and it should be free. This suggests a service that interacts with Twitter data (tweets), provides social features likely related to user generated content, and includes rating or sentiment tracking of tweets.

1. The service needs social media integration, particularly Twitter. This implies the **social** category.

2. Since it's a diary for tweets, it will need to access and manage Twitter user data, tweets, and perhaps enable tracking or rating functionality. So APIs that provide Twitter data or interface with Twitter sentiment/rating would be relevant.

3. The concept of "Moo'd Tweets" suggests some form of sentiment or mood rating, potentially involving sentiment analysis or tracking user emotions expressed in tweets, thus possibly involving **sentiment** or **text** or **analytics** categories if any API exists to analyze tweet sentiments.

4. The requirement states this is free, so the API suggested should not require paid access or should be available for free use.

Looking into the available APIs:

- **Tagalus** (Category: social) - Accesses Twitter hashtags definitions and user voting on tags. Possibly useful for defining tweet moods but limited in scope.

- **Twitter** (Category: social) - The Twitter API was only available historically here, but the main Twitter API (for statuses, user info, search, etc) is under social category. The data includes tweets, user info, timelines, and trends. Even if the old Twitter API is discontinued, it fits logically.

- **twitter-streaming** (Category: social) - Provides high-throughput realtime access to public Twitter data. Useful to fetch live tweets to track/mine.

- **GetSentiment** (Category: sentiment) - Performs keyword extraction, topical categorization, and aspect-based sentiment analysis of text, which would help in rating the mood or sentiment of tweets.

- **rxnlp-text-similarity** (Category: text) - Provides text similarity, useful for grouping tweets but not directly about mood/rating.

- **awesm** (Category: social) - Analytics for social data, useful for understanding behavior patterns, but unclear if it provides tweet-level mood/rating directly.

- **tagalus** (mentioned) - related to Twitter hashtags and their meanings, with voting. Could help in defining moods.

Since the primary target is Twitter users and "Moo'd Tweets" suggests tracking and rating emotional content or mood of tweets, the best combination would be:

- **Social** category for interfacing with Twitter data (retrieving tweets, timelines, user info)
- **Sentiment** category for analyzing and rating the mood/sentiment of tweets
- Possibly **Text** category APIs for enhanced text analysis, if needed.

**Conclusion**:
- Recommend categories: ['social', 'sentiment', 'text']
- Recommend All matched APIs: ['twitter-streaming', 'tagalus', 'GetSentiment', 'rxnlp-text-similarity']

Note: The Twitter API is largely represented by 'twitter-streaming' for live tweet data. 'tagalus' allows engagement with Twitter hashtags which may support mood tagging. 'GetSentiment' provides sentiment analysis capabilities and 'rxnlp-text-similarity' can help in grouping or categorizing tweets by text similarity for diary or rating purposes.
./output/gpt/zero_shot/responses.json
データが保存されました: ./output/gpt/zero_shot/responses.json (キー: mood-tweet-1)
------------------------------
評価中のサービス: read-all-about-it
Iteration 1, Total call: 87
**Reasoning**:
The requirement is to create a mashup service that combines Amazon books with Windows Live Local to enable users to find books on Amazon based on geographical locations worldwide.

1. The service must have access to Amazon books data to retrieve relevant book information.
2. It must have mapping or location-based service capabilities that allow identifying and querying geographical locations globally.
3. The user should be able to find books related to a geographical location, so we need APIs in the categories of "books" and "mapping" or location services that provide geographic information integration.
4. Since "Windows Live Local" represents location services related to Microsoft (Bing Maps or similar), we seek mapping/location APIs that provide location/geographical data for worldwide coverage.
5. The service can then link books available on Amazon with location data or attributes from the mapping API.

**Available APIs matching the requirements:**

- For Amazon books:
   - Amazon Product Advertising API (Category: ecommerce): Offers access to Amazon's product data, including books. It allows developers to search for Amazon products, including books.
   - Goodreads API (Category: books): Although Goodreads focuses on books, it does not directly link books with geography in the requirement context. Amazon Product Advertising API is a closer fit for obtaining Amazon book data.

- For Windows Live Local equivalent mapping:
   - Bing Maps Search API (Category: mapping): This API provides search services related to mapping and location worldwide, under Microsoft's Bing Maps services.
   - Bing Maps Locations API and Bing Maps Routes API are also part of Microsoft's mapping offering but Bing Maps Search API suits the search capability requirement for locations.
   - Google Maps Places API is available but the requirement specifically mentions Windows Live Local, which is Microsoft Bing-based.
  
Checking what Windows Live Local might map to in these APIs, Bing Maps Search API is a closest available match representing Bing's location-based search.

**Categories matched**:
- ecommerce (for Amazon book data)
- mapping (for Windows Live Local location services)

**APIs matched**:
- Amazon Product Advertising (ecommerce) - for accessing Amazon books data
- Bing Maps Search (mapping) - for performing geographic location-based queries worldwide

Note: There is no direct "Windows Live Local" API named here, but Bing Maps Search Service represents Microsoft's location-based search API overlapping with Windows Live Local functionality.

**Conclusion**:
- Recommend categories: ['ecommerce', 'mapping']
- Recommend All matched APIs: ['amazon-product-advertising', 'bing-maps-search']
./output/gpt/zero_shot/responses.json
データが保存されました: ./output/gpt/zero_shot/responses.json (キー: read-all-about-it-1)
------------------------------
評価中のサービス: what-are-haps
Iteration 1, Total call: 88
**Reasoning**:
To build a local event search engine powered by user contributions, you need APIs that provide event data, allow event creation or promotion by users, and possibly user management or social engagement capabilities. The key functionalities involve:
- Accessing a database of events with locality and date filters.
- Ability to promote or add new events (user contribution).
- Features to search for events occurring today or in the near future.
- Potentially some social or user-based APIs to support contribution and engagement.

Relevant categories from the available list include:
- **events**: APIs that expose event data, creation and management tools.
- **social**: For user identity management or social engagement related to events.
- Potentially **feedback** or **chat** if interactive elements (comments, discussion) are desired.

From the provided APIs, several event APIs stand out:

1. **Eventbrite** (Category: events)
   - Allows developers to create users and events, pull event data, retrieve attendees, transactions, venues, etc.
   - Suitable for building a local event platform with user-generated content.
   - Has an affiliate/referral program beneficial for promotion.

2. **Eventful** (Category: events)
   - A large event database with API access for searching and retrieving event and venue data.
   - Ideal for local event listings and discovery.

3. **Brown Paper Tickets** (Category: events)
   - Full featured ticketing and event management API.
   - Allows integration of event management and ticket sales.

4. **Active.com** (Category: events)
   - Provides a wide range of sports and outdoor activity event data.
   - Useful for local event discovery with an emphasis on fitness and sports.

5. **Plancast** (Category: social)
   - Enables sharing and discovery of events and plans.
   - Users can share their plans/events with friends – strong social engagement potential.
   - API allows read/write with JSON responses, good for user contribution.

Among these, **Eventbrite** and **Eventful** provide broad event database access and event creation, while **Plancast** is focused on social sharing of plans/events. Including Plancast can provide a richer user-contributed event experience.

No specific API explicitly emphasizes "user contribution" for event creation in the same way Eventbrite does, but combining Eventbrite (event creation and management), Eventful (large event data source), and Plancast (social sharing of events) would cover both event searching and user contribution aspects.

**Conclusion**:
- Recommend categories: ['events', 'social']
- Recommend All matched APIs: ['eventbrite', 'eventful', 'brown paper tickets', 'active', 'plancast']
./output/gpt/zero_shot/responses.json
データが保存されました: ./output/gpt/zero_shot/responses.json (キー: what-are-haps-1)
------------------------------
評価中のサービス: eyouin-notifications
Iteration 1, Total call: 89
**Reasoning**:
1. The key requirement is to notify registered eYouIn users about event-related activities like invitations, reminders, and cancellations.
2. This suggests a need for messaging or notification services capable of sending timely updates (possibly via SMS, email, push notifications, or in-app messaging).
3. Since the context is events, APIs that handle event management or access event data might be useful to manage and track events and attendees.
4. Notification could be via messaging APIs (SMS or other message delivery), email services (for event invitations or reminders), or real-time messaging/chat (for instant updates).
5. Possibly also useful is a telephony API if voice calls or automated calls are part of the notification system.

**Relevant categories**:
- messaging: for sending SMS or push notifications.
- email: for event invitations and reminders by email.
- events: to manage event data and attendees.
- telephony: if voice calls are involved.
- social: if notifications can be through social network messaging.

**Relevant APIs**:

Messaging:
- clockwork-sms (messaging): SMS gateway for sending messages.
- twilio-sms (messaging): SMS sending and receiving, tracking.
- pushover-message (messaging): real-time notifications to devices.
- postalmethods (messaging): for sending letters, postcards (less likely).
- postalmethods (messaging): physical mail (less relevant here).
- business-alerts (messaging): desktop alert product with API.
- slack-incoming-webhooks (messaging): post messages to Slack.
- amazon-sns (messaging): notification service to apps or people.
- pubnub (messaging): real-time messaging service via pub/sub.
- pushover-message (messaging): instant notifications to iOS/Android.

Email:
- mailjet (email): send email newsletters, campaign management.
- gmail (email): Gmail mailboxes access, send email.
- mailchimp (email): campaign stats and managing subscribers.
- mandrill (email): email sending and templates.
- sendgrid (email): cloud-based email with tracking.
- campaign-monitor (email): email campaign management.
- constantcontact (email): email marketing.

Events:
- eventbrite (events): event creation, attendee list, invites etc.
- active (events): sports and other event data and integration.
- brown-paper-tickets (events): ticketing and event management.

Telephony:
- twilio (telephony): voice and SMS communication.
- plivo (telephony): telephony platform for call and SMS.
- telapi (telephony): voice and SMS services.
- voxeo (telephony): voice and SMS services and IVR.
- kamo (not listed, but twilio covers broad telephony needs).

Social:
- nationbuilder (social): community and event data with contacts.
- facebook-graph (social): event invites (though deprecated).
- linkedin (social): profile and relationship data.

Note: Since the requirement is specifically "Notify registered eYouIn users," it implies user management and identification are handled, so the key functionality is delivering notifications effectively.

**Conclusion**:
Recommend categories: ['messaging', 'email', 'events']

Recommend All matched APIs: [
  'clockwork-sms',
  'twilio-sms',
  'pushover-message',
  'mailjet',
  'gmail',
  'mandrill',
  'sendgrid',
  'campaign-monitor',
  'constantcontact',
  'eventbrite',
  'brown-paper-tickets',
  'active'
]
./output/gpt/zero_shot/responses.json
データが保存されました: ./output/gpt/zero_shot/responses.json (キー: eyouin-notifications-1)
------------------------------
評価中のサービス: geowake
Iteration 1, Total call: 90
**Reasoning**:
- The user requirement is to "Navigate the high seas with the Geowake and this Google Maps mashup," featuring NOAA nautical markers and charts covering the entire US, with a large dataset of navigation aids and nautical charts.
- The requirements are highly location and mapping related, with a specific emphasis on nautical navigation charts and maritime navigation aids.
- The keywords to focus on are: US nautical markers, nautical charts, navigation aids.
- The obvious category to focus on is "mapping," as this involves maps, geolocation, and geographic data visualization.
- Among the available APIs, we need to identify those that offer:
  - Nautical charts or maritime navigation data (especially NOAA or US coverage)
  - Support for integration with Google Maps or similar mapping services
  - Possibly real-time or detailed charting with markers (buoys, lighthouses, etc.)
- Searching the available APIs for matching keywords and mapping-related services:
  - The "national-weather-service-ndfd" API from NOAA provides weather data but no direct mention of nautical charts.
  - The NOAA National Weather Service NWS NDFD SOAP API provides forecast data but not specifically nautical markers and charts.
  - The "usgs-elevation-query-service," "google-maps," and "google-maps-elevation" APIs are mapping-related but no direct match on nautical charts.
  - There is no explicit NOAA Nautical Chart API listed.
- However, the user mentions a Google Maps mashup with nautical markers and charts covering the US.
- The best fitting category must be "mapping" given the nature of the request.
- Since no explicit NOAA nautical chart API is listed among the available APIs, and the user refers to a Google Maps mashup, the best match would be to recommend mapping-related APIs that could facilitate the embedding of such nautical charts or navigation markers.
- Recommended category: mapping
- Recommended API from the list would be any that provide Google Maps integration and that can handle nautical markers or overlays:
  - "google-maps-places" — to get place data, possibly including maritime locations though not nautical charts per se.
  - "google-maps" (deprecated) or "bing-maps" APIs for map visualization.
  - "bing-maps-search," "bing-maps-routes," "bing-maps" provide mapping services, though not directly nautical charts.
- The "national-weather-service-ndfd" (NOAA) API provides detailed weather data which could be relevant for navigation and might be layered with charts.
- Since the request is about nautical charts with NOAA data, combined with Google Maps (mashup), recommending the NOAA weather API and mapping APIs makes sense.
- No perfect single API matches the 100k navigation aids and 2,100+ nautical charts, but the user is looking for integration with Google Maps and NOAA data.
- Thus, recommend mapping and government (for NOAA data) categories and their APIs.

**Conclusion**:
- Recommend categories: ['mapping', 'government']
- Recommend All matched APIs: ['bing-maps', 'google-maps-places', 'national-weather-service-ndfd']
./output/gpt/zero_shot/responses.json
データが保存されました: ./output/gpt/zero_shot/responses.json (キー: geowake-1)
------------------------------
評価中のサービス: 29-travels
Iteration 1, Total call: 91
**Reasoning**:  
The request is for a service or API that allows highlighting countries visited, supports Google Maps and Google Earth with a browser plugin, and provides embeddable HTML code for bloggers and website owners to embed in their sites. Importantly, this service requires no registration, making it simple and accessible to all users.

Key points from the requirement:  
- Highlight countries visited (implies mapping or geographic visualization)  
- Supports Google Maps and Google Earth (focus on mapping/geography integration)  
- Provides embeddable HTML code (easy integration for bloggers/websites)  
- No need to register (likely a free, open or easily accessible API)  

Among the available APIs, we should look for those in the **mapping** or **geography** category, which relate to Google Maps and Google Earth integration, can generate embeddable map content, and potentially offer highlighting or country mark functionalities.

On review, there isn't a specific API named exactly for "highlighting countries visited," but several mapping-related APIs integrate with Google Maps and Earth, or provide embeddable map functionality. The ones relevant for Google Maps/Earth embedding and geospatial visualization must be considered:

- **google-earth**: Provides the Google Earth Engine API for running algorithms on georeferenced imagery and vectors stored on Google's infrastructure, which aligns with usage of Google Earth with some coding/programmatic access.

- **google-maps**, **google-maps-places**, **google-static-maps**, **google-maps-geocoding**, **google-maps-geolocation**, **google-maps-elevation**, **google-maps-distance-matrix**, **google-street-view-image**: These APIs provide various Google Maps functionalities, but the main **google-maps** API is deprecated and split into multiple APIs.

- None specify embeddable HTML code for highlighting countries visited or simple usage via browser plugin without registration.

Other approaches:

- **openlayers**: An open-source mapping library to include dynamic maps that may be embeddable and customizable.

- **bing-maps** and related Bing APIs: Also mapping, but no explicit mention of Google Earth support.

- No API description highlights "highlight countries visited" or a simple embeddable HTML widget for bloggers with no registration.

Given the specifics about supporting Google Maps and Earth with a browser plugin and embeddable HTML code for bloggers, and no registration needed, the best match from the provided information seems to be the **google-earth** API, as it relates directly to Google Earth, and it is conceivable that it can be combined with embeddable code for visualization.

Though the request mentions "Supports Google Maps and Google Earth with a browser plugin," the lack of an exact API for highlighting visited countries with embeddable HTML and no registration suggests the user might be referring to a widget-type embeddable service built on Google Maps/Earth like the Google Earth API.

No other APIs explicitly fit the exact description, so the recommendation is:

- Category: **mapping** (for maps, geospatial visualization)  
- API: **google-earth** (as it directly relates to Google Earth, which is specifically referenced)

**Conclusion**:  
- Recommend categories: ['mapping']  
- Recommend All matched APIs: ['google-earth']
./output/gpt/zero_shot/responses.json
データが保存されました: ./output/gpt/zero_shot/responses.json (キー: 29-travels-1)
------------------------------
評価中のサービス: it-cookie-time
Iteration 1, Total call: 92
**Reasoning**:  
The requirement, "Well... is it?" is ambiguous and does not provide any explicit details about what kind of functionality, domain, or service the user is interested in. Without any specific keywords, context, or a description, it is impossible to determine the exact categories or APIs that would suit a mashup.

Given the vagueness, the best approach is to consider potential interpretations of the phrase "Well... is it?" which could hint at wanting to identify, validate, or detect the state or condition of something. This could relate to:  
- Recognition or detection APIs (e.g., emotion recognition, image recognition)  
- Natural language processing, sentiment or semantic analysis (to understand "what is it?")  
- Search or information retrieval (to find out details about something)  
- Status or monitoring APIs (to check if something "is" in a particular state)  

However, these are all guesses and not explicit.

Since there are no explicit instructions or context, the safest recommendation is to suggest categories that generally help identify or understand data, which includes:  
- Recognition  
- Natural-language-processing  
- Search  
- Analytics  

Within the available APIs, those that can help identify or analyze data or verify conditions make sense. For example:  
- rxnlp-text-similarity (text analysis)  
- microsoft-cognitive-services-emotion (recognize emotions)  
- bing-maps-search or google-maps-places (find places or identify a "location")  
- wolfram-alpha (computational knowledge engine that answers questions)  
- dbpedia-spotlight (extract structured information from unstructured text)  
- open-movie-database or movie-database-tmdb (identify movie data, "what is it" in movie context)  
- google-search or bing (to search and find information)  

Given the extreme vagueness of the requirement, it is better to present a variety of categories and APIs that deal with identification, recognition, searching, or natural language processing, which can align with the question implied by "Well... is it?".

**Conclusion**:  
Recommend categories:  
['recognition', 'natural-language-processing', 'search', 'analytics']

Recommend all matched APIs:  
['rxnlp-text-similarity', 'microsoft-cognitive-services-emotion', 'bing-maps-search', 'google-maps-places', 'wolfram-alpha', 'dbpedia-spotlight', 'open-movie-database', 'movie-database-tmdb', 'microsoft-bing', 'bing-maps-routes', 'bing-maps-locations']
./output/gpt/zero_shot/responses.json
データが保存されました: ./output/gpt/zero_shot/responses.json (キー: it-cookie-time-1)
------------------------------
評価中のサービス: locafollow
Iteration 1, Total call: 93
**Reasoning**:

- The user wants to find Twitter users near a specific location and perform bulk follow operations.
- Key operations: searching Twitter users based on location and keywords in the bio (profile information), and performing bulk follow actions.
- Searching by location points us towards APIs that can access Twitter data with geolocation capabilities.
- Following users in bulk aligns with social network interaction capabilities (following/follower management).
- The relevant functional domain is social networks and social APIs.
- We should consider APIs that provide Twitter data with location information and also enable managing user connections, such as following.
- From the available API list:
  - The "twitter-streaming" API: provides realtime access to Twitter public statuses filtered by criteria including geographic location. However, it is mainly for streaming tweets, not necessarily managing followers.
  - The "twitter" API: includes RESTful APIs for Twitter data and supports accessing user information, timelines, etc. But it is no longer available.
  - The "tagalus" API deals with Twitter hashtags, not user search/follow.
  - The "twitter-search" API is for searching tweets, users, trends, doesn't mention follow functionality.
  - The "twitter-direct-message" API is not listed here.
  - Other social APIs like "facebook-graph," "linkedin," "tumblr," "foursquare," etc., are unrelated.
- Given the deprecated status of "twitter" API and limited functionality of "twitter-streaming" and "twitter-search" for managing followers, no direct API is listed here that supports bulk follow operation on Twitter users.
- Thus, while searching Twitter users by location and keywords (in bios) suggests social category and specifically Twitter search APIs or Twitter Streaming API, bulk following users usually requires write access to Twitter user accounts, which might not be supported here.
- The best matching category is 'social' and the related APIs would be "twitter-streaming" for location-based user data streaming.
- For bulk follow, since no Twitter API is available for this action here, it suggests no direct API is available from the provided list.
- A third-party or specialized Twitter API offering bulk follow might exist elsewhere, but not in this list.
- Therefore, categories recommended: social
- Matched APIs: twitter-streaming (for location-based data access)
- No API to perform bulk follow is available from current API list.

**Conclusion**:
- Recommend categories: ['social']
- Recommend all matched APIs: ['twitter-streaming']
./output/gpt/zero_shot/responses.json
データが保存されました: ./output/gpt/zero_shot/responses.json (キー: locafollow-1)
------------------------------
評価中のサービス: iran-election-protests-youtube-videos
Iteration 1, Total call: 94
**Reasoning**:

The user's requirement is quite specific:
- Videos from Iran after election day
- Videos of Riots in Tehran
- Videos shown on maps where they occurred (mapping + geo-location context)

Key aspects from the requirement:
1. Content type: Videos
2. Content related to a particular location (Iran, specifically Tehran)
3. Displaying or associating videos mapped to geo-locations

Breaking down the requirement:

- We need APIs that can provide video content or metadata about videos (possibly news, social media, or video platforms)
- We need APIs related to mapping/geographic data to locate the videos
- Potentially, news or social feeds covering the events in Iran (since the videos are about riots and events after an election)
- Since the videos should be shown on maps, mapping APIs with ability to show media or markers

Available categories relevant to this:

- video
- mapping
- news-services (since videos of riots are likely covered by news)
- social (as social media videos/documentation might be important)
- search (if searching videos is needed)

Available APIs related to videos include (some of the well-known video APIs):

- youtube (video): can provide videos by keyword/location possibly
- dailymotion (video): video platform with API
- brightcove (video): professional media platform
- vimeo (video): professional video platform
- ivi-video (video, but not listed)
- ivi-video is not listed, ignore.
- ivi-video is not in the above list.

Mapping APIs that allow placing or displaying videos or markers:

- google-maps-places
- bing-maps, bing-maps-search, bing-maps-routes
- mapquest, mapquest-open-directions, mapquest-geocoding
- openlayers, openstreetmap
- scribble-maps
- arcweb
- metacarta
- your-mapper

Among these, Google Maps APIs and Bing Maps APIs are popular and flexible.

For the videos geo-location, it might be necessary to get videos linked with geo metadata from video providers.

Social APIs might also be useful to locate videos, for example:

- twitter-streaming (social) - for tweets with geo-tagged video links
- youtube (video) - search videos with place metadata or descriptions
- facebook-graph/social - social video content (noting that facebook api is no longer available)
- giphy/search (for gif videos, but probably not relevant)
- instagram-graph/photos - Instagram videos/photos location tagged (not full social video uploads necessarily)
- vimeo (video)

News services APIs can also be considered for verified video content from news sources:

- new-york-times-newswire (news-services) - news articles, maybe with multimedia
- guardian (news-services)
- reuters-spotlight (news-services) - non-commercial news content including multimedia
- webhoseio (news-services) - structured web data including news, blogs and discussions about topics

However, since the user specifically mentions videos of riots, it's likely these videos appeared on platforms such as YouTube, Dailymotion, Vimeo, or social platforms.

Therefore, a mashup might combine video retrieval from platforms like YouTube with mapping APIs to show locations in Tehran where the videos were taken or events occurred.

Additional API considerations:

- yahoo-placemaker (mapping): location extraction from unstructured content might help link videos to locations
- google-places or google-maps-places (mapping): to locate places and get geo info
- bing-maps-search: mapping search capabilities

Unfortunately, no direct video API is specified to provide videos from specific countries or geo-locations, but YouTube can be queried by location or keywords.

**Conclusion**:

Recommend categories: ['video', 'mapping', 'news-services', 'social', 'search']

Recommend All matched APIs:
- 'youtube' (video platform allowing video search and retrieval, potentially can filter by keyword/location)
- 'dailymotion' (another video platform)
- 'vimeo' (video platform)
- 'bing-maps-search' (mapping search with SOAP/XML, can place videos on maps)
- 'google-maps-places' (places API for geo location info)
- 'bing-maps-routes' (for routing and mapping)
- 'openlayers' (to embed dynamic maps on web pages)
- 'scribble-maps' (map drawing/sharing platform)
- 'new-york-times-newswire' (news content API, possibly with video)
- 'guardian' (news articles content API)
- 'reuters-spotlight' (news content including multimedia)
- 'webhoseio' (structured web data including blogs and news, potentially videos)
- 'twitter-streaming' (social streaming for tweets, can filter by geo, may contain video links)
- 'yahoo-placemaker' (extract geo metadata from text which can be used to relate videos to locations)
- 'foursquare' (social venues and check-ins, can be used to tag video locations)
- 'instagram-real-time' (photos and videos with geo location)
- 'google-geocoding' (for converting addresses/names to geo locations)

These APIs collectively will allow a mashup app to find video content relevant to Iran, map those videos on a map of Tehran, and show relevant news and social media context around the events.

# Final Recommendation

**Recommend categories:**
['video', 'mapping', 'news-services', 'social', 'search']

**Recommend All matched APIs:**
['youtube', 'dailymotion', 'vimeo', 'bing-maps-search', 'google-maps-places', 'bing-maps-routes', 'openlayers', 'scribble-maps', 'new-york-times-newswire', 'guardian', 'reuters-spotlight', 'webhoseio', 'twitter-streaming', 'yahoo-placemaker', 'foursquare', 'instagram-real-time', 'google-geocoding']
./output/gpt/zero_shot/responses.json
データが保存されました: ./output/gpt/zero_shot/responses.json (キー: iran-election-protests-youtube-videos-1)
------------------------------
評価中のサービス: moviis
Iteration 1, Total call: 95
**Reasoning**:

The requirement is for enhancing a movie experience Android application featuring:

- Film information
- Integration with trakt.tv (popular movie and TV tracking/recommendation platform)
- Check-in functionality
- Recommendations
- Viewing history and watchlist management
- Managing collections and lists
- Upcoming and now playing movies in theaters
- Ratings
- Trailers
- And other movie-related features

To satisfy these requirements, we need APIs that provide:

1. **Movie data and metadata** (titles, plots, cast, release dates, trailers, ratings, etc.)
2. **User interaction features** such as check-in, watchlist, collection, history, recommendations
3. **Trailer and video content** access for embedding or linking to trailers
4. **Possibly social or recommendations APIs** aligned with movies and user preferences

Reviewing the available categories and APIs for relevant movie/film content:

- **entertainment** category APIs:
  - **movie-database-tmdb**: This API is a comprehensive movie, TV show, cast database with posters and fan art. It nicely fits metadata, upcoming/now playing, ratings, images, etc.
  - **rovi-cloud-services**: Provides digital entertainment metadata, recommendations, advertising, media recognition, search, and analytics. This supports metadata and recommendations.
  - **movie-related content APIs**: TrailerAddict (trailers), TheTVDB (TV show database), Internet Video Archive (video assets including trailers), Rotten Tomatoes (reviews and ratings)
  
- **recommendations** category:
  - **trakt.tv API is not listed**, but **trakt.tv** API is described as Trakt API that provides watchlist, collection, recommendations, ratings, calendars, etc.  
  - **trakt.tv** is well-known for watchlist, history, and check-in-like features.

- **video** category:
  - Trailer APIs such as TrailerAddict, Vimeo, Dailymotion, etc., for trailers and playback.
  
Since the requirement specifically calls for trakt.tv integration and diverse movie-related features, here is the analysis:

- For movie metadata, search, and upcoming/now playing in theaters:  
  - "movie-database-tmdb" is an ideal choice, as it is free, widely used, and very comprehensive, offering movie info, search, images, ratings, and more.

- For recommendations, user history, watchlist, check-ins (which corresponds to user account features):  
  - The "trakt.tv" API perfectly fits, since it includes watchlist, history, recommendations, user ratings, check-in functionality, collection, and lists.

- For trailers:  
  - The "trailer-addict" API provides access to trailers by film, genre, actor, etc., with options to embed them, which will enhance movie trailers embedding.

- For ratings and reviews:  
  - Rotten Tomatoes API is an excellent source for movie reviews and ratings data.

Other potentially useful APIs:

- TheTVDB.com API provides TV show metadata (since movies and TV shows often overlap in such apps).
- Rovi Cloud Services API for enhanced metadata and recommendations.
- Music and soundtrack integrations are not explicitly required.

**Conclusion**:

- Recommend categories: ['entertainment', 'recommendations', 'video']
- Recommend all matched APIs:
  - 'movie-database-tmdb' (comprehensive movie/TV metadata, posters, upcoming releases)
  - 'trakt.tv' (user watchlist, history, check-in, recommendations, collections)
  - 'trailer-addict' (high-quality HD movie trailers integration)
  - 'rovi-cloud-services' (movie metadata, media recognition, search, recommendations)
  - 'rotten-tomatoes' (movie reviews and ratings)
./output/gpt/zero_shot/responses.json
データが保存されました: ./output/gpt/zero_shot/responses.json (キー: moviis-1)
------------------------------
評価中のサービス: mapseeing.com
Iteration 1, Total call: 96
**Reasoning**:
The requirement is to visit famous places through two specific map platforms: Virtual Earth (which is also known as Bing Maps) and Google Maps. Additionally, the user wants to see related photos from Flickr, a popular photo-sharing service.

To fulfill this, the recommendations should include:
1. Mapping APIs that provide access to Bing Maps (Virtual Earth) and Google Maps. These should include capabilities for searching or browsing locations (famous places), furnishing map data and possibly location metadata.
2. A photos API to retrieve related photos linked to the geographical or place data, which leads us to Flickr.

From the categories, the relevant categories are:
- mapping: for Virtual Earth (Bing Maps) and Google Maps related services.
- photos: to get Flickr photos related to places.

From the available APIs:
- For Virtual Earth (Bing Maps):
  - "bing-maps" - Bing Maps REST Services API for maps, routes, geocoding etc.
  - "bing-maps-search" - search service for mapping queries with filters.
  - We also have "bing-maps-locations", "bing-maps-routes", "bing-maps-geocode-dataflow" which are specialized but "bing-maps" covers the base interactive usage.
- For Google Maps:
  - "google-maps-places" - for place information including geographic locations, points of interest.
  - "google-maps-geocoding" - to convert addresses to coordinates and vice versa (optional but helpful).
  - "google-maps" (legacy) is no longer available but the sub-APIs above are appropriate.
- For Flickr photos:
  - "flickr" - API to retrieve photos from Flickr service including searching, uploading, retrieving favorites, groups, etc.

Therefore, by using:
- Bing Maps API for Virtual Earth
- Google Maps Places API for Google Maps location/POI data
- Flickr API for retrieving photos related to those places

the user can accomplish visiting places virtually and see related photos.

**Conclusion**:
- Recommend categories: ['mapping', 'photos']
- Recommend All matched APIs: ['bing-maps', 'google-maps-places', 'flickr']
./output/gpt/zero_shot/responses.json
データが保存されました: ./output/gpt/zero_shot/responses.json (キー: mapseeing.com-1)
------------------------------
評価中のサービス: jobs-search-and-salary-research
Iteration 1, Total call: 97
**Reasoning**:
The described mashup site, www.jobsdbcenter.com, is a job listing platform that combines job listings, map-based location information, and salary research.

- The site uses Indeed API for job listings. Indeed API falls under the "jobs" category.
- It uses Google Maps API to show job locations on maps. Google Maps APIs fall under the "mapping" category.
- It also uses Payscale for salary research. This implies integrating salary data or financial data related to jobs. However, Payscale API is not explicitly listed, but salary research relates to employment compensation which is a financial aspect. Since no specific Payscale API or matching financial API is listed, the "jobs" and possibly "financial" categories might be relevant depending on Payscale availability.
- The jobs listing mashup site clearly uses APIs from the jobs and mapping category.
- To cover salary research, "financial" category might be included if APIs exist; none from the provided list directly mention Payscale, but the request specifically mentions Payscale, so we should include it as a category.
  
Therefore, recommended categories are "jobs" for Indeed, "mapping" for Google Map, and "financial" for salary research integration.

Now, matching APIs:

- For job listings: indeed (Category: jobs)
- For mapping: google-maps-places or bing-maps-search or google-maps (although google-maps is deprecated, google-maps-places is the active places API). Since the requirement states Google Maps API, we recommend the appropriate Google Maps API listed here.
- For salary research: No direct Payscale API listed. Since Payscale is not part of the given available APIs, we cannot list it explicitly. So we only list the documented APIs the site uses.

**Conclusion**:
- Recommend categories: ['jobs', 'mapping', 'financial']
- Recommend all matched APIs: ['indeed', 'google-maps-places']
./output/gpt/zero_shot/responses.json
データが保存されました: ./output/gpt/zero_shot/responses.json (キー: jobs-search-and-salary-research-1)
------------------------------
評価中のサービス: new-7-wonders-world
Iteration 1, Total call: 98
**Reasoning**:
The user wants to build a mashup/service that displays New 7 Wonders of the World on a map using Google Maps, along with a related YouTube video for each wonder.

1. Mapping:  
Since the requirement is specifically Google Maps, and we want to display locations of the 7 wonders, we need a mapping API that supports geolocation, markers, and embedding Google Maps.  
From the available APIs, Google Maps-related APIs are present:  
- google-maps-places (for places info)  
- google-maps-geocoding (to get coordinates of wonders by name/address, if needed)  
- google-maps (though marked deprecated, it suggests using individual APIs)  
- google-maps-elevation  
- google-maps-geolocation  
- google-maps-distance-matrix  
- google-maps-directions  
- google-static-maps (for static images)  
The best match for interactive maps is the google-maps-places API and potentially google-maps-geocoding. The google-maps-places API allows getting place details such as coordinates and points of interest which can be used to position the wonders on a map.

2. YouTube Video Embedding:  
For each wonder, we want an associated YouTube video. The YouTube Data API allows searching and retrieving videos.  
The "youtube" API is listed under the video category here, with functionality to search videos and retrieve relevant data. This fits well to get videos related to each wonder.

3. Integration Consideration:  
The mashup will combine:  
- Map display with markers (mapping category, Google Maps)  
- For each marker, show or link a YouTube video (video category)  
Hence, the mashup will use at least the mapping and video categories and their respective APIs.

4. Other categories/APIs:  
None of the other categories like "news-services" or "media" strictly match this need.  
We do not need any other API for this specific task.

**Conclusion**:
- Recommend categories: ['mapping', 'video']  
- Recommend All matched APIs: ['google-maps-places', 'google-geocoding', 'youtube']

Note:  
- google-geocoding API is recommended optionally for converting the names of wonders to coordinates if coordinates are not known in advance.  
- google-maps-places API provides detailed place information useful for location display.

# Final Recommendation

**Categories**: ['mapping', 'video']  
**APIs**: ['google-maps-places', 'google-geocoding', 'youtube']
./output/gpt/zero_shot/responses.json
データが保存されました: ./output/gpt/zero_shot/responses.json (キー: new-7-wonders-world-1)
------------------------------
評価中のサービス: food-twitter
Iteration 1, Total call: 99
**Reasoning**:
- The user wants "Breakfasts, lunches and dinners from Twitter". This implies a mashup that involves food-related meal content shared or mentioned on Twitter.
- The keywords "breakfasts, lunches and dinners" point to food-related content.
- The source specified is Twitter, meaning integration with Twitter's data.
- Thus, we want APIs that relate to:
   1. The Social category for access to Twitter data.
   2. The Food category since the content is about meals.
- Looking at the available categories, "social" and "food" categories exist.
- For the "social" category:
  - Twitter API is listed but marked as no longer available and split into multiple APIs.
  - A viable alternative from the available APIs for Twitter data is the "twitter-streaming" API under social category which provides high-throughput realtime access to Twitter data including statuses, filtered by keyword, location, etc.
  - Other social APIs include Tagalus (Twitter hashtags definitions), but this does not provide the main tweet content.
- For the "food" category:
  - Untappd (beer social sharing)
  - Open Dining Network Food Ordering API (menus + ordering)
- However, the user's requirement is meals (breakfast, lunch, dinner) from Twitter, which suggests we want to fetch tweets containing food content. For this, the streaming Twitter API is the best fit to track tweets mentioning meals.
- In addition, the Tagalus API (social) may help provide meaning to related Twitter hashtags like #breakfast, #lunch, #dinner if hashtags are involved.
- No direct food social media API specifically focused on meals is listed.
- Therefore, combining "social" (for Twitter data) and possibly "food" (for food data) categories.
- Since the user specifically wants Twitter data about meals, the primary category recommended is "social".
- In terms of relevant APIs:
  - twitter-streaming (social): for live Twitter data stream of tweets mentioning meals.
  - tagalus (social): to get the meaning of Twitter hashtags that might relate to meals, enhancing app context.
- The Untappd API is more about beer and may not be directly relevant.
- Open Dining Network Food Ordering API is for menus and ordering, not meal mentions on Twitter.
- Other Twitter related APIs (twitter search, twitter) are deprecated or unavailable.
- Therefore, recommend "social" category, with twitter-streaming and tagalus APIs.

**Conclusion**:
- Recommend categories: ['social']
- Recommend all matched APIs: ['twitter-streaming', 'tagalus']
./output/gpt/zero_shot/responses.json
データが保存されました: ./output/gpt/zero_shot/responses.json (キー: food-twitter-1)
------------------------------
評価中のサービス: codexmap
Iteration 1, Total call: 100
**Reasoning**:
The requirement is for "CodexMap" which enables users to find and place books graphically on a map. This implies a mashup that integrates:
- Book-related data
- Mapping/geography features

We need APIs that support book data acquisition and geospatial mapping capabilities to provide map-based interaction. The service should allow graphical presentation of books' locations and allow interaction with those books on the map.

From the available categories and APIs:

1. **Books/Reference**:
   - Need APIs that provide book data, metadata, or book records.
   - Available APIs:
     - open-library-books (Category: reference): Open editable library catalog with book records, covers, searches.
     - goodreads (Category: books): API to get books, reviews, shelves, author info.
     - google-book-search-book-viewability (Category: search): Links to books in Google Book Search by ISBN and viewability.
     - isbn-db (Category: reference): Data about books by ISBN with metadata.
     - librarything (Category: reference): API for ISBNs, titles, language info.
     - abebooks (Category: search): Huge book inventory including rare and out-of-print books.

2. **Mapping/Geography**:
   - We need mapping APIs to display books on maps and allow interactivity with location data.
   - Available mapping APIs:
     - bing-maps-search
     - google-maps-places
     - mapquest
     - openstreetmap
     - bing-maps-locations
     - mapbox
     - geonames (has places and geo data)
     - geolocational and geocoding APIs useful for placing the books on maps.

3. **Integration**:
   - The mashup will combine results from books APIs with geographic data and visualization via mapping APIs.

The best fit categories are therefore:
- reference (for books data)
- mapping (for graphical map interaction)
- potentially books or search category if more book-specific APIs exist.

**Matched APIs** for books:
- open-library-books
- goodreads
- abebooks
- isbn-db
- librarything

**Matched APIs** for mapping:
- bing-maps-search
- google-maps-places
- mapquest
- openstreetmap
- bing-maps-locations
- mapbox

**Conclusion**:
- Recommend categories: ['reference', 'mapping', 'books', 'search']
- Recommend All matched APIs: [
  'open-library-books',
  'goodreads',
  'abebooks',
  'isbn-db',
  'librarything',
  'bing-maps-search',
  'google-maps-places',
  'mapquest',
  'openstreetmap',
  'bing-maps-locations',
  'mapbox'
]
./output/gpt/zero_shot/responses.json
データが保存されました: ./output/gpt/zero_shot/responses.json (キー: codexmap-1)
------------------------------
評価中のサービス: geckogo
Iteration 1, Total call: 101
**Reasoning**:

The requirements clearly specify a travel planning site aimed at independent travelers. The key features involve:

1. Integration with **Google Maps**:
   - Required for mapping, geolocation, and navigation to help travelers view locations, routes, and points of interest.

2. Integration with **Flickr**:
   - To provide access to photo albums and images, which is useful for users to see pictures related to destinations and share their own albums.

3. Integration with **various social networks**:
   - Supports features like blogging, social sharing, trip planning, and guide browsing.
   - Social networks enable user interaction, content sharing, and community building.

4. Features like **photo albums, trip planning, blogging, and guide browsing**:
   - Blogging APIs for users to write posts about their travels.
   - Guide browsing to locate and explore travel guides or event information.
   - Social media for sharing experiences.

**Mapping to categories and APIs:**

- For Google Maps functionality:
  - The most relevant is the **mapping** category.
  - Available APIs:
    - **google-maps-places**: To get detailed place information.
    - **google-maps-geolocation**: For location detection.
    - **google-maps-directions**: For routing and directions.
    - **google-geocoding**: To convert addresses into coordinates and vice versa.
    - **google-maps-elevation**: Might be relevant for terrain info.
  - Also consider **bing-maps** or **mapquest** as alternatives, but since Google Maps is specified, prioritize Google Maps APIs.
  
- For Flickr photo integration:
  - Category: **photos**
  - API: **flickr** API, which supports retrieving and uploading photos, accessing photo feeds, etc.
  
- For various social networks with blogging and social sharing:
  - Categories: **social**, **blogging**
  - APIs:
    - **wordpresscom** or **blogger** for blogging platforms to allow posts and sharing.
    - **facebook-graph**, **twitter**, **instagram-graph**, **tumblr** (if available) for social sharing and networking.
    - **facebook-graph** is marked deprecated in the list; we have **facebook-graph** though (no exact replacement given) but **facebook-graph** is deprecated; alternatively can use **facebook** but it's deprecated too, so consider modern APIs if available.
    - **twitter** API is deprecated; however, **twitter-streaming** is available but limited.
    - **tumblr** API: for blogging/social platform.
    - **buffer**, **addthis-sharing-endpoints**, **addthis-services** for social sharing facilitation.
  
- For trip planning and guide browsing:
  - Category: **travel**
  - APIs:
    - **evature-travel-search**: for travel query natural language processing.
    - **tripit**: for accessing travel itineraries.
    - **yahoo-travel**: trip planning APIs.
    - **skyscanner-live-pricing**, **amadeus**, **sabres-0**: for flights and hotel bookings.
    - Since it's a site for independent travelers integrating multiple data sources, the **travel** category APIs can enhance planning features.
  
- Other useful APIs:
  - **eventbrite**, **eventful**, **active**: event related APIs to offer activities and events at destinations.
  - **foursquare**: location and venue info with social check-in features.
  - **yelp-fusion**: business and local recommendations and reviews.
  
**Summary**

- Core categories are:
  - mapping (for Google Maps integration)
  - photos (for Flickr)
  - social (for social network integrations)
  - blogging (for blog features)
  - travel (for trip planning and guide browsing)

- Recommend relevant APIs in these categories that directly support or complement the above.

**Conclusion**:

Recommend categories: ['mapping', 'photos', 'social', 'blogging', 'travel']

Recommend All matched APIs: 
[
  'google-maps-places',
  'google-maps-geolocation',
  'google-maps-directions',
  'google-geocoding',
  'flickr',
  'wordpresscom',
  'blogger',
  'tumblr',
  'facebook-graph',
  'twitter-streaming',
  'buffer',
  'addthis-services',
  'addthis-sharing-endpoints',
  'tripit',
  'evature-travel-search',
  'yahoo-travel',
  'skyscanner-live-pricing',
  'amadeus',
  'eventbrite',
  'eventful',
  'active',
  'foursquare',
  'yelp-fusion'
]
./output/gpt/zero_shot/responses.json
データが保存されました: ./output/gpt/zero_shot/responses.json (キー: geckogo-1)
------------------------------
評価中のサービス: pixtaplace
Iteration 1, Total call: 102
**Reasoning**:
PixtaPlace requires integration of mapping/location services to look up and display locations, along with retrieving recent photographs from image/photo services like Instagram and Flickr. The location lookup is via Google Maps API, so a mapping category API that offers geolocation and mapping functionalities is required.

For the photographs, two popular photo sharing platforms are mentioned: Instagram and Flickr. Therefore, photo-related categories and their respective APIs for Instagram and Flickr should be included.

Mapping:
- The Google Maps API is explicitly mentioned for location lookup.
- Available categories related to mapping include "mapping"
- Available APIs that fit: google-maps-places (place lookup), google-geocoding, google-maps-geocoding, google-static-maps, bing-maps, flickr (for photos but also has geo capability), etc.

Photo services:
- The service requires recent photographs from Instagram and Flickr.
- Flickr API is available under "flickr" in photos category.
- Instagram API is available under "instagram-graph" (auth access), and Instagram Real-time API for receiving photos as added.
- Both can be used to retrieve recent photos by location.

Therefore, primary categories:
- mapping (for Google Maps API features)
- photos (for Instagram and Flickr)

Recommended APIs:
- google-maps-places (for location lookup by latitude/longitude)
- flickr (to retrieve photos including geo-related photos)
- instagram-graph (for Instagram photo access)
- instagram-real-time (to get recent photos as they are added)

"google-maps-places" is specifically described as providing information about places using lat/lon, which is essential for location lookups.

**Conclusion**:
- Recommend categories: ['mapping', 'photos']
- Recommend All matched APIs: ['google-maps-places', 'flickr', 'instagram-graph', 'instagram-real-time']
./output/gpt/zero_shot/responses.json
データが保存されました: ./output/gpt/zero_shot/responses.json (キー: pixtaplace-1)
------------------------------
評価中のサービス: healthy-lemur
Iteration 1, Total call: 103
**Reasoning**:  
The Healthy Lemur app includes the following main features:  
1. Linking Foursquare account to track gym visits. Foursquare API is suitable because it offers location-based experiences, venue information, check-ins, and user data which can be used to track visits to the gym.  
2. Linking Facebook and/or Twitter accounts for posting updates or "shaming" based on exercise goals. Both Facebook and Twitter are social media platforms where users can share updates. Relevant APIs are required for authenticating and posting on these platforms.  
3. Selecting number of days per week to exercise, and tracking fulfillment of that goal. This is app logic and may need calendar/scheduling and countdown functionality, but explicit API support could be handled by your own backend or project management APIs if needed. However, since the requirement only specifies posting updates to social media and tracking check-ins via Foursquare, most of the API needs focus on social and location services.

Given these, categories recommended are:  
- social: for Facebook and Twitter integration to post user progress/status on timelines.  
- social (or possibly location if social API includes social check-in features): for Foursquare integration. We note Foursquare is listed under "social" category here.  
- location or mapping category is less critical as the major location-based service is Foursquare which is under social in this list.  

Matching APIs:  
- foursquare (Category: social): For location-based experience, venue info, user check-ins (gym visits).  
- facebook-graph (Category: social): For Facebook authentication and posting statuses. Although it is marked as no longer available, it is the known Facebook API for social integration. We can consider "facebook-graph" for Facebook integration in this context.  
- twitter (Category: social): For Twitter posting and account linking, same note as Facebook's discontinuation but historically the primary API for Twitter (no longer available, but conceptually the right match). Also, "twitter-streaming" might be used to monitor or post, but "twitter" API is more relevant here.  

No other categories or APIs seem directly relevant to these core requirements.

**Conclusion**:  
- Recommend categories: ['social']  
- Recommend All matched APIs: ['foursquare', 'facebook-graph', 'twitter']
./output/gpt/zero_shot/responses.json
データが保存されました: ./output/gpt/zero_shot/responses.json (キー: healthy-lemur-1)
------------------------------
評価中のサービス: klezio
Iteration 1, Total call: 104
**Reasoning**:

The requirement is to aggregate news from all around the web, provide related stories, wikinews, tags, Wikipedia links, Flickr photos, tweets, and more. This indicates the need for APIs or categories that cover:

1. **News Aggregation**: Access to news content from various sources and to collect news stories.
2. **Related Stories and Wikinews**: Related content from news services and Wikipedia-based news.
3. **Tags and Wikipedia Links**: Semantic tagging, linking to Wikipedia content, or semantic data APIs.
4. **Flickr Photos**: Access to photos from Flickr.
5. **Tweets and Social Content**: Social media content, especially Twitter.

From the Available Categories and APIs:

- **News Services**: This category hosts APIs that aggregate news content, often from multiple sources. For example:
  - **webhoseio**: On-demand access to structured web data including news, blogs, and online discussions.
  - **guardian**: Access to news articles from The Guardian.
  - **new-york-times-article-search**: For searching news articles by keyword.
  - **reuters-spotlight**: Provides content from Reuters including news, multimedia articles.
  - **daylife**: Provides answers to news questions and builds applications based on news.
  - **reddit**: User submitted and rated stories, including news.
  
- **Wiki**: This category includes APIs providing access to structured data from Wikipedia and related projects:
  - **wikipedia**: The unofficial Wikipedia API to access data from MediaWiki.
  - **wikilocation**: API for searching Wikipedia articles by location.
  - **dbpedia-spotlight** and **dbpedia**: Extract structured information from Wikipedia and annotate text with DBpedia entities.
  
- **Social**: APIs providing access to social media content, including Twitter and other social networks:
  - **twitter-streaming**: Access real-time tweets.
  - **twitter-search**: Twitter search API.
  - **facebook-graph**, **linkedin**, **plancast**, **tagalus** etc., provide social data.
  - **buffer**, **addthis-services**, **social-share-count**, **tumblr**, and others provide various social features.
  
- **Photos**: Specifically to fetch photos, including Flickr-related APIs:
  - **flickr**: Retrieve photos and videos from Flickr.
  - **pixabay-free-images**: Access to free high quality photos.
  - **instagram-graph** and **instagram-real-time**: Instagram photo access.
  - **photobucket**, **500px** (though not publicly available now), and others.
   
- **Search**: General search APIs might also be relevant for Tweeter searches, Yummly recipe search, or other types of search. Specifically for Twitter, the **twitter-search** API is important.

- **Tagging** and **Semantics**: For tagging and semantic tagging of news and text:
  - **thomson-reuters-open-calais**: For intelligent tagging of text.
  - **amplify**: Provides NLP-driven semantic analysis.
  - **rxnlp-text-similarity** and **dbpedia-spotlight** also offer natural language processing relevant for tag extraction.

Combining these:

- **News-services** for aggregation and access to news articles and feeds.
- **Wiki** for Wikipedia-derived data and links.
- **Photos** for Flickr, as well as other photo APIs.
- **Social** for tweets and social content.
- Possibly also **tagging** or **semantics** category for tags and related story associations.

**Recommended APIs for this mashup**:

- **webhoseio (news-services)**: extensive structured web data and news aggregation.
- **guardian (news-services)**: Representative news content from a trusted news source.
- **new-york-times-article-search (news-services)**: Access to wide range of news archives.
- **reuters-spotlight (news-services)**: Reuters content, multimedia.
- **daylife (news-services)**: Build applications around news answers.
- **reddit (news-services)**: Access to user-submitted stories and discussion.
  
- **wikipedia (wiki)**: Comprehensive access to Wikipedia data.
- **wikilocation (wiki)**: Wikipedia articles by location, geotagged news.
- **dbpedia (wiki)** and **dbpedia-spotlight (tagging or wiki)**: For entity linking and semantics.
  
- **flickr (photos)**: Official API to retrieve photos.
- **pixabay-free-images (photos)**: License free photos to supplement.
- **instagram-real-time (photos)**: Real-time photos from Instagram.
  
- **twitter-streaming (social)**: Real-time tweets.
- **twitter-search (search/social)**: Search tweets.
- **facebook-graph or linkedin or tumblr or plancast or tagalus (social)**: Optional, for extended social content.
  
- **thomson-reuters-open-calais (tagging)** or **amplify (semantics)**: For tagging, entity extraction, semantic enrichment related to stories.

**Conclusion**:

- Recommend categories:
  ['news-services', 'wiki', 'photos', 'social', 'tagging', 'semantics']

- Recommend all matched APIs:
  ['webhoseio', 'guardian', 'new-york-times-article-search', 'reuters-spotlight', 'daylife', 'reddit', 
  'wikipedia', 'wikilocation', 'dbpedia', 'dbpedia-spotlight', 
  'flickr', 'pixabay-free-images', 'instagram-real-time', 
  'twitter-streaming', 'twitter-search', 'thomson-reuters-open-calais', 'amplify']
./output/gpt/zero_shot/responses.json
データが保存されました: ./output/gpt/zero_shot/responses.json (キー: klezio-1)
------------------------------
評価中のサービス: belizemapia
Iteration 1, Total call: 105
**Reasoning**:  
The requirement involves two main functionalities:

1. To find attractions on a map of Belize and other Central American cities. This involves mapping and location-based searching. We need an API that can provide geographic data, map rendering, and possibly search by location or points of interest. Relevant categories for this part include "mapping" and possibly "location".

2. To provide tabs to watch YouTube videos related to the city. This means having video integration from YouTube or similar services. The category for this functionality clearly falls under "video".

By combining these two, the mashup can show a map with attractions marked on it and allow users to watch videos related to these places via embedded YouTube videos.

For mapping, several APIs are available such as Bing Maps and Google Maps Places API; however, focusing on the available APIs:

- **bing-maps-search** (mapping): Allows parsing of mapping-related search queries and returning search results, suitable for finding attractions by location.  
- **google-maps-places** (mapping): Returns information about places, establishments, points of interest, useful to find attractions by geographic location.

For video:

- **youtube** (video): Provides access to YouTube's video content, enabling search for videos related to the city and embedding them in the application.

Thus, these APIs cover the specified requirements well.

**Conclusion**:  
- Recommend categories: ['mapping', 'video']  
- Recommend All matched APIs: ['bing-maps-search', 'google-maps-places', 'youtube']
./output/gpt/zero_shot/responses.json
データが保存されました: ./output/gpt/zero_shot/responses.json (キー: belizemapia-1)
------------------------------
評価中のサービス: japan-talent-data-box
Iteration 1, Total call: 106
**Reasoning**:
- The user wants a directory service for Japanese talents such as actors, actresses, and models.
- This implies a need for a social or professional networking category with data about individuals in the entertainment or modeling industry.
- The directory should include searchable profiles, possibly with connections, info about talents, and the ability to retrieve details programmatically.
- Among available categories, 'social' fits best because it includes social networks and related platforms.
- Possible relevant APIs from the 'social' category that provide information on users, profiles, and content include:
  - linkedin: Provides a RESTful platform with data about people, companies, jobs, and relations. Suitable for professional and talent directory.
  - vk: A large European social network with user profiles and content, potentially has large user base.
  - facebook-graph: Although deprecated, Facebook Graph API has rich user profile data.
  - meetup: Provides data about groups, events, and members; could be useful for talent event-related info.
  - tumblr, pinterest-domain, twitter-streaming, and others focus on other social data types but might have less direct relevance.
- Since the request is specifically for Japanese talents, APIs from Japan focused social networks or those which support Japanese content would be ideal. None obviously stands out, but LinkedIn covers global professional profiles including Japan.
- Another angle is whether any entertainment or media APIs cover Japanese talents directly, but none explicitly mention Japanese actors/models directory.
- So, the best approach is to recommend the 'social' category and relevant social APIs with people profile data such as LinkedIn and VK.
- Additionally, 'search' category might be useful if there is a need for searching talents across web data, but no specific search API for Japanese talents is listed.
- No direct directory API for Japanese talents is found in the given API list.
- Thus, recommending 'social' category and Linkedin and VK APIs as the closest relevant.

**Conclusion**:
- Recommend categories: ['social']
- Recommend All matched APIs: ['linkedin', 'vk']
./output/gpt/zero_shot/responses.json
データが保存されました: ./output/gpt/zero_shot/responses.json (キー: japan-talent-data-box-1)
------------------------------
評価中のサービス: mapping-events
Iteration 1, Total call: 107
**Reasoning**:

The requirement is to discover upcoming events and activities via a user-friendly interface that integrates mapping capabilities, search features with filtering options such as category, place, or date, and sorting by multiple criteria like relevance, date, title, popularity or venue name. The data source mentioned is Eventful API, and mapping should be based on Google Maps. There are also mentions of Google AJAX Search API, WorldIP API, Yahoo YQL, and Yahoo YUI involved in powering this.

Let's break down the needs:

1. **Events Discovery and Management**:
   - Need an API that provides event data including listings, categories, venues, dates, and ability to query upcoming events.
   - Eventful API is explicitly mentioned for event data.
   - Eventbrite API is another event API listed with rich event, venue, attendee, transaction data.
   - Active.com API also provides event data for sports and fitness-related activities.
   - Brown Paper Tickets API is a ticketing and event management API.
   - Looking at these, Eventful API is the most aligned as per the requirement.

2. **Mapping and Location-Based Search**:
   - Mapping should be based on Google Maps API.
   - Google Maps Places API allows searches for geographic locations, establishments, points of interest with detailed info.
   - Google Maps API suite also includes Google Maps Search, Directions, Routes, Elevation, Geocoding that could be useful for mapping events.
   - Bing Maps Search is also listed but Google Maps is stated as the required mapping base.
   - Yahoo Geoplanet, WorldIP API or similar geo-IP location APIs might be used for identifying user location for personalization.

3. **Search and Filtering**:
   - The requirement mentions search with filtering options on category, date, place, etc.
   - Google AJAX Search API mentioned can provide web search capabilities.
   - Yahoo YQL (Yahoo Query Language) and Yahoo YUI (Yahoo User Interface Library) can be used for data querying and UI components.
   - Eventful API supports category filters, date filters, and sorting capabilities.

4. **Additional APIs for Geo and IP**:
   - WorldIP API is to identify location from IP for personalization.
   - Similar services in the provided API list are ip2location, ip-apicom-geolocation, etc.

**Given APIs and Categories Available**:

- Eventful (Category: events)
- Google Maps Places API (Category: mapping)
- Google Maps-related APIs (mapping)
- Eventbrite (Category: events)
- WorldIP API is not explicitly listed, but IP2Location (mapping) or similar can be an alternative
- Yahoo Query Language (YQL) is not explicitly listed but Yahoo-search-marketing or Yahoo Local Search could partly cover it. YQL is mentioned in the requirement but no direct API match listed here.
- Yahoo YUI is a UI framework and not an API, so no direct matching API.

**Conclusion**:

The core needed categories are:

- events (to discover and filter event data)
- mapping (to power the map interface using Google Maps)
- search (to enable search capability, filtering, and sorting of events)

**Recommend categories:**
['events', 'mapping', 'search']

**Recommend APIs:**

- 'eventful' (Eventful API) – primary provider for event data, searching, filtering, sorting by popularity, date, venue, etc.
- 'google-maps-places' (Google Maps Places API) – for placing event locations on maps, searching places and geographic locations with comprehensive place data.
- 'google-maps' (Google Maps REST Services) – for map rendering, directions, geocoding, and other location functionalities.
- 'ip2location' (IP Geolocation API) – to personalize user experience based on IP address location if needed in place of WorldIP.
- 'yahoo-local-search' (Yahoo! Local Search API) – optional additional source for location-based business/event search.
- 'google-ajax-search' is not explicitly listed under this data but the Google Web Search API (possibly google-custom-search) could substitute if needed.
  
Because the requirement explicitly names Eventful API, Google Maps API, and WorldIP API, the above APIs match well.

# Final Recommendation

**Recommend categories:**  
['events', 'mapping', 'search']

**Recommend All matched APIs:**  
['eventful', 'google-maps-places', 'bing-maps-search' (optional fallback), 'ip2location', 'yahoo-local-search']
./output/gpt/zero_shot/responses.json
データが保存されました: ./output/gpt/zero_shot/responses.json (キー: mapping-events-1)
------------------------------
評価中のサービス: padmapper
Iteration 1, Total call: 108
**Reasoning**:

The requirement is for a home rental hunting application with features similar to or improved upon housingmaps.com. Key functionalities include:

1. Aggregating rental listings that include Craigslist and more sources.
2. Favorites list for users to save preferred listings.
3. Good filtering options, including geographic/demographic filters.
4. Map zooming and displaying popular businesses nearby.
5. Specific filtering for commute time by subway, at least in NYC.

Breaking down the requirement to map to available categories and APIs:

- **Real Estate**: Central to housing and rental listings. Need APIs that provide property listings, pricing, descriptions, and possibly integrate Craigslist or similar datasets. Categories: real-estate, ecommerce (for marketplace listings), search (for querying listings).

- **Mapping / Location**: Displaying listings on maps, zoom in/out, showing nearby popular businesses, and enabling geographic filters. Also needed for commute time visualization and calculations. Categories: mapping, location.

- **Transportation**: Filtering by max commute time via subway suggests access to transit data or route calculation. This implies needing APIs providing transit times or commute filtering. Categories: travel, transportation, mapping (for routing), possibly analytics (for commute time calculations).

- **Social or User Features**: For favorites list or personalized data, possibly leveraging social or backend categories (user data, sessions, and profile management). Categories: backend, social.

- **Search & Filtering**: To enable good filtering on listings. Categories: search.

Checking APIs that match:

- **For Real Estate & Housing Listings**:

  - **nestoria (real-estate)** - API for property search in UK and Spain, possibly limited coverage.

  - **booli (real-estate)** - Swedish real estate search portal.

  - **zillow (real-estate)** - Provides home valuation, property details, and local data for US housing.

  - **walk-score (real-estate)** - Calculates walkability of address based on nearby amenities.

  - **realtybaron-answers (real-estate)** - Q&A service for real-estate but less central to listings.

  - **housingmaps.com** is mentioned but not found in the APIs.

  - Craigslist is mentioned but no direct API is listed; however, the system can integrate from multiple sources via search or ecommerce APIs.

- **For Mapping and Location**:

  - Several mapping APIs listed like **bing-maps**, **google-maps-places**, **mapquest**, **mapbox**, **openlayers**, **microsoft-bing-maps**, **your-mapper**, **geonames**, **google-maps-geocoding**, etc.

  - The ability to zoom in, show popular businesses and geolocate are covered by Google Maps Places API, Bing Maps API, Mapbox or MapQuest.

- **For Transportation / Commute Time**:

  - **yahoo-traffic**, **bing-traffic**, **google-distance-matrix**, **google-maps-directions**, and others could provide transit or commute routing time.

  - NYC subway routing can be supported via general travel or mapping APIs with transit features.

- **For Search & Filtering**:

  - General search APIs like **yelp-fusion** could help deliver popular business data.

  - **yelp-fusion** offers business review, rating, geographic region info, good for displaying popular businesses nearby.

  - Other search APIs like **primal**, **yahoo-search-marketing** (ads), or **bing** search exist but less relevant.

- **For Favorites / Backend / User**:

  - No specific API mentioned for favorites list, so backend or database APIs (like **cloudmine**, **quickblox**, **ahrefs** (SEO data), or even simple application backend platforms like **cloudmine**) could be used to manage user data.

- **Given Craigslist can't be directly accessed via official API**, aggregators or search APIs that include Craigslist data may be used, or web scraping with their API (not in the listed APIs).

- **Note**: For filtering by max commute time via subway in NYC, direct transit data APIs for NYC subway are not explicitly listed, but mapping APIs with transit routing such as Google Maps Directions API or Bing Maps Routes API can be leveraged to estimate commute times.

---

**Conclusion**:

Recommend categories:

- ['real-estate', 'mapping', 'travel', 'search', 'backend', 'ecommerce']

Recommend matched APIs:

- Real Estate APIs:

  - 'zillow' (comprehensive property data for US)

  - 'nestoria' (property search but limited geography)

  - 'booli' (Swedish real estate)

  - 'walk-score' (walkability data relevant for housing decisions)

- Mapping and Location:

  - 'google-maps-places' (places info for popular businesses)

  - 'bing-maps' (mapping and routing)

  - 'mapquest' (mapping including search and routes)

  - 'mapbox' (mapping tools)

  - 'your-mapper' (aggregated local government mapping data)

- Transportation / Commute:

  - 'google-distance-matrix' (travel distance and time)

  - 'bing-traffic' or 'yahoo-traffic' (traffic and transit data)

  - 'bing-maps-routes' (routing including transit)

- Search:

  - 'yelp-fusion' (business reviews and info, popular businesses near listings)

- Backend / User data:

  - 'cloudmine' (backend-as-a-service for user data management and favorites)

---

These APIs cover the core requirements of home rental listings, mapping with zoom and popular businesses, commute filtering by subway via distance/routing APIs, and user favorites management via backend API.

# Final Recommendation

**Recommend categories**:  
['real-estate', 'mapping', 'travel', 'search', 'backend', 'ecommerce']

**Recommend all matched APIs**:  
['zillow', 'nestoria', 'booli', 'walk-score', 'google-maps-places', 'bing-maps', 'mapquest', 'mapbox', 'your-mapper', 'google-distance-matrix', 'bing-traffic', 'yahoo-traffic', 'bing-maps-routes', 'yelp-fusion', 'cloudmine']
./output/gpt/zero_shot/responses.json
データが保存されました: ./output/gpt/zero_shot/responses.json (キー: padmapper-1)
------------------------------
評価中のサービス: inauguration-scrapbook
Iteration 1, Total call: 109
**Reasoning**:  
The requirement describes a platform built rapidly by Obama supporters after the inauguration, enabling millions to share, view, and vote on images capturing a special series of days. The primary functionalities needed here are:  
- Image sharing and storage  
- Viewing images  
- Voting or rating images (i.e., social interaction features)  
- Possibly some social or community engagement features to allow interaction among users  

Breaking down the requirements against available categories and APIs:  

1. **Photos category**: Since the core content revolves around images related to the event, APIs that provide photo sharing, uploading, hosting, and retrieval capabilities are essential. Among the available photo APIs, options like Flickr, Imgur, 500px (though currently unavailable), Photobucket, Pixabay, SmugMug, Instagram, and others exist. A photo API will help in uploading, storing, and retrieving images for viewing.  

2. **Social category**: Voting and sharing functionality involve some social aspect, such as users voting on images or interacting in some social capacity. Social APIs like Facebook Graph, Twitter, Instagram, and others can help integrate social sharing or community features, or even basic social structures allowing users to interact, comment, or vote.  

3. **Storage category**: If the photos are to be stored and accessed reliably at scale, cloud storage APIs like Amazon S3, Google Drive, Dropbox, or similar can be used to manage image storage. However, often photo hosting services handle storage implicitly. If the platform directly manages storing images without existing photo hosting, storage API is recommended.  

4. **Messaging or Voting category**: There appears no direct category or API explicitly for voting, but social APIs sometimes include liking/voting mechanisms. Alternatively, backend or database APIs can be used to build this functionality.  

After reviewing the available APIs:  

- **Photos APIs** like Flickr (supports photo sharing and retrieval), Imgur, Photobucket, and Instagram could be good candidates for storing and sharing images.  

- **Social APIs** such as Facebook Graph or Twitter might be used if integration with social media platforms or support for social voting/sharing is needed.  

- Since the requirement specifically mentions sharing and voting on images capturing the events, integration with a photo sharing API (Flickr or Imgur) combined with a social API for voting and sharing seems most appropriate.  

The focus is on sharing/viewing/voting on images, so core essential categories are Photos, Social, and potentially Storage.  

**Conclusion**:  
- Recommend categories: ['photos', 'social', 'storage']  
- Recommend matched APIs: ['flickr', 'imgur', 'instagram-graph', 'facebook-graph', 'photobucket', 'amazon-s3', 'dropbox']
./output/gpt/zero_shot/responses.json
データが保存されました: ./output/gpt/zero_shot/responses.json (キー: inauguration-scrapbook-1)
------------------------------
評価中のサービス: flowd
Iteration 1, Total call: 110
**Reasoning**:
- The requirement is to build a mashup service similar to Flowd, which involves marking favorite spots on a map and sharing that with friends. This implies the need for APIs dealing with maps, location data, and possibly social sharing or social data.
- Additionally, Flowd shows nearby gigs of favorite artists. This means the service will also require access to event data (specifically music gigs) and artist information.
- Therefore, we need to consider APIs in the categories of mapping (for the geospatial aspects and marking spots), social (for sharing with friends or accessing social context), music (to get artist information and possibly concerts/gigs), and events (for nearby gigs information).
- Among the available APIs:
  - Mapping category: Several solid candidates like bing-maps-search, google-maps-places, mapquest, openlayers, etc. These APIs allow marking spots, searching places, and get geo-data relevant for user locations and favorite spots.
  - Events category: APIs like Eventbrite and Eventful provide event and attendee data. They can be useful to get music gigs.
  - Music category: APIs like bandsintown, songkick, jamendo, lastfm, musixmatch, spotify-web, etc. provide artist info, concerts, and music recommendations. Bandsintown and Songkick specifically mention concert and gig data.
  - Social category: To tell friends where the action is happening, APIs like facebook-graph, twitter-streaming, foursquare, linkedin, meetups, or others in social category could be relevant to enable friend sharing or social connectivity.
- To stay focused on closest matches to Flowd:
  - Mapping: bing-maps-search or google-maps-places enable marking spots on the map and querying nearby places.
  - Events: Eventbrite and Eventful APIs provide access to concert and event data.
  - Music: Bandsintown and Songkick are explicitly about local concerts and gigs and artist info.
  - Social: APIs like facebook-graph or twitter-streaming could provide friend info and social sharing, but considering the requirement just says "tell your friends," this could be basic sharing or social media integration rather than complex social graph management. Hence, the social tag can be recommended but specific APIs depend on the social platform integration desired.
  
**Conclusion**:
- Recommend categories: ['mapping', 'events', 'music', 'social']
- Recommend All matched APIs: ['bing-maps-search', 'google-maps-places', 'eventbrite', 'eventful', 'bandsintown', 'songkick', 'facebook-graph', 'twitter-streaming', 'foursquare']
./output/gpt/zero_shot/responses.json
データが保存されました: ./output/gpt/zero_shot/responses.json (キー: flowd-1)
------------------------------
評価中のサービス: mapattack
Iteration 1, Total call: 111
**Reasoning**:  
- The game MapAttack involves real-time strategy gameplay based on geolocation, virtual geofences, and real-world player movements to capture regions on the map.  
- Key functionalities needed:  
  - Mapping services to present maps, geofence locations, and player positions.  
  - Geolocation APIs to locate players’ current physical position and update in real time.  
  - Possibly routing or distance matrix APIs to calculate travel distances or times to geofences.  
  - Backend or real-time communication services to update game state as players move, capture geofences, etc.  
  - Real-time or push messaging may be useful for game updates or events.  
- From the available categories and APIs:  
  - Mapping category is essential as the core game uses maps and geofences:  
    - APIs like bing-maps-rest-services (bing-maps), google-maps-places (mapping), mapquest (mapping), openlayers (mapping), or mapbox (mapping) would be suitable for rendering maps and geofences.  
  - Location category is also relevant for real-time player location:  
    - google-maps-geolocation, ip2location, or similar could be used, but IP-based location might be less precise for real-time movement. Mobile device GPS would be better, through standard location services on device.  
  - Messaging or backend category (such as quickblox or pubnub) may be useful for real-time updates and chat, but the requirements do not explicitly mention communications beyond game captures. Still, could be considered.  
  - Considering the geofence concept, which is a geo-spatial boundary, the mapping API should support polygon overlays and detection of user inside/outside geofence.  
  - Analytics or monitoring could be useful for tracking player movements or game stats but is not strictly required.  
- Focus on mapping and location APIs that can support dynamic, interactive maps with geofences.  
- Recommendations:  
  - Categories: mapping, location, backend (optional for real-time data handling).  
  - Matched APIs (from mapping and location):  
    - bing-maps (mapping) - offers REST services, routes, geocode and imagery.  
    - google-maps-places (mapping) - returns place info, supports latitude/longitude location.  
    - mapquest (mapping) - mapping platform with directions, geocoding, search.  
    - openlayers (mapping) - for embedding dynamic maps and overlays.  
    - mapbox (mapping) - open source mapping tools, hosting maps, interactive maps.  
    - google-maps-geolocation (mapping/location) - locate devices via cell towers and WiFi nodes.  
    - ip2location (mapping/location) - reverse IP lookup for geolocation info - less precise but could add value.  
  - Backend or real-time for multiplayer game state updates:  
    - quickblox (backend) - real-time chat, presence, notifications, could be used for game updates.  
    - pubnub (messaging) - real-time messaging channels for player state sync.  
  - If messaging is considered for user notifications:  
    - twilio or similar could be considered but are not mandatory.  

**Conclusion**:  
- Recommend categories: ['mapping', 'location', 'backend', 'messaging']  
- Recommend All matched APIs: ['bing-maps', 'google-maps-places', 'mapquest', 'openlayers', 'mapbox', 'google-maps-geolocation', 'ip2location', 'quickblox', 'pubnub']
./output/gpt/zero_shot/responses.json
データが保存されました: ./output/gpt/zero_shot/responses.json (キー: mapattack-1)
------------------------------
評価中のサービス: ifttt
Iteration 1, Total call: 112
**Reasoning**:  
The requirements mention the use of the Pushover API in conjunction with IFTTT (If This Then That) to create customized recipes that trigger notifications to mobile devices. IFTTT connects Pushover to over 109 channels including popular services such as Box, Dailymotion, BestBuy, Evernote, Facebook, Fitbit, Google Drive, Instagram, LinkedIn, Nike, SMS, Twitter, Yahoo Sports, Yammer, and YouTube.

Key points to consider for recommending categories and APIs:  
1. **Pushover API**: This API is specifically mentioned and is a messaging/notification service. It sends real-time notifications to Android and iOS devices. Therefore, the **messaging** category is essential.

2. **IFTTT Integration**: IFTTT connects multiple services across various categories. The given channels cover a wide range of categories:
   - Storage/Content Management: Box, Google Drive, Evernote
   - Video/Media: Dailymotion, YouTube
   - Ecommerce/Retail: Bestbuy
   - Social/Networking: Facebook, LinkedIn, Twitter, Yammer, Instagram
   - Fitness: Fitbit, Nike
   - Messaging: SMS
   - Sports: Yahoo Sports
   - Others: Broadly covering social, media, ecommerce, storage, fitness, messaging, and video categories.

3. Since the central API in discussion is Pushover (messaging notifications), and the surrounding channels span various categories, the recommended categories should include at least the messaging category and other categories matching the popular IFTTT connected channels.

4. The recommendation should list the Pushover API as the primary API since it fulfills the notification sending part, and can mention other APIs relating to the connected services used in IFTTT recipes for completeness.

5. Given the complexity and large number of other channels, the user only asked to recommend categories and all matched APIs based on this requirement involving the Pushover API and associated popular services.  
Thus categories relevant to: messaging (Pushover), social, photos, video, ecommerce, fitness, storage would be appropriate.

6. The available APIs list includes many APIs matching the named services like Box (content), Dailymotion (video), Bestbuy (ecommerce), Evernote (personal-information-management), Facebook (social), Fitbit (fitness), Google Drive (storage), Instagram (photos), LinkedIn (social), SMS related APIs (messaging), Twitter (social), Yahoo Sports (sports), YouTube (video).

7. Therefore, the conclusion will recommend these categories and list the relevant APIs named in the available APIs matching the IFTTT popular recipes.

**Conclusion**:  
- Recommend categories: ['messaging', 'social', 'photos', 'video', 'ecommerce', 'fitness', 'storage', 'personal-information-management', 'sports']  
- Recommend All matched APIs: ['pushover-message', 'box', 'dailymotion', 'best-buy-products', 'evernote', 'facebook', 'fitbit', 'google-drive', 'instagram-graph', 'linkedin', 'twilio-sms', 'twitter', 'yahoo-sports', 'youtube']
./output/gpt/zero_shot/responses.json
データが保存されました: ./output/gpt/zero_shot/responses.json (キー: ifttt-1)
------------------------------
評価中のサービス: highest-hits-videos
Iteration 1, Total call: 113
**Reasoning**:
1. The app "Highest Hits" is primarily a YouTube video search application. This indicates a need for video-related APIs that provide video search, retrieval, and playback capabilities. Therefore, APIs categorized under "video" and with functionality related to YouTube are relevant.
2. Users can share videos on Facebook, which requires integration with Facebook's social network capabilities. This suggests the need for APIs in the "social" category that allow posting or sharing content on Facebook.
3. Users can comment using their Facebook ID. This again calls for social network APIs that provide user authentication, retrieval of user IDs, and interaction capabilities like commenting.
4. Videos can be viewed in a regular mode or via jQuery Lightbox, which is a JavaScript library for displaying images and videos in a modal overlay. While this is more of a client-side UI feature, the API needs to provide the video URLs or embed codes that can be displayed in Lightbox.
5. Hence, the key categories are:
   - video: For YouTube video search, retrieval, and playback.
   - social: For Facebook integration, sharing, and commenting.
   - Possibly authentication: if Facebook login/authentication APIs are separated, but from the given list, Facebook functionality is covered under social.
   
6. Available APIs relevant for YouTube video search and interaction:
   - youtube (Category: video) - Integrates with YouTube to search and retrieve video content.
   
7. Available APIs relevant for Facebook sharing and commenting:
   - facebook-graph (Category: social) - Provides access to Facebook social graph, including users, posts, comments, and sharing functionalities.
   - facebook (Category: social) [deprecated but replaced by facebook-graph]

Since facebook-graph is the current API for Facebook functionalities, it's the appropriate choice.

**Conclusion**:
- Recommend categories: ['video', 'social']
- Recommend all matched APIs: ['youtube', 'facebook-graph']
./output/gpt/zero_shot/responses.json
データが保存されました: ./output/gpt/zero_shot/responses.json (キー: highest-hits-videos-1)
------------------------------
評価中のサービス: friendlynx
Iteration 1, Total call: 114
**Reasoning**:

The requirement is for an application named FriendLynx that connects the user's Facebook friends to Twitter, allowing easy following and creation of Twitter lists from Facebook friends. It also helps Facebook friends find the user on Twitter.

Key functional elements derived from this requirement are:

1. Access Facebook friend information, including user IDs, profiles, and social connections on Facebook.
2. Access Twitter accounts, enable following of users, create and manage Twitter lists.
3. Possibly interact with Facebook and Twitter APIs to read friend lists, search for Twitter users, and create/follow lists.
4. Social networking and linking across platforms.

Based on the Available Categories and APIs, we should focus on:

- Social networking category APIs for Facebook and Twitter.
- The Facebook API (which was split into Facebook Graph etc. but still listed here) for accessing Facebook friends and profile data.
- The Twitter API or Twitter-related APIs for following users and managing lists.

The Available APIs that match these needs include:

- **facebook-graph** (Category: social): Allows access to Facebook's social graph including friends, user profile, and other social data.

- **twitter** (Category: social): Provides Twitter REST APIs for core data, including following users, managing lists, searching users, timelines etc.

- **twitter-streaming** (Category: social): Realtime access to Twitter streams.

- **twitter-search** (Category: search or social): To search tweets and users.

- **buffer** (Category: social): A social media scheduling and posting service, probably less relevant here.

- **linkedin**, **foursquare**, **plancast**, **meetup**, **pinterest-domain**, **tumblr**, **vk**, **google-plus** (all Category: social): These are other social platforms but not directly related to Facebook-Twitter integration.

The requirement specifically mentions Facebook friends and Twitter, so the best match would be Facebook and Twitter.

Since the Facebook API is no longer available as a monolith and was split into Facebook Ads, Facebook Atlas, Facebook Graph, and Facebook Marketing, the **facebook-graph** API is the likely current (or closest available) version providing access to Facebook user data.

Similarly, the Twitter API, though deprecated as the original, is listed and suitable for following users, managing lists.

For functions such as searching Twitter accounts linked to Facebook friend names, the Twitter Search API or Twitter REST API methods would be used.

Creation of Twitter Lists and adding users to lists is supported by the Twitter REST API.

**Conclusion**:  
- Recommend categories: ['social']  
- Recommend All matched APIs: ['facebook-graph', 'twitter']
./output/gpt/zero_shot/responses.json
データが保存されました: ./output/gpt/zero_shot/responses.json (キー: friendlynx-1)
------------------------------
評価中のサービス: popify
Iteration 1, Total call: 115
**Reasoning**:  
The user wants to watch a relevant video playlist full of interesting information with their friends. This implies functionality for:  
- Accessing video content (video APIs)  
- Possibly supporting playlists of videos  
- Enabling social interaction or sharing with friends (social APIs, chat APIs)  

Given the available categories and APIs, the relevant categories are:  
- video: To access video content and playlists  
- social: To share or interact with friends during or around the video content  

APIs that provide video content and playlist support include:  
- youtube: Provides video search, retrieval, user-authentication, playlists and user-related video data  
- dailymotion: Provides access to video storage, viewing, sharing, uploading, and metadata, which may include playlists  
- brightcove: Used by media companies to publish and distribute videos; supports managing video library  
- vimeo: Video platform with uploading, hosting, playback, and user libraries  

APIs that provide social features or sharing:  
- facebook-graph: (Though deprecated, it allows sharing content with friends and social graph interaction)  
- twitter: (deprecated but previously provided social interaction)  
- facebook, twitter, and other social APIs are mostly deprecated or split; however, the "social" category has many others such as:  
- facebook-graph, plancast, tagalus, linkedin, instagram-graph, buffer, and others (for social sharing and interaction)  

But since the request emphasizes watching videos with friends, video APIs with some social functionality or the ability for users to access friends or share is most relevant. This can be primarily handled by YouTube API, which offers video playlists and user-related features that can be leveraged for watching videos together. Additionally, if interaction is to be real-time or chat-based, chat APIs (e.g., quickblox, hipchat, etc.) could be considered, but the user did not explicitly request chat functionality.  

Therefore, the primary category is video for content, and the secondary category is social for interacting or sharing with friends.  

**Conclusion**:  
- Recommend categories: ['video', 'social']  
- Recommend All matched APIs: ['youtube', 'dailymotion', 'brightcove', 'vimeo', 'facebook-graph', 'buffer', 'instagram-graph', 'plancast', 'linkedin']
./output/gpt/zero_shot/responses.json
データが保存されました: ./output/gpt/zero_shot/responses.json (キー: popify-1)
------------------------------
評価中のサービス: sightsmap
Iteration 1, Total call: 116
**Reasoning**:  
The user wants to create sightseeing popularity heatmaps for the entire world, using data from Panoramio photos and FourSquare places.

1. **Key functional requirements**:  
   - Global geographical coverage ("whole world")  
   - User-generated photographic content to gauge popularity ("Panoramio photos")  
   - Location-based venue data to identify popular places ("FourSquare places")  
   - Ability to visualize and analyze location-based data on maps, ideally generating heatmaps on sightseeings popularity

2. **Category mapping**:  
   - Mapping: Needed to represent locations and build heat maps using geo-coordinates of photos and places.  
   - Photos/Images: Since Panoramio photos are involved, integrating photo APIs and metadata is essential to access geocoded photo data.  
   - Social: FourSquare is a social venue location-based platform with check-ins and popular places, so social APIs help access places data and popularity metrics.  
   - Possibly recommendations or analytics if to process or score popularity - but the question doesn’t explicitly require this. The core is location & photos.

3. **API selection**:  
   - Panoramio (photos): The Panoramio API provides access to geolocated photos worldwide. Although deprecated in 2016, it is explicitly referenced in the question, so it is the best fit here for the photos source.  
   - FourSquare (social): The Foursquare Places API provides venues data, including location, popularity, photos, and check-ins. This fits the requirement for places data.  
   - Mapping APIs: To create heatmaps, developer needs mapping APIs that provide geo-coordinate visualization and map overlays (markers, layers, polygons). Viable candidates here are:  
     - google-maps-places (mapping): includes place search, details, and photos; very suitable  
     - mapbox (mapping): a flexible open source mapping tool for interactive maps, suitable for overlays like heatmaps  
     - openlayers or bing-maps (mapping): also provide map controls and overlays  
   - Additional photo APIs could be alternatives, but the requirement centers on Panoramio photos, so Panoramio is primary for photos.  
   - Since Panoramio was deprecated, if the user plans for replacement, Google Maps Places can provide photos and venues data, but user explicitly requested Panoramio.  
 
4. **Excluded categories and APIs**:  
   - Travel, tourism-specific APIs are not specifically requested and not necessary for popularity heatmaps.  
   - Analytics and social sentiment APIs are not needed unless analyzing sentiment or user engagement beyond location/popularity.  
   - Other photo APIs like Flickr or Instagram are not requested.  

**Conclusion**:  
- Recommend categories: ['mapping', 'photos', 'social']  
- Recommend all matched APIs: ['panoramio', 'foursquare', 'google-maps-places', 'mapbox', 'openlayers', 'bing-maps']

Note: The core data sources are Panoramio for photos and FourSquare for places, while mapping APIs serve the visualization and heatmap creation function.  

# Summarized Recommendation  

**Categories**:  
- mapping  
- photos  
- social  

**APIs**:  
- panoramio (access geolocated photos worldwide)  
- foursquare (location-based places and venue data)  
- google-maps-places (places data, photos, and location info)  
- mapbox (interactive maps and overlay capabilities)  
- openlayers (open source JavaScript mapping library, useful for map visualization)  
- bing-maps (mapping platform with routing and overlay support)
./output/gpt/zero_shot/responses.json
データが保存されました: ./output/gpt/zero_shot/responses.json (キー: sightsmap-1)
------------------------------
評価中のサービス: tagsinaction
Iteration 1, Total call: 117
**Reasoning**:  
The requirement emphasizes the use of hashtags and their widespread presence on the web, suggesting a focus on social interaction, tagging, and possibly hashtag meaning and management. Hashtags are commonly associated with social media platforms where users engage in discussions, content discovery, and trend tracking.

Given this context, the most relevant category would be "social," as this involves social media integration, sharing, and interaction with hashtags.

From the available APIs, the one that specifically references hashtags and their meanings is:

- **tagalus** (Category: social) - This API explicitly lets users declare the meaning of Twitter hashtags, supports vote-based definition versions, and allows for adding/viewing hashtags and their definitions.

No other APIs match the direct theme of hashtags or social tagging with an emphasis on hashtags.

**Conclusion**:  
- Recommend categories: ['social']  
- Recommend All matched APIs: ['tagalus']
./output/gpt/zero_shot/responses.json
データが保存されました: ./output/gpt/zero_shot/responses.json (キー: tagsinaction-1)
------------------------------
評価中のサービス: music-artist-cloud-app
Iteration 1, Total call: 118
**Reasoning**:
To build an Android app that allows users to discover music bands and artists similar to their favorites, integrates with Last.fm and YouTube, and uses tag clouds to find related artists, the following points should be considered:

1. **Music Data and Recommendations**:
   - The Last.fm API is an excellent choice as it provides comprehensive music-related data, including artists, albums, playlists, events, and the ability to find similar artists.
   - APIs that offer music metadata or recommendations can enhance the user experience by supplying additional information about artists and related bands.

2. **Video Content Integration**:
   - YouTube API integration is important to allow users to view music videos or related video content about artists and bands.

3. **Tag Clouds / Metadata / Tagging**:
   - Using tag clouds to find related artists mainly involves processing related tags, keywords, and semantic metadata. APIs that deal with tagging or semantic analysis can be beneficial.
   - Though the user specifically mentions tag clouds, the Last.fm API already exposes relevant tags related to artists and is well-suited for this function.

4. **Categories**:
   - **music**: For music metadata, artist info, similar artists, music recommendations.
   - **video**: For integrating YouTube API to provide video streaming and content.
   - Possibly **tagging** or **semantics**: if advanced tag cloud or semantic analysis is planned beyond what Last.fm provides.

5. **APIs**:
   - **Last.fm** (Category: music): Provides music metadata, artist info, similar artists, tags.
   - **YouTube** (Category: video): To access YouTube videos, search and embed music videos related to artists.
   
Additional APIs in music category like MusiXmatch or Songkick could provide lyrics or concert info but are not explicitly requested. The main requirements can be fully met by Last.fm and YouTube.

**Conclusion**:
- Recommend categories: ['music', 'video', 'tagging'] (tagging category is optional depending on tagcloud implementation needs)
- Recommend all matched APIs: ['lastfm', 'youtube']
./output/gpt/zero_shot/responses.json
データが保存されました: ./output/gpt/zero_shot/responses.json (キー: music-artist-cloud-app-1)
------------------------------
評価中のサービス: twitter-mood-reader
Iteration 1, Total call: 119
**Reasoning**:  
The requirement involves performing sentiment analysis on Twitter status updates, specifically extracting words with positive or negative meanings. Based on the extracted sentiment, an animated smiley face is drawn accordingly. This task comprises two main parts:

1. Sentiment Analysis:
   - This requires an API that can analyze text or social media content to determine sentiment (positive, negative, neutral). 
   - It should be capable of processing Twitter data or general text input for sentiment classification.

2. Twitter Integration:
   - Since the source data are Twitter statuses, integration with Twitter is essential to fetch tweets or statuses for analysis.
   - Access to tweet data, including fetching tweets and possibly streaming tweets in real-time for analysis, would be beneficial.

3. Animated Smiley Drawing:
   - While the animation itself is a UI/UX task likely handled on the client side, using the output from the sentiment analysis API will determine which smiley (happy, sad, neutral) to display.

Available categories and APIs:  
- Social: APIs related to social media interactions, including Twitter data.  
- Sentiment: APIs specifically designed for sentiment analysis, extracting emotional or attitudinal content from text.  
- Text: APIs offering natural language processing functions like text similarity or analysis.

Matched APIs from the available options that fit these needs: 

1. Sentiment Analysis APIs:  
   - **getsentiment (Category: sentiment)**: Provides keyword extraction, topical categorization, and aspect-based sentiment analysis of text. Provides customer feedback, social media analysis, and marketing insights. This fits directly with the sentiment analysis requirement for Twitter statuses.

2. Twitter Data APIs:  
   - **twitter-streaming (Category: social)**: Provides access to high-throughput near-realtime Twitter public and protected status updates filtered by keywords, location, etc. Enables retrieval of Twitter data essential for sentiment analysis of live tweets.  
   - **twitter-search (Category: search)**: API for Twitter search with restrictions, useful for fetching Twitter status by hashtags or keywords for sentiment analysis.

3. Optional supporting APIs that could help with social data processing or additional features:  
   - **tagalus (Category: social)**: Focuses on Twitter hashtags definitions; not directly sentiment analysis but related to Twitter data.  
   - **awesm (Category: social)**: Quantitative social data analytics; may be useful in enhancing marketing insights but less directly applicable here.

Given the need to analyze sentiment from Twitter statuses, the most direct solution is to combine a Twitter data API to fetch tweets and a sentiment API to analyze those tweets. The specific drawing of the animated smiley is a client-side UI task using the sentiment score/result.

**Conclusion**:  
- Recommend categories: ['sentiment', 'social', 'search']  
- Recommend all matched APIs: ['getsentiment', 'twitter-streaming', 'twitter-search']
./output/gpt/zero_shot/responses.json
データが保存されました: ./output/gpt/zero_shot/responses.json (キー: twitter-mood-reader-1)
------------------------------
評価中のサービス: facebook-funny-jokes
Iteration 1, Total call: 120
**Reasoning**:
- The requirement is to build an app that allows adding random jokes to a Facebook profile.
- First, the app needs to source random jokes from a Google API-based site. This implies the need for a Joke API or general content API, preferably related to humor or entertainment. However, the available APIs in the provided list do not explicitly include a "Joke" API or Google joke API.
- Since jokes are content shared socially and the target is posting them on Facebook, the core interactions revolve around social media integration.
- Therefore, the categories closely relevant are:
   - "social" because the app needs to interact with Facebook Profile.
   - "search" or "entertainment" could be candidates if there's API support for jokes, but no direct joke API is listed.
- Among the available APIs:
   - Facebook provides social network APIs (facebook-graph) but is deprecated; however, Facebook Graph API is the standard for interacting with Facebook profile—important for posting content.
   - Google APIs for jokes are not explicitly listed.
- Since we must rely on the given APIs, for posting jokes to Facebook, using the "facebook-graph" API is appropriate.
- For getting random jokes from a Google API-based site, no direct Google joke API is present, so potentially a general search API or a web search API can be used to search jokes.
   - "google-custom-search" under "search" category allows web search queries, which can be used to retrieve joke content by searching for jokes.
- Alternatively, if jokes come from a Google API-based site specifically, not available in the current list, then "google-custom-search" API can be used to fetch jokes from the web.
- Or, since jokes are a social content, the "bing" or "microsoft-bing" search API under "search" could also be used; but the user states "Google API-based site"—hence "google-custom-search" is preferable.
- No joke-specific APIs exist in the list; hence the best we can do is a search API for joke content and a social API to post to Facebook.
- Therefore, recommend categories: ['search', 'social']
- Recommend APIs: ['google-custom-search', 'facebook-graph'] (noting facebook-graph is deprecated but the best fit) 

**Conclusion**:
- Recommend categories: ['search', 'social']
- Recommend All matched APIs: ['google-custom-search', 'facebook-graph']
./output/gpt/zero_shot/responses.json
データが保存されました: ./output/gpt/zero_shot/responses.json (キー: facebook-funny-jokes-1)
------------------------------
評価中のサービス: qabic
Iteration 1, Total call: 121
**Reasoning**:
- The requirement describes a system that manages Q&A sessions for talks or panels, with capabilities for audience members to submit questions, vote on them, and access the top questions during the event as well as afterwards.
- This implies functionality involving event management (to know about the talks/panels and their schedules), user interaction (submitting and voting on questions), and Q&A or question handling.
- The core functional area is handling Q&A, which aligns directly with the "qa" category.
- Since the requirement also involves talks or panels which are events, including creation, management, or interaction, the "events" category is also relevant.
- No other specific categories such as chat or social networking are explicitly mentioned or required.
- Checking the available APIs, none specifically mention Q&A or question management in their description except "yahoo-answers" under the "qa" category, which is a question and answer web service allowing search for expert advice and tracking fresh content from selected categories.
- For event management "eventbrite" (events category) and "active" (events category) provide event creation, retrieval, and user attendance functionalities.
- Thus, for Q&A functionality, "yahoo-answers" is the best matching API available.
- For event-driven integration, "eventbrite" or "active" APIs can be used to manage or access event info.
- Since Qabic’s main feature is managing Q&A flow, the "qa" category API "yahoo-answers" is most fitting.
- No direct API is offered specifically for Q&A submission and voting, but "yahoo-answers" API can be leveraged for question search and browsing, potentially extendable to submission/voting features if that API supports them (though the description mentions mainly accessing Q&A content).

**Conclusion**:
- Recommend categories: ['qa', 'events']
- Recommend All matched APIs: ['yahoo-answers', 'eventbrite', 'active']
./output/gpt/zero_shot/responses.json
データが保存されました: ./output/gpt/zero_shot/responses.json (キー: qabic-1)
------------------------------
評価中のサービス: monuments-diversity-democracy-and-freedom
Iteration 1, Total call: 122
**Reasoning**:

The requirement is for a map and table application focusing on historical and cultural monuments in Los Angeles, emphasizing themes of diversity, democracy, and freedom. Key functionalities will likely include:

1. Displaying monuments geographically on a map.
2. Presenting tabular data about the monuments including descriptions.
3. Providing photos from Flickr related to the monuments.
4. Possibly including cultural or historical metadata and detailed descriptions.

Breaking down the needs:

- **Mapping and Geography**:
  We need APIs that support mapping, geolocation, and location-based data display for Los Angeles. This will allow placing monuments as points on the map and enabling searching and filtering by location.

- **Photos**:
  The requirement mentions Flickr photos for over 900 monuments. Thus, a photos category API offering access to Flickr photos or similar photo-sharing service is necessary.

- **Cultural/Historical info & data access**:
  Although the monument descriptions themselves might be stored in the application backend, if external APIs offering monument or public place data exist, those could be leveraged.

After reviewing the available API list:

- There are many mapping-related APIs such as:
  - **bing-maps-search**, **google-maps-places**, **bing-maps-locations**, **bing-maps**, **mapquest**, **openlayers**, **google-geocoding**, **mapquest-geocoding**, **yahoo-placemaker**, **geograph** (which focuses on geographically representative images and data for England and Ireland, so less relevant for Los Angeles, USA), **pixabay-free-images** (photos but not focused on monuments), etc.

- Since the focus is on Los Angeles, an API with comprehensive GIS data for US locations is required.

- **bing-maps-search** seems suitable for mapping and search in the US.

- **google-maps-places** is a strong candidate for place (monument) data with descriptions, geolocation, and photos (potentially linking out to photos from Google or third-party).

- **flickr** API (category: photos) allows retrieval of Flickr photos, which is essential to get the required photos of monuments.

- **images** API from Graphics Factory Clip Art is a generic images source; less relevant here due to Flickr photos being the focus.

No specific monument-themed API is provided, so data storage and descriptions are presumably managed internally or through a database integration.

Therefore, combining mapping with place search and images functionalities will address the requirement.

**Conclusion**:

- Recommend categories: ['mapping', 'photos']
- Recommend All matched APIs: ['bing-maps-search', 'google-maps-places', 'flickr']
./output/gpt/zero_shot/responses.json
データが保存されました: ./output/gpt/zero_shot/responses.json (キー: monuments-diversity-democracy-and-freedom-1)
------------------------------
評価中のサービス: webtomap-news-videos-and-photos-map
Iteration 1, Total call: 123
**Reasoning**:
- The requirements specify a platform "Webtomap" where users can post and discuss local news, photos, and videos.
- Users can select content by tags and ratings to filter and find preferred content.
- Content can be shared easily on all major social networks.
- Login/authentication is supported via Facebook, Twitter, and Google.
- Content is geolocated and displayed on a map to add context and locality.
- Hence, the mashup requires:
  1. Social network integration APIs to login (authentication) and share content.
  2. Mapping APIs to display geolocated posts.
  3. Media APIs to handle photos and videos.
  4. Tagging or content categorization capabilities.
  5. Possibly, some text or search capabilities for filtering by tags, ratings, etc.
- Evaluating the available categories and APIs:
  - Social: For login and sharing on Facebook, Twitter, and Google:
    - facebook-graph (Facebook API for login and sharing)
    - twitter (Twitter API)
    - google-plus (for Google authentication and social sharing)
    - Also, Tagalus (for Twitter hashtags tagging)
    - Tagging category API such as Thomson Reuters Open Calais or Amplify could be used for semantic tagging, but not explicitly required here.
  - Mapping:
    - bing-maps: Microsoft Bing Maps REST API for map display and geolocation
    - google-maps-places, google-maps-geocoding, or google-maps: Google Maps APIs for geolocation and place info
    - mapquest or openstreetmap as alternatives.
  - Photos and Videos:
    - photos category APIs: Flickr, instagram-graph, youtube, vimeo to handle uploading, retrieving photos and videos.
    - youtube and vimeo for video content.
  - Authentication:
    - Authentication category APIs include google-web-authentication, yahoo-bbauth, and standard OAuth2 via social networks.
    - The login mentioned is via Facebook, Twitter, and Google, so the social APIs themselves provide OAuth functions.
  - Tags and Ratings:
    - Tagalus API supports Twitter hashtags meaning, useful for tag-based filtering.
    - Social APIs may provide mechanisms for tagging and ratings.
  - Additionally, for easy sharing on major social networks, Social APIs like facebook-graph, twitter, and google-plus will provide post and share functionality.

Given this analysis:

**Conclusion**:
- Recommend categories: ['social', 'mapping', 'photos', 'video', 'authentication', 'tagging']
- Recommend All matched APIs:
  - Social APIs: ['facebook-graph', 'twitter', 'google-plus', 'tagalus']
  - Mapping APIs: ['bing-maps', 'google-maps-places', 'google-maps-geocoding', 'mapquest', 'openstreetmap']
  - Photos APIs: ['flickr', 'instagram-graph']
  - Video APIs: ['youtube', 'vimeo']
  - Authentication APIs: Since login is via Facebook, Twitter, and Google, the social APIs double as authentication. Alternatively, 'google-web-authentication' and 'yahoo-bbauth' could be considered.
  - Tagging APIs: ['tagalus'] for Twitter hashtags meaning (enhancing tag selection/filtering).

Thus, the mashup would integrate social login and sharing, map visualization, media display (photos & videos), and tag-based content filtering.
./output/gpt/zero_shot/responses.json
データが保存されました: ./output/gpt/zero_shot/responses.json (キー: webtomap-news-videos-and-photos-map-1)
------------------------------
評価中のサービス: yappoint
Iteration 1, Total call: 124
**Reasoning**:  
Yappoint is described as a marketplace platform that enables local businesses that rely on appointments (hairdressers, estheticians, tennis courts, real-estates, etc.) to allow their clients to make appointments online anytime. The key aspects here are:

- It's primarily about managing appointments and scheduling availability for various local businesses.  
- It’s a marketplace connecting businesses and clients through booking capabilities.  
- It targets a wide variety of industries but the core service is about appointment booking.

Given these requirements, the best matching category is:  
- **booking**

Why booking? Because booking APIs specialize in managing reservations, appointments, and scheduling, which is the core function described. Other relevant categories like ecommerce could be tangentially related if payments or transactions are involved, but there is no direct mention of selling goods or ecommerce processes.

From the listed available APIs, the one that directly fits the description for appointment or booking management is:  
- **bookingcom-content**: This API allows developers to build and maintain multiple listings on Booking.com, with facilities to upload property photos, information on availability, and booking-related data. While this is specific to hotels/properties, it falls under the booking category and covers a marketplace for business listings and reservations.

There are no other explicit APIs that specifically mention appointment booking or marketplace appointment scheduling similar to Yappoint. Many ecommerce APIs exist, but none directly capture appointment scheduling functionalities. Thus, the Booking.com API is the closest match.

**Conclusion**:  
- Recommend categories: ['booking']  
- Recommend All matched APIs: ['bookingcom-content']
./output/gpt/zero_shot/responses.json
データが保存されました: ./output/gpt/zero_shot/responses.json (キー: yappoint-1)
------------------------------
評価中のサービス: renttoownquest
Iteration 1, Total call: 125
**Reasoning**:

- The primary functionality described is a mashup service combining property listings, offered by Oodle, with map-based display and search capabilities, leveraging Google Maps API.
- RentToOwnQuest handles a variety of property listing types such as rent-to-own homes, owner financing, and lease option houses, available throughout the US.
- The property listings come from Oodle’s API which belongs to the ecommerce category as it handles classified listings in a marketplace environment.
- Map visualization and location-based features require a mapping API. Google Maps API is mentioned as being used for maps.
- The service also uses Google Adsense, likely for monetization and displaying advertisements around the listings.
- Zillow API is used, which is a real estate data provider, giving additional real-estate information to enrich the property listings.
- Hence, the relevant categories derived from the involved APIs are:
  - ecommerce (for Oodle: property listings, classifieds)
  - mapping (for Google Maps: location display and search)
  - advertising (for Google Adsense: ad placement and monetization)
  - real-estate (for Zillow: real estate-specific data and features)

- The specific APIs that match these categories and are mentioned as used include:
  - Oodle (ecommerce category) - provides the property listings.
  - google-maps (mapping category) - for embedding and controlling maps.
  - amazon-adsense (advertising category) - used for displaying ads.
  - zillow (real-estate category) - for enhanced real estate data on listings.

**Conclusion**:

- Recommend categories: ['ecommerce', 'mapping', 'advertising', 'real-estate']
- Recommend All matched APIs: ['oodle', 'google-maps', 'google-adsense', 'zillow']
./output/gpt/zero_shot/responses.json
データが保存されました: ./output/gpt/zero_shot/responses.json (キー: renttoownquest-1)
------------------------------
評価中のサービス: webaloud
Iteration 1, Total call: 126
**Reasoning**:
- The given requirement describes "WebAloud" as a service that uses the Twilio client to bring text-to-speech (TTS) capabilities directly inside a browser, enabling users to highlight text and click play to listen.
- Core functionality needed: text-to-speech within a browser, real-time voice communication possibly leveraging telephony infrastructure or WebRTC-style streaming, integration into web apps.
- Among the available categories, "telephony" is most relevant because it covers APIs related to voice and SMS communication, including voice calls and TTS features.
- Additional related categories might include "voice" (for voice assistant APIs) or "tools", but the focus here is on delivering TTS inside the browser leveraging Twilio, which is telephony-focused.
- There is a specific available API named "twilio":
  - Described as a cloud API providing voice and SMS communications.
  - Provides telephony infrastructure in cloud with a RESTful interface.
  - Supports voice applications, voice calls, SMS – fits well with the TTS client requirement.
- Therefore, the "twilio" API from the telephony category is the best direct match.
- No other APIs explicitly mention text-to-speech or browser-based TTS within the provided APIs.
- The voice category API "google-assistant" is about device registration and skill models, less relevant to the highlighted text-to-speech playback.
- Hence, the primary recommendation is the telephony category with the Twilio API.

**Conclusion**:
- Recommend categories: ['telephony']
- Recommend All matched APIs: ['twilio']
./output/gpt/zero_shot/responses.json
データが保存されました: ./output/gpt/zero_shot/responses.json (キー: webaloud-1)
------------------------------
評価中のサービス: molamp
Iteration 1, Total call: 127
**Reasoning**:
- The requirement is for a service named Molamp that discovers and plays music.
- It allows users to search for an artist and returns videos of that artist as well as recommendations of others to listen to.
- Key functionalities: music discovery, artist search, video playback, and recommendations.
- This clearly falls into the 'music' category because the core is music discovery, retrieval of music-related data, and music recommendations.
- Also includes video content related to music, so APIs that offer music data and videos would be relevant.
- Look in the "music" category for APIs that allow searching artists, fetching music content, possibly music videos, and getting music recommendations.
- In the provided API list, the relevant APIs under "music" include:
  - rhapsody: Offers music metadata, search, playback, library, personal recommendations.
  - spotify-web: Provides artist, album, tracks details and user playlists.
  - jamendo: Music catalog, including artists, albums, and tracks.
  - lastfm: Music data including artists, albums, events, users; supports search and recommendations.
  - musixmatch: Provides lyrics and metadata about songs and artists.
  - soundcloud: Allows audio sharing, recording, and music data access.
  - bandsintown: Provides concert info and live music recommendations.
  - playme: Large song catalog with streaming, downloads, playlists, artists.
  - gruvr: Geocoded concert data for bands and shows.
  - artistdata: Provides artist info, shows, news, and blogs.
  - idiomag: Access to music articles, photos, videos, playlists, recommendation engine.
  - blipfm: Music recommendations and user-generated stations.
  - beatport: Electronic music download service.
  - musikki-music: Curated music content, artist, song info, and recommendations.
  - sonicapicom: Audio effects and music processing.
  - bandcamp: Music discovery and marketplace.
  - songkick: Live music database and concert data.
  
- For video content related to music (videos of artists), APIs that offer video might be relevant as well:
  - youtube: Video search including music videos.
  - brightcove: Video hosting platform.
  - dailymotion: Video platform with upload, sharing.
  - vimeo: Video hosting and playback.
  - embedly: Embed code for videos from many sites.
  
However, since Molamp’s main content is music discovery and playing videos of music artists, a strong music API with recommendations + a video API that can play videos would be ideal.

- Combining a music API that supports artist search and recommendations, and a video API that can provide music videos of those artists meets the requirement best.
- Among the music APIs, lastfm stands out as it covers artist, events, and provides recommendations.
- Spotify also offers music data and personal recommendations but may require user authentication.
- Rhapsody also provides personal recommendations and playback solutions.
- For videos, YouTube API is the most comprehensive and supports video retrieval by artist.
- Therefore, the recommended categories are 'music' and 'video'.
- The APIs recommended are those that provide music search and recommendations, plus a video API to get music videos.

**Conclusion**:
- Recommend categories: ['music', 'video']
- Recommend All matched APIs: ['lastfm', 'rhapsody', 'spotify-web', 'jamendo', 'musixmatch', 'soundcloud', 'bandsintown', 'playme', 'artistdata', 'idiomag', 'blipfm', 'bandcamp', 'songkick', 'youtube', 'brightcove', 'dailymotion', 'vimeo', 'embedly']
./output/gpt/zero_shot/responses.json
データが保存されました: ./output/gpt/zero_shot/responses.json (キー: molamp-1)
------------------------------
評価中のサービス: imaginalaxy
Iteration 1, Total call: 128
**Reasoning**:

1. The requirements emphasize a system that allows photo sharing on a very large 2D surface with GoogleMaps-style navigation. This means the system needs mapping or spatial navigation capabilities to "pan and zoom," similar to Google Maps.

2. Users must be able to place, arrange, rotate, and resize images to form photo collages. This involves advanced image manipulation and real-time editing features.

3. Real-time editing with friends suggests chat or collaboration tools with possibly real-time synchronization.

4. Sharing to multiple social networking platforms like Facebook and Myspace indicates integration with social media APIs.

Based on these requirements, we need to find APIs and categories that cover:
- Photos / image hosting/manipulation APIs
- Mapping APIs for large-scale 2D navigation (like Google Maps)
- Real-time collaboration / chat APIs for joint editing
- Social APIs to enable sharing

---

1. **Mapping category**

   - Google Maps (discontinued, replaced by many fine-grained APIs)
   - bing-maps: The Bing Maps API supports map imagery and navigation with REST and SOAP protocols similar to Google Maps.
   - mapbox: Open source, interactive map creation that supports embedding and high interactivity.
   - openlayers: JavaScript mapping library for embedding dynamic maps.
   - google-maps-places, google-maps-geolocation, google-maps-elevation, google-distance-matrix, google-directions: fine grained location/mapping services.
   - bing-maps-routes (routes)
   - google-static-maps, google-street-view-image (image embedding on maps)
   
   Among these, Bing Maps, Mapbox, and OpenLayers are strongest candidates for providing GoogleMaps-style navigation for a large 2D surface.

2. **Photos / Image API**

   - flickr: has extensive photo hosting and retrieval with many formats.
   - instagram-graph and instagram-real-time for photo sharing/social.
   - 500px, photobucket, smugmug, pixabay-free-images, images (Graphics Factory Clip Art)
   - google-picasa (deprecated, replaced by Google Photos)
   - imgur: photo sharing with API
   - twitpic (Twitter photo sharing)
   - facebook-graph: can also handle media/photos and sharing, but deprecated and split.
   - giphy: GIF images.
   - others like snapshot, snipshot

3. **Real-time editing / collaboration**

   - chat category: HipChat, campfire, mesibo, slack (slack-web, slack-real-time-messaging), pubnub
   - backend: quickblox (offering chat, voice, video, presence, notifications)
   - tools category: pusher (real-time web sockets)
   
   For real-time syncing and collaboration, services like PubNub, Pusher or QuickBlox are suitable.

4. **Social sharing**

   - facebook-graph, social, linkedin, myspace, pinterest-domain, tumblr, twitter (deprecated), tagalus, plancast, addthis-services.
   - APIs for Facebook, Myspace etc. might be deprecated or fragmented, but social category APIs or addthis-services for sharing functionality.
   
   AddThis Services API would be a good way to enable sharing to multiple social services via a unified interface.

---

**Conclusion**:

Recommend categories:
- photos (for image hosting, upload, and retrieval)
- mapping (for GoogleMaps-style navigation of large 2D surface)
- chat (for real-time editing collaboration features)
- social (for sharing images to social networks)
- tools (for real-time communication/pub-sub services supporting collaboration)

Recommend APIs:
- mapbox (Category: mapping) — open source and very suitable for embedding and interacting with large interactive maps.
- bing-maps (Category: mapping) — mature mapping API with REST/SOAP support.
- openlayers (Category: mapping) — JavaScript mapping lib for embedding maps.
- flickr (Category: photos) — comprehensive photo service with uploading, arrangement, and sharing features.
- instagram-real-time (Category: photos) — for real-time photo updates and sharing.
- quickblox (Category: backend/chat) — supports chat, presence, and real-time collaboration.
- pubnub (Category: messaging) — real-time push messaging and synchronization service.
- pusher (Category: tools) — real-time WebSocket functionality for collaboration.
- addthis-services (Category: social) — to facilitate sharing photos to multiple social networks (Facebook, Myspace, etc.)
- facebook-graph (Category: social) — for sharing and social graph integration (noting partial deprecation, but still functional)
- tagalus (Category: social) — for Twitter hashtag meaning, might be useful for related social context
- linkedin (Category: social) — business social networking sharing
- twitter-streaming (Category: social) — real-time Twitter data stream (deprecated but relevant historically)

These provide the needed building blocks: photo storage & manipulation, map navigation, real-time collaborative editing, and broad social sharing.

# Final Recommendation

**Recommend categories**:  
['photos', 'mapping', 'chat', 'social', 'tools']

**Recommend All matched APIs**:  
['mapbox', 'bing-maps', 'openlayers', 'flickr', 'instagram-real-time', 'quickblox', 'pubnub', 'pusher', 'addthis-services', 'facebook-graph', 'tagalus', 'linkedin', 'twitter-streaming']
./output/gpt/zero_shot/responses.json
データが保存されました: ./output/gpt/zero_shot/responses.json (キー: imaginalaxy-1)
------------------------------
評価中のサービス: find-car
Iteration 1, Total call: 129
**Reasoning**:

The requirement describes findacar.us as a service/platform that allows users to find new and used vehicles for sale, car dealerships, and reviews across the United States. For this use case, we need APIs that provide:

1. Vehicle inventory and dealer information: APIs that allow access to new and used car listings along with dealership details.
2. Reviews and ratings: APIs that provide consumer reviews about cars and dealerships.
3. Possibly geographic or mapping data: to locate dealerships or filter vehicles by location.
4. Real estate or vehicle market APIs: if available, to provide market or pricing data.
5. Reference or search APIs for vehicle data: databases for vehicle specifications, car values, or automotive data.

From the available categories and APIs, we will check for those specifically related to real estate, ecommerce (for product listings), reference (for vehicle data), search (for vehicle or dealership search), and possibly government (for data on vehicles if any) or automotive-related resources.

Now we look closely into the available APIs relevant to vehicles and dealerships:

- edmundscom-vehicle (Category: reference): Offers access to year/make/model information, style, True Market Value, Vehicle Incentives. This appears directly relevant for vehicle data and valuations.

- nestoria (Category: real-estate): Focused on property search, so not relevant here.

- booli (Category: real-estate): Swedish real estate, not relevant.

- zillow (Category: real-estate): Real estate related, not relevant.

- realtybaron-answers (Category: real-estate): Real estate Q&A service, not relevant.

- citygrid (Category: ecommerce): Offers info on local businesses including merchants and user reviews. It supports merchant messages, reviews - may be useful for dealership or local business information.

- retailmenotcom-community-ideas (Category: ecommerce): Deals and coupons, not relevant.

- brightcove, oid - media / video: Not relevant.

- shopify-admin, magento-soap, woocommerce, eBay related ecommerce APIs: Possibly useful if they offer vehicle sales, but no clear vehicle focus.

- Indeed, Careerjet (jobs) - not relevant.

- yelp-fusion (Category: recommendations): Provides reviews and ratings for businesses in geographic regions, including user review info. Could be useful for getting dealership reviews.

- google-maps (mapping): Deprecated, but others like bing-maps, google-maps-places, mapquest-geocoding could be useful for dealership location.

- bing-maps-search (mapping): Search mapping queries; could be used for dealership address or location queries.

- bing-maps, google-maps-places, mapquest, yahoo-local-search (search): Could help querying locations for dealers.

- usps-trackconfirm-fields (shipping): Not relevant.

- edmundscom-vehicle strongly matches vehicle data needs.

- vehicle-related ecommerce APIs: None clearly stated. 

- warranty or vehicle review APIs: None explicit.

- reviews APIs: yelp-fusion for business reviews, citygrid for merchant reviews.

Therefore, recommended APIs include:

1. edmundscom-vehicle (Reference category) - for vehicle data, valuations, and incentives.

2. yelp-fusion (Recommendations category) - for dealerships/business reviews.

3. citygrid (Ecommerce) - for local business/merchant info.

4. bing-maps-search or google-maps-places (Mapping) - for geolocation of dealerships.

5. yahoo-local-search (Search) - for local business searches.

**Conclusion**:

- Recommend categories: ['reference', 'recommendations', 'ecommerce', 'mapping', 'search']

- Recommend all matched APIs: ['edmundscom-vehicle', 'yelp-fusion', 'citygrid', 'bing-maps-search', 'google-maps-places', 'yahoo-local-search']
./output/gpt/zero_shot/responses.json
データが保存されました: ./output/gpt/zero_shot/responses.json (キー: find-car-1)
------------------------------
評価中のサービス: rentmix
Iteration 1, Total call: 130
**Reasoning**:

The requirement is for a fast, simple vacation rental search with listings from HomeAway, FlipKey, and AirBnB, presented on Google Maps. Let's analyze this:

1. **Vacation Rental Listings from Specific Providers (HomeAway, FlipKey, AirBnB)**:
   - The list of available APIs does not specifically mention APIs from HomeAway, FlipKey, or AirBnB. While these platforms typically offer APIs, none of their APIs are present in the provided list.
   - However, for vacation rentals and travel, some APIs in the travel category might provide hotel or rental listings, but these are mostly generic travel APIs or hotel APIs, and the requirement specifically mentions AirBnB, HomeAway and FlipKey listings, which are absent.

2. **Map Display Using Google Maps**:
   - Google Maps is mentioned directly as the desired platform to lay out listings on the map.
   - There are several mapping-related APIs available, including:
     - `google-maps-places`: Provides information about places: establishments, geographic locations.
     - `google-maps-geocoding`: For geocoding addresses.
     - `google-maps`: Note that the main Google Maps API is deprecated but replaced by multiple APIs, so we consider related APIs like `google-maps-places`, `google-maps-geocoding`, `google-static-maps`, etc.
     - `bing-maps`, `mapquest`, `openlayers` or other mapping APIs.

3. **Search Capability**:
   - Since we want to support vacation rental search, a search API is needed.
   - Unfortunately, no direct vacation rental API for the mentioned platforms are available.
   - However, relevant search capabilities related to location or place search can be used.
   - The `google-maps-places` API is well suited for places and can help display locations with details.
   - Also, the available Google Maps APIs provide geocoding, directions, and map visualization services.

4. **Integrated display on Google Maps**:
   - Since the requirement is to have listings laid out on Google Maps, using Google Maps APIs for Places, Geocoding, Maps, and potentially Static Maps images would be ideal.

5. **Possible workaround**:
   - If proxied data from Airbnb, HomeAway and FlipKey are not available via APIs here, the solution could be to use the Google Maps Places API to display locations for rentals and augment this later with their own private data for rentals.
   - Alternatively, travel APIs (e.g., Sabre Travel or Amadeus) may provide hotel and rental listings but not specifically Airbnb/FlipKey/HomeAway.

6. **Conclusion on Matching Categories and APIs**:
   - Relevant categories:
     - `travel` (for vacation rental listings if available)
     - `mapping` (for map display and geolocation)
     - `search` (for search capabilities)
   - Relevant APIs in these categories:
     - `google-maps-places` (mapping, places search)
     - `google-maps-geocoding` (mapping, for address to geolocation)
     - `google-static-maps` (mapping, embedding static map images)
     - Possibly `bing-maps` or `mapquest` as alternatives but requirement specifies Google Maps.
     - `google-maps` (note deprecated, but relevant documentation)
   - Since no Airbnb, HomeAway, FlipKey APIs are provided, none can be recommended explicitly.

**Conclusion**:

- Recommend categories: ['travel', 'mapping', 'search']
- Recommend All matched APIs: ['google-maps-places', 'google-maps-geocoding', 'google-static-maps']

Note: Since the listing APIs for HomeAway, FlipKey, and AirBnB are not available in the given list, the solution focuses on Google Maps APIs for displaying the vacation rental locations and supports search and location capabilities.
./output/gpt/zero_shot/responses.json
データが保存されました: ./output/gpt/zero_shot/responses.json (キー: rentmix-1)
------------------------------
評価中のサービス: africa-tourism-information-portal
Iteration 1, Total call: 131
**Reasoning**:

The requirement is to build an interactive African tourist guide that provides rich interactive content and is built using Microsoft Silverlight along with Google Maps.

1. **Interactive African Tourist Guide**:
   The core focus is on tourism, which typically involves:
   - Mapping and geolocation data (places, points of interest)
   - Rich interactive content (images, descriptions, potentially multimedia)
   - Integration of detailed and updated map services
   - Possibly additional content such as historical sites, events, or travel-related information

2. **Using Microsoft Silverlight**:
   - Microsoft Silverlight was a framework for rich internet applications.
   - The available APIs include one named "microsoft-silverlight-streaming" under the "other" category, which is described as a REST protocol used to upload Silverlight applications for use on web pages.
   - This API can be useful if managing or deploying the Silverlight application code or media.

3. **Using Google Maps**:
   - The original Google Maps API is deprecated but many specialized Google Maps-related APIs remain (like Google Maps Places, Directions, Geocoding, Elevation).
   - The requirement says "along with Google Maps" – so map embedding, geocoding, place information will be essential.
   - Among the available APIs, the Google Maps Places API provides place information, photos, autocomplete queries, which would be important for an interactive tourist guide.
   - Google Maps Directions, Elevation, Distance Matrix, Geocoding APIs can add route planning and elevation info, valuable for tourists.
   - However, the requirement explicitly highlights "interactive content" so Places and Geocoding APIs are more relevant.

4. **Mapping Category**:
   - Clearly, "mapping" is a top candidate category.
   - The Microsoft Silverlight streaming API is in "other," but related to the use of Silverlight.

5. **Additional Content Considerations**:
   - For rich interactive content, related content such as photos (photos category) might be useful, e.g., access to images of tourist places.
   - But since the requirement doesn’t explicitly request photo APIs, only mentions "rich interactive content," the integration likely would come from Silverlight and Google Maps content.

6. **Summary**:
   - We need APIs that allow the use of Google Maps functionalities (Places API) for geo data and location-based content.
   - Microsoft Silverlight streaming API to allow managing the Silverlight app's deployment.
   - Mapping is critical for geolocation and content referencing.

**Conclusion**:

- Recommend categories: ['mapping', 'other']

- Recommend All matched APIs: ['google-maps-places', 'microsoft-silverlight-streaming']
./output/gpt/zero_shot/responses.json
データが保存されました: ./output/gpt/zero_shot/responses.json (キー: africa-tourism-information-portal-1)
------------------------------
評価中のサービス: moment
Iteration 1, Total call: 132
**Reasoning**:

1. The service "Moment" is described as a way for people to send best wishes (messages of goodwill) to loved ones during special occasions (baby showers, starting new journeys, birthdays, etc.) using Twitter. It essentially facilitates social communication, greetings, and sharing sentiments in a social networking context.

2. Key concepts in the requirements:
   - Timeline of messages "filled with words from the heart"
   - Sending best wishes to loved ones
   - Use of Twitter (social media) to share these messages
   - Celebratory and social communication functionality

3. Based on the Available categories, the ones that fit best include:
   - social: Because the service revolves around interactions on social networks (Twitter).
   - messaging: Since it is about sending messages (best wishes).
   - possibly text or natural-language-processing: since it involves text messages with heartfelt words and possibly sentiment. But the description does not mention advanced text analysis or processing, so these might be less relevant.

4. Looking at Available APIs, APIs related to Twitter or social messaging platforms align well. For example:
   - twitter-streaming: Provides access to real-time Twitter data, allowing for interaction with statuses, tweets, and trends.
   - twitter-search: For accessing tweets, people and trends (though noted as historical, but conceptually relevant).
   - tagalus: A social API related to Twitter hashtags and their meanings.
   - tagalus, plankcast, tagalus could be related.
   - twitter or twitter-streaming would fit in enabling Twitter integration.
   - social APIs like facebook-graph, buffer (manage and schedule tweets), addthis-services (social sharing), and similar APIs are related but the direct mention of Twitter in the requirement makes twitter-related APIs more precise.
   - Any API offering messaging or chat capabilities could be helpful, but given the request is about twitter interaction, twitter-streaming or twitter-search are most relevant.

5. Because the requirements focus on sending best wishes through Twitter-type functionality, the top recommendation is the twitter-streaming API, or the twitter-search API for accessing tweets and trends.

6. Since the twitter API is mentioned as no longer available and split, twitter-streaming is still listed and specifically mentions real-time access to Twitter data (statuses, filtered by userid, keyword, geographic location, etc.), which fits best. Also tagalus that lets you define meanings of Twitter hashtags which may be useful for adding semantic meaning to the messages.

**Conclusion**:

- Recommend categories: ['social', 'messaging']

- Recommend All matched APIs: ['twitter-streaming', 'tagalus']
./output/gpt/zero_shot/responses.json
データが保存されました: ./output/gpt/zero_shot/responses.json (キー: moment-1)
------------------------------
評価中のサービス: birthdaygram
Iteration 1, Total call: 133
**Reasoning**:

The BirthdayGram service allows users to record and send personal audio messages to friends on their birthdays. The core features here involve:
1. Handling user-generated audio messages.
2. Managing user-to-user messaging or delivery.
3. Possibly integrating with contact/friend lists or user profiles.
4. Managing notifications or alerts to remind users or trigger sending the BirthdayGram.

From these features, the categories and APIs selected need to support audio recording/upload, storage, and message delivery functionalities.

- **Categories**:
  - **messaging**: Critical for sending the BirthdayGram audio message to friends, via SMS or app notification.
  - **telephony**: May be useful if the service wants to integrate voice call features or voicemail capabilities to record/send audio messages.
  - **audio/music**: Useful if the API supports audio file handling/streaming or audio-related data.
  - **cloud/storage**: To host audio files securely and accessibly.
  - **social**: To integrate with friend/contact lists or social media platforms to get user info and deliver messages.
  - **tools**: Potential helper APIs for creating or optimizing audio files or managing real-time communication.
  
However, in the provided APIs, the most relevant categories are:

- **messaging**: APIs like Twilio SMS, Clockwork SMS, and Pushover Message enable sending messages and notifications.
- **telephony**: APIs like Twilio, Plivo, Hoiio Voice/ SMS support voice calls, IVR, voicemail recording, or sending audio via phone.
- **chat**: QuickBlox and mesibo offer chat and voice/video communication features, which might be useful for real-time messaging or recording.
- **storage/cloud**: APIs such as Amazon S3, Google Drive, Dropbox, or MediaFire can be used for storing audio files.
- **social**: APIs like Facebook Graph or LinkedIn for managing contacts or sharing, though not core to BirthdayGram.
  
**Most Relevant APIs**:

- **Twilio (telephony & messaging)**: Provides a cloud API for SMS and voice, can handle making phone calls and recording audio messages. Fits well for recording, sending, or playing back BirthdayGrams.
- **QuickBlox (backend/chat)**: It supports voice chat and messaging, helpful if real-time or asynchronous messaging is involved.
- **Amazon S3 (storage)**: To store the recorded audio files safely in the cloud.
- **Dropbox or Google Drive (storage)**: Alternative storage APIs for hosting audio files.
- **Pushover Message (messaging)**: For real-time push notifications to users to notify them of received BirthdayGrams.
- **Mailjet or Gmail API (email)**: If the service wants to send email notifications with audio attachments or links.
  
Other APIs less direct but related:

- **Jawbone (tools)**: This is more about fitness tracking but includes audio and data exchange APIs; less relevant.
- **Spotify or other music APIs**: Not relevant as BirthdayGram is user-generated audio.
- **Facebook Graph or LinkedIn (social)**: Only if integrating social contacts or sharing on social networks.
  
Overall, for BirthdayGram, the fundamental needs are:

- A telephony or messaging system that supports audio or voice recordings.
- Storage/cloud service for hosting audio files.
- Messaging or notification delivery mechanisms.
- Possibly, social APIs for managing contacts.

**Conclusion**:

- Recommend categories: ['messaging', 'telephony', 'storage', 'chat', 'email']
- Recommend All matched APIs: ['twilio', 'quickblox', 'amazon-s3', 'dropbox', 'pushover-message', 'mailjet', 'gmail']
./output/gpt/zero_shot/responses.json
データが保存されました: ./output/gpt/zero_shot/responses.json (キー: birthdaygram-1)
------------------------------
評価中のサービス: motube
Iteration 1, Total call: 134
**Reasoning**:  
The moTube service requires integration with two main capabilities to function as described:

1. **Notification via SMS (text messaging)**:  
   - moTube sends SMS/MMS notifications to subscribers when new videos are published. Therefore, the service needs to be integrated with an SMS/MMS messaging API that supports sending text and multimedia messages.  
   - Suitable APIs would support sending SMS/MMS messages programmatically with a RESTful interface and reliable delivery.  

2. **YouTube video publishing event or new video detection**:  
   - moTube tracks new video uploads to YouTube channels and triggers notifications accordingly.  
   - This requires accessing YouTube content data, particularly detecting new videos for channels.  
   - An API that allows querying or subscribing to YouTube channel video updates is necessary.  

Given the above, the logical relevant categories are:  
- **messaging**: for the SMS/MMS delivery of notifications  
- **video**: to interface with YouTube to detect new video uploads or retrieve video data  

Among the available APIs, these are appropriate:  

- **Twilio SMS** (messaging):  
  - Twilio is a widely used cloud communications platform that supports SMS and MMS sending with a RESTful API. It fits the requirement of sending notifications via text messages to mobile devices.  

- **YouTube** (video):  
  - The YouTube Data API provides methods to search and retrieve information about videos and channels and supports user authentication for more advanced operations. It is suited to track new video uploads and details.  

No other API explicitly offers YouTube or SMS combined capabilities better than these two.  

**Conclusion**:  
- Recommend categories: ['messaging', 'video']  
- Recommend All matched APIs: ['twilio-sms', 'youtube']
./output/gpt/zero_shot/responses.json
データが保存されました: ./output/gpt/zero_shot/responses.json (キー: motube-1)
------------------------------
評価中のサービス: outalot
Iteration 1, Total call: 135
**Reasoning**:
The requirement describes a mashup service that:
- Allows the user to share their location ("Tell Outalot where you are"),
- Shows nearby points of interest such as restaurants, shops, bars, and movie theaters,
- Allows bookmarking, rating, and sharing of favorite places,
- Broadcasts location data via Twitter,
- Is accessible online and on mobile devices like iPhone.

Breaking down the features:

1. Location and Nearby Places:
   - The service needs to identify the user's location and find nearby businesses and entertainment venues.
   - This pertains to the "mapping", "location", and "recommendations" categories.
   - APIs that provide geolocation, place search, and neighborhood business data will be useful.

2. Bookmarking, Rating, Sharing:
   - Bookmarking maps to "bookmarks" category.
   - Rating and sharing favorite places map to "recommendations" or "social".
   - Sharing location via Twitter maps to "social" category, particularly Twitter integration.

3. Online and Mobile Access:
   - Requires APIs that support mobile-friendly protocols (REST/JSON).
   - Twitter APIs for broadcasting location.

Looking for specific APIs:

- For places search: 
  - "yelp-fusion" (recommendations) provides business review, rating, and info for a particular region, including photos and reviews.
  - "google-maps-places" (mapping) provides place search and details.
  - "bing-maps-search" (mapping) allows location-based search for places including shops and restaurants.

- Bookmarking:
  - "zotero" or "pocket" (bookmarks) can be used for saving/bookmarking favorite places or related info.
  - "pocket" allows saving articles etc., might be less relevant than "zotero" which is more research/book related, so maybe "pocket" is better for bookmarking online.

- Sharing location with Twitter:
  - "twitter" or "twitter-streaming" or "twitter-search" APIs (social) for broadcasting location or status updates via Twitter. Although the main Twitter API is deprecated, "twitter-streaming" or others might be suitable.
  - Alternatively, "twitter" or "twitter-streaming" APIs available for posting status updates.

- Sharing or social features:
  - "Tagalus" and "plancast" relate to social tags and events but likely less relevant here.
  - "facebook-graph" and "linkedin" social APIs exist but Twitter is specifically mentioned.

- Mobile and web access:
  - APIs with RESTful calls and JSON support are ideal.

Summary of candidate categories and APIs:

- Categories:
  - mapping (for location and place search)
  - recommendations (for business/place recommendations, ratings)
  - bookmarks (for saving favorite places)
  - social (for sharing location via Twitter)

- APIs:
  - yelp-fusion (recommendations) - business info, ratings, photos, reviews, location-based business search
  - google-maps-places (mapping) - place search and details
  - bing-maps-search (mapping) - places search
  - pocket (bookmarks) - bookmarking
  - twitter or twitter-streaming (social) - broadcasting location/status

**Conclusion**:
- Recommend categories: ['mapping', 'recommendations', 'bookmarks', 'social']
- Recommend All matched APIs: ['yelp-fusion', 'google-maps-places', 'bing-maps-search', 'pocket', 'twitter-streaming']
./output/gpt/zero_shot/responses.json
データが保存されました: ./output/gpt/zero_shot/responses.json (キー: outalot-1)
------------------------------
評価中のサービス: your-own-music-television
Iteration 1, Total call: 136
**Reasoning**:  
The mashup described involves:

1. Taking your top 50 artists — which implies accessing music-related information, including artists and their favorite lists.  
2. Playing random music videos by those artists — this means the mashup needs access to music data and video playback capabilities.  
3. Ability to go full screen — requires video streaming or embedding APIs.  
4. Ability to play your lastFM friends' favorite artists too — implies integration or use of lastFM data or similar music social data which can provide favorite artists of friends.

To satisfy these requirements, APIs should:

- Provide access to music artist data and user music preferences or friends’ music tastes. LastFM is a popular music service with APIs for user data. The Last.fm API fits this perfectly.  
- Provide multimedia video access, especially music videos. YouTube is the leading source of music videos and has APIs to search and retrieve videos, including music videos. The "youtube" API is suitable here.  
- Allow embedding and playback of videos that can support fullscreen mode — YouTube API supports this naturally.  
- Optionally, other music APIs could enrich or complement data about artists, but core is access to music data and playable videos.

From the available APIs:

- **lastfm** (Category: music): Allows access to user and artist data, user preferences, and friends' favorites. It has methods for getting top artists and friend information.  
- **youtube** (Category: video): Allows searching and retrieving videos from YouTube. Can be used to find music videos of artists, support playback, fullscreen, etc.

No other available APIs explicitly serve the combination of user top artists, friends' favorite artists, and music video playback.

**Conclusion**:  
- Recommend categories: ['music', 'video']  
- Recommend All matched APIs: ['lastfm', 'youtube']
./output/gpt/zero_shot/responses.json
データが保存されました: ./output/gpt/zero_shot/responses.json (キー: your-own-music-television-1)
------------------------------
評価中のサービス: inflooenz
Iteration 1, Total call: 137
**Reasoning**:  
Inflooenz is a music discovery tool that builds playlists based on the concept of "influences" rather than just similarity. The service is centered around showcasing music from influencers and discovering new, related but not exactly similar artists. The key functionalities inferred from the requirements include:  
1. Accessing and retrieving detailed music metadata about artists, albums, songs, and potentially historical or relational data about artist influences.  
2. Generating playlists, which implies it must handle streaming or at least catalog data for tracks.  
3. Accessing recommendations and relationships among artists beyond mere similarity, possibly including event information or other artist-related data for a friendly user experience.  

The categories that align best with these needs are:  
- music: for access to artist metadata, track info, playlists, and recommendations.  
- recommendations: specifically for APIs designed to recommend music based on various factors.  
- entertainment (secondary consideration): for broader media content if needed, but less focused than music category.  

Now, scanning the available APIs for relevant ones:  

**Music category**:  
- rhapsody: Offers metadata, search, playback, library, account management, personal recommendations. Appears to have rich music content and recommendations features. OAuth 2.0 supported.  
- jamendo: Provides albums, artists, tracks, playlists, reviews, accessible by RESTful API. Good for free or independent music discovery.  
- lastfm: Provides full artist, album, playlists, events data; allows read/write access. Supports artist recommendations and user data. Returns XML or JSON.  
- musixmatch: Lyric-based API with artist, genre, metadata; good for enrichment and discovery.  
- bandsintown: Concerts and event API for artists to find and list shows. Useful if events related to artists are part of Inflooenz's features.  
- songkick: Live music database for concerts and tracked events; JSON/XML responses.  
- spotify-web: Catalog access for artists, albums, tracks; playlists; user-related data with authorization. Spotify is a primary source for music streaming and discovery.  
- beatport: Leader in electronic music downloads, catalog access for artists, labels, tunes, genres.  
- blipfm, idiomag, playme, sonicAPI, musikki-music, gruvr: Additional music meta data and discovery focused APIs.  
- bandcamp: Music discovery and marketplace with artist and label info, merchandise management.  

**Recommendations category** (less but worth checking):  
- trakt.tv: TV and movies primarily, but also recommendations and favorites. Less relevant specifically to music.  
- yelp-fusion: not music related.  
- qype: local business recommendations, not music.  
- rotten-tomatoes: movie reviews.  
- peerindex: social media influence; may be less relevant but conceptually related to influence.  
- reasons mostly unrelated to music and influence here.  

**Conclusion**:  
Recommend the 'music' category strongest because the core is music discovery and playlist generation. Selecting APIs that provide music metadata, artist relationships (influences), track access, and recommendation capabilities.  
Supplement with the 'recommendations' category if the API has specialized recommendation engines supporting "influence"-type discovery beyond similarity.  

**Recommend categories**: ['music', 'recommendations']  

**Recommend all matched APIs**:  
- rhapsody (music metadata, recommendations, playback)  
- lastfm (artist, album, playlist data; recommendations)  
- jamendo (music catalog and playlists)  
- spotify-web (music catalog, playlists, user data)  
- musixmatch (lyrics and metadata enrichment)  
- bandsintown (concerts and events for artists)  
- songkick (live music events)  
- beatport (electronic music catalog)  
- musikki-music (curated music content)  
- sonicAPI (audio effects and processing, may support enrichment)  
- playme (large song catalog - playlists and recommendations)  
- gruvr (geocoded concert data, shows upcoming concerts, possibly artist-related)  
- bandcamp (music marketplace, artist info, sales)  

These APIs provide a rich base of music data, artist metadata, playlist and recommendation functionalities that can support the discovery and influence concept core to Inflooenz.

# Final answer

**Reasoning**:  
Inflooenz focuses on music discovery based on the concept of influence, requiring access to rich music metadata, artist relationships, playlist creation, and recommendations that go beyond similarity. The most fitting categories are 'music' and 'recommendations' due to the need for artist and music data as well as recommendation logic. Relevant APIs are those offering music catalog, artist info, playlists, and recommendation features.

**Conclusion**:  
- Recommend categories: ['music', 'recommendations']  
- Recommend all matched APIs: ['rhapsody', 'lastfm', 'jamendo', 'spotify-web', 'musixmatch', 'bandsintown', 'songkick', 'beatport', 'musikki-music', 'sonicAPI', 'playme', 'gruvr', 'bandcamp']
./output/gpt/zero_shot/responses.json
データが保存されました: ./output/gpt/zero_shot/responses.json (キー: inflooenz-1)
------------------------------
評価中のサービス: taxi-fare-calculator-greece
Iteration 1, Total call: 138
**Reasoning**:  
The requirement is to build a taxi cost calculator based on a traffic forecasting model. This type of service will require several key functionalities:

1. Mapping and geolocation: To be able to calculate routes, distances, and travel times between points, mapping APIs are essential.  
2. Traffic forecasting: The cost calculation depends on the traffic condition or forecast, so traffic data and incident information are important to factor into the cost.  
3. Routing services: Calculating the optimal or alternative routes and duration based on live or forecasted traffic requires route/directions APIs.  
4. Cost calculation logic: While explicit cost APIs might not be provided, the combination of map, routing, distance, and traffic data allows building this model.

Given the available APIs and categories:

- Google Maps API: Although the generic "Google Maps API" is deprecated, the relevant current sub-APIs are accessible like Google Maps Places, Google Maps Distance Matrix, Google Maps Geocoding, Google Directions API, etc. Here, "Google Maps API" appears in the list as no longer available, but its components such as Google Maps Places, Distance Matrix, Directions, etc. are available and relevant. For the taxi cost calculator:  
   - Google Maps Distance Matrix API provides travel distance and time matrices — useful to compute expected travel times between points considering traffic.  
   - Google Directions API provides detailed route calculation.  
- MapQuest Open Directions API: It provides routing between two or more coordinates including driving, walking, biking and transit directions, and it supports international results with open data. This complements Google Maps routing and can be used in the cost calculation model.  
- Traffic forecasting data:  
   - Bing Traffic API provides information about traffic incidents such as construction sites, congestion, severity, etc., useful for adjusting travel time estimates and calculating taxi cost based on traffic.  
- Categories relevant here are: mapping, travel, transportation (for traffic data), possibly analytics (for forecast modeling), but primarily mapping and transportation.

Since the requirement is to combine Google Maps and MapQuest Open Directions service with traffic forecasting, the recommendation is:

**Conclusion**:  
- Recommend categories: ['mapping', 'travel', 'transportation']  
- Recommend All matched APIs: ['google-maps-distance-matrix', 'google-directions', 'mapquest-open-directions', 'bing-traffic']
./output/gpt/zero_shot/responses.json
データが保存されました: ./output/gpt/zero_shot/responses.json (キー: taxi-fare-calculator-greece-1)
------------------------------
評価中のサービス: textorder.net
Iteration 1, Total call: 139
**Reasoning**:
TextOrder.net is a solution that centers around ordering via text messages, which implies text messaging and mobile communication as the core functionalities. It also focuses on promoting specials, new items, news, and word-of-mouth marketing, which suggests that it serves marketing purposes as well.

Given these requirements, the primary categories that fit are:

- Messaging: Because text message ordering is the core service.
- Marketing / Advertising / Social: since the service promotes specials, new items, news, and relies on word-of-mouth marketing tools, some categories involved in marketing and advertising might be relevant. Among the available categories, Advertising and Social stand out for marketing and word-of-mouth impact.

Looking through the available APIs, these are some that best match the needs:

- Clockwork SMS (Category: messaging): Provides an SMS gateway allowing users to send messages through an application. Supports bulk SMS, RESTful API.
- Twilio SMS (Category: messaging): Cloud communications platform that offers sending/receiving SMS messages, tracking message history. RESTful API.
- Mogreet (Category: messaging): SMS/MMS marketing service with video and rich media messaging.
- Vonage Nexmo SMS (Category: messaging): Allows SMS integration for sending and receiving messages.
- SMS API (Category: messaging): A REST interface for SMS communication.
- Hoiio SMS (Category: messaging): Global communication service for SMS.
- Pushover Message (Category: messaging): Send realtime notifications to iOS and Android devices.
- PostalMethods (Category: messaging): Postal gateway service for letters and postcards (less relevant but still messaging-related).
- Tagalus (Category: social): Allows manipulation of Twitter hashtags, relevant for word-of-mouth marketing.
- Yahoo-Search-Marketing, Unbounce, Yahoo-Ads, Google AdWords, zanox, Prosperent, LaunchBit (Advertising): These support marketing campaigns, ad management, analytics, and are useful for promoting specials and news.
- Buffer, Tagalus, What-Trend (Social): For managing and leveraging social media presence, word-of-mouth marketing.

The APIs specifically for text message ordering or SMS services are the best fit because TextOrder.net is a text message ordering platform. Clockwork SMS, Twilio SMS, Mogreet, Vonage Nexmo SMS, SMS API provide direct methods to send and receive text messages programmatically, which is essential.

While marketing, social, and advertising APIs can enhance the marketing aspect, the core service is messaging.

**Conclusion**:
- Recommend categories: ['messaging', 'advertising', 'social']
- Recommend All matched APIs: [
    'clockwork-sms', 'twilio-sms', 'mogreet', 'vonage-nexmo-sms', 
    'sms', 'hoiio-sms', 'pushover-message', 'postalmethods',
    'tagalus', 'yahoo-search-marketing', 'unbounce', 'yahoo-ads',
    'zanox', 'prosperent', 'launchbit', 'buffer', 'what-trend'
  ]
./output/gpt/zero_shot/responses.json
データが保存されました: ./output/gpt/zero_shot/responses.json (キー: textorder.net-1)
------------------------------
評価中のサービス: search-and-map-jobs
Iteration 1, Total call: 140
**Reasoning**:
The requirement is to create a mashup that can search and map jobs from all US job sites like Dice, Monster, ITJobs, Career Builder, etc. This involves two main functionalities:
1. Job search capabilities to retrieve listings from a variety of job boards and job databases.
2. Mapping functionality to show the job locations on a map.

To meet the job search need, we need APIs that offer job search data, preferably aggregated from multiple US job sites or a job search engine with a broad coverage of listings.

To meet the mapping need, we require mapping APIs that allow displaying jobs on a geographical map, with geocoding/localization services to convert address or location data from the job posting into coordinates on the map.

**Step 1: Job Search APIs**
Among the available APIs, the following are related to jobs:
- careerjet: Job search engine with listings from many websites and ability to search by keywords, location, etc.
- indeed: Job search engine with access to employer and job seeker interfaces, supports search by many criteria and returns XML or JSON.
- other job-related APIs are less direct or less suited: europass (European focused document generation), jobs category mostly has careerjet and indeed.

Hence, "careerjet" and "indeed" are the best choices for job search data coverage across multiple US sites.

**Step 2: Mapping APIs**
There are several mapping APIs. Options include:
- bing-maps-search / bing-maps
- google-maps-places / google-maps-geocoding / google-maps-elevation / google-directions (though Google Maps API is deprecated and split into many)
- mapquest / mapquest-open-directions / mapquest-geocoding
- openlayers
- openstreetmap
- arcweb
- mapbox
- geonames
- google-maps-geolocation, etc.

A widely used choice: "bing-maps-search" offers mapping and searching-related location queries, including neighborhoods, ratings, names, etc. It supports SOAP and XML.

"careerjet" and "indeed" provide job listings without mapping, so combining them with a mapping API like "bing-maps-search" or "bing-maps" that allow showing locations would satisfy the mashup need.

**Step 3: Category recommendations**
The job data is under 'jobs' category.
The mapping features are under 'mapping' category.

Hence, the mashup can belong to both 'jobs' and 'mapping' categories.

**Conclusion**:
- Recommend categories: ['jobs', 'mapping']
- Recommend APIs: ['careerjet', 'indeed', 'bing-maps-search']
./output/gpt/zero_shot/responses.json
データが保存されました: ./output/gpt/zero_shot/responses.json (キー: search-and-map-jobs-1)
------------------------------
評価中のサービス: twitter-and-box.net
Iteration 1, Total call: 141
**Reasoning**:
- The mashup requires integration with Box.net to allow users to share files from their Box accounts. Box.net is a cloud-based content management and file sharing service. The relevant category for Box.net is "content" (as the Box API is categorized).
- The mashup also requires integration with Twitter to enable sharing on Twitter. Twitter is a social media platform, best categorized under "social".
- The mashup will need APIs that provide access to Box.net's files and sharing functionality, and also APIs that enable posting messages or tweet content on Twitter.
- The available APIs include the "box" API under the content category, which provides access to Box content management and collaboration features.
- For Twitter integration, the provided "twitter" API is noted as no longer available, with functions split into multiple APIs, but it is still listed under social. The "twitter" API is relevant for Twitter-based sharing functionality.
- Therefore, the mashup needs APIs from the content category (Box.net) and from the social category (Twitter).

**Conclusion**:
- Recommend categories: ['content', 'social']
- Recommend All matched APIs: ['box', 'twitter']
./output/gpt/zero_shot/responses.json
データが保存されました: ./output/gpt/zero_shot/responses.json (キー: twitter-and-box.net-1)
------------------------------
評価中のサービス: photo-map
Iteration 1, Total call: 142
**Reasoning**:
1. The requirement is to "display a real-time photo stream from Twitter on a Google map."
2. This involves two key components:
   - Accessing Twitter's real-time photo stream (social media, photos, streaming, or social APIs)
   - Displaying data on a map, specifically Google maps (mapping API)
3. For the Twitter real-time photo stream:
   - We want to fetch live or near real-time data (photos with geo information ideally) from Twitter.
   - The available APIs include "twitter-streaming" (for real-time streaming of Twitter data), and "twitter" (but it's no longer available), so twitter-streaming is appropriate.
   - Twitter is a social category API.
4. For the map component:
   - We want to show the photos geographically on a Google map.
   - Google Maps API is no longer available as a single API but has been split into many specific APIs.
   - We'll look for appropriate Google Maps related APIs or mapping APIs.
   - The Google Maps Places API can be useful, but we mainly want mapping/geolocation and rendering.
   - The closest available categorization is "mapping" and APIs like google-maps-places, google-maps-geolocation, google-maps-geocoding, but those are mostly for places and geocoding, not map display.
   - However, since the user specifically requests Google map, and we have no direct Google Maps JavaScript API exposed here, the relevant APIs might be:
     - google-maps-places: for place info
     - google-maps-geolocation: for geo-location by cell towers (maybe less relevant)
     - google-maps-geocoding: for address to coordinate and reverse lookup
   - In addition, the Bing Maps Search and Bing Maps APIs might be alternatives, but specifically user wants Google maps.
5. To display photos on the map with markers or icons, we need an API that supports map rendering or map imagery:
   - Google Static Maps API is present that lets you embed Google map images with points. This can be used to render a map with markers (though is static, not interactive).
   - google-maps: no longer available but replaced by series of APIs.
6. So for map rendering:
   - google-static-maps would let developer embed maps with markers, good for embedded real-time photo streams.
7. For fetching photos from Twitter:
   - "twitter-streaming" API is best suited for real-time streaming data from Twitter.
   - For photos, Twitter streaming includes tweets with media entities.
8. No direct Twitter photos API is listed here; however, twitter-streaming API should suffice to get tweets containing images.
9. Optionally, for enhanced photo operations, the "twitter" API is deprecated.
10. Combining twitter-streaming API (via social category) and google-static-maps API (mapping category) seems to meet the requirement.
11. If more interactivity is needed, google-maps-places or google-maps-geocoding can provide enriched location data.
12. Summary:
    - Use twitter-streaming API to capture real-time tweets with photos and geo-location (or user location).
    - Use google-static-maps API to display these photos as markers on the map images.
    - Additional google maps APIs (geocoding or places) can provide reverse lookup or details, but their necessity depends on implementation.
  
**Conclusion**:
- Recommend categories: ['social', 'mapping', 'photos']
- Recommend All matched APIs: ['twitter-streaming', 'google-static-maps', 'giphy'] 

(Note: Giphy API is for GIF searches and not directly Twitter photos, so not necessary here.)

Strictly for Twitter photos on Google Maps, the key APIs are:

- twitter-streaming (social) — access to real-time Twitter data including tweets with photos
- google-static-maps (mapping) — display Google map images with custom markers for photo locations

Therefore:

**Final recommendations:**

- Categories: ['social', 'mapping']
- APIs: ['twitter-streaming', 'google-static-maps']
./output/gpt/zero_shot/responses.json
データが保存されました: ./output/gpt/zero_shot/responses.json (キー: photo-map-1)
------------------------------
評価中のサービス: zyp
Iteration 1, Total call: 143
**Reasoning**:
The requirement states that Zyp is a widget for Google Maps with functionalities such as zip code search, GeoPlanet queries, reverse geocoding, and views like BirdsEye and Google Street View.

- Zip code search and reverse geocoding are core mapping features.
- GeoPlanet queries relate to geographic and place-based data, which suggests a mapping or geography category.
- BirdsEye and Street View are specific Google Maps features related to map imagery and street-level views.

Given this, the relevant category is clearly "mapping" as all functionalities relate strongly to location-based services, mapping, geocoding, and map imagery.

For APIs, we need to find ones in the "mapping" category providing services similar to or encompassing these features:

1. Zip code search / reverse geocoding:
   - google-geocoding: Offers geocoding and reverse geocoding.
   - bing-maps-geocode-dataflow: Batch geocoding and reverse geocoding.
   - mapquest-geocoding: Geocoding and reverse geocoding.
   - geocoderca: Forward and reverse geocoding for USA and Canada.
   - smart-ip-geo-ip: IP-based geolocation, less relevant for zip code but geolocation related.
   - yahoo-placemaker / yahoo-geoplanet: geo-enrichment and geographic place data.
   - google-maps-geocoding: specifically geocoding API by Google.

2. Zip code search:
   - geonames: Has postal code services.
   - google-latitude: location and history (less relevant).
   - ip2location and similar offer IP-based geolocation (not zip code specific).
   
3. BirdsEye and Street View:
   - google-street-view-image: offers Street View images and panoramas.
   - bing-maps: has BirdsEye views and map imagery.
   - bing-maps-locations and bing-maps-search: location info and search.
   - google-static-maps and google-maps-geolocation: for static images and location.
   
4. Google Maps related:
   - google-maps-places: place search and detailed place data.
   - google-maps: the older integrated API.
   - google-maps-geolocation: location based on cell towers and WiFi.
   - google-maps-elevation, google-maps-distance-matrix: related mapping services.

Given the requirement is focused on Google Maps and functionalities around zip code search, reverse geocoding, GeoPlanet (which was a Yahoo! Maps API to query place data), BirdsEye view, and Google Street View, the focused relevant APIs should be:

- google-geocoding (for geo and reverse geocoding)
- google-street-view-image (for Street View imagery)
- bing-maps (for BirdsEye view and mapping features)
- bing-maps-geocode-dataflow (for batch geocode services similar to GeoPlanet)
- google-maps-places (for place and location queries)

The GeoPlanet reference aligns with Yahoo!-related APIs. Since GeoPlanet was a Yahoo! product to query geographic places, the closest match is yahoo-geoplanet in the mapping category.

**Conclusion**:
- Recommend categories: ['mapping']
- Recommend All matched APIs: ['google-geocoding', 'google-street-view-image', 'bing-maps', 'bing-maps-geocode-dataflow', 'google-maps-places', 'yahoo-geoplanet']
./output/gpt/zero_shot/responses.json
データが保存されました: ./output/gpt/zero_shot/responses.json (キー: zyp-1)
------------------------------
評価中のサービス: world-nirvana
Iteration 1, Total call: 144
**Reasoning**:  
The user's mashup service requirements include several key capabilities:

1. A dynamic tribute to Kurt Cobain, featuring Nirvana live concerts specifically shown on a Google map by year. This implies:
   - Access to live concert data/events for the band Nirvana.
   - Mapping concerts geographically using Google Maps.
   - Ability to filter or sort concerts by year.

2. Ability to search for videos directly by keywords.

From the above requirements, the following reasoning emerges:

- To display live concerts of Nirvana:
  - The category "music" seems relevant for live music and concert data APIs.
  - Nirvana concerts data suggests use of a music/concerts event API.
  - Among the music APIs, the "bandsintown" API allows access to local concerts and live music recommendations; it is designed for enterprise partners/artists to list artist events, allowing users to see concerts by an artist, buy tickets, RSVP, and more.

- For mapping Nirvana concerts on a Google map:
  - Category: "mapping" is necessary.
  - Since the requirement specifically mentions Google Map, a Google Maps API that allows displaying maps and placing points by geocoordinates is needed.
  - The "google-maps-places" API allows fetching places by location, but may not be appropriate to overlay concert data.
  - The "google-maps" historic API is no longer available, but the newer relevant Google Maps APIs are listed separately:
    - "google-maps" (historical, but references Static Maps, Distance Matrix, Geocoding, Directions, etc.)
    - Likely the "google-maps-geocoding" to decode concert venue addresses to coordinates.
    - "google-static-maps" to embed non-interactive map images.
    - If interactivity is needed, Google Maps JavaScript API is not explicitly listed, but "google-maps" profile references the split APIs.  
  - The mention "on a Google map" implies the use of an API that can render or help render maps with markers.
  - Among the "mapping" APIs, the "google-maps-places" is suitable for searching and retrieving place information by coordinates or address, which helps to get venue info.
  - The "google-geocoding" API provides geocoding and reverse geocoding services, which can be used to convert venue names/addresses to coordinates.
  - Displaying the map may require an interactive map API (e.g., Google Maps JavaScript API), but as that is not explicitly listed here, the best fit is "google-maps-places" and "google-geocoding".

- For searching videos directly by keywords:
  - Category: "video"  
  - APIs listed include "youtube", "dailymotion", "brightcove" etc.  
  - The "youtube" API allows searching for videos and retrieving feeds.
  - YouTube is the most widely used video platform with robust API support for keyword search of videos.
  - Therefore, for video search by keyword, "youtube" API is recommended.

Final synthesis:

- Categories Recommended: "music" (for Nirvana concerts), "mapping" (for Google Maps integration and venue geocoding), and "video" (for video search by keyword).

- APIs Recommended:
  - For Nirvana concerts: "bandsintown" (music category).
  - For mapping concerts on Google Maps: "google-geocoding" for location conversion; "google-maps-places" for venue data, possibly "google-static-maps" for embedding maps.
  - For video search: "youtube".

While the user wants "Nirvana live concerts" on a Google map by year, the Bandsintown API provides concert info by artist and date, so the filter by year can be done client-side or through query parameters.

**Conclusion**:  
- Recommend categories: ['music', 'mapping', 'video']  
- Recommend All matched APIs: ['bandsintown', 'google-geocoding', 'google-maps-places', 'youtube']
./output/gpt/zero_shot/responses.json
データが保存されました: ./output/gpt/zero_shot/responses.json (キー: world-nirvana-1)
------------------------------
評価中のサービス: quickfuse-google-maps-mashup
Iteration 1, Total call: 145
**Reasoning**:

1. The mashup needs to provide driving directions using a map service. So, mapping-related APIs are a must.
2. It uses speech recognition for voice interaction and returns driving directions over the phone. This implies telephony and voice-related APIs are needed.
3. The mashup requires users to specify a starting point and destination. Speech recognition software is mentioned, which is related to natural language processing or voice services.
4. Users must log in to QuickFuse to access this mashup, which implies user authentication or account management might be involved (though this is probably handled by QuickFuse itself rather than requiring a separate API).
5. Driving directions should ideally come from a reliable mapping/directions API that supports routing, with driving directions.
6. The service uses telephony to deliver directions over the phone, so an API that provides voice call capabilities is needed.
7. Speech recognition might be handled by QuickFuse or the mashup setup, but if needed, a voice or natural-language processing API could be recommended.
8. The major parts to pick APIs for then are: mapping (for directions), telephony (for calls), voice/speech recognition (if separate), and possibly authentication (but since login is through QuickFuse, this may not be needed externally).

Reviewing the available APIs for:

- Mapping/Directions: The user specifies Google Maps API, but the Google Maps API is deprecated and split into multiple APIs. We do have:
   - google-directions: Provides directions between locations using REST.
   - google-maps-places: Provides place information.
   - bing-maps-routes: Routes API for driving/walking routes.
   - google-maps-geolocation: To get mobile location data.
   - google-maps-geocoding: For geocoding addresses.
   Worth noting, the requirement is for driving directions, so google-directions is a strong candidate.

- Telephony: To deliver directions over the phone.
   - twilio API: Provides voice and SMS communications (voice calls basically).
   - telapi: Telephony platform for voice and SMS.
   - plivo: Telephony platform with call management.
   - tropo-scripting: Telephony via web technologies.
   - vonage-nexmo-sms: SMS focused.
   - spokenbuzz: Voice portal to make calls and record messages.
   Among these, Twilio is the most common and feature-rich for voice calls including interactive voice response (IVR).

- Voice/Speech recognition:
   - The provided APIs do not explicitly list a speech recognition API, but there is Google Assistant API and Alexa skill management.
   Possibly, speech recognition is handled by QuickFuse platform or integrated within telephony via IVR.

**Conclusion**:
- Recommend categories: ['mapping', 'telephony', 'voice']
- Recommend All matched APIs: ['google-directions', 'twilio', 'google-assistant', 'alexa-skill-management']

The google-directions API provides the driving directions. Twilio API handles the voice call, sending directions over the phone. Google Assistant API and Alexa skill management API provide voice/speech recognition capabilities if the mashup integrates voice commands and recognition features.

Given the mashup is about directions over the phone using speech recognition and calling, these 4 APIs together cover the core components needed. Although the mashup specifically uses Google Maps API (which is deprecated and split), google-directions is a direct replacement for directions. Twilio is the leading telephony voice communication API, suitable for call and voice playback functionality. The voice category APIs (Google Assistant and Alexa skill management) provide voice recognition and voice interaction functionality.

# Final Recommendation

**Recommend categories:** ['mapping', 'telephony', 'voice']

**Recommend All matched APIs:** ['google-directions', 'twilio', 'google-assistant', 'alexa-skill-management']
./output/gpt/zero_shot/responses.json
データが保存されました: ./output/gpt/zero_shot/responses.json (キー: quickfuse-google-maps-mashup-1)
------------------------------
評価中のサービス: fitdatasync
Iteration 1, Total call: 146
**Reasoning**:
The requirement is for an application named FitDataSync that automatically syncs data bidirectionally between Garmin devices and Fitbit accounts. The app syncs activity data from Garmin devices into the Fitbit dashboard and Fitbit Aria Wi-Fi Smart Scale weight measurements into the Garmin Connect account.

Key components involved:
1. Garmin device data (activity, weight via Aria scale).
2. Fitbit account data and dashboard.
3. Bidirectional synchronization, implying APIs for both Garmin and Fitbit.

From the available APIs and categories:
- There is a "fitbit" API under the "fitness" category, which "enables third-party applications to access and write data on behalf of users." This matches the Fitbit integration needed.
- There is no direct "garmin-connect" API listed, but there is a "garmin-communicator-plugin" API under "location," which allows data transfer between websites and Garmin GPS Devices and includes features like reading fitness data from supported devices.
- Also, "garmin-motionbased" under "sports" is under development with web services API for fitness data.
- For syncing data from Garmin to Fitbit, one would utilize the Fitbit API to write data, and use Garmin API or plugin to access Garmin device or their data.
- The requirement implies some form of user authentication and reading/writing of fitness data.
- Therefore, relevant categories include "fitness" for Fitbit, and "location" or "sports" for Garmin devices.
- No direct explicit Garmin Connect API is listed, but "garmin-communicator-plugin" seems the closest.
- Additionally, since data synchronization is involved, the "applications" category might be relevant if middleware or backend operations are needed, but given the main need is device data access, we focus on "fitness" and "location" or "sports."

**Conclusion**:
- Recommend categories: ['fitness', 'location', 'sports']
- Recommend All matched APIs: ['fitbit', 'garmin-communicator-plugin', 'garmin-motionbased']
./output/gpt/zero_shot/responses.json
データが保存されました: ./output/gpt/zero_shot/responses.json (キー: fitdatasync-1)
------------------------------
評価中のサービス: lookupisbn.com
Iteration 1, Total call: 147
**Reasoning**:
The requirement describes a service, Lookupisbn.com, which offers functionality to find books by ISBN, Author, or Title. It leverages data from Amazon for product details and related books, and uses AbeBooks for comparative pricing. 

1. The core service revolves around books data - searching for books, retrieving book details, and pricing comparison. This naturally falls within the "books" category as it is dealing with book-related data and services.
2. Since the system integrates product details specifically from Amazon as a core component, the "ecommerce" category is also relevant because it involves product data and pricing which are key aspects of e-commerce.
3. AbeBooks is mentioned specifically, which is known for its API providing detailed book inventory and pricing comparisons, also fitting under the "search" category, since it supports searching books and prices.
4. Amazon's API for product advertising provides detailed product data including books, so it is relevant and falls under the "ecommerce" category.
5. AbeBooks, which has an API to search inventory for millions of books, matches specifically with the requirement for comparative pricing.

From the available APIs:

- AbeBooks (Category: search) matches the requirement for searching inventory of millions of books, new, secondhand, rare, and out-of-print books, with detailed information.
- Amazon Product Advertising (Category: ecommerce) offers access to Amazon product data, including books, which fulfills the Amazon product details portion.
  
These two APIs directly address the stated functionality of Lookupisbn.com.

**Conclusion**:
- Recommend categories: ['books', 'search', 'ecommerce']
- Recommend All matched APIs: ['abebooks', 'amazon-product-advertising']
./output/gpt/zero_shot/responses.json
データが保存されました: ./output/gpt/zero_shot/responses.json (キー: lookupisbn.com-1)
------------------------------
評価中のサービス: globaround
Iteration 1, Total call: 148
**Reasoning**:  
The requirements specify a desktop mashup called GlobAround that integrates APIs from Booli and Nestoria. This mashup lets users search classified ads for free items worldwide, with sections dedicated to job listings and real estate.

- Booli API is described as a Swedish real estate search portal, allowing programmatic access to real estate data.
- Nestoria API is a vertical search engine for property in the UK and Spain, also real estate related.
- The mashup covers classified ads (which can be generally under ecommerce or real-estate if real estate listings), jobs (job listings), and real estate sections.
  
Given that the provided APIs are Booli and Nestoria which belong to the real-estate category and job listings are also part of the mashup, the relevant categories to recommend would be:

- real-estate (for Booli and Nestoria APIs)
- jobs (for the job listings section)
- ecommerce (since classified ads may involve buying/selling free or other items, common in ecommerce)

Hence, the categories that fit the mashup closely are real-estate, jobs, and ecommerce.

The matched APIs are Booli (real-estate) and Nestoria (real-estate), as well as any job search API if relevant. From the available APIs, Careerjet and Indeed are related to jobs, but they are not mentioned as included in GlobAround. Since the requirement explicitly mentions Booli and Nestoria, and sections for jobs and classifieds, we limit to these.

**Conclusion**:  
- Recommend categories: ['real-estate', 'jobs', 'ecommerce']  
- Recommend All matched APIs: ['booli', 'nestoria']
./output/gpt/zero_shot/responses.json
データが保存されました: ./output/gpt/zero_shot/responses.json (キー: globaround-1)
------------------------------
評価中のサービス: ergotxt
Iteration 1, Total call: 149
**Reasoning**:
1. The requirement is to build a service that sends periodic text messages (reminders) to users about ergonomic breaks or actions.
2. The key functionality is sending SMS messages automatically on a schedule.
3. ErgoBot is the source of the messages, ErgoTxt is the service sending these messages hourly.
4. Therefore, messaging and specifically SMS messaging is the critical category for this application.
5. The Twitter integration (ErgoBot on twitter) might need social API integration if interaction or data pulling from Twitter is required. But the core requirement here is delivering SMS reminders.
6. Hence, the primary API category is Messaging.
7. Available SMS messaging APIs include:
   - clockwork-sms: SMS gateway, allowing users to send messages
   - twilio-sms: Twilio SMS API for sending and receiving SMS messages
   - mogreet: SMS/MMS marketing
   - vonage-nexmo-sms: Nexmo SMS API
   - sms: SMS API based on SMPP
   - hoiio-sms: Global SMS integration
   - postalmethods: Postal gateway for letters and postcards – not relevant here
   - pushover-message: real-time notifications, but to mobile devices, not specifically SMS
   - slack-incoming-webhooks: for Slack messaging, not SMS
   - slack-real-time-messaging: Slack chat, not SMS
   - business-alerts: desktop alerts and mobile phones, possibly relevant but mostly alerts
   - amazon-sns: notifications, includes SMS capability
8. The best matches for direct SMS sending to users are twilio-sms, clockwork-sms, vonage-nexmo-sms, and hoiio-sms.
9. For generating the ergonomic reminders (messages), since they are provided by ErgoBot on Twitter, an integration with Twitter Social API might be beneficial to fetch or manage the message content.
10. Twitter-streaming or Twitter REST API used for fetching tweets or stream data.
11. ErgoTxt also sends these messages "registered users", so might need user management or backend infrastructure but that is not explicitly required in current scope.
12. Hence recommend categories: ['messaging', 'social', 'backend', 'tools'] could be useful but messaging and social are the most critical.
13. Matching APIs to recommend:
    - messaging: twilio-sms, clockwork-sms, vonage-nexmo-sms, hoiio-sms
    - social: twitter or twitter-streaming APIs for integrating with ErgoBot Twitter content
    - backend/tools: quickblox (for backend and communication), zapier (for automation) could be optional but not essential here.

**Conclusion**:
- Recommend categories: ['messaging', 'social']
- Recommend All matched APIs: ['twilio-sms', 'clockwork-sms', 'vonage-nexmo-sms', 'hoiio-sms', 'twitter-streaming']
./output/gpt/zero_shot/responses.json
データが保存されました: ./output/gpt/zero_shot/responses.json (キー: ergotxt-1)
------------------------------
評価中のサービス: bills-news
Iteration 1, Total call: 150
**Reasoning**:
The user wants to build or enhance a mashup service similar to Maplight.org, which combines political results with financial contributions to analyze and show how capital contributions might affect votes on different bills. The service would require:

1. Government and political data: Including detailed information on legislation, voting records, legislators, and congressional activities.
2. Financial contributions data: Data on financial contributions to politicians or campaigns, ideally allowing insight into donors or funding sources.
3. Potentially integration of geographic location data to map politicians or legislation geographically.
4. APIs that facilitate access to campaign finance, voting records, and political finance data are needed.
5. Data services that aggregate and expose government and political data in a programmatically accessible way.

From the available categories, the following are relevant:

- government: Typically, for public data on elected officials, voting records, and legislation.
- financial: Because the service relates to financial contributions and campaign finance.
- data-as-a-service: For broad, possibly aggregated data on people and companies, may include political contributions.
- other: If no direct APIs map perfectly, could be a fallback.
- social: Sometimes political data is tied with social analytics, but less direct.
- analytics: For analyzing data or combining data feeds.

Among the listed APIs, there are some specifically related to government and political data and financial contributions:

- opensecrets (Category: government): Provides access to data on money in U.S. politics, including politician's top contributors and financial disclosures. This API is very close to the financial contribution data needed.
- us-census-bureau (government): For demographic data, which may aid in analysis but less critical.
- uk-street-level-crime and san-francisco-crimespotting (government): Crime-related, not political finance related.
- actblue (government): For fundraising and donation data related to Democratic candidates, also relevant.
- govtrackus (government): Tracks U.S. Congress data including legislation votes, members. Vital for voting records.
- google-civic-information (government): Provides civic information including polling and candidate data; useful for civic context.
- google-analytics-metadata, new-relic, mixpanel, kissmetrics (analytics/tools): These APIs are mainly for program usage analytics, less relevant for political finance and voting data.
- zoominfo (data-as-a-service): Provides profiles on business people and companies, could be relevant for donor info.
- business-profiles (enterprise): Could provide info on corporations donating money.
- zoominfo, infogroup-infoconnect (database/data-as-a-service): Possible supplemental data about contributors.
- openSecrets is the closest match to campaign finance data.

Other APIs do not provide direct political or financial contribution info.

**Conclusion**:
- Recommend categories: ['government', 'financial', 'data-as-a-service']
- Recommend All matched APIs: ['opensecrets', 'govtrackus', 'actblue', 'google-civic-information', 'zoominfo']

These APIs cover political voting data, financial contributions (campaign finance), and enriched data about contributors and politicians useful for mashup development like Maplight.org.
./output/gpt/zero_shot/responses.json
データが保存されました: ./output/gpt/zero_shot/responses.json (キー: bills-news-1)
------------------------------
評価中のサービス: twitter-design-generator-bookmarklet
Iteration 1, Total call: 151
**Reasoning**:
A bookmarklet is a small JavaScript program stored as a URL within a bookmark in a web browser. It provides ease of access and is commonly used to enhance or modify existing web page functionality. Here, the goal is to design a Twitter theme more easily. This is a function closely tied to social networking services, specifically Twitter. Therefore, we should focus on:

- Categories that relate to social media, social network APIs, and bookmarking services.
- APIs that provide access or integration with Twitter data, social tags or definitions, or any bookmarks that can help modify or design Twitter themes.
- Bookmark APIs that may help manage bookmarklets or bookmark data usefully.

From the available APIs and categories, we find the following relevant ones:

- **Category: social** - Because Twitter and Twitter-related APIs including tag declaration/modification, and Twitter’s public data access, fall into this category.
- **Category: bookmarks** - As bookmarklets are a form of bookmark, APIs that help with bookmark management or services may be relevant.
- Potential API candidates include:
  - **tagalus**: Lets you declare meanings of Twitter hashtags, which is pertinent to Twitter content and themes.
  - **twitter-streaming**: Provides real-time access to Twitter data streams; useful for live Twitter theme customization.
  - **twitter**: Historical Twitter REST API (deprecated but kept for reference) providing basic Twitter data functions.
  - **pocket** or **zotero** or **instapaper**: Bookmark-related APIs allowing access to bookmarks, though they are more general.

Designing a Twitter theme with a bookmarklet would primarily need access to Twitter content or to social metadata usable for theme design. The bookmark category APIs might be secondary unless the bookmarklet also interacts with bookmarking or saving content.

Hence, the top relevant categories are 'social' and 'bookmarks'.

The most relevant APIs are:
- **tagalus** (social) — related specifically to Twitter hashtags and thus relevant to Twitter theme design.
- **twitter-streaming** (social) — to access real-time Twitter data, useful in theme design/editing.
- The legacy **twitter** API is deprecated; thus, better to recommend the active Twitter Streaming API.
- **pocket** (bookmarks) or **zotero**, **instapaper** are more for reading / later saving, less directly relevant for theme design.

Therefore, the best matches lie in the **social** category for Twitter-focused APIs and **bookmarks** category for bookmarklet-related support.

**Conclusion**:
- Recommend categories: ['social', 'bookmarks']
- Recommend All matched APIs: ['tagalus', 'twitter-streaming']
./output/gpt/zero_shot/responses.json
データが保存されました: ./output/gpt/zero_shot/responses.json (キー: twitter-design-generator-bookmarklet-1)
------------------------------
評価中のサービス: tweetervision
Iteration 1, Total call: 152
**Reasoning**:
- The requirement is to watch videos and post to friends on Twitter.
- Watching videos involves video content and playback capabilities.
- Sharing or posting to friends on Twitter involves social networking, specifically Twitter.
- Therefore, APIs needed should allow accessing video content and manipulation, and allow Twitter interactions (posting content or tweets).
- From the categories available, "video" and "social" are most relevant.
- For watching videos, APIs like YouTube and other video platforms or video content providers are appropriate.
- For posting to Twitter, social APIs that interact with Twitter are relevant.
- Considering the available APIs, YouTube API provides video-related capabilities, including searching and retrieving videos, uploading, playlist management, and more.
- For Twitter, however, the old Twitter API is deprecated and split into multiple parts (Twitter Ads API, Twitter Search Tweets API, etc.). The Twitter Streaming API is available for data streaming, but posting to Twitter may require a RESTful Twitter API.
- Other social services like Facebook Graph, Buffer, and Tumblr are social too but not focused on Twitter posting.
- Among the listed APIs, Tagalus is for Twitter hashtag meanings, not for posting.
- Twitter's official posting APIs are deprecated here, but Buffer API shows capability to create and manage updates; Buffer works with Twitter accounts and schedules tweets.
- Alternatively, since Twitter's official API is deprecated here, Buffer API may be a good proxy to post to Twitter.
- Regarding video, YouTube API is the best choice.
- So, watching videos is best handled by YouTube API.
- Posting to Twitter friends is handled with Buffer API (which supports posting and managing social updates on Twitter).
- Alternatively, if we consider only direct Twitter API, it's deprecated and split, so no direct Twitter posting API available here.
- Therefore, the combined use of YouTube API (video watching) and Buffer API (posting to Twitter) meets the requirement.

**Conclusion**:
- Recommend categories: ['video', 'social']
- Recommend All matched APIs: ['youtube', 'buffer']
./output/gpt/zero_shot/responses.json
データが保存されました: ./output/gpt/zero_shot/responses.json (キー: tweetervision-1)
------------------------------
評価中のサービス: primocast
Iteration 1, Total call: 153
**Reasoning**:
The user's requirements are to search and find YouTube videos, watch a video, and share it with friends. This involves video content search, video playback, and social sharing or interaction.

1. **Search and find YouTube videos**
   - This requires access to YouTube's video catalog and the ability to query videos based on keywords or other parameters.
   - This functionality falls under the "video" category.
   - Among the available APIs, the "youtube" API is specifically designed for integration with YouTube, supporting video search, retrieval, and standard feed access.

2. **Watch a video**
   - Playing the video typically involves embedding or linking to the video content.
   - The "youtube" API provides the necessary access to video information and standard feeds to enable playback or embedding.

3. **Share it with friends**
   - Sharing can be facilitated by social APIs that allow posting or sharing content.
   - However, since the sharing is specifically for YouTube videos, the YouTube API should support sharing functionality via URLs or embedding.
   - For broader social sharing functionalities, social or social media APIs might be considered, but the requirement is specific to YouTube video sharing with friends, which typically can be handled by using the YouTube video URLs and embedding.
   
Category wise:
- **video**: Primary category for YouTube API.
- **social**: Potentially for sharing functionality with social networks or friends, but not explicitly required here since sharing can be done via links.
- **search**: Relevant category because searching YouTube videos is involved, but since the "youtube" API is classified under "video" with search functionality included, an additional "search" API is not mandatory.

No other API matches YouTube video search, watch, and share directly.

**Conclusion**:
- Recommend categories: ['video']
- Recommend All matched APIs: ['youtube']
./output/gpt/zero_shot/responses.json
データが保存されました: ./output/gpt/zero_shot/responses.json (キー: primocast-1)
------------------------------
評価中のサービス: localiz.me
Iteration 1, Total call: 154
**Reasoning**:  
localiz.me is an online treasure hunt game that operates on Google Maps. Such a game needs to display maps, locate treasures or points of interest, and possibly process location data or routing for players to find treasure locations.

1. Since the game is "on Google Maps", mapping services are essential. The system should display maps, perform geocoding (convert addresses to lat/lon), display markers, possibly routes, and allow location-based searches.

2. Categories related to mapping should be recommended because of the map-based nature of the game.

3. APIs to consider are those involved with mapping, geolocation, geocoding, maps rendering, markers, route calculation, or nearby place search.

4. From the available APIs, those related to mapping include:
   - bing-maps-search: Search service for mapping queries.
   - google-places and similar (but we specifically have google-maps-places, google-maps, google-geocoding, google-maps-elevation, google-maps-geolocation, google-maps-distance-matrix, google-maps-directions)
   - google-maps-places: For place information using latitude/longitude.
   - google-maps-geolocation: To find location based on Wi-Fi and cell towers.
   - google-maps-distance-matrix: To calculate distances and travel time between points.
   - bing-maps-locations
   - bing-maps-routes
   - bing-maps-geocode-dataflow
   - mapquest-open-directions, mapquest-geocoding, mapquest (platform with multiple mapping APIs)
   - openlayers (JS library to include dynamic maps.)
   - mapbox (create interactive maps, host maps, embeddable on websites)
   - openstreetmap and related tools
   - scribble-maps (draw and share maps)
   - yahoo-placemaker, yahoo-geoplanet, yahoo-internet-location-platform (GeoPlace APIs)
   - geonb (Canadian province geographic information)
   - quova, ip2location, smart-ip-geo-ip, telize (IP-based geolocation)
   - Your Mapper (aggregated local govt geographic data)
   - geocoderca (Canada and USA forward and reverse geocoding)
   - geonames (geographical database and services)
   - metalocator (mapping and locator service)
   - google-latitude (location history and data)
   - microsoft-bing-maps (mapping control & web services)
   - bing-maps (REST services for map rendering and geocoding)
   - google-geocoding (geocoding and reverse geocoding)
   - google-maps-directions (routing and directions)
   - google-maps-elevation (elevation data)
   - usgs-elevation-query-service (elevation data)
   - arcweb (mapping)
   - maplarge (mapping and geocoding)
   - geoloqi (private real-time mobile location)

Among these, some stand out particularly for integration in an interactive treasure hunt game on Google Maps:

- Google Maps-related APIs because of direct mention of Google Maps platform:

  - google-maps-places  
  - google-maps-geolocation  
  - google-maps-distance-matrix  
  - google-geocoding  
  - google-maps-directions  
  - google-maps-elevation  
  - google-static-maps  
  - google-street-view-image  

- Mapping platforms for displaying maps and annotations:

  - mapbox  
  - openlayers  

- Other mapping APIs for complementary services:

  - bing-maps-search  
  - bing-maps-locations  
  - bing-maps-routes  
  - mapquest-geocoding  
  - mapquest-open-directions  
  - google-latitude  

5. Because the game is location-based, the "mapping" category should be the primary recommended category.

6. Additionally, "location" category can be considered as well, for services giving location data (e.g., ipinfoio-ip-geolocation).

7. Sometimes games require real-time communication or user interaction, but since the requirement did not specify chat or messaging, these are not essential.

8. The core need is mapping, geolocation, and place information.

**Conclusion**:  
- Recommend categories: ['mapping', 'location']  
- Recommend All matched APIs:  
  - google-maps-places  
  - google-maps-geolocation  
  - google-maps-distance-matrix  
  - google-geocoding  
  - google-maps-directions  
  - google-maps-elevation  
  - google-static-maps  
  - google-street-view-image  
  - mapbox  
  - openlayers  
  - bing-maps-search  
  - bing-maps-locations  
  - bing-maps-routes  
  - mapquest-geocoding  
  - mapquest-open-directions  
  - google-latitude  
  - ipinfoio-ip-geolocation (helps with IP-based geolocation)  
  - smart-ip-geo-ip (IP geolocation service)  
  - Your Mapper (local govt geographic data)  
  - geonames (geographical info and services)  
  - geocoderca (forward and reverse geocoding for Canada and USA)
./output/gpt/zero_shot/responses.json
データが保存されました: ./output/gpt/zero_shot/responses.json (キー: localiz.me-1)
------------------------------
評価中のサービス: smslord
Iteration 1, Total call: 155
**Reasoning**:  
The requirements describe a WordPress-based system that manages SMS campaigns for multiple users, including the system administrator and clients, with the ability for clients to send SMS messages via a plugin called SMS Butler.

Key points from the requirements:
- WordPress based (implies integration possibility via WordPress plugins and APIs)
- SMS campaign management for self and clients
- Clients have the ability to send their own SMS messages
- Needs SMS sending, receiving, and campaign management capabilities

From the available categories and APIs, the relevant ones fall mostly under the **messaging** category because SMS sending and campaign management rely on telephony/messaging APIs. Also, since WordPress is the hosting platform, no other hosting or backend API is specifically indicated, but rather the messaging APIs would be integrated into WordPress.

Next, from the messaging category, APIs that allow SMS sending and campaign management functionalities should be considered. Candidates include:

- **twilio-sms**: Provides a RESTful API for sending and receiving SMS, with message tracking and history features. Twilio is widely used for integrating SMS with applications and has extensive developer support. This aligns with campaign management and client sending requirements.

- **clockwork-sms**: Offers an SMS gateway allowing message sending, including bulk SMS. Supports RESTful, SOAP and SMPP protocols. Responses can be XML. Good for campaign sending and client usage.

- **mogreet**: Focused on SMS/MMS marketing, allows sending blasts to lists, managing content and mobile marketing lists, fitting well for campaigns and client management.

- **vonage-nexmo-sms**: Another SMS API for sending and receiving messages, supports integration into apps.

- **att-app-messaging**: Provides SMS and MMS capabilities for AT&T subscribers; supports sending and receiving SMS and MMS messages.

- **postalmethods**: Enables sending letters and postcards via a postal gateway; less relevant as it's postal mail, not SMS.

- **pushover-message**: For push notifications to mobile devices, not SMS.

- **notifo**: Push notifications platform, not SMS.

- **sms**: A generic SMS API providing REST interface and SMPP protocol; suitable for SMS sending.

- **hoiio-sms**: Global SMS API for sending SMS messages.

- **strikeiron-sms-mobile-marketing**: Bulk SMS API, with extensive carrier coverage; designed for mobile marketing campaigns.

- **smsapi**: Bulk SMS REST API.

Also, the **telephony** category has relevant APIs but focus mostly on voice, calls, and some special features (e.g., OpenCNAM for caller ID), but Twilio and others include SMS in telephony category but also specifically have SMS APIs.

No direct WordPress API is mentioned, but the integration with these SMS APIs can be done through WordPress plugins or custom code.

Hence the most straightforward and powerful options are **Twilio SMS API**, **Clockwork SMS API**, and **Mogreet SMS API**, since they are fully featured, support REST, and offer campaign management functionalities.

**Conclusion**:  
- Recommend categories: ['messaging', 'telephony']  
- Recommend All matched APIs: ['twilio-sms', 'clockwork-sms', 'mogreet', 'vonage-nexmo-sms', 'att-app-messaging', 'sms', 'strikeiron-sms-mobile-marketing', 'hoiio-sms']
./output/gpt/zero_shot/responses.json
データが保存されました: ./output/gpt/zero_shot/responses.json (キー: smslord-1)
------------------------------
評価中のサービス: cuteon.me
Iteration 1, Total call: 156
**Reasoning**:
CuteOn.Me is described as a social shopping app that involves soliciting shopping advice from friends. Its key functionalities include batch link creation, metadata association, redirection patterns, conversion tracking, and retrieval of advanced statistics. These features pertain primarily to the social and marketing analytics aspects.

The awe.sm API listed is described as the easiest and most flexible way for developers, marketers, and publishers to harness social data in applications. It can help understand which users and behavior patterns drive traffic, conversions, and revenue through performance analytics.

Given the described requirements and functionalities—soliciting advice from friends (social interaction), tracking conversions, managing link redirects, and obtaining advanced analytics—this matches closely with the awe.sm API in the social category.

No other API in the list explicitly supports batch link creation with metadata, conversion tracking, and statistics retrieval aimed specifically at social data and marketing metrics.

**Conclusion**:
- Recommend categories: ['social']
- Recommend All matched APIs: ['awesm']
./output/gpt/zero_shot/responses.json
データが保存されました: ./output/gpt/zero_shot/responses.json (キー: cuteon.me-1)
------------------------------
評価中のサービス: mapmyfriends-facebook-app
Iteration 1, Total call: 157
**Reasoning**:

The requirement is for an app that allows a user to log in using their Facebook credentials, then plots their Facebook friends' locations on a Google Map in a visually appealing way.

Breaking down the requirement:

1. Facebook Login and accessing data about friends:
   - The app must authenticate the user via Facebook login.
   - It requires access to the user's Facebook friends data, including potentially friends' location data.
   - So, a social category API is needed for user authentication and social graph access.
   - Relevant API: Facebook API (though it is deprecated, replaced by Facebook Graph API).
   - Also, LinkedIn, Twitter, and Instagram are social APIs but the user specifically wants Facebook.
   - Among the available APIs, "facebook-graph" API offers social graph access with friend information.

2. Displaying data on a Google Map:
   - The app plots friends on a Google Map.
   - So, need a mapping API that supports Google Maps or equivalent.
   - The Google Maps API is no longer available as a single entity but is decomposed into several APIs.
   - The suitable ones would be ones related to Google Maps for placing markers and interacting with maps.
   - Google Maps Places API allows searching and details of places, but here the requirement is to plot friends on a map based on their location.
   - Google Maps Geocoding or Geolocation APIs convert addresses or IPs to coordinates, which can be useful.
   - Google Maps API itself is marked as no longer available, but Google Maps Places, Geocoding, and Geolocation are present.
   - Bing Maps APIs or MapQuest also provide mapping services as alternatives.
   - For plotting on Google Maps specifically, "google-maps-places", "google-maps-geolocation", "google-geocoding", and "google-directions" may be relevant.
   - The main Map API for rendering and plotting locations is usually the Google Maps JavaScript API, which seems not listed explicitly here.
   - Since the app plots data visually, a mapping API is needed from the mapping category.

**Conclusion**:

- Recommended categories:
   - ['social', 'mapping']

- Recommended APIs:
   - For Facebook Login and friends data: 'facebook-graph' (Category: social)
   - For mapping and plotting friends data: 'google-maps-places' (Category: mapping)
   - Additionally, for geocoding and mapping coordinates, 'google-geocoding' (mapping) or 'google-maps-geolocation' (mapping) may be useful.
   - Depending on whether the app needs directions or routing, 'google-directions' may be helpful.

Overall, the main two APIs would be 'facebook-graph' and 'google-maps-places'. For geocoding friend locations, 'google-geocoding' or 'google-maps-geolocation' can be used.

**Final recommendation**:

- Recommend categories: ['social', 'mapping']
- Recommend All matched APIs: ['facebook-graph', 'google-maps-places', 'google-geocoding', 'google-maps-geolocation']
./output/gpt/zero_shot/responses.json
データが保存されました: ./output/gpt/zero_shot/responses.json (キー: mapmyfriends-facebook-app-1)
------------------------------
評価中のサービス: houseincity
Iteration 1, Total call: 158
**Reasoning**:  
HouseinCity is a search portal focused on residential apartments which implies it needs to handle real estate listings with features like metro (public transit) connectivity and proximity search functionalities. This naturally involves geographic and mapping data, location-based services, and real estate info. Therefore, the mashup should leverage (1) mapping APIs to handle locations and proximity calculations, (2) real estate-focused APIs for residential apartment data, and (3) transportation or transit APIs to provide metro connectivity information.  

Reviewing the available categories, the relevant ones appear to be:  
- **mapping**: For location coordinates, geocoding, proximity calculations, and maps.  
- **real-estate**: To get listings and property information.  
- **transportation**: To provide metro or public transit connectivity and related data.

Checking the APIs:  
1. **mapping**: There are multiple mapping APIs (e.g., bing-maps-search, google-maps-places, google-geocoding, mapquest, microsoft-bing-maps, openstreetmap, maplarge, geonb) that allow geospatial queries and location services. This supports the need for proximity search and metro connectivity mapping.  

2. **real-estate**: There are real-estate APIs like nestoria (a vertical search engine for UK and Spain properties), zillow (various home data, valuations, and neighborhood info), booli (Swedish real estate search), and walk-score (walkability score of addresses). These provide direct data on residential apartments and property details.  

3. **transportation**: Yahoo-traffic, bing-traffic, public-transit-data-community (bus/train arrival predictions, routes), lyft (ride-share), uber (transportation estimates), and irail (Belgium train schedules) provide data about transit and vehicle routes that could be used or adapted to provide metro connectivity information.

Cross-referencing HouseinCity's required features:  
- Proximity search and metro connectivity are best supported by combining real-estate listings with mapping and transportation/transit APIs.  
- If metro connectivity is focused on public transport, including transit APIs offering arrival times, station info, and routes will be valuable.  

**Conclusion**:  
- Recommend categories: ['mapping', 'real-estate', 'transportation']  
- Recommend All matched APIs:  
   - mapping: ['bing-maps-search', 'google-maps-places', 'mapquest', 'microsoft-bing-maps', 'openstreetmap', 'maplarge', 'geonb', 'google-geocoding'] (selecting prominent mapping APIs that support locations and geocoding)  
   - real-estate: ['nestoria', 'zillow', 'booli', 'walk-score'] (top choices for property data and walkability info)  
   - transportation: ['yahoo-traffic', 'bing-traffic', 'public-transit-data-community', 'irail'] (covering traffic and transit data)  

These APIs together would provide comprehensive data and features to support HouseinCity’s apartment search portal with metro connectivity and proximity capabilities.
./output/gpt/zero_shot/responses.json
データが保存されました: ./output/gpt/zero_shot/responses.json (キー: houseincity-1)
------------------------------
評価中のサービス: gifanator
Iteration 1, Total call: 159
**Reasoning**:

The requirements describe a mashup service named "Gifanator" which integrates two capabilities:

1. Integration with Giphy API to allow users to receive or send randomly generated GIFs. Giphy is an animated search engine for GIFs, and it supports searching GIFs and retrieving animated content.

2. Integration with Twilio API to allow receiving or sending GIFs via SMS/text messaging. Twilio is a cloud communication platform that provides APIs for SMS and voice communication. It facilitates sending and receiving SMS messages programmatically.

Additionally, users can select keywords indicating negative or positive emotions to refine the GIFs sent. While this may involve natural language processing or sentiment analysis, the requirement only emphasizes sending GIFs based on keywords, which can be handled by Giphy's search API.

Thus, the mashup involves:

- Category "search" for Giphy (to search and retrieve GIFs based on keywords including emotions).

- Category "messaging" for Twilio (to send/receive SMS text messages containing GIFs).

Matching APIs:

- Giphy API under Category "search" with description about animated GIF search and sharing.

- Twilio SMS API under Category "messaging" that allows sending and receiving SMS messages and tracking their history.

No other APIs are strictly required based on given requirements.

**Conclusion**:

- Recommend categories: ['search', 'messaging']

- Recommend all matched APIs: ['giphy', 'twilio']
./output/gpt/zero_shot/responses.json
データが保存されました: ./output/gpt/zero_shot/responses.json (キー: gifanator-1)
------------------------------
評価中のサービス: murali-basa-blog
Iteration 1, Total call: 160
**Reasoning**:  
You want to create a blog about your professional works focusing on lighting design. The primary focus is on blogging, sharing content, possibly showcasing images and portfolio items related to your lighting design projects. The main category will obviously be "blogging" to manage and publish blog content. Since it is a professional design portfolio, you might want to integrate photo and image functionalities to showcase your works visually, so "photos" or "images" categories are also appropriate. Optionally, a "design" category may also be helpful if you want to offer design-related resources or tools integrated with your blog.

From the available categories and APIs, here is the match:  
- Category "blogging" for managing posts and blog-specific features.  
- Category "photos" or "images" for handling portfolios, images, and visual content related to lighting design.  
- Category "design" if you want to integrate design inspirations or communities.

From available APIs:  
- For blogging:  
  - blogger (allows creating, editing, querying blog posts)  
  - wordpresscom (hosted WordPress blogging platform API)  
  - disqus (for comments and social interaction)  
  - feedly (to aggregate blog feeds or RSS subscriptions)  
- For photos/images:  
  - flickr (photo sharing and retrieval)  
  - pixabay-free-images (license-free image search and retrieval)  
  - smugmug (photo upload and management)  
  - 500px (community for photographers; may be useful for showcasing high-quality design works)  
  - instagram-graph or instagram-real-time (to embed Instagram photos and real-time feeds)  
- For design-related tools:  
  - colourlovers (color palettes and themes useful for lighting design inspiration)  
  - dribbble (design showcases platform) - but note it came under "other", so less directly related in API list here  
  - 99designs-tasks (design task management, if needed)  

Since no API explicitly mentions lighting design, the best approach is to leverage blogging APIs along with photography/image APIs to feature your lighting design content in blog format with strong visuals.

**Conclusion**:  
- Recommend categories: ['blogging', 'photos', 'design']  
- Recommend all matched APIs: ['blogger', 'wordpresscom', 'disqus', 'feedly', 'flickr', 'pixabay-free-images', 'smugmug', '500px', 'instagram-graph', 'instagram-real-time', 'colourlovers', '99designs-tasks']
./output/gpt/zero_shot/responses.json
データが保存されました: ./output/gpt/zero_shot/responses.json (キー: murali-basa-blog-1)
------------------------------
評価中のサービス: tennismaps
Iteration 1, Total call: 161
**Reasoning**:

1. The user wants tennis courts and tennis services in the United States.
2. The data must be organized on an interactive map, meaning strong geolocation and map display features are required.
3. The tennis courts' characteristics such as type, number, and facilities (lighted, backboard, water, bathrooms, etc.) must be displayed, so we need APIs that provide venue or local business information, possibly with detailed attributes.
4. The requirement specifies geographic focus: United States.
5. The interactive map should support showing multiple locations with metadata—best suited for mapping APIs with support for geospatial data.
6. To get tennis courts info and their amenities, an API that provides location-based business or sports facility data or a local business directory would be ideal.
7. Secondary requirements include interactivity, ability to show info about each location, and possibly filtering by features (lighted etc.).
8. Based on available categories and APIs, relevant categories include:
   - mapping (for displaying interactive maps)
   - search or recommendations (to find tennis courts as businesses/venues)
   - sports (for sports-related data)
   - ecommerce or events are less relevant here.
   - government or data-as-a-service might have fitness or recreation data, but no such API specifically listed.
9. Among mapping APIs, options such as:
   - google-maps-places (returns info about establishments, geographic location, point of interest, including search, details, photos)
   - bing-maps-search (allows mapping related search queries, supports filters)
   - yelp-fusion (business review and rating info by geographic region, details about local businesses)
   - foursquare (location-based venues, photos, check-ins)
   - mapquest, openlayers, mapbox (map display and geocoding, less about location data)
   
   The google-maps-places API would be suitable for places and business info.
   
10. For tennis courts and their features (lighted, bathrooms, water), google-maps-places or yelp-fusion or foursquare could provide such details because they have local business/venue info including amenities.
11. For interactive map display, mapping API like Google Maps or Bing Maps or Mapbox can be used.
12. Since the user wants the data organized by tennis courts, an API that provides access to local businesses with attribute details is essential.
13. None of the APIs explicitly states "tennis courts," but general places APIs like google-maps-places, yelp-fusion, and foursquare are commonly used to fetch sports venues with attribute data.
14. Additional useful APIs to consider:
    - geonames or geograph or others are more general geographic or image data, likely less relevant.
15. Recommendation:
    - Categories: mapping, search (for finding tennis courts), sports (general sports data if needed)
16. APIs:
    - google-maps-places: for detailed place info including amenities
    - yelp-fusion: for business listings and reviews, may include tennis courts with attributes
    - foursquare: for location-based venue info and venue attributes
    - bing-maps-search: for location search and mapping capabilities
    - mapbox or openlayers: for interactive map display and custom mapping if required
17. No specific tennis court dedicated API seems to be available here, so a mashup of place-search APIs combined with mapping APIs is advised.

**Conclusion**:
- Recommend categories: ['mapping', 'search', 'sports']
- Recommend All matched APIs: ['google-maps-places', 'yelp-fusion', 'foursquare', 'bing-maps-search', 'mapbox', 'openlayers']
./output/gpt/zero_shot/responses.json
データが保存されました: ./output/gpt/zero_shot/responses.json (キー: tennismaps-1)
------------------------------
評価中のサービス: enomalism-elastic-computing
Iteration 1, Total call: 162
**Reasoning**:  
The requirement is for an open source, web-based virtual infrastructure platform that assists in managing globally dispersed virtual server environments and automates transition to cloud computing environments. This implies the need for APIs related to cloud, backend, platform-as-a-service, and application deployment/management. Key functionality includes provisioning and managing virtual servers, automating deployment, scaling, monitoring, and possibly integration with various cloud services.

From the available categories, the best matches are:  
- cloud: For managing cloud infrastructure and server instances remotely.  
- backend: For server-side infrastructure and services that support applications (e.g., communications platforms, data handling, storage).  
- platform-as-a-service: For APIs that provide platform solutions enabling cloud application deployment and management.  
- applications: For web-based applications that support the infrastructure management.  

Regarding available APIs, the following fit the need:  
- appharbor (Category: applications): A cloud-based PaaS for .NET applications with API for creating, manipulating, and monitoring apps on the platform. Matches the description of a web-based virtual infrastructure platform focused on app hosting and management.  
- amazon-ec2 (Category: cloud): Manages Linux/UNIX and Windows server instances in Amazon’s cloud. Enables control over computing resources and infrastructure via RESTful API. Classic example of virtual server environment management in cloud.  
- amazon-cloudwatch (Category: platform-as-a-service): Provides comprehensive monitoring of AWS resources including cloud assets. Important for managing virtual infrastructure by observing service status and performance metrics.  
- cloudmine (Category: backend): Backend-as-a-service platform providing storage and business logic, useful in cloud app backend management.  
- heroku (Category: cloud): Cloud application platform enabling developers to deploy and manage apps with RESTful API, handling the deployment aspect of distributed apps.  
- ahrefs (Category: backend): Though focused more on link validation and SEO, it is a backend service. Less relevant here compared to the above.  
- microsoft-bing-maps (mapping), not related here.  
- google-app-engine (Category: tools) is no longer available and deprecated. Instead, appharbor and Amazon EC2 cover similar use cases.  

Hence, the best matches focus on cloud and platform-as-a-service APIs enabling management and automation of virtual server instances across the globe.

**Conclusion**:  
- Recommend categories: ['cloud', 'applications', 'platform-as-a-service', 'backend']  
- Recommend All matched APIs: ['appharbor', 'amazon-ec2', 'amazon-cloudwatch', 'cloudmine', 'heroku']
./output/gpt/zero_shot/responses.json
データが保存されました: ./output/gpt/zero_shot/responses.json (キー: enomalism-elastic-computing-1)
------------------------------
評価中のサービス: wikipedia-mobile
Iteration 1, Total call: 163
**Reasoning**:  
The primary requirement is to enable users to access Wikipedia articles faster, more economically, and in a clearer, more readable format on mobile devices. The goal is to fetch and display Wikipedia content optimized for mobile consumption.

1. The core need is direct access to Wikipedia article data through an API. This requires an API that can provide structured access to Wikipedia's content in a way that supports querying and retrieval of articles.
2. The data should be ideally lightweight and support mobile-friendly formats such as JSON or XML, making parsing and rendering efficient on mobile devices.
3. The API should allow fetching the full content or summaries of any Wikipedia articles, which will improve the speed and clarity of reading on mobile devices.
4. It may be helpful if the API supports enhanced text formats or content filtering to optimize readability on smaller screens.
5. Some APIs provide semantic or linked data about Wikipedia articles—these may assist in better navigation or metadata about content, but the primary focus is fast content access.

From the available APIs, the following are relevant:  
- **wikipedia** (Category: reference) - The unofficial Wikipedia API offers developers direct, high-level access to Wikipedia’s data including retrieving and posting changes, returning data in XML, JSON, and other formats. This is the ideal API for retrieving Wikipedia content programmatically.  
- **wikilocation** (Category: wiki) - API for searching Wikipedia articles by location, returning data in XML, JSON, or JSONP. This is useful if location-based queries are needed.  
- **dbpedia** and **dbpedia-spotlight** (Category: wiki, reference) - These provide semantic web and entity recognition services using Wikipedia’s data. Useful for enhanced data extraction or semantic enrichment but primarily a complement to direct Wikipedia access, not core article retrieval.  

The best match is the **wikipedia API**, as it is designed to give programmatic access to the full breadth of Wikipedia content, suitable for fetching articles quickly and in a mobile-optimized way.

**Conclusion**:  
- Recommend categories: ['reference', 'wiki']  
- Recommend All matched APIs: ['wikipedia', 'wikilocation', 'dbpedia', 'dbpedia-spotlight']
./output/gpt/zero_shot/responses.json
データが保存されました: ./output/gpt/zero_shot/responses.json (キー: wikipedia-mobile-1)
------------------------------
評価中のサービス: ilocy
Iteration 1, Total call: 164
**Reasoning**:
The requirement "Love your town!" suggests an interest in applications or services that foster a connection with the local community or provide localized content and services about a person's town or city. This could involve local information, events, places, social activities, or services relating to the town.

To fulfill such requirements, the categories and APIs best suited would be those that provide:

1. Mapping and geographic information — To locate places, neighborhoods, landmarks, and points of interest within the town.
2. Local events — To inform users about what's happening around their town.
3. Social platforms or data — To connect people or provide local social feeds or tagging.
4. Local business or recommendation services — To help users find local businesses and services.
5. Government data — To provide civic insights or crime info relevant to the town.
6. News services — To provide local news relevant to the town.
7. Possibly transportation and travel — To include local transit or rideshare options in the town.
8. Local search — To find shops, restaurants, services in the town.

Matching Available Categories and APIs:

- **mapping**: APIs like bing-maps-search, google-maps-places, mapquest, esri, openlayers, geonames, geograph, bing-maps-routes, mapbox, openstreetmap, etc., allow displaying maps, geolocation, place data — essential for local geographic data.

- **events**: eventbrite, eventful, active, brown-paper-tickets APIs provide access to local event information.

- **social**: facebook-graph, twitter, linkedin, foursquare, instagram-graph, yelp-fusion, tagalus, plancast, buffer, scoopit, and others relate to social data that could enrich local community connection.

- **recommendations**: yelp-fusion, qype, trakt.tv, rotentomatoes, etc., help find local businesses or media recommendations that could be town-specific.

- **government**: san-francisco-crimespotting, open-census-bureau, uk-street-level-crime, google-civic-information, and others provide data related to local government, voting, crime, public services which can enhance local knowledge.

- **search**: yahoo-local-search, google-custom-search, yummly, etc. provide ways to search local businesses or general info.

- **news-services**: guardian, new-york-times, reuters-spotlight, webhoseio offer access to local and general news content.

Specific APIs that would be particularly useful for a "Love your town!" mashup app include:

- bing-maps-search (mapping)
- google-maps-places (mapping)
- bing-maps-routes (mapping)
- mapquest (mapping)
- eventbrite (events)
- eventful (events)
- foursquare (social/location)
- yelp-fusion (recommendations/business reviews)
- san-francisco-crimespotting (government/crime)
- google-civic-information (government/civic info)
- yahoo-local-search (search/local business)
- twitter-streaming or twitter (social, public status feeds)
- facebook-graph (social)
- plancast (social/events planning)
- guardian (news-services)
- new-york-times-newswire (news-services)

These APIs combined can address location-based data, local events, social connections, local business recommendations, news, and governmental or civic data, which are all highly relevant to fostering a connection with one's town.

**Conclusion**:
- Recommend categories: ['mapping', 'events', 'social', 'recommendations', 'government', 'search', 'news-services']
- Recommend All matched APIs: ['bing-maps-search', 'google-maps-places', 'bing-maps-routes', 'mapquest', 'eventbrite', 'eventful', 'foursquare', 'yelp-fusion', 'san-francisco-crimespotting', 'google-civic-information', 'yahoo-local-search', 'twitter-streaming', 'facebook-graph', 'plancast', 'guardian', 'new-york-times-newswire']
./output/gpt/zero_shot/responses.json
データが保存されました: ./output/gpt/zero_shot/responses.json (キー: ilocy-1)
------------------------------
評価中のサービス: china-weather-forecast
Iteration 1, Total call: 165
**Reasoning**:
- The requirement is to view weather forecasts for cities in Asia.
- This clearly falls in the "weather" category.
- We need APIs that provide weather forecast data; specifically, it should ideally cover cities in Asia.
- There are several weather-related APIs available.
- Notable weather APIs in the list that cover global or multi-region datasets include:
   - aerisweather: "provides weather advisories, forecasts, geographic locations, storm reports and more" with JSON responses.
   - norway-weather: Norwegian Meteorological Institute weather forecasts for worldwide cities (including possibly Asia).
   - national-weather-service-ndfd: US-based but focuses on US data, so less relevant.
   - openweathermap: Deprecated but replaced by newer OpenWeatherMap APIs offering current weather and forecasts globally.
   - met.no (norway-weather) indicates offering forecast worldwide.
   - aerisweather is a commercial global weather API with extensive forecast data.
   - Other weather APIs such as bing-traffic or yelp-fusion are unrelated.
   - world-weather-online: deprecated but previously global, replaced by more focused APIs.
   - skyscanner-live-pricing and travel APIs are about flights and travel, not weather specifically.
- For viewing weather forecasts for cities in Asia, the best options would be global or at least international coverage weather APIs.
- Aerisweather and Norway Weather (met.no) claim global or worldwide city coverage, so they fit.
- We could also consider any other general world weather APIs.
- Based on the given list, the best matches are aerisweather and norway-weather APIs.
- Although openweathermap is deprecated, that has been noted and superseded by new versions not listed here, so in this context we will not recommend it.
  
**Conclusion**:
- Recommend categories: ['weather']
- Recommend All matched APIs: ['aerisweather', 'norway-weather']
./output/gpt/zero_shot/responses.json
データが保存されました: ./output/gpt/zero_shot/responses.json (キー: china-weather-forecast-1)
------------------------------
評価中のサービス: fone-findr
Iteration 1, Total call: 166
**Reasoning**:
The required service is a phone-loss alert system that includes the capability to call the phone once lost, as well as record and share a public message for finders to see. This implies the need for:

1. Telephony/API to initiate and manage phone calls.
2. Possibly voice recording and playback capabilities.
3. Public message handling and sharing, which may tie into messaging or social categories.

From the available categories, "telephony" stands out as the primary category for providing APIs that support phone calls and voice features.

Within the available APIs, let’s identify suitable matches:

- **SpokenBuzz** (Category: telephony) - "Allows to make a request to initiate a phone call to any number and allows the recipient to record a short voice message, returning a URL to play back the message."  
  This matches the core requirement perfectly: call the lost phone and let the recipient record a message.

- **Twilio** (Category: telephony) - "Provides a cloud API for voice and SMS communications, enabling real-time phone calls to be integrated with applications."  
  Twilio is a robust telephony API which can initiate calls and possibly record messages or allow voice mail functionality.

- **Tropo Scripting** (Category: telephony) - "Allows building phone, SMS, and instant messaging applications, including IVR, speech recognition, call recording."  
  Suitable for voice call management and recording messages.

- **Plivo** (Category: telephony) - "Telephony platform for integration with apps, supporting conferencing, call tracking, recording."  
  Capable of call handling with recording features.

Other telephony APIs might assist but are secondary or have lesser focused features.

No social or messaging APIs explicitly mention public message recording tied to phone calls. Therefore, telephony is the main category.

**Conclusion**:
- Recommend categories: ['telephony']
- Recommend All matched APIs: ['spokenbuzz', 'twilio', 'tropo-scripting', 'plivo']
./output/gpt/zero_shot/responses.json
データが保存されました: ./output/gpt/zero_shot/responses.json (キー: fone-findr-1)
------------------------------
評価中のサービス: e.p.-carrillo
Iteration 1, Total call: 167
**Reasoning**:
To find out where and what people are saying about cigars in real-time globally, we need access to social media data or real-time public content streams that include user posts, comments, and discussions. This points to the "social" category of APIs, particularly those that offer streaming or real-time access to user-generated content, such as Twitter data via streaming APIs or social data analytics.

To find the best places to smoke cigars, the requirement implies a localized places or venues search, ideally with user ratings and reviews related to smoking cigars. This suggests the need for mapping, location, and places APIs, especially those that provide venue information, business details, and possibly user-generated reviews or ratings. The "mapping" and "recommendations" categories are relevant here.

Thus, the mashup needs two functionalities:
1. Social listening/monitoring to capture real-time conversations about cigars.
2. Location-based venue searching to find the best places to smoke cigars.

Based on the available categories and APIs, the best fit includes:

- **Social**:
  - twitter-streaming: for real-time Twitter data and filtering by keyword (i.e., cigars).
  - tagalus: for social hashtags definitions, useful if tracking cigar-related hashtags.
  - awe.sm: quantitative social data analytics to understand user behavior and trends.
  - plancast or meetup: possibly for events but less relevant here.
  - twitter (deprecated but twitter-streaming is current)
  - facebook-graph (deprecated, so less useful)
  - twitter-search (searching tweets, but streaming is better for real-time)
- **Mapping**:
  - google-maps-places: for searching places and points of interest, includes details on establishments.
  - bing-maps-search: for similar geospatial search.
  - yelp-fusion (Recommendations): Yelp Fusion API provides business reviews, ratings, and photos, ideal for finding best places.
  - foursquare (Social, with location data and venues)
  - mapquest-open-directions and mapquest: mapping functionalities.
  - yelp-fusion: specifically good for places and reviews, a good fit.
- **Recommendations**:
  - yelp-fusion: business reviews and rating info to select best venues.
  - qype: reviews of pubs, bars, restaurants etc.
  - yelp is the well-known leading provider for such info.
  
**Matching APIs for social real-time cigar mentions**:
- twitter-streaming (social): filter Twitter's real-time public data by keywords to find mentions about cigars.
- tagalus (social): niche hashtag definitions might improve understanding of cigar-related hashtags.
- awe.sm (social): analytics of social data, can reveal trends about cigars.

**Matching APIs for best places to smoke cigars**:
- yelp-fusion (recommendations): business reviews, photos, ratings for venues related to cigars (e.g., cigar bars, lounges).
- google-maps-places (mapping): search places and get establishment details with geolocation.
- bing-maps-search (mapping): to search places and points of interest.
- foursquare (social): has venue data and user check-ins.
- qype (recommendations): similar to Yelp but smaller scale.
- yelp fusion is preferred due to rich business info and reviews.

**Conclusion**:
- Recommend categories: ['social', 'mapping', 'recommendations']
- Recommend All matched APIs: ['twitter-streaming', 'tagalus', 'awe.sm', 'yelp-fusion', 'google-maps-places', 'bing-maps-search', 'foursquare', 'qype']
./output/gpt/zero_shot/responses.json
データが保存されました: ./output/gpt/zero_shot/responses.json (キー: e.p.-carrillo-1)
------------------------------
評価中のサービス: nexmo-mailchimp-mashup
Iteration 1, Total call: 168
**Reasoning**:
The requirement is to enable users to send SMS messages to their Mailchimp subscribers. Mailchimp is an email marketing platform which handles subscribers and email campaigns. For SMS functionality with wholesale rates and direct-to-carrier delivery in over 200 countries, Nexmo provides SMS messaging services with such capabilities.

Looking at the available APIs:
- Mailchimp API: In the category "email," it provides functionality to create and manage email campaigns and subscribers.
- Vonage Nexmo SMS API (named "vonage-nexmo-sms"): In the category "messaging," this API provides SMS sending and receiving functionality integrated with carrier networks across many countries and is suitable for bulk or individual messaging.

Thus, the mashup requires integrating both:
- Email/Subscriber management (Mailchimp API)
- SMS messaging across global carriers with wholesale rates (Nexmo/vonage API)

Relevant categories should be:
- email (for Mailchimp)
- messaging (for SMS via Nexmo)

**Conclusion**:
- Recommend categories: ['email', 'messaging']
- Recommend All matched APIs: ['mailchimp', 'vonage-nexmo-sms']
./output/gpt/zero_shot/responses.json
データが保存されました: ./output/gpt/zero_shot/responses.json (キー: nexmo-mailchimp-mashup-1)
------------------------------
評価中のサービス: starbucks-digital-network
Iteration 1, Total call: 169
**Reasoning**:
1. The use case involves Starbucks customers using free Wi-Fi at physical store locations across the U.S. The service wants to enhance the in-store experience by showing "DonorsChoose.org" classroom projects near the customer's physical location.
2. Therefore, the mashup needs:
   - Location-based services (to identify customers' locations or to allow querying projects near a location)
   - Integration with DonorsChoose.org API for "projects near me" functionality
3. From the Available categories list and API descriptions:
   - DonorsChoose.org API exists under the "education" category and offers programmatic access to classroom projects, with project selection criteria.
   - Because the service is location-based and needs to show projects "near me," a mapping or location category API may also be relevant for geolocation or spatial queries, if DonorsChoose API itself does not provide explicit geolocation querying.
4. Since Starbucks Wi-Fi customers' location can be identified either through IP geolocation or direct user input, mapping/location APIs are candidates depending on location detection needs.
5. However, DonorsChoose.org's own API is indicated as capable of querying classroom project listings, presumably including location-based filtering.
6. Therefore, the primary API is DonorsChoose.org under "education."
7. Optionally, for more precise location detection or if Wi-Fi based location identification is needed, mapping/location APIs like geolocation or mapping can be considered, but this is not explicitly required in the user requirement.

**Conclusion**:
- Recommend categories: ['education']
- Recommend All matched APIs: ['donorschoose']
./output/gpt/zero_shot/responses.json
データが保存されました: ./output/gpt/zero_shot/responses.json (キー: starbucks-digital-network-1)
------------------------------
評価中のサービス: science-stack
Iteration 1, Total call: 170
**Reasoning**:
- The Science Stack mashup needs to support powerful research tools and integration of research paper and data searches.
- Mendeley is a platform for researchers to collaborate and manage references, papers, datasets, annotations, groups, etc. It provides an API for accessing these academic resources.
- PLoS (Public Library of Science) is a non-profit publisher offering open access scientific articles. The PLoS Search API allows querying their scientific article database and integrating results.
- These two APIs address core functionality of scientific literature retrieval and related metadata.
- The mashup also includes innovative ways to interact with search functionality, such as select and search features within Firefox. This suggests integration support for search-based tools.
- Categories involved would be:
  1. **science**: Because Mendeley and PLoS are scientific research platforms.
  2. **education**: As these tools support academic and research education activities.
  3. **search**: The requirement explicitly mentions search functionality and innovative search interaction.
- Therefore, recommend categories: science, education, and search.
- Recommend APIs:
  - **mendeley**: This API provides comprehensive access to scientific reference materials and user related academic data.
  - **plos-search**: This API provides searchable access to PLoS scientific literature for integrating research article queries.

**Conclusion**:
- Recommend categories: ['science', 'education', 'search']
- Recommend All matched APIs: ['mendeley', 'plos-search']
./output/gpt/zero_shot/responses.json
データが保存されました: ./output/gpt/zero_shot/responses.json (キー: science-stack-1)
------------------------------
評価中のサービス: coast-rack
Iteration 1, Total call: 171
**Reasoning**:
- The requirement is for a service that searches artists, tracks, and their videos.
- Searching for artists and tracks falls under the music category.
- Searching for videos of the tracks or artists falls under the video category.
- The sources mentioned include Last.fm, MusicBrainz, and YouTube.
- Last.fm API provides music data such as artists, albums, playlists, and events.
- MusicBrainz API offers music metadata about artists, albums, tracks, and labels.
- YouTube Data API provides capability to search for videos and upload videos.
- These three APIs cover the requirement to search artists, tracks, and related videos.
- Therefore, recommend categories music and video.
- Recommend the Last.fm API, MusicBrainz API, and YouTube API.

**Conclusion**:
- Recommend categories: ['music', 'video']
- Recommend All matched APIs: ['lastfm', 'musicbrainz', 'youtube']
./output/gpt/zero_shot/responses.json
データが保存されました: ./output/gpt/zero_shot/responses.json (キー: coast-rack-1)
------------------------------
評価中のサービス: kakao2-weather-map
Iteration 1, Total call: 172
**Reasoning**:
- The requirement specifies "kakao2," which is described as an interactive weather map that allows users to view cloud cover and weather updates by manipulating a map of Asia.
- The core functionality combines interactive map features with weather data visualization.
- Therefore, relevant categories are "mapping" (for interactive map features and geographic data) and "weather" (for weather updates and cloud cover data).
- From the available categories and APIs, I look for APIs that provide weather data with mapping capabilities focused on Asia or at least global coverage including Asia.
- There is no API named "kakao2" in the provided list, so we select closest alternatives fitting the interactive weather mapping needs.
- For mapping category relevant to weather display, APIs like:
  - aerisweather (provides weather data like advisories, forecasts, storm reports; RESTful; JSON)
  - bing-maps (mapping with routes and imagery, can be combined with weather overlays)
  - google-maps-places / google-maps-geolocation (mapping APIs, can provide location info for weather mapping)
  - mapbox and openlayers (general mapping platforms)
- For weather data specifically:
  - aerisweather clearly provides weather data for maps including weather advisories, forecasts, geographic locations, and more.
  - national-weather-service-ndfd, norway-weather, openweathermap, world-weather-online (but some are deprecated or very domain specific)
- Kakao is a South Korean company and "map of Asia" focus suggests that APIs covering that region or global are relevant. AerisWeather is global.
- Because the requirement highlights interactive weather map of Asia with cloud cover and weather updates:
   - Mapping service to handle map visualization
   - Weather service to provide weather data layers
- So recommend two relevant categories:
   - mapping
   - weather
- Recommend matched APIs:
   - aerisweather (weather REST API with weather data necessary to overlay)
   - bing-maps (mapping API with imagery and map control capabilities)
   - google-maps-places or google-maps-geolocation could be secondary options but may be outside the scope.
- Others like openweathermap is deprecated.
- So main recommendation is aerisweather + mapping API (bing-maps or similar)

**Conclusion**:
- Recommend categories: ['mapping', 'weather']
- Recommend All matched APIs: ['aerisweather', 'bing-maps']
./output/gpt/zero_shot/responses.json
データが保存されました: ./output/gpt/zero_shot/responses.json (キー: kakao2-weather-map-1)
------------------------------
評価中のサービス: nearplace
Iteration 1, Total call: 173
**Reasoning**:  
NearPlace is described as a free store locator with a Google Maps marker widget. This implies the primary functionality revolves around mapping, geographic location services, and possibly integration with map displays to show store locations dynamically on a map. Important features include:  
- Store locator with marker support: requires mapping and geolocation API capabilities.  
- User-friendliness and advanced widget features: implies integration tools, possibly easy-to-use mapping or geocoding APIs.  
- Keeping actual news, opening hours, products, and services up to date: may need data integration and APIs allowing dynamic content updating, but the core remains location and mapping focused.  
- The description emphasizes "Google Maps marker," so APIs related to Google Maps or equivalents are pertinent for map display, markers, routes, geocoding, and place search.

Reviewing available categories and APIs related to mapping and place search with JSON/XML support for easy integration:  
- Categories: mapping, location, widgets (for embedding), applications (integration platforms)  
- Mapping APIs that allow for place searching, markers, geocoding, and location management include:  
   - google-maps-places: for information about a place including establishment, geographic location, place search, details, photos, autocomplete; integrates with Google Maps platform.  
   - google-maps-geocoding: for geocode and reverse geocode addresses to coordinates.  
   - google-maps: (deprecated but indicates Google Maps services)  
   - bing-maps (and associated Bing Maps APIs): another powerful mapping platform.  
   - mapquest, mapquest-open-directions, mapquest-geocoding: mapping and route services.  
   - openstreetmap, openlayers: open source mapping alternatives.  
   - yahoo-placemaker, yahoo-local-search: alternative location enrichment and business searches.  
- Widgets category relates to embedding widgets, which NearPlace product is described as a widget (store locator with marker).  
- For content updating (news, hours, products), the developer can integrate with other APIs as needed but the fundamental is mapping and place/location-based services.

Given NearPlace uses Google Maps marker explicitly and is a store locator, top recommendation categories are:  
- mapping (for place/location services, geocoding, map display)  
- widgets (for the embeddable widget aspect)  
- possibly applications (for integration and embedding with other business tools)  

Top APIs relevant:  
- google-maps-places (for place info, search, marker)  
- google-maps-geocoding (for address to coordinates)  
- bing-maps (alternative to Google Maps)  
- mapquest (alternative mapping API with service for routes and geocoding)  

Optional but less direct:  
- google-static-maps (for static map images, if interactive not needed)  
- openlayers (for interactive open maps)  
- google-maps-distance-matrix or routes (for directions if needed)  

**Conclusion**:  
- Recommend categories: ['mapping', 'widgets', 'applications']  
- Recommend All matched APIs: ['google-maps-places', 'google-maps-geocoding', 'bing-maps', 'mapquest', 'google-static-maps', 'openlayers']
./output/gpt/zero_shot/responses.json
データが保存されました: ./output/gpt/zero_shot/responses.json (キー: nearplace-1)
------------------------------
評価中のサービス: geosay-super-local-information
Iteration 1, Total call: 174
**Reasoning**:
The requirement is to find out what people have said on popular platforms like Twitter and Foursquare, and also on geosay itself, with results ordered by distance. This implies the mashup service wishes to:
1. Access social media platforms for user-generated posts.
2. Get geographic context (location of posts) and be able to sort or filter by distance to user's location.
3. Possibly aggregate data from multiple social networks including Twitter and Foursquare.
4. Since "geosay" appears to reference location-based social data or postings, geo-location and social categories are involved.

Thus, the categories that match these requirements would be:
- social (for Twitter, Foursquare, and other social APIs)
- mapping or location (to handle geo-coordinates and ordering by proximity)

For the APIs:

1. **Twitter APIs**:  
   - The "twitter-streaming" API in social category provides streaming access to real-time tweets filtered by geographic location, keyword, user etc.  
   - The classic "twitter" API provides RESTful access to Twitter data, including tweets and user info.  
   - "twitter-search" (search API with language and hashtag restrictions) could also be relevant.

2. **Foursquare**:  
   - "foursquare" API in social category supports location-based experiences with venues, photos, users, and check-ins, along with geo-tagging.

3. **Geosay**: While no API named "geosay" is directly listed, the requirement includes "as well as on geosay itself." If "geosay" is a social platform possibly with location context, we may look for APIs related to location-based social data. Given no explicit geosay API is available, we must use APIs serving geo-tagged social data.

4. **Location / Mapping APIs**: To order results by distance, we need geo capabilities like:
   - "ip2location" (to get geo-info by IP)  
   - "bing-maps-search" or "google-maps-places" for place/location info.  
   - Possibly "geonames" or "google-maps-geolocation" for geo resolution.

Since the key requirement is fetching social content with geolocation and ordering by distance, combining social APIs with location APIs would meet the need.

**Conclusion**:
- Recommend categories: ['social', 'mapping', 'location']
- Recommend All matched APIs:  
  ['twitter-streaming', 'twitter', 'twitter-search', 'foursquare', 'ip2location', 'bing-maps-search', 'google-maps-places', 'geonames', 'google-maps-geolocation']
./output/gpt/zero_shot/responses.json
データが保存されました: ./output/gpt/zero_shot/responses.json (キー: geosay-super-local-information-1)
------------------------------
評価中のサービス: beer-textbooks
Iteration 1, Total call: 175
**Reasoning**:
The project "Beer For Textbooks" involves students selling their used textbooks and correlating that value to how much beer they can buy. The main functionalities needed for this mashup are:

1. Handling textbook information, potentially referencing selling prices or valuation of textbooks.
2. Facilitating the SMS communication channel to inform students about how many kegs, cases, or bottles of beer they can afford based on the sale.
3. Integration and usage of SMS APIs for sending messages to users.

Looking at available categories and APIs:

- For textbook data access or management, we need a books-related API that can provide book data or possibly pricing data. The "goodreads" API is available and provides data related to books, users, and reviews which could be useful for textbook reference or valuation. Another possible book-related API is "open-library-books" which provides book records and can be a source for book metadata.

- For sending SMS messages and interacting with telephony, the user specifically mentioned Twilio and Twilio SMS. The available APIs include "twilio" and "twilio-sms" under the telephony and messaging categories respectively. These APIs provide programmable SMS and voice interactions, which are needed for the mashup.

- Further, the "sms" API provides SMS sending capabilities but it's more generic and since Twilio is specifically mentioned in the requirement, Twilio APIs would be the best fit.

- The mashup also involves a calculation to convert textbook sales to beer quantities; this is a business logic part that wouldn't depend on a specific API but could utilize pricing info from book or financial APIs if necessary. However, since the main aspect is messaging plus book data, we can focus on the books and telephony/sms categories.

In summary, relevant categories are: books, telephony, messaging.

**Conclusion**:
- Recommend categories: ['books', 'telephony', 'messaging']
- Recommend All matched APIs: ['goodreads', 'twilio', 'twilio-sms']
./output/gpt/zero_shot/responses.json
データが保存されました: ./output/gpt/zero_shot/responses.json (キー: beer-textbooks-1)
------------------------------
評価中のサービス: wifipdx
Iteration 1, Total call: 176
**Reasoning**:  
WifiPDX is a wireless Internet connection provider that serves Portland. The new version of their site has updated maps and geolocation options. Based on the requirement, the focus should be on APIs that provide mapping and geolocation services, ideally ones that support integration of map display and geolocation lookups relevant to Portland or any other geographic location. This can include APIs for maps embedding, geolocation based on IP or device, and geocoding services.

Looking through the available categories, the most relevant is:
- mapping

Within the mapping category, several APIs serve different purposes such as geolocation, maps display, route creation, and geocoding:
- bing-maps-search: For mapping related search queries and results.
- ip2location: IP-based geolocation.
- geograph: Geographically representative images and data.
- bing-maps-locations: Get location info based on map coordinates or addresses.
- google-maps-places: Details about places using lat/lon.
- bing-maps-routes: Routing and routes creation.
- openlayers: Dynamic maps embedding with tiles and vector data.
- mapquest: Industry-leading platform for mapping.
- google-maps-geolocation: Location based on cell towers/Wi-Fi.
- mapquest-open-directions: Routing using OpenStreetMap data.
- your-mapper: Aggregated local government data, geocoded and updated.
- scribble-maps: Map drawing and sharing platform.
- geonb: Geographic info about New Brunswick (regional).
- microsoft-bing-maps: AJAX map control with routing and traffic info.
- maplarge: Embed interactive maps, geocode records.
- google-latitude: User location info (deprecated?).
- quova: IP geolocation.
- smart-ip-geo-ip: IP lookup with city-level precision.
- telize: IP geolocation, simple endpoint.
- geocoderca: Geocoding for USA and Canada.
- bing-maps: Microsoft Bing maps REST services.
- google-geocoding: Forward and reverse geocoding.
- yahoo-internet-location-platform: For managing geo-permanent named places.
- yahoo-geoplanet: Geo-permanent named places API.
- metacarta: Geographic tagging and search.
- arcweb: Web services mapping API.
- decarta: Mapping and geolocation services.
- openstreetmap: Open source mapping and editing.
- google-maps: Deprecated, replaced by multiple APIs.
- bing-maps-geocode-dataflow: Bulk geocoding.
- microsoft-bing-maps: Embed maps, routes, traffic, aerial imagery.
- usgs-elevation-query-service: Elevation data.
- metalocator: Location directory and map management.
- yahoo-map-image: Get URL to map images.
- google-static-maps: Embed static Google map images.
- google-maps-elevation: Elevation data for lat/lon.
- google-distance-matrix: Travel distance matrix.
- google-maps-geolocation: Based on cell towers and Wi-Fi.
- bing-traffic: Traffic and incident info (US and Canada).
- telize: Simple IP geolocation.
- openweathermap: Weather maps and data.
- quova: IP geolocation.
- google-maps-places: Place details by lat/lon.
- google-maps-elevation: Elevation query.
- mapbox: Open source mapping tools.
- microsoft-bing: Bing search with maps.
- google-maps-directions: Directions between places.
- mapquest-geocoding: Forward and reverse geocoding.
- openlayers: Map display and user controls.
- geoloqi: Real-time mobile location platform.
- geonb: Provincial geographic data.
- smartwatch: Mapping and location services.

Additionally, since WifiPDX provides wireless internet, they may need precise IP based location service:
- ip2location: Converts IP addresses to geographic location.
- smart-ip-geo-ip: IP-based geolocation at city level.
- quova: IP geolocation with accurate data.

Given the focus is the updated Portland wireless internet site with updated maps, the key needs are interactive map displays, geolocation (IP and device), and possibly additional routing or location data.

**Conclusion**:  
- Recommend categories: ['mapping', 'location']  
- Recommend All matched APIs: [  
  'bing-maps-search',  
  'ip2location',  
  'bing-maps-locations',  
  'google-maps-places',  
  'bing-maps-routes',  
  'openlayers',  
  'mapquest',  
  'google-maps-geolocation',  
  'mapquest-open-directions',  
  'your-mapper',  
  'geonb',  
  'microsoft-bing-maps',  
  'maplarge',  
  'smart-ip-geo-ip',  
  'quova',  
  'telize',  
  'geocoderca',  
  'bing-maps',  
  'google-geocoding',  
  'yahoo-internet-location-platform',  
  'yahoo-geoplanet',  
  'metacarta',  
  'arcweb',  
  'decarta',  
  'openstreetmap',  
  'bing-maps-geocode-dataflow',  
  'usgs-elevation-query-service',  
  'metalocator',  
  'yahoo-map-image',  
  'google-static-maps',  
  'google-maps-elevation',  
  'google-distance-matrix',  
  'mapbox',  
  'google-maps-directions',  
  'mapquest-geocoding',  
  'geoloqi',  
  'bing-traffic'  
]
./output/gpt/zero_shot/responses.json
データが保存されました: ./output/gpt/zero_shot/responses.json (キー: wifipdx-1)
------------------------------
評価中のサービス: biodiversity-taxonomic-catalogue
Iteration 1, Total call: 177
**Reasoning**:
The requirement calls for a way to explore all life forms in a taxonomic manner, catering to students, scientists, and curious individuals. This indicates the need for APIs that provide classification, metadata, and possibly images or visual identification of species.

Points from the requirement:
- Explore all life forms in a taxonomic way: This implies structured data on taxonomy (such as kingdom, phylum, class, order, family, genus, species).
- Useful for students, scientists, curious people: So the data should be scientifically sound, educational, and accessible.
- Mentions Flickr and GBIF (gbif.org) APIs specifically: Flickr is known for photos, and GBIF is a global biodiversity information facility offering extensive species data.

From the available categories and APIs:

1. **GBIF API**:
   - Category: reference
   - Description: Provides data on species including plants, animals, fungi, and micro-organisms, along with species occurrence records, classifications, scientific and common names.
   - This API exactly fits the taxonomic exploration need with scientifically curated biodiversity data. It is useful for scientists and students.
   
2. **Flickr API** (not explicitly mentioned above, but Flickr is referenced):
   - Category: photos
   - Description: Retrieve photos from Flickr which can be used to visually identify species.
   - While Flick API provides photo access, it's not specifically biology-focused but can support the taxonomic exploration with images.
   
3. Additionally, other references for taxonomy or life forms might include:
   - **Wikipedia API**:
     - Category: reference
     - Offers general encyclopedic knowledge and structured data on many life forms.
   - **Wikidata / DBpedia** APIs could also be useful but are not specifically mentioned in the requirement.

Since the user explicitly mentioned GBIF and Flickr, the recommendation should strongly focus on these.

Categories from these APIs:
- GBIF: reference
- Flickr: photos

**Conclusion**:
- Recommend categories: ['reference', 'photos']
- Recommend all matched APIs: ['global-biodiversity-information-facility', 'flickr']
./output/gpt/zero_shot/responses.json
データが保存されました: ./output/gpt/zero_shot/responses.json (キー: biodiversity-taxonomic-catalogue-1)
------------------------------
評価中のサービス: blizzalert-0
Iteration 1, Total call: 178
**Reasoning**:

The described service, "Blizzalert," tracks ski areas and sends text message alerts about coming storms. The key elements to support such a mashup would include:

1. **Weather Data**: To monitor and detect approaching storms at ski areas, reliable weather forecast data is necessary, ideally with storm or blizzard alerts capabilities.

2. **Location Data**: Ski areas need to be identified geographically for precise weather monitoring. APIs with ski area or geographical location data would help specify ski area coordinates.

3. **Messaging / SMS Delivery**: Alerts are sent via text messages, so an SMS or messaging API capable of sending text messages programmatically is needed.

Hence, the relevant categories are:

- **weather**: For storm alerts and weather conditions monitoring.
- **messaging**: To send SMS alert messages.
- **location** or **mapping** (optional): If precise geo-coordinates for ski resorts or cities are needed to track weather effectively — some weather APIs may allow specifying by location name.

Now, looking into available APIs:

For **weather** API:

- **aerisweather**: Provides weather data including weather advisories, forecasts, storm reports, etc. Could support storm alerts for ski areas.
- **norway-weather**, **national-weather-service-ndfd**, **noaa-national-weather-service-nws-ndfd-soap**: Government weather APIs, may not cover all ski area locations globally but reliable.
- **world-weather-online** (deprecated), **openweathermap** (deprecated) - no longer active.
- **met.no** (norway-weather) mainly Norway, so geographic limitation.
- **aerisweather** stands out as comprehensive and supporting weather advisories.

For **messaging**:

- **twilio**: Highly popular cloud communications for voice and SMS. Supports sending SMS programmatically.
- **clockwork-sms**, **twilio-sms**, **vonage-nexmo-sms**, **postalmethods** (postal gateway not SMS), **push over message**, **sms**, **hoiio-sms**, **amazon-sns**, **slack-incoming-webhooks** (messaging but not SMS), **pubnub** (real-time messaging but not traditional SMS), **slack-real-time-messaging**, **slack-web**, **postalmethods**, **notifo** (push notifications), **business-alerts**.
- Among these, **twilio-sms** (including Twilio) is the industry standard for SMS alerts and would be most suitable.
- **clockwork-sms** and **twilio-sms** are good candidates. Twilio is more widely used and versatile.

For **location / ski area data**:

- There is no explicit ski area API in the provided list.
- Could use a mapping or location API to identify ski areas by coordinates or city name if needed.
- Alternatively, use the weather API's location capabilities exclusively.

Therefore, for "Blizzalert," the critical categories are **weather** and **messaging.**

**Conclusion**:

- Recommend categories: ['weather', 'messaging']

- Recommend All matched APIs: ['aerisweather', 'twilio-sms']

Optionally, if a developer wants to include geo-location or ski area lookup, mapping APIs like 'google-maps-places', 'bing-maps-search' or 'ip2location' could be considered, but these are not strictly necessary given the main requirements.
./output/gpt/zero_shot/responses.json
データが保存されました: ./output/gpt/zero_shot/responses.json (キー: blizzalert-0-1)
------------------------------
評価中のサービス: tweaker-tweet-speaker
Iteration 1, Total call: 179
**Reasoning**:
The requirement is for an application called "Tweaker the Tweet Speaker" that will "speak tweets to you from the global Twitter stream." The key features include:
- Listening to tweets as they arrive in six categories from and about popular users and topics on Twitter.
- The functionality focuses on streaming tweets in real-time, categorized content, and voice-based output (text-to-speech is implied but not explicitly required from the APIs).

Given this:
- The primary category should be **social**, since Twitter data and social media streams fall under social APIs.
- The core API must provide access to Twitter's global tweet stream in real-time for listening or processing tweets as they arrive.
- Real-time access to tweets is provided by "twitter-streaming," which offers high-throughput near-real-time access to public and protected Twitter data streams, filtered by keyword, user, or location.
- Also, the older "twitter" API supports RESTful interactions to retrieve Twitter data such as timelines and user information, but the streaming API is more suitable for continuous real-time data.
- Since the requirement is about listening to tweets, integrating with a text-to-speech or voice service would be ideal, but no explicit voice or text-to-speech API for tweets was mentioned as available.
- However, "alexa-skill-management" provides voice service API for Alexa skills and may be relevant for integrating voice capabilities to "speak" tweets.
- Given the lack of an explicit text-to-speech API in the list, the best match is the Twitter Streaming API (for real-time tweet data) and optionally an Alexa-related API for voice synthesis, if voice output is planned as part of the mashup.
  
Therefore, the best suited API is:
- **twitter-streaming** (Category: social) — for real-time streaming tweets.
- Optionally, an internet voice or speech API like "alexa-skill-management" (category: tools) or "google-assistant" (voice) could complement for speech synthesis, but since the requirement doesn't explicitly mention voice API, it's not mandatory.

**Conclusion**:
- Recommend categories: ['social']
- Recommend All matched APIs: ['twitter-streaming']
./output/gpt/zero_shot/responses.json
データが保存されました: ./output/gpt/zero_shot/responses.json (キー: tweaker-tweet-speaker-1)
------------------------------
評価中のサービス: music-spider
Iteration 1, Total call: 180
**Reasoning**:  
The requirement describes a music exploration and sharing platform (MSpider.net). Key features include:  
- Exploring diverse music genres and regional music, implying a need for rich music metadata and diverse music data sources.  
- Ability to find music-related content on YouTube, including interviews, live events, singles, etc., so integration with YouTube's video and music content is essential.  
- Users create "stations" (playlists or collections), implying the need to store and retrieve collections.  
- Sharing stations with friends by posting links on their Facebook timeline, requiring integration with social networks for sharing.  

From the above, the following categories and APIs are relevant:

1. **Music category**:  
   - To provide access to music metadata, artists, albums, tracks, playlists, events, and recommendations. Several music APIs are available:  
     - Spotify Web API: provides comprehensive music catalog and user data, playlists, and search.  
     - Rhapsody API: music metadata, search, playback, library, recommendations.  
     - MusicBrainz: music metadata about artists, albums, and more.  
     - Last.fm: read and write music data and events.  
     - Jamendo, Beatport, Bandsintown, Musikki Music, Songkick, etc.  
   Since the requirement describes diverse music data, choosing broad music data APIs with robust metadata is required.

2. **Video category** (for YouTube music-related content):  
   - Integration with YouTube to access videos such as interviews, live events, singles, etc.  
   - YouTube Data API supports searching and retrieving videos and metadata.  

3. **Social category**:  
   - For sharing stations on Facebook timelines, access to social media for posting links is needed.  
   - Facebook Graph API supports posting links on user timelines, managing friends, etc.  
   - Facebook API (noting it's replaced by Graph API) or other Facebook related APIs for sharing.  

Additional considerations:  
- Storing user-created stations likely needs backend storage but since the requirement doesn't specify API for backend storage or authentication, these are not strictly required here.  
- Music recommendation engines can enhance the experience (optional).  

**Conclusion**:  
- Recommend categories: ['music', 'video', 'social']  
- Recommend All matched APIs:  
  - music: ['spotify-web', 'rhapsody', 'musicbrainz', 'lastfm', 'jamendo', 'beatport', 'bandsintown', 'songkick', 'musikki-music']  
  - video: ['youtube']  
  - social: ['facebook-graph']
./output/gpt/zero_shot/responses.json
データが保存されました: ./output/gpt/zero_shot/responses.json (キー: music-spider-1)
------------------------------
評価中のサービス: share-location-twitter
Iteration 1, Total call: 181
**Reasoning**:  
The requirement specifies a service that interacts with Twitter messages, where a user sends out a tweet containing GPS coordinates and tags for their location to a specific Twitter handle "@tweetaloc" which then makes these tweets searchable within that service. The key elements to focus on are:  
1. Interaction with Twitter data or the Twitter platform.  
2. Capability to send and receive tweets, including content with GPS coordinates and hashtags (tags).  
3. Searching and accessing tweets.  
4. Possibly parsing and indexing tweets with specific location information.  

From the available categories and APIs, the ones that are related to Twitter and social messaging would be appropriate because we need access to tweets and searching functionality around Twitter data. The critical APIs should provide:  
- Ability to send and read tweets or messages to a Twitter handle.  
- Ability to search/filter tweets by content or metadata (e.g., GPS coordinates, hashtags).  
- API support for retrieving tweets in real-time or searchable archives.  

Looking at the listed APIs, the relevant ones with Twitter or social context include:  
- twitter-streaming (Category: social): Allows real-time access to various subsets of Twitter data including public statuses filtered by userid, keyword, or geographic location. This fits well for tweets with GPS coordinates.  
- twitter-search (Category: search): Provides Twitter search API with restrictions on language, from, to, hashtags, allowing search of tweets and people. Useful for making tweets searchable by tags and location info.  
- twitter (Category: social): Historical, no longer available, but originally allowed access to update timelines, status data, user info, etc. Might represent foundational Twitter API functionality.  

In the given available APIs, "twitter-streaming" provides the capability to monitor and receive tweets in real-time, filtered by location or keywords, which suits retrieving tweets sent to @tweetaloc with GPS and tags. "twitter-search" supports searching Twitter data by hashtags and keywords, which is suited for making those tweets searchable on the service. These two APIs combined allow both ingesting tweets with location data and making them searchable.  

Hence, categories involved would be social (for Twitter interactions and user data) and search (for searching tweets by tags and coordinates).  

**Conclusion**:  
- Recommend categories: ['social', 'search']  
- Recommend All matched APIs: ['twitter-streaming', 'twitter-search']
./output/gpt/zero_shot/responses.json
データが保存されました: ./output/gpt/zero_shot/responses.json (キー: share-location-twitter-1)
------------------------------
評価中のサービス: geopix-fractal-view
Iteration 1, Total call: 182
**Reasoning**:
The GeoPix fractal view overlays a tiled fractal structure on an interactive map and allows user controls over viewpoint and scale. To implement this, the key requirements are:
- Access to interactive mapping APIs that support displaying map tiles.
- Capability to manipulate map controls (zoom, pan).
- Support for tiled map imagery that can be dynamically loaded and rendered.
- Possibly, access to photo/image APIs that can serve appropriate images for tiles.

The core requirement involves mapping and geospatial visualization, especially tiled mapping and user interaction. Therefore, the category "mapping" is essential.

Examining the Available APIs related to mapping:

- APIs capable of providing interactive maps, zoom, pan and tile handling:
  - openlayers (mapping): Provides dynamic maps with map tiles, vector data, markers, mobile support, and JavaScript SDK.
  - mapbox (mapping): Open source mapping tools allowing creation and hosting of interactive maps and tile management.
  - bing-maps (mapping): REST services for maps, routes, imagery, and tiles.
  - google-maps-places, google-static-maps, google-maps-geocoding, google-maps-elevation, google-maps-geolocation, google-maps-distance-matrix, google-directions (mapping): Various Google Maps APIs focused on geocoding, places, static maps, elevation, directions, suitable for mapping functionality but Google Maps API is deprecated as a whole and split into these separate services.
  - mapquest and mapquest-open-directions (mapping): Mapping, routing, and geocoding services.
  - arcweb (mapping): Web services mapping API.
  - oracle maps: Not in the list.
  - OpenStreetMap (mapping): Free wiki world map with tile servers and a JS web mapping library ecosystem; includes OpenStreetMap API and OverpassAPI.
  - bing-maps-search, bing-maps-locations, bing-maps-routes (mapping): Additional Bing Maps related services.
  - yahoo-placemaker, yahoo-internet-location-platform, yahoo-geoplanet (mapping): These provide geo-location and geoparsing services.
  - scribble-maps (mapping): Map drawing/sharing with OAuth 2.0, map display, image retrieval.
  - geonb, geocoderca, smart-ip-geo-ip, telize (mapping): IP to location services and geocoding APIs.
  - metacarta, metalocator (mapping): Geographic intelligence and locator services.
  - others mostly providing specialized geolocation or geographically linked datasets.

For the fractal tiled map view, an API like OpenLayers or Mapbox is most appropriate because they provide comprehensive support for custom tile overlays, interactivity, and customization, which are necessary for fractal tile rendering.

There may also be need for a photos/images API if images for tiles are stored or dynamically served from a photo service. However, the description of GeoPix specifically refers to filling tiles with appropriate images but does not mandate an image service in the requirements, so the core need is to deliver tiled map images on an interactive map.

Therefore, the main category is "mapping."

Recommended APIs:
- openlayers: for creating interactive maps with tiled image support and markers, with flexible interactivity.
- mapbox: widely used for custom interactive mapping and tile hosting.
- bing-maps or bing-maps-routes or bing-maps-locations: if usage of Bing Maps data for base maps or location services is desired.
- google-static-maps or google-maps-places or google-directions: could complement if Google services are required, but google-maps API is split and deprecated in original form.
- scribble-maps: useful for map drawing/sharing and might assist with overlays.
- openstreetmap: as an open source map tile source and API for base map tiles.

Given the focus on fractal tiled structures, openlayers and mapbox stand out since both support custom tile layers and interactive controls with wide usage in mapping solutions.

**Conclusion**:
- Recommend categories: ['mapping']
- Recommend All matched APIs: ['openlayers', 'mapbox', 'bing-maps', 'bing-maps-routes', 'bing-maps-locations', 'google-static-maps', 'google-maps-places', 'google-directions', 'scribble-maps', 'openstreetmap']
./output/gpt/zero_shot/responses.json
データが保存されました: ./output/gpt/zero_shot/responses.json (キー: geopix-fractal-view-1)
------------------------------
評価中のサービス: music-favmap
Iteration 1, Total call: 183
**Reasoning**:

The requirement is for a mashup service that visualizes the favorite music of Last.fm listeners on a map, with additional analytical visualization elements:
- The map should show locations (where listeners are or where data is relevant geographically).
- Circles located on the right side of the map indicate more plays per listener, implying a visual representation of relative track popularity per listener.
- The Y axis shows chronology with old tracks at the top, which means a timeline or ranking component.
- Larger circle size represents the number of plays.

Key elements in the requirement:

1. **Mapping and visualization**: A mapping API is needed to create or embed the map with the appropriate plotting functionality (with circles, positioning, sizes).
2. **Music data**: Since it's based on "favorite music of Last.fm listeners," we need access to the Last.fm music data API to get artist and track info, number of plays, listener counts, and timestamps or chronology info.
3. **Analytics or charting**: The visualization will involve circles sized and positioned according to play count and chronology. This suggests possibly use of an analytics or charting API or tool to arrange the circles per the Y axis chronology.
4. **Timeline / sequence**: The mentions of chronology and Y axis imply integration with tools or libraries capable of rendering charts or timelines.
5. **Possibility of user or geographic data per listener**: To locate listeners on a map, geolocation or mapping APIs will be required.

Among the available APIs and categories, some that stand out:

- **Category: music**
   - There is the "lastfm" API representing Last.fm music data.
- **Category: mapping**
   - Several mapping APIs: "bing-maps", "google-maps-places", "mapbox", "openlayers" etc.
   - "bing-maps" provides various map services including REST services, routing, and overlays.
   - "mapbox" allows for interactive maps with customizable data layers.
   - OpenLayers is an open-source web mapping library.
- **Category: analytics** or **tools**
   - For visualizing the data with circles and chronology, charting or visualization tools are useful.
   - There are analytics APIs like "galileo", "mixpanel", "kissmetrics", "google-analytics-core-reporting" but these are mostly for website traffic, not data visualization.
   - "highcharts" (Category: tools) is a charting library that supports interactive charts including scatter, bubble and timeline charts.
   - "highcharts-highstock" extends Highcharts with timeline and stock charts.
- **Category: social**
   - Possibly for integration with Last.fm user data if available from social APIs.
   - But Last.fm itself is specifically represented in the music category.
- **Category: music**
   - "lastfm" API gives access to artist, album, track data, including play counts and user data.
  
So the core APIs for the mashup would be:
- The **Last.fm API** for music data (artist names, track title, listener plays, and chronology info)
- A **mapping API** to display a world, country or regional map to plot location data and place the visualization (circles)
- An interactive **charting/visualization API/tool** to render the circles with proper size, position (along Y axis), possibly as a scatter plot on the map or as an overlay to the right of the map
- If user location data per listener is not available from Last.fm, approximations could be used or default to country level mapping.
- Optionally, any analytics API that supports custom data visualization for user engagement stats can be considered, but the visualization is likely to be custom built using a charting library.

**Conclusion**:

- Recommend categories:
  - ['music', 'mapping', 'tools']

- Recommend APIs:
  - 'lastfm' (Category: music) — for accessing play counts, artist, tracks, listeners, chronological data
  - 'mapbox' or 'bing-maps' or 'openlayers' (Category: mapping) — for interactive web map support with custom overlays capable of showing circles sized by play counts
  - 'highcharts' or 'highcharts-highstock' (Category: tools) — for rendering the chronological axis, circle sizes, and manage the interactive scatter/timeline visualization of the data next to the map

If only one mapping API is preferred, 'mapbox' is a popular choice for customizable web mapping. 'bing-maps' is also powerful and well-documented.

Summary:

**Recommend categories**: ['music', 'mapping', 'tools']

**Recommend All matched APIs**: ['lastfm', 'mapbox', 'highcharts']

# Final Recommendation

Recommend categories: ['music', 'mapping', 'tools']  
Recommend All matched APIs: ['lastfm', 'mapbox', 'highcharts']
./output/gpt/zero_shot/responses.json
データが保存されました: ./output/gpt/zero_shot/responses.json (キー: music-favmap-1)
------------------------------
評価中のサービス: elseif
Iteration 1, Total call: 184
**Reasoning**:  
The requirement indicates that Elseif is a hangout place for developers, programmers, and hackers, focusing on curated screencasts and exploration/discovery of repositories. The content is organized for easy discovery. Thus, the key features needed in the mashup are:  
- Developer-focused content and tools, such as code repositories.  
- Curated screencasts/videos for learning and exploration.  
- Possibly integration with platforms or data sources that manage or display code or developer projects.  
- An emphasis on ease of browsing and discovery.

Looking at the available categories, the most relevant categories would be:  
- developers: Because the site targets developers and programmers and involves repositories.  
- video: Because screencasts are videos and video APIs would help integrate such content.  
- education: As screencasts are educational content for learning programming and development.  

Looking at the available APIs:  
- github (Category: tools): GitHub is a core platform for developers and hosts public/private repositories. It allows for accessing code repos, user data, commits, issues, etc. It's a natural fit for a developer hangout site with repository exploration/discovery.  
- youtube or similar video APIs are not explicitly listed, but "video" category APIs include:  
  - brightcove (video): Online digital media platform used by media companies and businesses to publish and distribute video, including screencasts.  
  - youtube (video): Data API allows video search, upload, etc., suitable for screencasts.  
- education category API:  
  - victoria-albert-museum (education): This is a museum collection API, unrelated to programming screencasts.  
  - schoology (education): Education management system, probably too far.  
  - wiziq-virtual-classroom (education): More about live classes than on-demand screencasts.  
  None of these perfectly fit programming screencasts.  

Thus, in terms of video APIs for screencasts, YouTube API is a reasonable choice since it is widely used for such content.  
For repository exploration, GitHub is the best match.  

Additionally, the "tools" category contains several developer and coding-related APIs (GitHub, GitLab), but GitHub is the best known and matches the repository content implied.  

Therefore:  
- Recommend categories: developers, video, education  
- Recommend APIs: github, youtube, brightcove (as video hosting/screencast delivery options)  

**Conclusion**:  
- Recommend categories: ['developers', 'video', 'education']  
- Recommend All matched APIs: ['github', 'youtube', 'brightcove']
./output/gpt/zero_shot/responses.json
データが保存されました: ./output/gpt/zero_shot/responses.json (キー: elseif-1)
------------------------------
評価中のサービス: kiva-world-map
Iteration 1, Total call: 185
**Reasoning**:

1. The mashup requires plotting microfinance loans data from Kiva lenders on a map. 
   - We need access to the Kiva microfinance loans data. The Kiva API is a financial data API providing access to person-to-person micro-lending data.
   
2. The mashup should display the loans on a Google Map.
   - We need a mapping API capable of embedding and rendering maps and markers on those maps.
   - Google Maps APIs provide this functionality, including rendering maps, creating markers, and popups.
   - However, in the available APIs list, there is no dedicated Google Maps API listed directly (it’s mentioned as no longer available). But alternatives such as "bing-maps," "google-maps-places," "google-maps-geocoding," or other mapping APIs are available. Since the requirement says "Google Map," the closest mapping API that relates to Google Maps is "google-maps-places" for location data, "google-geocoding" for geocoding, "google-maps-geolocation," and others.
   - But since embedding and map rendering is needed, the "google-maps" API is deprecated and split, and none is fully featured in the listing. The best available is "google-maps-places" or alternatively "bing-maps" or "mapquest" that allows map rendering.
   
3. Popup details on loans and borrowers need to be shown.
   - This is a user interface function tied to the map API, generally supported by the mapping APIs through markers and info windows.
   - The loan details and borrower information will come from the Kiva API.

Summary:
- We definitely need the Kiva API for microfinance loan data.
- We need a mapping API to display the data on maps and support popups. Since Google Maps API entries in the list are deprecated or partial, the "google-maps-places" or alternatively "bing-maps" API is the closest in functionality to handle maps and external points. 
- Recommend the combination of Kiva (financial) and google-maps-places or a suitable mapping API like bing-maps (mapping).

**Conclusion**:

- Recommend categories: ['financial', 'mapping']
- Recommend All matched APIs: ['kiva', 'google-maps-places']
./output/gpt/zero_shot/responses.json
データが保存されました: ./output/gpt/zero_shot/responses.json (キー: kiva-world-map-1)
------------------------------
評価中のサービス: mapmynearest
Iteration 1, Total call: 186
**Reasoning**:  
The requirement specifies the use of Google Maps and Places API to make viewing nearby search results easy. The key elements in this requirement are:  
- Usage of Google Maps API functionalities: mapping, geolocation, directions, visualization.  
- Usage of Google Places API functionalities: searching for places like establishments, points of interest near a location.

Among the available categories, the most relevant would be:  
- **mapping**: for Google Maps API, which provides mapping, geolocation, directions, places search, and other location-based services.  
- **search**: because Places API involves searching for nearby locations or places. However, note that Google Places is generally considered part of the Maps service, so mapping is primary.  
- **location**: for location and geolocation data if needed to support places and map queries.

Among the available APIs, the matching Google Maps and Places APIs are:

- **google-maps-places** (Category: mapping) - This is specifically the Google Maps Places API, which returns information about establishments or geographic locations using HTTP requests. It supports place searches and details, exactly matching the requirement.

- **google-maps** (Category: mapping) - Although noted as no longer available and split into multiple APIs, it's historically the main API for embedding and interacting with maps; we should instead consider the specific parts like google-maps-places, google-geocoding, google-maps-elevation, google-directions, etc. Here, google-maps-places API is explicitly listed.

- **google-maps-geocoding** (Category: mapping) - Useful to convert addresses to lat/long coordinates and vice versa, which helps to identify nearby locations.

- **google-maps-geolocation** (Category: mapping) - Provides the location of a device based on WiFi and cell towers, useful for nearby searches starting from user's location.

- **google-maps-distance-matrix** (Category: mapping) - Provides travel distance and durations between origins and destinations, can be helpful for nearby search filtering.

The user strictly wants Google Maps & Places API. The best match by name and description is **google-maps-places**. Helper APIs (geocoding, distance matrix, geolocation) also complement the function.

**Conclusion**:  
- Recommend categories: ['mapping', 'search']  
- Recommend All matched APIs: ['google-maps-places', 'google-maps-geocoding', 'google-maps-geolocation', 'google-maps-distance-matrix']
./output/gpt/zero_shot/responses.json
データが保存されました: ./output/gpt/zero_shot/responses.json (キー: mapmynearest-1)
------------------------------
評価中のサービス: icommunity.tv
Iteration 1, Total call: 187
**Reasoning**:  
iCommunity.TV is a collaborative broadcast network focused on local news and promoting video media for citizen reporting. The key components of this service are:  
1. **Video content**: Needs a reliable video platform to host, upload, manage, and stream news videos.  
2. **News content**: Requires access to news data and potentially news-related APIs to supplement or enable searching, retrieving, and integrating news articles.  
3. **Social and collaborative features**: Since it's collaborative and citizen-driven, APIs related to social engagement, sharing, and user management may be relevant.  
4. **Media management**: APIs that allow management of media metadata, categories, and detailed media handling features.  

Therefore, suitable categories would be:  
- **video**: For management and delivery of video content.  
- **news-services**: To access, incorporate, or complement local news or other news services to power the news aspect of the platform.  
- **social**: To support collaboration, sharing, and building social aspects around citizen reporting and community engagement.  

**Matching APIs**:  
- From **video** category:  
  - *Brightcove*: Professional digital media platform commonly used by media companies; supports publishing and distribution of videos with fetching of content and metadata.  
  - *youtube*: Widely used video platform with API for uploading, searching and managing videos.  
  - *vimeo*: Video hosting, streaming and management platform.  
  - *dailymotion*: Large video platform with API for uploading and managing video content.  
  - *embedly*: Makes it easy to embed videos from many sites. Useful for integrating external video content.  
  - *roku-web-service*: If targeting streaming devices or creating your own streaming platform.  
  - *stupeflix*: For automated video generation which may be used for creating video summaries or mashups.  
  - *framey*: JavaScript-based video recording app can enable citizen journalists to record videos.  
- From **news-services** category:  
  - *bbc-nitro*: Access BBC content including schedules and program listings.  
  - *guardian*: Access Guardian newspaper content and articles.  
  - *new-york-times-archive*, *new-york-times-article-search*, *new-york-times-movie-reviews*, *new-york-times-newswire*: Various NYT APIs for accessing article data.  
  - *eventful*: Provides event data, which may be used for local news events.  
  - *webhoseio*: Structured web data including news and discussions.  
  - *reddiit*: Access social news content which can be useful for community reporting or local news.  
- From **social** category:  
  - *facebook-graph*: (Though note the profile says it's no longer available in this form, but historically Facebook integration is essential for social engagement.)  
  - *twitter-streaming*, *twitter-search*: Access live Twitter data for trends, citizen tweets, and relevant news.  
  - *tagalus*: Access Twitter hashtag definitions, useful for understanding trending hashtags or key discussions.  
  - *buffer*: For managing social media posting and scheduling, integrating social updates and shares.  
  - *meetup*: For engaging community events and groups.  
  - *pinterest-domain*: For social sharing of photos or media.  
  - *foursquare*: Location-based social data, relevant for local community engagement.  
  - *linkedin*: For professional networking and engagement.  
  - *nationbuilder*: For community organizing and activism, which may overlap with citizen reporting activities.  

Given iCommunity.TV is primarily video and local news focused, and encourages citizen participation, the top priority API choices revolve around video hosting and management, news data integration, and social engagement tools.

**Conclusion**:  
- Recommend categories: ['video', 'news-services', 'social']  
- Recommend All matched APIs: [  
    'Brightcove', 'youtube', 'vimeo', 'dailymotion', 'embedly', 'roku-web-service', 'stupeflix', 'framey',  
    'bbc-nitro', 'guardian', 'new-york-times-archive', 'new-york-times-article-search', 'new-york-times-movie-reviews', 'new-york-times-newswire', 'eventful', 'webhoseio', 'reddit',  
    'facebook-graph', 'twitter-streaming', 'twitter-search', 'tagalus', 'buffer', 'meetup', 'pinterest-domain', 'foursquare', 'linkedin', 'nationbuilder'  
]
./output/gpt/zero_shot/responses.json
データが保存されました: ./output/gpt/zero_shot/responses.json (キー: icommunity.tv-1)
------------------------------
評価中のサービス: initt
Iteration 1, Total call: 188
**Reasoning**:

1. The requirement states "Initt is a simple start page created for Spanish-speaking countries." Given the focus is on the target audience (Spanish-speaking countries), the mashup service will need APIs that support Spanish language content or are popular or relevant in those regions.

2. A "start page" typically includes features such as:
   - Search capabilities
   - News services
   - Weather information
   - Localized content (e.g., local maps, local businesses)
   - Possibly social integration or bookmarks for quick access
   - Possibly access to entertainment or media (music, video)
   - Maybe travel or transportation info (popular in start pages)
   - Language support or translation may be useful for Spanish startup pages

3. With respect to Spanish-speaking countries, APIs that provide data relevant to them or support Spanish language should be considered. Some APIs may not specifically mention Spanish support but can be used generally or have multilingual support.

4. Breakdown by features:

   - Search:
     - yahoo-search-marketing: for advertising (search marketing)
     - bing-maps-search: for searching maps entities
     - google-custom-search: allows web or image search
     - google-book-search-book-viewability: books info
     - yummly: for recipes perhaps for localized food content
     - primal: for content search and personalization
     - yelp-fusion: local business recommendations (but more US-centric)
     - semantic, bing, google-search: general search APIs
   - News:
     - guardian, new-york-times-article-search, reuters-spotlight, webhoseio, daylife
     - Although some of these may be more US or UK focused, they provide global news
   - Weather:
     - aerisweather, norway-weather, openweathermap alternatives (Current Weather Data, 5 Day Weather Forecast)
     - The Weather Channel, weather-channel
   - Mapping / Location:
     - google-maps-places, bing-maps-locations, mapquest-geocoding, geonames
     - yahoo-local-search, yahoo-placemaker
     - mapbox, openlayers, openstreetmap
     - Several of these can support Spanish-speaking localities
   - Social:
     - twitter, facebook-graph (deprecated but others exist)
     - linkedin, vk (popular in Europe and other countries)
     - google-plus (deprecated but read-only)
     - instagram-graph
     - buffer, plancast, tagalus, scoopit
   - Email:
     - mailjet, mailchimp, google-gmail-oauth, gmail — helpful for startup users or notifications
   - Translation / Language:
     - microsoft-translator, google-cloud-translation
     - hello-salut (greets users in native languages)
   - Entertainment / Media:
     - youtube, vimeo, brightcove, dailymotion
     - music-related APIs such as lastfm, spotify-web
   - Bookmarks / Productivity:
     - zotero, readability, pocket
   - Other:
     - tools for developers to manage or optimize user web experience

5. Since all APIs listed are language neutral or multilingual except where specifically noted, the selections should focus more on basic start page features as above.

6. No requirement for ecommerce, payments, or heavy backend APIs as it is a simple start page.

**Conclusion**:

- Recommend categories:
  ['search', 'news-services', 'weather', 'mapping', 'social', 'email', 'translation', 'media', 'bookmarks', 'tools']

- Recommend matched APIs (selected from above categories and relevant to start page for Spanish-speaking audience):

  - Search:
    - bing-maps-search
    - google-custom-search
    - primal
    - yummly

  - News services:
    - guardian
    - new-york-times-article-search
    - reuters-spotlight
    - webhoseio
    - daylife

  - Weather:
    - aerisweather
    - norway-weather
    - weather-channel (IBM Weather Company APIs)

  - Mapping:
    - google-maps-places
    - bing-maps-locations
    - mapquest-geocoding
    - geonames
    - openstreetmap

  - Social:
    - twitter-streaming (for Twitter data)
    - facebook-graph (deprecated but important historically)
    - linkedin
    - instagram-graph
    - plancast
    - tagalus
    - buffer
    - scoopit

  - Email:
    - mailjet
    - mailchimp
    - gmail
    - google-gmail-oauth

  - Translation:
    - microsoft-translator
    - google-cloud-translation
    - hello-salut

  - Media (video, music):
    - youtube
    - vimeo
    - dailymotion
    - spotify-web
    - lastfm

  - Bookmarks/Productivity:
    - zotero
    - readability
    - pocket

  - Tools (useful for developers or enhancement):
    - google-closure-compiler
    - datumbox (NLP)
    - zapier
    - pusher
    - bugsnag

This set of categories and APIs will help build a rich, localized, and comprehensive start page for Spanish-speaking countries, including essential content, search, social, media, and utilities.

---

**Final Answer:**

**Recommend categories:**  
['search', 'news-services', 'weather', 'mapping', 'social', 'email', 'translation', 'media', 'bookmarks', 'tools']

**Recommend all matched APIs:**  
['bing-maps-search', 'google-custom-search', 'primal', 'yummly',  
 'guardian', 'new-york-times-article-search', 'reuters-spotlight', 'webhoseio', 'daylife',  
 'aerisweather', 'norway-weather', 'weather-channel',  
 'google-maps-places', 'bing-maps-locations', 'mapquest-geocoding', 'geonames', 'openstreetmap',  
 'twitter-streaming', 'facebook-graph', 'linkedin', 'instagram-graph', 'plancast', 'tagalus', 'buffer', 'scoopit',  
 'mailjet', 'mailchimp', 'gmail', 'google-gmail-oauth',  
 'microsoft-translator', 'google-cloud-translation', 'hello-salut',  
 'youtube', 'vimeo', 'dailymotion', 'spotify-web', 'lastfm',  
 'zotero', 'readability', 'pocket',  
 'google-closure-compiler', 'datumbox', 'zapier', 'pusher', 'bugsnag']
./output/gpt/zero_shot/responses.json
データが保存されました: ./output/gpt/zero_shot/responses.json (キー: initt-1)
------------------------------
評価中のサービス: knowledgetree-live
Iteration 1, Total call: 189
**Reasoning**:  
KnowledgeTreeLive is a Document Management Software (DMS) platform that helps users to manage documents, secure documents, and collaborate on them in a hosted and on-demand manner. For such functionality, the essential aspects to consider for API integration support or expansion would be:  

1. **Office**: Since KnowledgeTreeLive deals with documents, the office category is relevant for document creation, editing, merging, converting, or PDF generation and processing APIs. Integration with office/document APIs would allow better manipulation and management of document formats and workflows.

2. **Security**: Managing documents securely naturally requires authentication, single sign-on, and access control APIs. Security category APIs support user authentication and secure document handling.

3. **Collaboration/Project-management**: Document collaboration often implies coordinating work on documents among multiple users, task management, comments, versioning, and notifications. Project management or collaboration APIs help with these capabilities.

4. **Storage**: Since documents are stored somewhere, integrating with cloud storage or file-sharing APIs would be useful to extend document storage options or backup possibilities.

5. **Electronic-signature**: Often document management platforms incorporate e-signatures for approvals and sign-offs, so electronic signature APIs may be relevant.

6. **Email**: For collaboration, user notifications, or document sharing, email APIs are helpful.

7. **Backend**: Backend services for user management, storage access, or data handling can augment the platform.

Among the available APIs, the ones that stand out for KnowledgeTreeLive or similar DMS functionality include:

- **Scribd Platform (office)**: REST-based API for uploading, converting, editing, and searching documents, managing iPaper (document viewer). This aligns with document management.

- **pdf-generator (pdf)**: Generating PDFs programmatically, useful in document management workflows.

- **docusign-enterprise (electronic-signature)**: Industry-leading eSignature service, useful for signing documents securely.

- **google-drive, sugarSync, dropbox, amazon-s3, rackspace-cloud-files, digitalocean (storage)**: Cloud storage APIs which offer file storage, synchronization, and retrieval functionalities.

- **workflowmax, basecamp, conceptshare, intellinote (project-management)**: Project and task management, collaborative tools which can extend document collaboration.

- **mailjet, sendgrid, mailgun, gmail (email)**: Email services for notifications and communication.

- **google-recaptcha, janrain-engage, google-web-authentication (security)**: Authentication and security measures.

- **cloudmine, quickblox (backend)**: Backend services support user management and content.

Overall, KnowledgeTreeLive integration or enhancement could leverage these categories and API services to manage and secure documents, offer e-signatures, enable collaboration, and store documents safely in the cloud.

**Conclusion**:  
- Recommend categories: ['office', 'electronic-signature', 'storage', 'project-management', 'email', 'security', 'backend']  
- Recommend All matched APIs: ['scribd-platform', 'pdf-generator', 'docusign-enterprise', 'google-drive', 'sugarsync', 'dropbox', 'amazon-s3', 'rackspace-cloud-files', 'digitalocean', 'workflowmax', 'basecamp', 'conceptshare', 'intellinote', 'mailjet', 'sendgrid', 'mailgun', 'gmail', 'google-recaptcha', 'janrain-engage', 'google-web-authentication', 'cloudmine', 'quickblox']
./output/gpt/zero_shot/responses.json
データが保存されました: ./output/gpt/zero_shot/responses.json (キー: knowledgetree-live-1)
------------------------------
評価中のサービス: youtube-video-map
Iteration 1, Total call: 190
**Reasoning**:

The requirements specify an advanced search tool combining YouTube videos with Google Maps. The search should allow queries by category, upload date, time, city, and keyword.

1. For YouTube video search and data access, the best fit is under the **video** category with an API that can perform advanced searches on YouTube content.
   - The available API named **youtube** matches this perfectly, as it provides integration with YouTube including searching videos, retrieving feeds, and relevant metadata.

2. For the mapping and location component, the tool requires Google Maps functionality (like specifying city or coordinates).
   - The best category is **mapping**.
   - There is no direct "Google Maps" API listed (the original Google Maps API profile is deprecated), but there are several mapping APIs related to Google Maps or similar mapping services.
   - Of particular interest is the **google-maps-places** API which returns information about places identified by latitude/longitude or other location attributes, supporting place search, details, photos, and autocomplete. 
   - For geolocation by city or coordinates, **google-maps-geocoding** and **google-geocoding** APIs provide geocoding services (address to coordinates and reverse).
   - These APIs together enable queries by city and geo-coordinates to associate with video search.

3. While Google Maps JavaScript API itself is not listed or deprecated, using the Places API and Geocoding API can fulfill the needs for location-based queries.

4. Regarding searching/filtering by upload date, time, category and keyword:
   - YouTube API supports filtering by category and date parameters.
   - Google Places API includes location-specific querying.
   
Therefore, to build an advanced search tool with YouTube videos linked to map locations and allow filtering by various parameters, the combination of **video** and **mapping** categories with the YouTube API and Google Maps-related APIs (Places, Geocoding) is ideal.

**Conclusion**:

- Recommend categories: ['video', 'mapping']
- Recommend All matched APIs: ['youtube', 'google-maps-places', 'google-maps-geocoding', 'google-geocoding']
./output/gpt/zero_shot/responses.json
データが保存されました: ./output/gpt/zero_shot/responses.json (キー: youtube-video-map-1)
------------------------------
評価中のサービス: escnostalgia
Iteration 1, Total call: 191
**Reasoning**:
- ESCNostalgia focuses on archival and historical contest information, specifically for the Eurovision Song Contest from 1957 onward. This involves accessing large datasets or structured databases of events, songs, results, and performances over many decades.
- To provide users with the ability to listen to songs, integration with music streaming services is necessary. Spotify API is required for accessing song data and playing tracks.
- To view videos of performances, integration with video platforms like YouTube is required.
- Therefore, relevant categories should include music (for Spotify integration), video (for YouTube integration), and news-services or reference to possibly access the archival or event data itself.
- The APIs needed should offer access to music content, video content, and any available data regarding Eurovision or historical events, if available.
- From the given APIs:
   - For music: Spotify Web API (Category: music, API name: spotify-web) is suitable for streaming songs.
   - For video: YouTube Data API (Category: video, API name: youtube) is suitable for embedding and viewing videos.
   - For event or historical data: No direct ESC API is listed, but using a news or media API could serve, but since the requirement is very specific, might rely on internal database or custom dataset.
   - The TMDb or Rovi Cloud entertainment APIs mostly cover movies and shows, not music contests.
- Hence, focusing on music and video categories with their standard APIs is the best recommendation.

**Conclusion**:
- Recommend categories: ['music', 'video']
- Recommend All matched APIs: ['spotify-web', 'youtube']
./output/gpt/zero_shot/responses.json
データが保存されました: ./output/gpt/zero_shot/responses.json (キー: escnostalgia-1)
------------------------------
評価中のサービス: tv.listandplay.com
Iteration 1, Total call: 192
**Reasoning**:  
The requirements mention a service where you enter a song and get 150 similar songs in return, with the creation of a personalized MTV-like music experience. It combines data and functionality from Last.fm and YouTube and also features Facebook integration to discover music liked by friends. Sharing playlist URLs is done through Bit.ly.

Breaking down the requirements by components:

1. **Get similar songs for a given song, music discovery, metadata**  
   This naturally points to music data and recommendation services. Last.fm is explicitly mentioned, which is a music platform offering track information, similar artists, and user data. The Last.fm API supports getting artist, album, track info, and can be used to find similar tracks/artists.

2. **Integration with YouTube for music playback or video content**  
   YouTube API is relevant here to search and embed videos (music videos, songs, etc.) matching the songs retrieved. The YouTube Data API allows retrieval of video and user information, searching, and user interaction.

3. **Facebook integration for discovering music friends like**  
   The Facebook Graph API is appropriate for accessing friend data and pages related to music interests.

4. **Sharing playlist URLs via bit.ly**  
   Bit.ly’s URL shortener can be used to shorten playlist URLs for easy sharing.

Relevant categories from the Available Categories list for this mashup would be:  
- music (for Last.fm and other music data)  
- video (for YouTube)  
- social (for Facebook integration)  
- url-shortener (for bit.ly)

There might be other music APIs available, but the specific mention of Last.fm and YouTube focuses the selection.

**From the provided Available APIs**:  
- **lastfm** (Category: music): provides access to music data including tracks, artists, and similar tracks advice, supporting the discovery aspect.  
- **youtube** (Category: video): to obtain video content (music videos) and handle playback functionality.  
- **facebook-graph** (Category: social): to get Facebook user and friend data for music interests.  
- **bitly** (Category: url-shortener): for shortening playlist URLs so they can be shared easily.

No other API explicitly fits all the components better than these four.

**Conclusion**:  
- Recommend categories: ['music', 'video', 'social', 'url-shortener']  
- Recommend APIs: ['lastfm', 'youtube', 'facebook-graph', 'bitly']
./output/gpt/zero_shot/responses.json
データが保存されました: ./output/gpt/zero_shot/responses.json (キー: tv.listandplay.com-1)
------------------------------
評価中のサービス: acid-reflux-information-site
Iteration 1, Total call: 193
**Reasoning**:
The project is a website focused on providing reliable and concise information about Acid Reflux. The primary requirements are to pull in authoritative, relevant, and varying types of content about this medical condition, efficiently, and within a short timeframe (5 days).

Key focus and considerations:
- The content is medical/informational in nature about Acid Reflux, which suggests the need for:
  1. Medical APIs supplying conditions, symptoms, treatments, or health-related information.
  2. News or educational content APIs related to medicine or health for updated and reliable info.
  3. Possibly scientific/educational references to ensure the data is authoritative.
- Because the site is about a health condition, it should pull content from reputable sources.
- The project demands reliability and concise info — so APIs with structured, up-to-date, and validated medical data will be preferable.
- Multiple APIs are to be used to diversify content.
- The 5-day time constraint means the APIs should be relatively easy to integrate with clear documentation.

From the available categories and APIs, filtering those that relate to medical content and authoritative health information:

1. **Category: medical**
   - *nhs*: NHS Choices API provides syndicated medical content including conditions, medicines, etc. It's authoritative (UK National Health Service).
   - *national-library-medicine-dirline*: Contains descriptive info on health/medicine resources.
   - *health-20*: A directory of health-related APIs and data sources.
   - *national-library-medicine-dirline*: provides info on health information resources.
   - These provide clinical and trusted info on conditions and treatments.

2. **Category: education**
   - *victoria-albert-museum* (not relevant)
   - *greatschools* (education but about schools, so not relevant)
   - *altmetric*: tracks scientific articles mentions, useful if you want scholarly data or references.
   - *schoology, donorschoose* (not relevant)
   - *science-museum*: exhibition and science data, probably less relevant for medical info.
   - *plos-search*: Access to scientific and medical articles' repository - useful for authoritative medical data and articles
   - *medline or others* (none specifically listed except PLOS)

3. **Category: news-services**
   - For up-to-date news about Acid Reflux, medical advances or research:
   - *guardian, webhoseio, new-york-times-article-search*: Could be used for news stories related to Acid Reflux.
   - *reuters-spotlight, daylife*: News aggregation APIs that could include medical news.

4. **Category: reference**
   - *dbpedia-spotlight, wikipedia*: content annotation and extraction from Wikipedia may provide summaries and basic information about Acid Reflux.
   - *plos-search* within education already noted above.
   - *wikipedia*: Access to structured data related to Acid Reflux from Wikipedia.

5. **Category: data-as-a-service or science**
   - *mendeley*: access to scientific literature references.
   - *amee*: environmental intelligence, less relevant.
   - *maas2*: Mars weather, not relevant.
   - *epa-watershed-summary*, *epa-station-catalog*: no relevance.

6. **Category: tools or natural-language-processing**
   - Not targeted for medical content; these are for sentiment, wording, etc.

7. **Category: social**
   - May be used optionally to pull social discussions, but for reliable medical info, these are less relevant.

**Recommended APIs (matched to relevant categories):**

- Medical:
  - nhs (UK National Health Service syndicated content)
  - national-library-medicine-dirline (health database)
  - health-20 (directory for health-related services)
  - plos-search (scientific articles)

- News services:
  - guardian (news content)
  - new-york-times-article-search
  - webhoseio (aggregated web news data, could capture relevant medical news)
  - reuters-spotlight

- Reference:
  - wikipedia (structured data on medical topics including Acid Reflux)
  - dbpedia-spotlight (semantic annotation on Wikipedia content)
  - plos-search (also fits here for scientific references)

- Education:
  - altmetric (scientific mention tracking, for scholarly validation)
  - scientific databases (plos-search)

In summary, the best approach is to combine:

- Medical content APIs from credible sources like NHS and National Library of Medicine.
- Scholarly article references from PLOS and Altmetric.
- News services for most recent relevant news.
- Wikipedia/DBpedia for general background and concise explanations.

This will ensure reliable, comprehensive, and diverse content about Acid Reflux.

**Conclusion**:
- Recommend categories: ['medical', 'news-services', 'reference', 'education']
- Recommend All matched APIs: [
  'nhs',
  'national-library-medicine-dirline',
  'health-20',
  'plos-search',
  'guardian',
  'new-york-times-article-search',
  'webhoseio',
  'reuters-spotlight',
  'wikipedia',
  'dbpedia-spotlight',
  'altmetric'
]
./output/gpt/zero_shot/responses.json
データが保存されました: ./output/gpt/zero_shot/responses.json (キー: acid-reflux-information-site-1)
------------------------------
評価中のサービス: umapitup
Iteration 1, Total call: 194
**Reasoning**:
The requirement specifies a mashup for uMapItUp.com – an advanced mapping software that combines the Google Maps API with the YouTube Data API. The key functionality allows users to search YouTube videos based on geographic location, keywords, author, timeframe, and search radius. This service is primarily for entertainment purposes.

1. The service requires mapping capabilities to handle geographic location, search by radius, display map data, and so on.
   - Therefore, "mapping" category is essential.
2. The service integrates YouTube Data API functionality to search YouTube videos with various filters.
   - Hence, "video" category is needed.
3. The service involves entertainment as searching YouTube video content is entertainment-related.
   - Including "entertainment" category is reasonable.

Looking into the provided available APIs:

- For "mapping":
  - The user references Google Maps API (which is deprecated here but we can consider the Google Maps Places API or other similar).
  - Available mapping APIs include "bing-maps-search", "google-maps-places", "google-maps-geocoding", "google-maps-elevation", "google-maps-distance-matrix", "bing-maps", "mapquest", "openlayers", "mapbox", "arcweb", "google-geocoding", "google-directions", "google-maps-geolocation" etc.
  - Since the requirement mentions Google Maps API, the best match available here is "google-maps-places" (returns info about places using latitude and longitude; supports search), or "google-maps" (though deprecated), or the "bing-maps-search" as a mapping search service.
  - For searching based on location plus radius and keyword, the Google Maps Places API suits best.

- For "video":
  - The Youtube Data API is directly referenced (Google's YouTube API).
  - Confirmed available API "youtube" under category "video".
  - The YouTube Data API can search videos and retrieve video information.

- For "entertainment":
  - While "entertainment" is not a mandatory category, it is relevant because the app is for entertainment purposes.
  - Checking for the "youtube" API under video provides sufficient capabilities; no additional entertainment APIs are strictly required.

Therefore, the two key APIs are:

- "google-maps-places" (Category: mapping)
- "youtube" (Category: video)

Optionally, one might also consider the deprecated "google-maps" or "bing-maps-search" as alternatives for mapping if need be.

**Conclusion**:
- Recommend categories: ['mapping', 'video', 'entertainment']
- Recommend all matched APIs: ['google-maps-places', 'youtube']
./output/gpt/zero_shot/responses.json
データが保存されました: ./output/gpt/zero_shot/responses.json (キー: umapitup-1)
------------------------------
評価中のサービス: fedex-office-and-box.net
Iteration 1, Total call: 195
**Reasoning**:
The requirement is for a mashup service that enables users to send documents from their Box.net account to FedEx for printing and shipping. To support this functionality, the mashup service needs to interact with:

1. The Box.net cloud content management system to access and send documents stored by the user. This functionality falls under the "content" or "storage" category.
2. The FedEx shipping service to handle shipment requests, printing, and delivery through FedEx. This corresponds to the "shipping" category.

Looking at the available categories and APIs:

- "box" API is listed under the "content" category and provides a modern content management platform that lets organizations work with and share content securely. It includes content APIs to build secure content experiences in custom apps. This is the best match for managing Box.net user documents.

- "fedex" API is listed under the "shipping" category and provides shipping functionalities, including rates, tracking, label generation, and more. This API would be used to submit or manage the print and ship requests of documents.

No other API specifically provides the required integration with Box.net or FedEx for this purpose. Thus, these two APIs sufficiently cover the core functionality requested.

**Conclusion**:
- Recommend categories: ['content', 'shipping']
- Recommend All matched APIs: ['box', 'fedex']
./output/gpt/zero_shot/responses.json
データが保存されました: ./output/gpt/zero_shot/responses.json (キー: fedex-office-and-box.net-1)
------------------------------
評価中のサービス: sms-team
Iteration 1, Total call: 196
**Reasoning**:
- The requirement is to send mass notifications via SMS to a team.
- The app should leverage Google Contacts to avoid managing a separate address book.
- Therefore, we need APIs that provide:
  1. SMS messaging capabilities that allow sending messages programmatically with mass or bulk messaging support.
  2. Access to or integration with Google Contacts to access the user's address book for contact retrieval.
- From the available APIs:
  - For SMS/Messaging:
    - Twilio SMS: A popular cloud communications platform providing SMS send/receive with RESTful API, good for mass notifications.
    - Clockwork SMS: Allows access to SMS gateway for sending messages programmatically.
    - Mogreet: SMS/MMS marketing service.
    - Vonage Nexmo SMS: Enables sending and receiving SMS.
    - Hoiio SMS: Global SMS service for developers.
    - PostalMethods: Postal gateway for sending letters/postcards, less relevant for SMS.
    - PostalMethods is postal, so less suitable.
    - PubNub: real-time messaging but not specific to SMS.
    - Slack Incoming Webhooks and Slack RTM are chat focused, not SMS.
    - Amazon SNS: supports messaging including SMS notifications.
  - For Google Contacts:
    - google-contacts API: allows programmatic access to Google Contacts content.
- No other listed API directly mentions syncing with Google Contacts except "google-contacts" which provides programmatic access to Google Contacts.
- Combining google-contacts (to fetch contacts) with Twilio SMS (to send bulk SMS) is a good fit.
- Twilio is well-known, reliable, scalable, supports JSON/XML, is RESTful and allows mass SMS.
- google-contacts allows access to the user's existing contacts.
- Therefore, the best solution is to integrate the google-contacts API for contact retrieval and Twilio SMS API for mass messaging.
- Optionally, Clockwork SMS or Vonage Nexmo SMS can be alternatives for SMS, but Twilio is more widely used with a robust API.
- No direct mention of Google Contacts integration in other SMS APIs.
- For cost-effectiveness, Twilio offers pay-as-you-go pricing.
- So the main categories are Telephony (for SMS) and Other or Personal-Information-Management (for Google Contacts).
- Since google-contacts is in category "other" and Twilio SMS is in "messaging," categories would be messaging and other.

**Conclusion**:
- Recommend categories: ['messaging', 'other']
- Recommend All matched APIs: ['twilio-sms', 'google-contacts']
./output/gpt/zero_shot/responses.json
データが保存されました: ./output/gpt/zero_shot/responses.json (キー: sms-team-1)
------------------------------
評価中のサービス: twitter-spy
Iteration 1, Total call: 197
**Reasoning**:

The user's requirement is to display the Twitter public timeline in real-time with Google Maps integration.

1. Real-time Twitter public timeline:
   - This needs access to Twitter data in real-time.
   - The "twitter-streaming" API provides high-throughput near real-time access to various subsets of public Twitter data.
   - It can filter by keyword, location, random sampling, etc.
   - This suits the need for displaying the Twitter public timeline in real-time.

2. Google Maps integration:
   - To display tweets geolocated on a map, a mapping API is essential.
   - Google Maps API is historically popular, but from the list, "google-maps" is deprecated and split into multiple APIs.
   - Google Maps APIs available that can help:
     - google-maps-places (retrieve place information)
     - google-maps-geocoding (to geocode addresses for map plotting)
     - google-maps-geolocation (get location from cell towers/WiFi)
     - google-maps-distance-matrix (calculate travel distances)
     - google-maps-elevation (for elevation data)
     - google-static-maps (embed static map images)
     - google-maps-directions (routing)
   - For map display, if an interactive map is desired, a JavaScript library like OpenLayers or Mapbox can be considered. These APIs provide interactive maps that can embed data points such as tweets with location.

3. Since the user specifically mentions Google Maps integration, the best fit is Google Maps APIs like:
   - google-maps-geocoding (to convert locations from tweets to coordinates)
   - google-static-maps or other Google Maps components for display if interactive
   - If interactive JavaScript map needed, the Google Maps JavaScript API would be ideal, but it's not explicitly listed here.

4. The Twitter API listed ("twitter-streaming") provides real-time tweet data, and with location filtering, geo-coordinates can be obtained for mapping on Google Maps.

**Conclusion**:

- Recommend categories: ['social', 'mapping']

- Recommend All matched APIs: ['twitter-streaming', 'google-maps-geocoding']

Optionally, to enhance mapping capabilities (if allowed), consider:

- 'bing-maps-search' or 'bing-maps-rest' for an alternative mapping service

- 'google-static-maps' if static images of maps are sufficient

But given the requirement explicitly states Google Maps integration, the "google-maps-geocoding" API is the best mapping API to recommend along with the "twitter-streaming" API for real-time Twitter data.
./output/gpt/zero_shot/responses.json
データが保存されました: ./output/gpt/zero_shot/responses.json (キー: twitter-spy-1)
------------------------------
評価中のサービス: datantify
Iteration 1, Total call: 198
**Reasoning**:  
The requirements describe Datantify.com as a provider of B2B databases for lead generation and sales enhancement. They supply verified data from over 187 countries and offer numerous sorting options. The primary use case is business-to-business data for locating potential customers and boosting sales.

Key points:

1. The service is primarily about business data, companies, contacts, and market intelligence.
2. It deals with verified, structured data from many countries and various industries.
3. It is used for lead generation and business prospecting – i.e., for sales and marketing.

Given these points, the relevant categories are likely:

- **data-as-a-service**: because they provide data for consumption by other applications.
- **business**: since it involves business-related data and activities.
- **enterprise**: as the data is used by enterprises for customer acquisition and sales.
- Possibly **marketing** as this data supports sales and marketing efforts.

Among the list of APIs, the closest match to the described functionality includes:

- **zoominfo** (Category: data-as-a-service): "Integrate ZoomInfo's just-verified B2B data and advanced search tools directly into your application. Put profiles of 135 million business people and 8.5 million businesses right at your users' fingertips."  
It explicitly matches the functionality of verified B2B data for customer profiles and lead generation.

- **business-profiles** (Category: enterprise): "The service provides search access to public registrations and disclosures of corporations worldwide. Used to validate information about companies, discover company official names and contact information, and verify good standing with government agencies."  
This aligns with verified business data useful for enterprise sales and lead validation.

- **tradegecko** (Category: enterprise): While more focused on online inventory and order management, it deals with customers and sales and could be relevant.

- **infogroup-infoconnect** (Category: database): Offers access to consumer and business databases for finding companies or people interested in products, also for cleaning up data and integrating into CRM systems. This strongly overlaps with Datantify functionality.

Other APIs related to business data but less focused on direct B2B leads, or more on specific aspects, can be excluded as less relevant.

**Conclusion**:  
- Recommend categories: ['data-as-a-service', 'enterprise', 'business']  
- Recommend All matched APIs: ['zoominfo', 'business-profiles', 'infogroup-infoconnect']
./output/gpt/zero_shot/responses.json
データが保存されました: ./output/gpt/zero_shot/responses.json (キー: datantify-1)
------------------------------
評価中のサービス: feedly-android
Iteration 1, Total call: 199
**Reasoning**:
The requirement describes an app that aggregates a user's favorite sites and displays content via RSS feeds, curating information based on personal tastes. It supports multiple devices and syncing and integrates with social sharing and personal information management apps like Pocket, Instapaper, and Evernote.

1. **Core functionalities:**
   - Aggregation and reading of RSS feeds
   - Displaying curated content summaries
   - Multi-device syncing
   - Social sharing capabilities
   - Integration with personal information management apps

2. **Category selection:**
   - **blogging**: Since Feedly leverages RSS feeds and aggregating blog posts/content, the blogging category is relevant.
   - **feeds**: RSS feed aggregation and handling is the core of Feedly functionality; thus feeds category is essential.
   - **social**: Because of social functions and sharing integration, the social category is relevant.
   - **personal-information-management**: Integration with apps like Pocket, Instapaper, and Evernote points to this category.
   - **applications** or **tools**: For app management and syncing across devices, these might be relevant, but from the description these are less primary than the above categories.

3. **Matching APIs from the list:**
   - **feedly (Category: blogging)**: This directly maps to the service described.
   - **pocket (Category: bookmarks)**: For user integration to save and read content later.
   - **instapaper (Category: bookmarks)**: Another personal read-later service integration.
   - **evernote (Category: personal-information-management)**: For note-taking and content management integration.
   - **readability (Category: bookmarks)**: Similar to Pocket and Instapaper for bookmarking and reading articles.
   - **twitter, facebook-graph, buffer (all Category: social)**: For sharing content to social hubs.
     - However, Twitter API is noted as deprecated; Twitter Streaming API was mentioned but the status is ambiguous.
     - Facebook Graph API is deprecated; has successors but may be relevant.
   - **addthis-services and addthis-analytics (Category: social)**: Tools to boost social sharing and analytics.
   - **tagalus (Category: social)**: For Twitter hashtag meanings, potentially useful for social content understanding.
   - **readsocial (Category: social)**: For sharing and connecting with book and magazine content.
   - **mailchimp, mailjet, sendgrid, gmail (Category: email)**: These are for email integrations, possibly less relevant here unless Feedly sends email digests.
   - **google-contacts, windows-live-contacts (Category: personal-information-management)**: May be useful for syncing contacts but less relevant here.
   - **evernote (Category: personal-information-management)** is directly mentioned in the requirements.

4. **Summary:**
   - Primary API is **feedly** for the main app aggregation and functionality.
   - Supporting APIs include integrations with **pocket**, **instapaper**, and **evernote** for read-later and note taking across apps.
   - Social sharing can be supported by APIs like **buffer**, **facebook-graph**, and **tagalus**.
   - Blog and RSS feed-related APIs in the blogging and feeds categories apply for core feed and content management.
   - Bookmark category APIs (pocket, instapaper, readability) support managing personal content.

**Conclusion**:
- Recommend categories: ['blogging', 'feeds', 'social', 'personal-information-management', 'bookmarks']
- Recommend All matched APIs: ['feedly', 'pocket', 'instapaper', 'evernote', 'readability', 'buffer', 'facebook-graph', 'tagalus', 'readsocial']
./output/gpt/zero_shot/responses.json
データが保存されました: ./output/gpt/zero_shot/responses.json (キー: feedly-android-1)
------------------------------
評価中のサービス: fb-time-machine
Iteration 1, Total call: 200
**Reasoning**:  
The requirement is for a mashup called "FB Time Machine" that accesses Facebook data, particularly friends' status updates and posted links historically, and aggregates them into a single page view. The user wants to access Facebook data, including all friends' statuses and posted links over time (time travel concept). It also mentions use of "Facebook Graph" and "Google App Engine" to handle the processing and display.

1. **Categories**:  
   - The main category obviously required is **social** since the data source and social interaction are centered on Facebook.  
   - Since Facebook Graph API is specifically mentioned and is a social networking API, the **social** category fits this.  
   - The mashup uses Google App Engine (deprecated but mentioned), which is historically a **tools** or **platform-as-a-service** category, mostly serving the backend infrastructure. Since the App Engine API is deprecated per the data, but it is part of the description, we include it as **tools** or **platform-as-a-service**, whichever matches closer. Given the description, **tools** is appropriate for APIs that help in building and managing apps.  
   - The mashup requires the ability to query and retrieve a wide variety of Facebook data (status updates, posted links), so APIs under social implementing Facebook data access are essential.

2. **APIs**:  
   - **facebook-graph**: This API allows integration with Facebook including profile data, friends, posts, etc. It is the core API to access Facebook data programmatically, exactly matching the requirement.  
   - **facebook**: This older API is deprecated and split into parts including Facebook Graph. It's maintained here only for historical context; the graph API supersedes it.  
   - **google-app-engine**: Although deprecated, the requirement states use of "Google App Engine" and this API is one historically used to deploy apps on Google App Engine. It represents the backend hosting and scalability.  
   - The mashup might use other social APIs if required, but the question references specifically Facebook and Google App Engine, so primarily focus on these APIs.

**Conclusion**:  
- Recommend categories: ['social', 'tools']  
- Recommend All matched APIs: ['facebook-graph', 'google-app-engine']
./output/gpt/zero_shot/responses.json
データが保存されました: ./output/gpt/zero_shot/responses.json (キー: fb-time-machine-1)
------------------------------
評価中のサービス: geowalk
Iteration 1, Total call: 201
**Reasoning**:
1. The requirement is a worldwide travel guide available in German and English, focusing on areas with location details.
2. It includes embedded data from Wikipedia, Flickr, and Google News.
3. The application involves a map interface with an action on "double-click anywhere on the map" to provide detailed location info.

To fulfill these requirements, we need APIs that cover:
- Mapping and geolocation services supporting worldwide data and interfacing with mouse or touch interactions, ideally allowing request for location details on demand.
- Knowledge base and content from Wikipedia for encyclopedia-style info about locations.
- Photo and image content services like Flickr to provide geotagged images.
- News aggregation or news services, preferably supporting multilingual or at least English and German content, ideally from Google News or similar comprehensive news providers.

Matching categories and APIs:

- Mapping:
  - Category: mapping
  - APIs such as: 
    - google-maps-places (Google Places API for place details at specific coordinates)
    - bing-maps-search (search results about locations)
    - openlayers (map drawing and interaction)
    - google-geocoding and google-maps-geolocation (for geolocation, place info)
    - openstreetmap (large worldwide map, open data)
    
- Reference/Wiki for Wikipedia content:
  - Category: reference or wiki
  - APIs:
    - wikipedia (unofficial Wikipedia API)
    - wikilocation (search Wikipedia articles by location)
    - dbpedia (structured data from Wikipedia)
  
- Photo/Images from Flickr:
  - Category: photos
  - APIs:
    - flickr (photo sharing and retrieval)
    - 500px or pixabay-free-images are alternatives but the requirement specifically mentions Flickr so flickr is best.
  
- News:
  - Category: news-services
  - APIs:
    - google-news is not directly available; however, similar services are available:
      - new-york-times-article-search (English only, but reputable)
      - guardian (for English news)
      - yahoo-news or google-news are not in the available list, so fallback options:
      - webhoseio (structured web data including news)
      - new-york-times-newswire or new-york-times-archive (English only)
      - Possibly google-news not listed as an API here, so the best is webhoseio or guardian.
  
- Language support:
  - Since the travel guide must be in German and English, direct API for translation or multi-language content is helpful.
  - microsoft-translator or google-cloud-translation could be used to translate content on the fly.
  - Alternatively, rely on APIs that provide content in German and English natively.

In the available APIs:

- Wikipedia API under "wikipedia" and "wikilocation" APIs can provide info about locations.
- Flickr API for images.
- Google News API is not explicitly present, but "webhoseio" aggregates news data. Webhoseio's data includes news, blogs, online discussions, and is suitable for integrating news content.
- For map interactivity and double-click event, an API like openlayers or google-maps-places (for place details) or bing-maps-search can be used.
- For multilingual content, data from Wikipedia already comes in many languages. Images from Flickr are language-agnostic; news from Webhose.io can be filtered by language.

Therefore, the most fitting categories and APIs would be:

Categories:
- mapping (for map display, selection and place info)
- reference (for Wikipedia)
- photos (for Flickr images)
- news-services (for news integration)
- translation (optional, for German/English support if required)

Recommended APIs:
- wikipedia (for descriptions/details of places)
- flickr (for images per location)
- webhoseio (for news content)
- openlayers (for interactive map with event handling)
- google-maps-places (to get information about each place on double-click)
- microsoft-translator or google-cloud-translation (optional, for multilingual support if translation needed at runtime)

**Conclusion**:
- Recommend categories: ['mapping', 'reference', 'photos', 'news-services', 'translation']
- Recommend APIs: ['wikipedia', 'flickr', 'webhoseio', 'openlayers', 'google-maps-places', 'microsoft-translator']
./output/gpt/zero_shot/responses.json
データが保存されました: ./output/gpt/zero_shot/responses.json (キー: geowalk-1)
------------------------------
評価中のサービス: geoslideshow
Iteration 1, Total call: 202
**Reasoning**:
- The requirement is for creating Geoslideshows, which involve displaying travel trails on maps and integrating photos from Flickr. Key functionalities include:
  - Maps: Using Google Maps for trail representation, visualization, KML support, and interactive slideshows.
  - Photos: Access to photo repositories and capabilities to fetch images from Flickr.
  - Possibly dynamic map interactions and photo slideshow features.

- Therefore, relevant categories are:
  - **mapping**: For integrating Google Maps and map-related features (static/dynamic maps, KML).
  - **photos**: For accessing Flickr photos and handling images relevant to location.
  - Possibly **video**, **widgets** or **tools** could be helpful for slideshow or UI, but the core is mapping and photos.

- From available APIs:
  - For mapping:
    - **google-maps-places**: Provides place info with Google Maps integration.
    - **google-maps-geocoding**: For geocoding addresses to lat/lon.
    - **google-maps-elevation**, **google-maps-distance-matrix**, **google-maps-geolocation**, **bing-maps**, **mapquest**, and others support map visualization and geolocation.
    - Since Google Maps API is deprecated here (not available separately), the current Google Maps Places API (mapping category) can be suitable.
    - **bing-maps**, **bing-maps-search**, **bing-maps-routes** also offer mapping and route creation.
    - **openlayers**, **mapbox** also provide mapping services.
    - Given the requirement emphasizes Google Maps, the **google-maps-places** API fits well.

  - For photos:
    - **flickr**: To access Flickr photos, including photo feeds, public photos.
    - **500px** is no longer publicly available.
    - **pixabay-free-images** is about free images but not Flickr.
    - **instagram-graph/real-time** not relevant here.
    - **twitpic** is for Twitter images.
    - **photos** general API is clip art; not exactly Flickr.
    - So **flickr** is the best match for photos repository.

- No direct API for slideshow is listed, but the photo and mapping APIs combined can build such a feature.

**Conclusion**:
- Recommend categories: ['mapping', 'photos']
- Recommend all matched APIs: ['google-maps-places', 'flickr']
./output/gpt/zero_shot/responses.json
データが保存されました: ./output/gpt/zero_shot/responses.json (キー: geoslideshow-1)
------------------------------
評価中のサービス: battlecell
Iteration 1, Total call: 203
**Reasoning**:
The requirement describes a game inspired by Risk that has evolved into a massive Google Maps game featuring 55 million cells and instant action Arena tournaments. This indicates a complex game involving a large-scale geospatial grid (likely based on real-world geography), maps integration, and real-time tournament or multiplayer features.

Key considerations:
1. **Mapping**: Since the game is described as a "Google Maps game" with a vast number of cells, mapping or geospatial APIs are critical for dealing with geographic data, locations, and rendering map-based game boards.

2. **Games**: Since this is a game involving "instant action Arena tournaments," gaming-related APIs or support would be relevant to manage tournaments, user interactions, or game features.

3. **Real-time / multiplayer**: The description of "instant action Arena tournaments" suggests the need for backend, chat, or messaging support to enable real-time multiplayer interactions or communications between players.

4. **Backend**: To manage user data, game states, sessions, and real-time updates, backend APIs may be necessary.

Available API categories matching these include:
- **Mapping**: to access mapping services and geographic data for the Google Maps grid and features.
- **Games**: to support any game-related data or features.
- **Chat/Messaging**: to support real-time communication in tournaments.
- **Backend**: for real-time functionality and data management.

Reviewing the Available APIs within these categories, specifically from the mapping category:
- Google Maps related APIs:
  - google-maps-places
  - google-maps-geolocation
  - google-maps-geocoding
  - google-maps-distance-matrix
  - bing-maps, bing-maps-search, bing-maps-routes (alternative mapping APIs)
  - mapquest, mapbox, openlayers, openstreetmap (other mapping APIs)
  
- Games category contains:
  - spore, but it is specific to a game called Spore, unlikely directly relevant.
  
- Backend / chat / messaging:
  - quickblox (real-time chat, video, presence)
  - pubnub (real-time messaging service)
  - twilio (communications, voice and SMS)
  - slack-real-time-messaging (team messaging)
  - mesibo (real-time messaging, voice, video)
  
Given the game requires large-scale mapping and real-time interactions for tournaments, the best matches would include:
- **Mapping**: To support the 55 million cells and Google Maps integration.
- **Games**: To facilitate game-specific features.
- **Backend**: For real-time data, user management, game state.
- **Chat** or **Messaging**: For real-time communication in arenas.

**APIs recommended**:
- **Mapping**:
  - google-maps-places: For place and location info.
  - google-maps-geocoding: Geocoding addresses or coordinates.
  - google-maps-distance-matrix: For travel distances; can be adapted for game logic.
  - bing-maps (and related Bing mapping APIs): Alternative or supplemental mapping services.
  - mapbox: For open source, customizable interactive maps.
  - openlayers or openstreetmap: For map display and data layers.

- **Backend/Chat/Messaging**:
  - quickblox: Provides chat, video, voice, presence for mobile/desktop apps.
  - pubnub: Real-time push messaging for user interactions.
  - mesibo-server-side and mesibo-client-side: Real-time chat, voice, video for apps.
  - twilio: Communications service for SMS and voice, useful for notifications.
  - slack-real-time-messaging: If integrated into team environments.
  
- **Games**:
  - spore: Probably not relevant here.
  
- **Others to consider**:
  - google-analytics-metadata or mixpanel/kissmetrics/new-relic: For analytics of game usage.
  - backend API like cloudmine or appharbor could be useful but less specific.

**Conclusion**:
- Recommend categories: ['mapping', 'backend', 'messaging', 'games']
- Recommend all matched APIs: [
  'google-maps-places',
  'google-maps-geocoding',
  'google-maps-distance-matrix',
  'bing-maps',
  'mapbox',
  'openlayers',
  'openstreetmap',
  'quickblox',
  'pubnub',
  'mesibo-server-side',
  'mesibo-client-side',
  'twilio',
  'slack-real-time-messaging'
]
./output/gpt/zero_shot/responses.json
データが保存されました: ./output/gpt/zero_shot/responses.json (キー: battlecell-1)
------------------------------
評価中のサービス: explorer
Iteration 1, Total call: 204
**Reasoning**:  
The user wants to create "The Explorer", an application that integrates several functionalities:  
1. Accessing videos from YouTube  
2. Getting the latest news from the New York Times  
3. A YouTube music playlist creator that compiles playlists based on up to 5 artists  

Breaking down these functionalities:  
- For videos and playlist creation, the YouTube API is the perfect choice. The YouTube Data API allows searching for videos, creating and managing playlists, and interacting with user-related content in JSON or XML format. It provides extensive control over video search and playlist management.  
- For latest news, the New York Times API, specifically the New York Times Article Search API or its related APIs, will allow querying for latest articles, headlines, and content updates, which fits the “latest news” requirement well.  
- These features align with categories like video (for YouTube), news-services (for New York Times), and music (for the playlist creation and music-related features involving YouTube).

After reviewing the Available APIs and Categories, the best matches are:  
- Category "video" for YouTube APIs  
- Category "news-services" for New York Times APIs  
- Category "music" for the music playlist creator feature (specifically YouTube music playlist through the YouTube API; no separate music API is explicitly needed since YouTube handles this)  

**Conclusion**:  
- Recommend categories: ['video', 'news-services', 'music']  
- Recommend all matched APIs: ['youtube', 'new-york-times-article-search']
./output/gpt/zero_shot/responses.json
データが保存されました: ./output/gpt/zero_shot/responses.json (キー: explorer-1)
------------------------------
評価中のサービス: thrutu-button-collection
Iteration 1, Total call: 205
**Reasoning**:
The request is for a selection of independently developed add-in buttons enhancing the Thrutu app on Android, which facilitates interactive calling features between users, including those on iPhone. The listed buttons include:

- Barcode reader
- Recommend installed application
- Browse to My WebPage
- Share browser bookmark
- Share BBC News article

Analysis of the requirements:

1. **Core service**: The main service referenced is Thrutu itself, which is a telephony app providing enhanced in-call features.
2. **Use cases**:
   - Barcode reader: Requires barcode scanning functionality, typically in the domain of content recognition or tool APIs. This does not map to any specific barcode scanning API in the provided list, but it indicates the need for "recognition" or "tools" APIs.
   - Recommend installed application: This involves querying installed applications on a device and sharing recommendations. This may involve general application metadata or social sharing. No direct API listed matches installed app recommendation, but the category might be "applications" or "social".
   - Browse to My WebPage: This involves linking to web pages, likely a generic web or social interaction feature.
   - Share browser bookmark: Requires bookmarking and sharing capabilities, perhaps from a bookmarks API.
   - Share BBC News article: This suggests integration with news-services APIs to retrieve and share article data.

3. **Integration with Thrutu**: The base platform is Thrutu, which provides in-call interactive functionality. Hence the main API is the Thrutu API from the "telephony" category.

4. **Additional functionality**:
   - For sharing bookmarks, "bookmarks" category APIs like Readability or Zotero or Pocket might be relevant.
   - For sharing BBC News article, "news-services" category APIs, specifically the BBC Nitro API, are appropriate.
   - For Barcode reader, no specific barcode API is listed, but "tools" or "recognition" categories could contain relevant services.
   - For recommending installed apps and sharing bookmarks, social or applications category might have related implementations.
   - Since the app enables sharing content during calls, integrating Thrutu's platform is central.

**APIs Selected from the Catalog:**

- **thrutu** (telephony): The core API platform for the app and buttons.
- **bbc-nitro** (media/news-services): For sharing BBC News articles.
- **pocket** (bookmarks): As one standard bookmarking service API.
- **readability** (bookmarks): Another bookmarking API for sharing bookmarks.
- Potentially **tagalus** (social): For tagging or sharing.
- Possible usage of tools like **jawbone** (tools) maybe for device data, but less relevant.
- Barcode reader API is not provided explicitly; might be developed independently or use 3rd party.

Given the description, the main category is obviously "telephony" for Thrutu. Supporting categories most relevant would be "news-services" for BBC articles and "bookmarks" for bookmark sharing.

**Conclusion**:
- Recommend categories: ['telephony', 'news-services', 'bookmarks']
- Recommend All matched APIs: ['thrutu', 'bbc-nitro', 'pocket', 'readability']
./output/gpt/zero_shot/responses.json
データが保存されました: ./output/gpt/zero_shot/responses.json (キー: thrutu-button-collection-1)
------------------------------
評価中のサービス: virtual-classroom-api-integration
Iteration 1, Total call: 206
**Reasoning**:

The user requirement focuses on integrating Virtual Classroom APIs with various Learning Management Systems (LMS) and Content Management Systems (CMS) such as WordPress, Drupal, and Moodle. The integration should support seamless interaction across multiple web technologies (ASP.NET, PHP, Node.js, etc.) and standard LMS/CMS platforms. The emphasis is on live, instructor-led classes (synchronous learning) because, while asynchronous learning features are usually available in open source LMS like Moodle, ready-to-use free or open-source solutions for live classes are rare and often require expert integration efforts.

The user also mentions several Virtual Classroom solutions by name:
- WizIQ classroom API
- Big Blue Button Virtual Classroom
- Zoom
- Free Conference Call webinar solution

Furthermore, the user highlights the expertise in integrating these APIs for live classes seamlessly into websites or LMS.

Given this, the suitable categories are:
- **education**: Since the solution involves educational platforms and LMS.
- **learning-management-systems**: The integration specifically supports LMS platforms.
- **project-management** or **tools**: Might be involved in managing or supporting such integrations, but less relevant than education and LMS.
- **applications**: Could be relevant for API integration into applications.

From the provided available categories, the most pertinent are:
- **education**
- **learning-management-systems**
- **applications**

Now, identifying the matched APIs:

- **wiziq-virtual-classroom** (Category: education):
  - Directly mentioned in the requirements as a Virtual Classroom API.
  - Supports RESTful calls and XML response.
  - Enables live classes, attendance, content management, etc.
  
- **moodle** (Category: learning-management-systems):
  - Prominent open source LMS.
  - Offers APIs for access, data manipulation, calendar, enrollment, media.
  - Although Moodle itself doesn’t fully handle live instructor-led virtual classes out of the box, it is the prevalent LMS for which integrations like WizIQ or Big Blue Button could be developed.

- The user mentioned **Big Blue Button** and **Zoom** as offerings but no direct API for them is listed in the provided APIs. However, the focus is on solutions like WizIQ with potential integration to Moodle or WordPress.

- **wordpressorg** (Category: blogging) and possibly **wordpresscom** (Category: blogging) or **contentful** (applications) may be relevant for integration with WordPress but the user specifically requested LMS and CMS generally.

Based on the data available:

- The only Virtual Classroom API clearly present is "wiziq-virtual-classroom."

- Moodle is the well-known LMS with API available from the list.

- WordPress or Drupal are not explicitly listed with API details for LMS but WordPress is partially covered under "wordpressorg" or "wordpresscom" categories.

Hence, the best match is wiziq-virtual-classroom API for virtual classroom functionality integrated with Moodle (learning-management-systems category) and potentially WordPress or other CMS as applications.

**Conclusion**:
- Recommend categories: ['education', 'learning-management-systems', 'applications']
- Recommend All matched APIs: ['wiziq-virtual-classroom', 'moodle']
./output/gpt/zero_shot/responses.json
データが保存されました: ./output/gpt/zero_shot/responses.json (キー: virtual-classroom-api-integration-1)
------------------------------
評価中のサービス: plugthe.net
Iteration 1, Total call: 207
**Reasoning**:
- The requirement is to find the "Social Local Web Scan Plugin" for a website. This suggests a plugin or API related to social media, local information, web scanning or crawling, aggregation, and possibly location services.
- "Social Local Web Scan" indicates functionality that involves social content (like social media data), local (geographical) data handling or scanning, and web scanning might imply content aggregation or extraction from web or social sources.
- Relevant categories to consider include:
  - social: for APIs providing social network data and interactions.
  - mapping: for local/geographical data, location services.
  - search: for scanning and querying web or social content.
  - news-services: may offer news or current event scanning.
  - data-mining and data-as-a-service: for web content scanning or aggregation.
- Looking at the provided APIs that fit these needs:
  - social APIs like Facebook Graph, Twitter Streaming, Foursquare, LinkedIn, etc. offer social data access.
  - mapping APIs like Google Maps, Bing Maps for location data.
  - search and news-services APIs that gather or scan social content or web content.
- Specifically, the following APIs stand out:
  - Tagalus (social): declares and accesses Twitter hashtags definitions.
  - What-trend (social): finds what’s trending on Twitter and explanations.
  - Twitter-streaming (social): access to Twitter realtime streaming data.
  - Webhoseio (news-services): on-demand structured web data from blogs, news, discussions for big data analytics.
  - Scoopit (social): content curation platform API, for social content distribution and curation.
  - AddThis-services (social): boost traffic and sharing of content.
  - AddThis-analytics (social): analytics for sharing/social activity.
  - ReadSocial (social): social features inside reading apps for books and magazines.
  - Tagalus (social) and Peerindex (social) for social data analytics.
- For location/local context, mapping APIs like:
  - Google Maps Places, Bing Maps Search, Foursquare Places for venue/location-based social info.
- For scanning and aggregation of web data:
  - Webhoseio (news-services) is powerful for real-time structured web data from news, blogs, and online discussions.
- Therefore, combining social and location data with web content scanning aspects, the recommended categories include social, mapping, news-services, and data-mining.
- The recommendation is to use APIs that give access to social content (Twitter hashtags, trending topics, streaming), local places (mapping APIs), and structured web content aggregation (Webhoseio).

**Conclusion**:
- Recommend categories: ['social', 'mapping', 'news-services', 'data-mining']
- Recommend All matched APIs: [
    'tagalus',
    'what-trend',
    'twitter-streaming',
    'webhoseio',
    'scoopit',
    'addthis-services',
    'addthis-analytics',
    'readsocial',
    'peerindex',
    'yelp-fusion',
    'foursquare',
    'bing-maps-search',
    'google-maps-places'
  ]
./output/gpt/zero_shot/responses.json
データが保存されました: ./output/gpt/zero_shot/responses.json (キー: plugthe.net-1)
------------------------------
評価中のサービス: second-thought
Iteration 1, Total call: 208
**Reasoning**:
The requirement is for a dynamic image and text composition system where you can alter words or pictures dynamically. This suggests the need for APIs that can handle image retrieval and provide searchable content for text and social media integration.

Specifically, the requirement mentions using APIs from Flickr, Summize, and Twitter:

- Flickr: A popular photos API, to retrieve images for composition or to allow dynamic fetching of pictures based on keywords.
- Summize: Known for Twitter Search API functionalities for real-time tweets and social content.
- Twitter: For integrating tweets, statuses, or user content.

Thus, the categories involved here are:
- photos: For Flickr API to get images.
- social: For Twitter and Summize to get social media text content.
- search: Since Summize is a search service for Twitter, it fits under this category as well.

Reviewing available APIs:
- flickr (Category: photos): Provides access to photo retrieval and upload on Flickr.
- summize (summize API is not directly listed but Summize is related to Twitter search - probably the Twitter Search API here corresponds to Summize)
- twitter (Category: social): Though this API is now deprecated, the referenced Twitter API corresponds to micro-blogging data retrieval.
- twitter-search (Category: search): The Twitter search API which provides searching tweets.

Among these:
- flickr (photos)
- twitter (social)
- twitter-search (search)

Since Summize's API is now part of Twitter's search API, using twitter-search API covers the Summize functionality.

Therefore, the recommended categories and APIs should be:

**Conclusion**:
- Recommend categories: ['photos', 'social', 'search']
- Recommend All matched APIs: ['flickr', 'twitter', 'twitter-search']
./output/gpt/zero_shot/responses.json
データが保存されました: ./output/gpt/zero_shot/responses.json (キー: second-thought-1)
------------------------------
評価中のサービス: bluehire
Iteration 1, Total call: 209
**Reasoning**:  
The requirement is for BlueHire to integrate an interactive voice response (IVR) system that facilitates online interactive audio interviews with job candidates. The system should be capable of capturing candidate responses during the interview and storing these responses for later review by prospective employers. To meet these needs:

1. **Interactive Voice Response and Telephony APIs**:  
   The core functionality requires telephony and voice interaction capabilities, including call handling, IVR, voice recording, message playback, and audio processing. Therefore, APIs in the **telephony** category specializing in IVR, voice calls, message management, and audio recording are highly relevant.

2. **Storage Backend**:  
   Captured candidate voice responses need to be stored securely for later retrieval and review by employers. Thus, **storage** APIs or backends that support audio file storage, retrieval, and management are also important.

3. **Messaging and Notifications (Optional)**:  
   If the system intends to provide notifications or messaging capabilities (e.g., reminders, alerts about completed interviews), messaging APIs may be relevant. However, since the primary focus is on capturing voice interactions and storing them, messaging is optional.

4. **Enterprise or Backend Platforms (Optional)**:  
   If heavier backend management is needed for user or session control, enterprise or backend platforms that provide user, file, or session management could be considered. This depends on the implementation approach.

**Selected APIs:**

- **Telephony APIs:**

  - **Twilio**: Provides cloud API for voice and SMS communications, advanced voice application development including IVR, recording, and call management.

  - **QuickBlox**: Offers chat, video calling, voice chat, presence, and notifications. Has native voice/video SDKs for mobile and web platforms.

  - **Plivo**: Telephony platform providing HTTP-based API for making and receiving calls, conferencing, and recording.

  - **KooKoo**: Interface for telephony applications providing call handling, IVR, SMS, and gathering user input.

  - **Tropo Scripting**: Cloud-based telephony API for voice, SMS, IVR applications; supports multiple countries.

  - **SpokenBuzz**: API to initiate phone calls and record short voice messages.

  - **Hoiio Voice**: Cloud communication platform offering voice call and IVR features.

  - **Plum Fuse**: Cloud-based programmable voice application editor supporting IVR, outbound calling, messaging, and call routing.

- **Storage APIs:**  
  To store recorded audio files and related data, popular cloud storage APIs can be used:

  - **Amazon S3**: REST-based object storage widely used for storing media files.

  - **Google Drive/Google Storage**: Cloud storage platforms supporting file storage and retrieval.

  - **Dropbox**: Cloud file storage and synchronization accessible via REST API.

  - **Rackspace Cloud Files**: Cloud file and media storage with CDN integration.

  - **MediaFire**: Cloud-based file storage and sharing service with REST API.

- **Optional Enhancements:**  
  - **Messaging APIs** like **Twilio SMS**, **Clockwork SMS**, or **PubNub** can provide notifications or alerts.

  - **Backend Platforms** like **CloudMine** or **QuickBlox** provide user and content management.

**Conclusion**:  
- Recommend categories:  
  ['telephony', 'storage']

- Recommend All matched APIs:  
  ['twilio', 'quickblox', 'plivo', 'kookoo', 'tropo-scripting', 'spokenbuzz', 'hoiio-voice', 'plum-fuse', 'amazon-s3', 'google-drive', 'dropbox', 'rackspace-cloud-files', 'mediafire']
./output/gpt/zero_shot/responses.json
データが保存されました: ./output/gpt/zero_shot/responses.json (キー: bluehire-1)
------------------------------
評価中のサービス: pengerio
Iteration 1, Total call: 210
**Reasoning**:  
The requirements specify that Penger.io aggregates and compares financial products (credit cards and loans) in the Norwegian market. The site pulls data from Finansportalen's API and presents aggregated comparison pages, individual product listings, and related business information about banks (legal name, contact phone, website, address).

Based on this:

1. The main domain is finance-related, focusing on loans and credit cards, so the **financial** category is primary.
2. The data source mentioned is Finansportalen, which is also listed and categorized under **feeds** because it provides data feeds of financial products for the Norwegian market.
3. The requirement includes business data for banks, which suggests the need for business information like legal name, contact details, addresses. This links to the **enterprise** or **business** category, but since banks are businesses and this is more about company contact info, but based on available APIs, no explicit business/enterprise API for banks is listed besides general business or enterprise APIs.
4. However, the requirement specifically references data pulled from Finansportalen's API—this API is already in the **feeds** category.
5. For business/legal contact info about the banks, if Finansportalen API includes these details (it is described as exposing financial products for the Norwegian market), then it's likely sufficient.
6. If additional business profile info is needed beyond Finansportalen, the **enterprise** or **business** category APIs could be considered, but no specific API about Norwegian banks/business info is found here.
7. Since the primary data source is Finansportalen (feeds category) plus financial products information, the main categories are **financial** and **feeds**.
8. The overall solution appears to depend on Finansportalen, so the API for that should be included.
9. If business info beyond Finansportalen is needed, possible options could be SAP Anywhere or tradegecko, but those are more for business management, not bank profile info. So likely not relevant.

**Conclusion**:  
- Recommend categories: ['financial', 'feeds']  
- Recommend All matched APIs: ['finansportalen']
./output/gpt/zero_shot/responses.json
データが保存されました: ./output/gpt/zero_shot/responses.json (キー: pengerio-1)
------------------------------
評価中のサービス: voicebuzz
Iteration 1, Total call: 211
**Reasoning**:  
The requirement is to update a Facebook status via a phone call that supports features including SMS integration and voice-to-text transcription. The key elements to consider are:

1. **Facebook status update**: This ties into the social media platform, specifically Facebook, thus pointing towards the "social" category, and APIs that allow posting or updating status messages on Facebook.

2. **Phone call integration (India)**: This means telephony features with voice capabilities, including voice calls, SMS, and possibly speech-to-text (voice transcription).

3. **SMS integration**: API support for sending and receiving SMS messages.

4. **Voice-to-text transcription**: This requires a speech recognition service or telephony API that supports voice transcription.

Given the above, a mashup would need to integrate:

- Facebook API for updating statuses (posting content).

- A telephony service API that can handle voice calls, capture voice, transcribe it into text (voice to text transcription), and interact with SMS for messaging.

Looking at the available APIs:

- **Facebook Graph API (facebook-graph)**: Allows read/write access to Facebook data including posting statuses.

- **Twilio (telephony)**: Provides hosted API for voice and SMS, with capacities for real-time phone calls, message sending, and likely supports speech recognition via integrations or custom implementations.

- **Other telephony APIs like Plivo, TelAPI, Tropo, Hoiio Voice, Voxeo**: Support telephony functionalities including calls and SMS. Among these, Twilio is the most well-known for extensive telephony features including programmable voice, SMS, and built-in speech recognition (twilio also supports speech recognition via its "Speech-to-Text" capabilities). 

- Regarding **voice to text transcription**: Twilio supports this as part of its Programmable Voice services (record and transcribe calls).

- Regional support for India: Twilio supports India as a covered country; the same applies to some others but Twilio is highly reliable and documented.

- SMS integration is supported by Twilio directly.

Thus, the best mashup would be using the Facebook API to post status updates, and Twilio API to receive voice calls, transcribe the voice input into text, and then use that text to update the Facebook status. Messaging and SMS functionalities are also covered with Twilio.

**No API specifically mentions explicit Facebook status updates via phone calls, but combining Facebook Graph API (for posting) and Twilio (for voice calls and transcription) is the logical solution.**

**Conclusion**:  
- Recommend categories: ['social', 'telephony']  
- Recommend All matched APIs: ['facebook-graph', 'twilio']
./output/gpt/zero_shot/responses.json
データが保存されました: ./output/gpt/zero_shot/responses.json (キー: voicebuzz-1)
------------------------------
評価中のサービス: textmob
Iteration 1, Total call: 212
**Reasoning**:  
Textmob is a service focused on creating SMS groups around trips or events. This implies a requirement for telephony or messaging APIs that can handle SMS messaging functionalities such as sending group messages, managing SMS recipients, and allowing users to join groups via SMS.

1. **Category selection:**  
   - **messaging**: Since Textmob revolves around sending SMS groups, messaging APIs that enable sending and managing SMS messages are crucial.  
   - **events**: The service relates to trips or events, so event-centric APIs could assist with event management aspects or integration with event data.  
   - **telephony**: Telephony APIs typically handle call and SMS related services. Since SMS is a telephony feature, telephony APIs are relevant.

2. **API selection:**  
   From the available messaging and telephony APIs that support SMS sending and group messaging:  
   - **twilio-sms**: Twilio SMS API allows sending and receiving SMS messages, tracking them, and modifying message history. Well-known, reliable, supports group and bulk SMS functionalities.  
   - **clockwork-sms**: Clockwork SMS API allows access to SMS gateway for sending messages in bulk.  
   - **clockwork-sms** is a good candidate alongside **twilio-sms** for sending SMS groups.  
   - **vonage-nexmo-sms**: Nexmo SMS API allows sending and receiving messages globally, suited for SMS integrations.  
   - **mogreet**: Offers SMS and MMS marketing service with SMS sending capabilities.  
   - **plsivo**: Telephony platform with call making and receiving plus SMS, but since it's focused also on voice, it might be an addition.  
   - **pubnub** or **pubnub-javascript-push**: While real-time messaging is supported, they focus more on WebSocket and push notifications rather than SMS.  
   - **sms**: General SMS API also mentioned, could be considered for core SMS services.  
   
3. Event related APIs are less about messaging and more about managing event data. If Textmob needs to also integrate event creation or details, **eventbrite** or **active** might be useful, but for SMS group sending they are secondary.

4. Hence, the top recommendation is for messaging and telephony category focusing on SMS APIs.

**Conclusion**:  
- Recommend categories: ['messaging', 'telephony', 'events']  
- Recommend All matched APIs: ['twilio-sms', 'clockwork-sms', 'vonage-nexmo-sms', 'mogreet', 'plivo', 'sms', 'eventbrite', 'active']
./output/gpt/zero_shot/responses.json
データが保存されました: ./output/gpt/zero_shot/responses.json (キー: textmob-1)
------------------------------
評価中のサービス: twitter-trends
Iteration 1, Total call: 213
**Reasoning**:  
The user requires a website that displays the most discussed topics on Twitter (trends) and supports searching by location via Google Maps. We need to identify APIs that provide:  
1. Access to Twitter trends data (most discussed topics)  
2. Geolocation services with mapping support (preferably Google Maps or a similar service)  

From the available categories and APIs:  

- For Twitter trends and discussion:  
  - The "social" category has relevant APIs.  
  - The "tagalus" API relates to Twitter hashtags, but focuses on hashtag definitions rather than trends.  
  - The "what-trend" API explicitly provides trending Twitter topics and the reasons why they are trending, along with access to latest tweets, photos and news stories related to the trend. This matches the user need perfectly.  
  - The "twitter-streaming" API allows real-time access to Twitter data including public statuses, but it is more general than just trends and may be more complex to use.  
  - The official "twitter" API is marked as no longer available; replaced by other APIs, so we will not include it.  
  - "awesm" provides social data analytics but focuses on traffic, conversions, and revenue, not directly on trends.  
  - "twitter-search" can be used for tweets and trends but likely superseded by newer APIs.  
  - "plancast" etc relate to events or social sharing, less relevant here.  
  - Therefore, the best match is "what-trend" API from the social category.  

- For mapping by location with Google Maps:  
  - The "mapping" category contains many APIs related to mapping services.  
  - "google-maps-places" is a direct Google Maps API to get place information using latitude/longitude coordinates.  
  - There is "bing-maps-search" as an alternative, but user specifically requested Google Maps.  
  - "google-maps" API is deprecated with references to multiple split Google APIs; we should select current functional ones.  
  - "google-maps-places" API fits the requirement to search by location on Google Maps.  
  - Also "google-maps-geocoding", "google-maps-geolocation" provide location and geocoding, but "places" API is best for searching place details by location.  
  - "google-maps" in general is deprecated, so avoid.  

Hence, for the mapping/location-side, recommend "google-maps-places" API.  

**Conclusion**:  
- Recommend categories: ['social', 'mapping']  
- Recommend All matched APIs: ['what-trend', 'google-maps-places']
./output/gpt/zero_shot/responses.json
データが保存されました: ./output/gpt/zero_shot/responses.json (キー: twitter-trends-1)
------------------------------
評価中のサービス: vthumbs
Iteration 1, Total call: 214
**Reasoning**:
To create a mashup of Flickr and YouTube that allows viewing images and videos of celebrities, we need to find APIs that provide rich photo and video content. Flickr is well-known for its extensive photo sharing community and the Flickr API supports photo retrieval and management. YouTube is the largest video sharing platform and its APIs facilitate access to videos, including search and retrieval functionality.

- For photos, the relevant category is **photos**. Available APIs include:
  - **flickr**: Retrieve and upload photos; supports various feeds (public photos, favorites, groups, etc.).
  - Potentially other photo APIs like **instagram-graph** or **photobucket** exist, but the requirement specifically mentions Flickr.

- For videos, the relevant category is **video**. Available APIs include:
  - **youtube**: Access and manipulate YouTube videos, search, upload, retrieve playlists and video metadata.
  - Other video APIs exist (e.g., dailymotion, brightcove, vimeo), but YouTube is specifically mentioned.

Combining these two APIs in a mashup would enable an application to display celebrity images via Flickr and celebrity videos via YouTube, satisfying the user’s requirements.

**Conclusion**:
- Recommend categories: ['photos', 'video']
- Recommend All matched APIs: ['flickr', 'youtube']
./output/gpt/zero_shot/responses.json
データが保存されました: ./output/gpt/zero_shot/responses.json (キー: vthumbs-1)
------------------------------
評価中のサービス: mymaps.dk
Iteration 1, Total call: 215
**Reasoning**:
- The requirement is to provide local information and maps specifically for the 7000 main cities and places in Denmark.
- The key focus here is local geographic information and mapping services for a specific country (Denmark).
- Available categories relevant to this include "mapping," "geography," and possibly "reference" (if there's geographic reference info).
- From the available APIs, we should look for those offering geographic or mapping data for Denmark or global coverage that includes Denmark.
- The "geonb" API is for Canadian province New Brunswick - not relevant.
- The "geograph" API covers England and Ireland - no mention of Denmark.
- The "geonames" API is a geographical database covering all countries with over 8 million place names, providing data such as weather, timezone, and postal codes, with RESTful protocol and multiple data formats. This can include Denmark.
- The "your-mapper" API aggregates local government data from cities across the nation (U.S.) and is not specific for Denmark.
- The "ckan" and country-specific CKAN APIs (like ckan-norway, ckan-ireland, etc.) are for government open data portals; there is no specific mention of a Denmark CKAN API here.
- The "openstreetmap" API and ecosystem are global and open; so it includes Denmark. It's a mapping category.
- The "mapquest-open-directions," "mapquest-geocoding," "mapquest" APIs provide global mapping and geocoding.
- The "google-maps-places" API provides general global location/place info.
- "bing-maps" and its sub APIs offer global mapping services; Denmark should be covered.
- The "yahoo-internet-location-platform" and "yahoo-geoplanet" provide global geographic location vocabularies.
- "telize," "ip2location," "smart-ip-geo-ip," and "ip-apicom-geolocation" provide IP-based geolocation but less relevant for city-level local info display.
- For cities and places in Denmark, global mapping APIs like OpenStreetMap (mapping), Google Maps Places (mapping), Bing Maps (mapping), MapQuest (mapping) are appropriate.
- CKAN (Comprehensive Knowledge Archive Network) is a global open data platform; while no explicit Denmark API is listed, it may have data for Denmark.
- The "geolames" reference geographic data globally with postal codes and timezone info, useful for local info about Denmark.
- No APIs focusing uniquely on Denmark’s cities specifically listed except possibly some CKAN for Norway or Ireland, but not Denmark.
- So the recommendation is mapping and reference categories, with APIs supporting global location data covering Denmark.

**Conclusion**:
- Recommend categories: ['mapping', 'reference']
- Recommend All matched APIs: [
    'openstreetmap',
    'geonames',
    'google-maps-places',
    'bing-maps',
    'mapquest',
    'mapquest-geocoding',
    'google-geocoding',
    'yahoo-internet-location-platform',
    'yahoo-geoplanet'
]
./output/gpt/zero_shot/responses.json
データが保存されました: ./output/gpt/zero_shot/responses.json (キー: mymaps.dk-1)
------------------------------
評価中のサービス: cheap-flights-to
Iteration 1, Total call: 216
**Reasoning**:
The user needs an API or APIs that allow them to find and compare prices on flights, airline tickets, and hotel deals. They also require access to vacation trip deals from big travel agencies, so the API should provide aggregated travel deals data, hotel and flight booking capabilities, or search functionalities covering thousands of travel providers.

- Relevant categories from the list are primarily within the **travel** domain, but also potentially include **booking** and **ecommerce** for hotel and flight bookings and deal aggregations.
- Within the travel category, APIs such as:
  - **skyscanner-live-pricing**: Provides live pricing info on flights, and includes hotel and car hire comparisons.
  - **amadeus**: Connects to a large range of travel data including flights, hotels, bookings, destination content, and more, covering thousands of travel providers.
  - **travel-iq**: Offers hotel and flight search plus booking functionality.
  - **easytobook**: Provides hotel search and booking services.
  - **tripit**: Allows access to travel and itinerary information, but less about deals or booking.
  - **sabre-0**: An extensive travel marketplace API that supports thousands of airlines, hotels, tours, etc.
  - **hotwire-travel-ticker-deals**: Provides access to travel deals across many suppliers including hotels.
  - **viator**: Specialist in tours and activities; might be complementary but not core for flights/hotel deals.
  - **bing-traffic** or **yahoo-traffic** are not relevant here.
  
- Booking category:
  - **bookingcom-content**: Focused on hotel listings, photos, facilities, allows bulk upload - great for hotel deals and availability.
  
- Ecommerce category:
  - APIs like **groupon**, **8coupons**, **retailmenotcom-community-ideas** provide coupon or deal data but more oriented to local deals than travel.
  
- Therefore, the best fit would be to recommend travel category APIs that provide flight and hotel data and booking capabilities, with the inclusion of Booking.com for hotel-specific deals.

**Conclusion**:
- Recommend categories: ['travel', 'booking']
- Recommend All matched APIs: ['skyscanner-live-pricing', 'amadeus', 'travel-iq', 'easytobook', 'sabre-0', 'bookingcom-content', 'hotwire-travel-ticker-deals']
./output/gpt/zero_shot/responses.json
データが保存されました: ./output/gpt/zero_shot/responses.json (キー: cheap-flights-to-1)
------------------------------
評価中のサービス: zipments
Iteration 1, Total call: 217
**Reasoning**:  
The requirement clearly mentions a community of couriers delivering items on demand, with integration to send and receive messages via SMS and telephony services. The keywords here are:

- Courier delivery services (implying the need for transportation or ride-share functionalities)
- Interactions with local merchants (possibly some ecommerce involvement or order management)
- Use of Twilio and Twilio SMS APIs (which fall under telephony and messaging categories)

Given this, the categories of interest would first include:

- telephony: for voice and SMS call management (directly including Twilio, Twilio SMS)  
- messaging: specifically for SMS message functionalities (Twilio SMS API)  
- transportation / ride-share: although explicitly ride-share services like Lyft are available, for a general courier delivery service the ride-share or transportation category might be suitable if they integrate with other transport APIs. Since the requirement only states Twilio, ride-share is less directly relevant but could be considered for expansion.  
- ecommerce (optional): since deliveries include items from local merchants, ecommerce APIs might be relevant for managing merchants and orders, but no specific ecommerce API usage was mentioned. So this is optional.

However, since the requirements specify the use of Twilio and Twilio SMS APIs for the messaging and telephony services, our focus is on these categories and APIs.

**Conclusion**:  
- Recommend categories: ['telephony', 'messaging']  
- Recommend matched APIs: ['twilio', 'twilio-sms']
./output/gpt/zero_shot/responses.json
データが保存されました: ./output/gpt/zero_shot/responses.json (キー: zipments-1)
------------------------------
評価中のサービス: ipaper-and-box.net
Iteration 1, Total call: 218
**Reasoning**:
The requirement specifies allowing Box.net users to preview documents stored in their Box accounts using iPaper by Scribd. This functionality involves integration between:
- Box.net’s document storage and management platform
- Scribd’s iPaper document viewing technology

For this use case, we need APIs that can handle:
1. Access to Box.net user accounts and document content for retrieving documents securely.
2. Access to Scribd’s iPaper API, which enables embedding and controlling document views of files (PDFs, etc.) in a web interface.

Thus, the categories involved are:
- **content** (for Box.net file/content management)
- **office** (for document viewing and handling, since Scribd iPaper API is under office category as it relates to document embedding and viewing)

From the given available APIs:
- The **Box** API under the content category allows access to Box content management platform. It supports secure content experiences and integration with user files.
- The **scribd-ipaper** API under the office category provides JavaScript API to control document display when embedded on webpages. It’s analogous to the Google Maps API in usage but for documents.

No other API closely matches the requirement to preview Box documents using iPaper by Scribd.

**Conclusion**:
- Recommend categories: ['content', 'office']
- Recommend All matched APIs: ['box', 'scribd-ipaper']
./output/gpt/zero_shot/responses.json
データが保存されました: ./output/gpt/zero_shot/responses.json (キー: ipaper-and-box.net-1)
------------------------------
評価中のサービス: blizzalert
Iteration 1, Total call: 219
**Reasoning**:
- The primary functionality involves alerting users about weather changes (specifically snow) at selected ski areas.
- This implies the need for weather data focused on snowfall or winter conditions.
- The delivery method is text message alerts, so messaging/sms APIs are required.
- Additionally, location-based data or mapping could be useful to define and monitor specific ski area locations.
- Hence, suitable categories include weather (to get weather info like snow alerts), messaging (to send text alerts), and mapping (to identify or work with ski area locations).
- From the listed APIs, for winter or snow weather data, we have several weather APIs, but AerisWeather specifically mentions weather advisories, forecasts, and storm reports, supports JSON and JSONP, which fits well for snow monitoring.
- Messaging APIs such as Twilio SMS, Clockwork SMS, Mogreet, Vonage Nexmo SMS, PostalMethods (for postal messages), and similar messaging APIs can be used for sending text alerts.
- For location/mapping, Bing Maps Search, Google Maps Places, and similar can be used if needed to manage or resolve ski area locations.
- Since the focus is snow alerts and text message alerts for ski areas, the best fit would be the AerisWeather API for weather and a messaging API (e.g., Twilio SMS) to send text messages.
- The service "Blizzalert" will monitor weather for selected ski areas (location data) and send SMS alerts (messaging).
- No other API specifically mentions snow or skiing, so general weather and messaging APIs are most relevant.

**Conclusion**:
- Recommend categories: ['weather', 'messaging', 'mapping']
- Recommend All matched APIs: ['aerisweather', 'twilio-sms', 'clockwork-sms', 'mogreet', 'vonage-nexmo-sms', 'bing-maps-search', 'google-maps-places']
./output/gpt/zero_shot/responses.json
データが保存されました: ./output/gpt/zero_shot/responses.json (キー: blizzalert-2)
------------------------------
評価中のサービス: zoob-tube
Iteration 1, Total call: 220
**Reasoning**:

ZoobTube is a mashup service that:
1. Fetches the artist and title of the most recent song played on Radio Paradise.
2. Uses these as keywords to search for photo and video content to display relevant multimedia related to the song.
   
To meet these requirements, the service needs:
- Access to audio/music metadata or at least a method to obtain recent song info (artist and title).
- Ability to search and retrieve photos related to those keywords.
- Ability to search and retrieve videos related to those keywords.

From the available categories and APIs:

1. Music-related API:
   - There is no direct Radio Paradise or music recognition API in the list.
   - However, since the requirement only states grabbing the artist and title of the most recent song played (not the technical source of that info), potentially the mashup could use an external feed or a service that provides such info, or simply assume this data is provided.
   - To search content related to artist and title, music APIs might be useful if accessing metadata, but here the key need is to search photo and video content by keywords derived from the song's artist/title.

2. Photo content:
   - Relevant category: photos
   - Suitable APIs:
     - flickr: The Flickr API allows photo search and retrieval based on keywords.
     - pixabay-free-images: License-free images.
     - 500px is no longer publicly available.
     - google-street-view-image and google-picasa are less relevant.
     - instagram-graph and instagram-real-time are photo-sharing but not keyword search focused.
   - The best fit for general photo search by keyword is Flickr API.

3. Video content:
   - Relevant category: video
   - Suitable APIs:
     - YouTube API (youtube): Provides capability to search videos by keywords including artist names and song titles.
     - dailymotion: Video platform with search capabilities.
     - brightcove: Video platform API.
     - vimeo: Video hosting platform with searchable API.
     - embedly: Offers embed codes for video and images from many sources.
     - ivi-video, etc. not listed here.
   - The best and most relevant for broad video search by keyword is YouTube Data API (youtube).

Therefore, for ZoobTube's purpose:
- Categories needed: music (to reflect that artist/title is related to music), photos (for image search), video (for video search).
- APIs to recommend: flickr (photos), youtube (video).

Since the main logic is grabbing the artist/title (which may be handled outside the scope of these APIs or by other means), the focus is on search capabilities for multimedia content.

**Conclusion**:

- Recommend categories: ['music', 'photos', 'video']
- Recommend All matched APIs: ['flickr', 'youtube']
./output/gpt/zero_shot/responses.json
データが保存されました: ./output/gpt/zero_shot/responses.json (キー: zoob-tube-1)
------------------------------
評価中のサービス: myflickrtool
Iteration 1, Total call: 221
**Reasoning**:
The user wants to develop a Flash application that uses Flickr and Yahoo Map APIs. To map the requirements to available categories and APIs, we analyze the following:

1. **Flickr API**:
   - Flickr is a photo sharing service.
   - Given the categories, the suitable category is **photos**.
   - The Flickr API is described as retrieving photos via multiple feeds and also uploading photos and video.
   - It supports REST, SOAP, XML-RPC protocols and responses in XML, JSON, etc.

2. **Yahoo Map API**:
   - The user mentions "Yahoo Map APIs," which implies the need to integrate mapping and geolocation functionality.
   - From the list, relevant mapping APIs related to Yahoo:
     - **yahoo-map-image**: provides map images generated by Yahoo Maps.
     - **yahoo-placemaker**: a geo-enrichment platform that can identify places within unstructured content.
     - **yahoo-geoplanet**: manages geo-permanent named places on Earth for geographic description and discovery.
     - **yahoo-local-search**: provides local business information with geographic relevancy.
     - **yahoo-internet-location-platform**: manages named places on Earth.
   - The closest direct mapping API for traditional mapping integration and display would be **yahoo-map-image**.
   - For geo-enrichment or location-based data extraction, **yahoo-placemaker** fits.
   - Since the user specifically says "Yahoo Map APIs" plural, all relevant Yahoo mapping related APIs should be considered.
   - The primary category for these is **mapping**.

3. **Flash Application**:
   - The user intends to build a Flash application, but the question focuses on recommending categories and APIs.
   - No specific Flash API is listed, so the recommendation is on the external APIs relevant for the Flickr and Yahoo Map integration.

**Conclusion**:
- Recommend categories: ['photos', 'mapping']
- Recommend All matched APIs: ['flickr', 'yahoo-map-image', 'yahoo-placemaker', 'yahoo-geoplanet', 'yahoo-local-search', 'yahoo-internet-location-platform']
./output/gpt/zero_shot/responses.json
データが保存されました: ./output/gpt/zero_shot/responses.json (キー: myflickrtool-1)
------------------------------
評価中のサービス: zip-mashup
Iteration 1, Total call: 222
**Reasoning**:

The requirement is to create a mashup service that, for a given US ZIP code, pulls realtime relevant data including jobs, social events/venues, and weather conditions, and maps them on Google MAP.

1. **Jobs Data**:  
   - The user requests Indeed for jobs data. The available APIs include:  
     - indeed (Category: jobs) - a job search engine API providing job listings based on keywords, location, etc. It returns JSON or XML.  
   - This matches the requirement for jobs.

2. **Social Events/Venues Data**:  
   - The user wants social events or venues related data and specified Yahoo in the requirement.  
   - From available APIs, Yahoo offers:  
     - yahoo-local-search (Category: search) - provides access to Yahoo Local with business info, comments, ratings, locations, and user reviews. This can be used to get venues and happenings in a location.  
     - eventbrite (Category: events) - API for creating users and events, as well as retrieving events; event listing relevant to social events can be covered.  
     - eventful (Category: events) - largest database of events including concerts, sports and political rallies; it also uses location data.  
   - Since the requirement explicitly says Yahoo, the Yahoo Local Search API is the closest fit. Because Eventbrite and Eventful are also very relevant to social events, they are optional. But priority is Yahoo local search.

3. **Weather Conditions**:  
   - Weather API needed for current weather conditions for the ZIP code.  
   - Available options:  
     - Several weather APIs exist: aerisweather, national-weather-service-ndfd, noaa-national-weather-service-nws-ndfd-soap, openweathermap (deprecated)  
     - The Yahoo APIs listed do not show a weather API, but the user requested Yahoo in general for data services.  
     - Choosing a reliable weather API with RESTful interface such as AerisWeather or National Weather Service APIs.  
   - Since AerisWeather is a comprehensive weather API with RESTful interface returning JSON and supports queries by location, it is recommended here.

4. **Mapping on Google Map**:  
   - The mashup requires locating these data points on Google Maps.  
   - For Google Maps, we find relevant API:  
     - google-maps-places (Category: mapping) - Returns information about places given coordinates or location strings. Can be used for geocoding and retrieving place-related info.  
     - google-maps-geocoding (Category: mapping) - To convert address/ZIP codes to lat/lng.  
     - google-maps (deprecated, replaced by multiple APIs)  
     - google-maps (composite) replaced by several APIs, so specifically google-maps-geocoding and google-maps-places are needed here.  
   - So for geocoding and mapping, google-maps-geocoding and google-maps-places are needed.

5. **Yahoo integration**:  
   - For Yahoo, yahoo-local-search is the best API to search for local businesses and venues by location (ZIP code).

6. **Conclusion on categories and APIs**:  
   - Categories: jobs, search (for Yahoo local search), weather, mapping  
   - APIs: indeed (jobs), yahoo-local-search (search/venues), aerisweather (weather), google-maps-geocoding and google-maps-places (mapping)

**Conclusion**:

- Recommend categories: ['jobs', 'search', 'weather', 'mapping']  
- Recommend All matched APIs: ['indeed', 'yahoo-local-search', 'aerisweather', 'google-maps-geocoding', 'google-maps-places']
./output/gpt/zero_shot/responses.json
データが保存されました: ./output/gpt/zero_shot/responses.json (キー: zip-mashup-1)
------------------------------
評価中のサービス: find-best-three
Iteration 1, Total call: 223
**Reasoning**:

The requirement is to create "Find Best Three," a buying suggestion and Amazon product comparison tool that selects the three best goods from different categories and compares them side by side. Additionally, the tool should gather video reviews, photos, and other information that help answer the question, "Who is the best?"

Key functional needs:
1. Access product data from multiple categories to select and compare the top 3 products.
2. Retrieve product information including specifications, pricing, and availability.
3. Access Amazon product data and comparison features, as Amazon is explicitly mentioned.
4. Aggregate and display video reviews and other media related to products to help users evaluate them.
5. Possibly include user reviews or ratings.
6. Ability to fetch photos/images of the products.

Considering these needs, the following categories are relevant:

- **ecommerce**: For product data, listings, prices, and integration with Amazon and other shopping platforms.
- **video**: To obtain video reviews for products that help the user understand the product quality and features.
- **photos**: To access images of the products for a richer comparison experience.
- **recommendations**: For programmatic access to ratings, reviews, or recommendations that help pick the best product.
- **search**: To find relevant products or content across various platforms.
- **media**: In case broader media content beyond video reviews is needed.

Among the extensive list of APIs, the following are strong matches:

1. **Amazon Product Advertising API** (ecommerce)
   - Provides extensive product data, search, product details, pricing, and affiliate links.
   - It is the best source for Amazon product information, which is explicitly required.
   
2. **YouTube Data API** or other video APIs (like Otnettv, Brightcove, or TrailerAddict)
   - While no direct YouTube API is listed among the available APIs, Brightcove, Otnettv, and others could provide video content.
   - Brightcove and Otnettv are video platform APIs providing access to video content which can be leveraged for video reviews.
   
3. **Flickr, 500px (although 500px is no longer publicly available), Pixabay-free-images, Imgur, Photobucket** (photos)
   - These provide access to product images/photos.
   - Pixabay-free-images is license free and easy to use.
   
4. **Yelp Fusion API or Qype or Tagalus** (recommendations or social)
   - Yelp Fusion provides business reviews and ratings data that could help in region-based product reviews or local business reviews.
   
5. **Rotten Tomatoes or Movie Database APIs**
   - Not relevant here unless the products are entertainment-based.
   
6. **Google Custom Search API or Bing Web Search API** (search)
   - To search across the web for relevant product reviews, media, and photos beyond Amazon.
   
7. **Shopify Admin or other ecommerce APIs**
   - Might be useful if product data from other vendors besides Amazon is needed.
   
Since the main focus is Amazon product comparison, the core API should be Amazon Product Advertising API. For video reviews, since YouTube API is not explicitly listed, Brightcove API can be used as an alternative video content source. For photos, Pixabay-free-images or Flickr API are good choices for free-to-use images or product photos. For product recommendations and detailed reviews, APIs with endorsement and review data such as Yelp Fusion or Qype are helpful. Additionally, search APIs can help discover relevant content about products beyond static product info.

**Conclusion**:  
- Recommend categories: ['ecommerce', 'video', 'photos', 'recommendations', 'search']  
- Recommend All matched APIs: [  
  'amazon-product-advertising',  // For Amazon product data and comparison  
  'brightcove',                  // For video content including reviews  
  'pixabay-free-images',         // For product images  
  'flickr',                     // Additional source of photos  
  'yelp-fusion',                 // For ratings and reviews/recommendations  
  'google-custom-search',        // To perform web searches for supplementary content  
  'bing',                       // For alternate web search results and product info  
  'shopify-admin'                // For product catalog from other eCommerce platforms if needed  
]
./output/gpt/zero_shot/responses.json
データが保存されました: ./output/gpt/zero_shot/responses.json (キー: find-best-three-1)
------------------------------
評価中のサービス: caption.me
Iteration 1, Total call: 224
**Reasoning**:

1. The main functionality is around an ongoing caption competition involving photos:
   - Selecting two photos from a group on Flickr every day: This requires photos-related API access and potentially social media or photo sharing platforms.
   - Flickr is mentioned explicitly as the photo source: So we should include a photos category and a Flickr API for access to photo feeds and image data on Flickr.

2. Receiving dozens of funny captions:
   - This involves text capabilities, potentially natural language processing or social features for captioning.
   - Caption competition implies a social or collaboration aspect: social APIs can help for user interaction, posting captions or managing content submissions.

3. Uses D3.js / node.js and Bing image search to show a collaborative mind map for brainstorming caption ideas:
   - D3.js and node.js are frameworks and tools for data visualization and server-side runtime, already implied as used.
   - Bing image search for searching images related to mind map nodes: Requires a search API, especially image search.
   - Mind map for brainstorming caption ideas is a kind of interactive visualization (D3), and uses image search — so we need Bing image search API to enable image queries.
   - Collaborative implies some communications or social features to gather or share ideas.

4. Given these needs, the relevant categories are:
   - photos: For Flickr API access
   - social: For managing user-generated captions and collaboration
   - search: For Bing image search API to search images for brainstorming
   - tools: possibly for using visualization or assisting with integration with D3/node.js, but since D3/node.js is framework-specific, not API-related, this may not require API recommendation.

5. Now check the available APIs for matches.

APIs of interest:

- flickr (Category: photos): "The Flickr API can be used to retrieve photos... The API supports many protocols including REST, SOAP, XML-RPC. Responses can be formatted in XML, XML-RPC, JSON and PHP."

- giphy is not mentioned, but for animated GIFs, but is not specified in requirements and so less relevant.

- bing image search: Available options from the provided list: "bing-maps-search" (mapping) allows parsing mapping related queries; but actual Bing Image Search API is not explicitly listed, but "microsoft-bing" (search) says "Bing API enables ... search for web content, images, stories and more." This would serve the image search requirement.

- twitter or social APIs: For captions and collaboration, suggested social APIs include "flickr" (for photos), "facebook-graph" (deprecated), "twitter-streaming" (social), "tagalus" (twitter hashtags), "buffer" (social management), but the core need is captioning on images, so social API for user interactions.

- The user specifically wants caption competition: managing captions from users. The "flickr" API can probably be used for photo retrieval, but it may not manage captions or interact with users. However, none of the other social APIs are directly related to photo captions.

If the captions are user-generated, maybe social APIs like "facebook", "twitter", or "plancast" can be relevant, but since the app is based on Flickr group photos and captioning, using the Flickr API plus a custom social system is plausible.

- Bing image search: "microsoft-bing" - category search: "search", description states it supports image search and more.

- For mind map visualization, D3.js is a JavaScript visualization library, no API needed.

**Conclusion**:

Recommend categories:

- ['photos', 'search', 'social']

Recommend matched APIs:

- ['flickr', 'microsoft-bing']

Explanation:

- Flickr API for accessing photos from the Flickr group.

- Microsoft Bing API for image search to support the mind map brainstorming via Bing image searches.

- Social category recommended to enable user-generated captions and collaborative features. While no specific social API for captioning is given, referencing the social category shows awareness of possible integration needs.

If the user wants only the explicit recommended APIs, then the above is sufficient.

# Answer

**Reasoning**:

1. **Photo Source and Management**:
   - The application requires selecting photos from a Flickr group daily.
   - Flickr provides a robust API under the **photos** category used to access and manage photos and related metadata.
   - Therefore, the **flickr** API is essential for retrieving photos for the caption competition.

2. **Caption Creation and Collaboration**:
   - The competition encourages users to submit **dozens of funny captions** for selected photos.
   - This involves user interaction, social features, and possibly real-time collaboration.
   - Although no specific "caption" API is listed, integrating social APIs can facilitate managing users, comments, and collaborative content.
   - Including **social** category APIs is strategic to support caption submissions, voting, social sharing, or collaboration.

3. **Mind Map with Image Search for Brainstorming**:
   - The application uses **D3.js/node.js** for creating interactive visualizations (mind map).
   - It incorporates **Bing image search** to find images for brainstorming caption ideas.
   - Bing’s traditional mapping APIs (like bing-maps-search) focus on geolocation rather than general image search.
   - However, there is **microsoft-bing** API categorized under **search** which “enables embedding a flexible and powerful search engine” and supports searching for “web content, images, stories and more.”
   - Thus, the **microsoft-bing** API aligns perfectly with the need for Bing image searching capabilities.

4. **Frameworks and Tools**:
   - D3.js and node.js are frameworks; no external API is specifically recommended to support these since they are client/server libraries.
   
5. **Summary of Categories and APIs**:
   - **Photos**: For accessing and selecting photos from Flickr.
   - **Search**: For Bing image search to assist brainstorming.
   - **Social**: To handle user submissions, captions, collaboration, and sharing features.

**Conclusion**:

- Recommend categories:  
  `['photos', 'search', 'social']`

- Recommend matched APIs:  
  `['flickr', 'microsoft-bing']`
./output/gpt/zero_shot/responses.json
データが保存されました: ./output/gpt/zero_shot/responses.json (キー: caption.me-1)
------------------------------
評価中のサービス: soundeer
Iteration 1, Total call: 225
**Reasoning**:  
The requirement is to create a new way to discover music artists and albums by reading Tumblr reviews and browsing recommendations.

- For discovering and reading Tumblr reviews: We need API access to Tumblr content such as blog posts, user information, and tags related to music artists and albums. The Tumblr API provides access to these functionalities.

- For browsing recommendations related to music artists and albums: We want APIs that offer music metadata, artist and album information, and music recommendations. Several music-related APIs match this need, including those that provide detailed music catalogs, artist info, albums, tracks, playlists, and recommendation engines.

- Specifically, APIs like Spotify Web API, MusiXmatch API (lyrics and metadata), Last.fm API (music data and recommendations), Bandsintown (live music events and artists), MusicBrainz (music metadata), Jamendo (music catalog), and Trakt (recommendations for TV shows and movies but can be useful if music videos or soundtracks are involved) can be relevant.

- Since the requirement focuses on Tumblr reviews, including music recommendations and discovery, the key categories are: social (for Tumblr), music (for music metadata and recommendations), and possibly search (to find music-related content).

**Conclusion**:  
- Recommend categories: ['social', 'music', 'search']  
- Recommend all matched APIs: ['tumblr', 'spotify-web', 'musixmatch', 'lastfm', 'bandsintown', 'musicbrainz', 'jamendo', 'trakt']

Note:  
- 'tumblr' API gives access to user-generated reviews, posts, and tags about music artists and albums.  
- 'spotify-web' API provides rich music metadata and recommendations.  
- 'musixmatch' API offers song lyrics and metadata to complement discovery.  
- 'lastfm' API provides music data, users, playlists, and events.  
- 'bandsintown' API helps discover live music events and artist info.  
- 'musicbrainz' API provides accurate and structured music metadata.  
- 'jamendo' is a music database with albums, artists, and playlists.  
- 'trakt' API offers recommendations and tracking for media, which may be extended to music contexts.

This combination covers both reading user-generated content from Tumblr and browsing rich music information and recommendations.
./output/gpt/zero_shot/responses.json
データが保存されました: ./output/gpt/zero_shot/responses.json (キー: soundeer-1)
------------------------------
評価中のサービス: docs-pound-docs
Iteration 1, Total call: 226
**Reasoning**:

1. The application involves sharing documents stored on Microsoft SkyDrive (now known mostly as OneDrive) over SMS. This suggests integration with a cloud storage service and file sharing capabilities.

2. The business sets up their SkyDrive account to select a public file to share. Therefore, the API for accessing Microsoft SkyDrive/OneDrive storage is necessary.

3. The sharing of links over SMS and callers texting a code to get the current shared doc link involves telephony and SMS messaging functionality.

4. The app is running on Windows Azure, which ties into the cloud backend platform context.

5. The user interacts via calling and texting a Twilio number, implying the need for Twilio APIs for telephony and SMS integration.

**From available APIs and categories:**

- For document storage and sharing from SkyDrive, there's "google-drive" listed but the user specifically wants Microsoft SkyDrive. Unfortunately, I don't see a direct Microsoft SkyDrive/OneDrive API in the list, but given the description includes Windows Azure and cloud storage, the closest matching category for cloud storage is "storage" and "cloud".

- The requirement to share docs over SMS is clearly a telephony and messaging function. There are multiple SMS/telephony APIs, but Twilio is explicitly named in the requirement.

- Twilio API (Category: telephony) exists: "Twilio provides a simple hosted API and markup language for businesses to quickly build scalable, reliable and advanced voice and SMS communications applications."

- The application runs on Windows Azure, implying potential use of platform-as-a-service or cloud APIs for hosting/backend, but it's not strictly necessary unless the API needs to manage the deployment or server-side functions.

- For accessing and sharing files on Microsoft SkyDrive, since it's not explicitly listed, "google-drive" (Category: storage) API is present but strictly Google Drive is not the required service. None other is offered in the list for OneDrive/SkyDrive specifically.

- Maybe "google-app-engine" or "google-cloud" APIs? But the app is hosted on Windows Azure, so not Google Cloud.

- There is "google-drive" API for storage and file access, which could be analogous.

- The question mentions messages getting sent that include links to the file selected on SkyDrive.

- Since the app runs on Azure and relies on Twilio for SMS/phone interactions, recommend the "twilio" API for communication integration.

- For managing the docs on SkyDrive (public files), the closest available APIs related to storage or cloud files might be "google-drive" (storage), but since it's a Microsoft product (SkyDrive), that API may not fit well.

- For generic file-sharing, the user can integrate with cloud storage APIs as a back-end, so "google-drive" or a cloud storage API could be considered.

- Since the question focus is on "sharing docs from Microsoft SkyDrive over SMS via Twilio", recommend the "twilio" API for telephony and messaging.

- Also, "google-drive" API category can be recommended since there's no explicit SkyDrive API in the list.

- Windows Azure is a hosting platform; there is no explicit Windows Azure API listed, so it may not be part of the immediate API recommendation.

**Conclusion**:

- Recommend categories: ['storage', 'telephony']

- Recommend All matched APIs: ['google-drive', 'twilio']
./output/gpt/zero_shot/responses.json
データが保存されました: ./output/gpt/zero_shot/responses.json (キー: docs-pound-docs-1)
------------------------------
評価中のサービス: savemyinbox
Iteration 1, Total call: 227
**Reasoning**:
The requirement is to have a tool that automatically saves Gmail attachments to Dropbox, effectively organizing and archiving Gmail attachments with the capability to access them offline.

1. To access Gmail attachments, the tool needs to integrate with Gmail APIs to retrieve email content and download attachments:
   - The Gmail API is designed to allow developers to access and manage Gmail mailboxes, including attachments.
   - Context.IO and other email APIs could also be relevant but Gmail API is the direct and most comprehensive choice.

2. For saving and storing files offline and organizing them in the cloud, integration with a cloud storage service like Dropbox is essential:
   - Dropbox API offers read/write access to a user’s files and folders, allowing saving of attachments into the user's account.

3. Combining Gmail API and Dropbox API will provide the necessary functionality to automate fetching attachments from Gmail and saving them to Dropbox, enabling offline access and organized archiving.

No other category or APIs are specifically needed because the core of the requirement revolves around email access and cloud storage.

**Conclusion**:
- Recommend categories: ['email', 'storage']
- Recommend All matched APIs: ['gmail', 'dropbox']
./output/gpt/zero_shot/responses.json
データが保存されました: ./output/gpt/zero_shot/responses.json (キー: savemyinbox-1)
------------------------------
評価中のサービス: allofcraigs
Iteration 1, Total call: 228
**Reasoning**:

The user's requirement is for an advanced search engine that aggregates listings from Craigslist, Backpage, and Kijiji. It should support real-time Twitter streaming, allow searching across all of Craigslist, Backpage, and Kijiji, and enable narrowing results by region and refining by category.

Breaking down the requirement:

1. Advanced Craigslist search engine:
   - Needs to search listings broadly and with specifics on Craigslist.
   - Since Craigslist, Backpage, and Kijiji are similar classified ad platforms, an API that can cover those or at least one of them well is preferred.
   - Unfortunately, there is no direct API mentioned in the Available APIs for Craigslist, Backpage, or Kijiji.
   - However, there are some ecommerce APIs related to classifieds and local deals, such as Oodle, 8coupons, and dealsurf, but they don't explicitly mention Craigslist, Backpage, or Kijiji.
   - Oodle makes it easy to use online classifieds by aggregating listings from many sources, so it might cover some sites including Craigslist, Backpage, or Kijiji. So Oodle API is a strong candidate for classifieds search.
   - 8coupons focuses on coupons and local deals, so less relevant.
   - Retailmenotcom-community-ideas also deals with coupons, less relevant here.
   - DealSurf is a daily deal aggregator; mainly deals, less relevant.
   - 8coupons is coupons again.
   - Yipit is closed.

2. Real-time Twitter stream:
   - The user wants a real-time Twitter stream.
   - Twitter's Streaming API provides real-time access to tweets confirming access.
   - Available API is twitter-streaming which allows near real-time access to subsets of public and protected Twitter data.
   - However, the "twitter" API profile is deprecated and split but twitter-streaming is listed separately and is a good fit.

3. Search all Craigslist, Backpage, and Kijiji:
   - No direct API reference to Backpage or Kijiji is found.
   - Craigslist is not listed with any official API here.
   - Possibly one can consider other classified aggregators like Oodle which may include these sites.

4. Narrow by region and refine by category:
   - For region narrowing and category refinement, mapping or geolocation APIs might be useful.
   - Mapping is relevant to providing location-based searches.
   - The 'ip2location' API could be used for geolocation of IP addresses.
   - 'yelp-fusion' or similar business search APIs are not perfect fits but could inspire approach.
   - Oodle and other classifieds APIs likely support category and region refinements.

No other direct APIs provide this multi-classified-ads search.

Hence, the best fit from the given is:

- For classified ads search including Craigslist, Backpage, Kijiji: Oodle API (ecommerce category) - since it helps discover online classifieds and listings including multiple sources.
  
- For real-time Twitter streaming: twitter-streaming API (social category)

Optional supplementary categories could include mapping to assist region narrowing, but not required by user explicitly.

**Conclusion**:

- Recommend categories: ['ecommerce', 'social']

- Recommend all matched APIs: ['oodle', 'twitter-streaming']
./output/gpt/zero_shot/responses.json
データが保存されました: ./output/gpt/zero_shot/responses.json (キー: allofcraigs-1)
------------------------------
評価中のサービス: twil-tweet
Iteration 1, Total call: 229
**Reasoning**:  
The given mashup requirement is to create a service "Twil-a-Tweet," which allows users to listen to their friends' tweets on their cell phones, with an 80's robot-style voice. This involves a combination of social media access (to get tweets), telephony (to interact with cell phones and play audio), and voice synthesis or voice-related services (for the robotic voice effect).

1. **Social Category**:  
   We need an API to access Twitter data (tweets from friends). Although the original Twitter API is deprecated (split into multiple), the requirement is about getting Twitter data. Among available APIs, the closest match is a "Twitter Streaming" API that allows access to public Twitter statuses, though this may be replaced by newer ones. Also, social APIs for managing Twitter data or for other social services might be helpful to retrieve tweets.

2. **Telephony Category**:  
   To enable the service to play the tweets over cell phones, telephony APIs that allow outbound calls or voice synthesis would be suitable. Twilio (telephony) API is a major player for such applications. Twilio APIs allow making calls, sending SMS, and can handle playback of audio or text-to-speech during calls. Other telephony APIs like Plivo, SpokenBuzz, Tropo Scripting, TelAPI, or KooKoo might also be relevant for voice calls.

3. **Tools or Voice Synthesis (TTS)**:  
   Although no explicit Text-to-Speech API is listed, some telephony platforms like Twilio support TTS natively (playing synthesized speech over calls). For an 80's robotic effect, the service may require sound processing or playing pre-recorded audio effects, but an approximate solution is to use TTS from telephony providers.

Given this, the best approach is to:  
- Use the Twitter Streaming API (within social) to retrieve friends' tweets.  
- Use the Twilio telephony API to call the user's cell phone and read out the tweets (using Twilio's text-to-speech features, possibly enhanced by audio filters).  
- Optionally, use any text processing or TTS enhancement API if available, but none is listed specifically for robotic voice effect.

**Conclusion**:  
- Recommend categories: ['social', 'telephony']  
- Recommend APIs: ['twitter-streaming', 'twilio']
./output/gpt/zero_shot/responses.json
データが保存されました: ./output/gpt/zero_shot/responses.json (キー: twil-tweet-1)
------------------------------
評価中のサービス: frtr
Iteration 1, Total call: 230
**Reasoning**:  
The requirement describes "Frtr (pronounced fritter)" as a service that allows users to record a video with their webcam and then tweet that video. This involves two main functionalities:

1. Video recording with a webcam: This indicates the need for integration with video capture and uploading capabilities, possibly via some JavaScript or web-based video recording API.

2. Tweeting the recorded video: This requires integration with the Twitter platform for uploading media and posting tweets.

Given these two core functionalities, the following categories and APIs are relevant:

- Category "video" for video recording, uploading, and management.
- Category "social" for tweeting or interacting with the Twitter social network.
- Category "photos" can also be relevant, though the requirement is video specifically, photos category may support media assets APIs.

Looking through the available APIs:

1. **Framey (Category: video)**:  
   - Described as a JavaScript application that lets users record video on any website via embedding a webcam recorder. Supports embedding recorder and notifications on new videos through JSON responses. This fits well as it provides a webcam video recording and integration capability.

2. **twitter (Category: social)**:  
   - Though the API is deprecated and split into multiple sub-APIs, it historically allowed access to tweeting and uploading media, which is necessary for the tweeting functionality after recording. The Twitter Streaming and REST API are relevant to post tweets with video content.

3. **twitpic (Category: photos)**:  
   - Allows uploading and posting images to Twitter accounts. However, the description is mainly about images, not video. Since the requirement is video, Twitpic may not fully support video.

4. Other potential APIs: The Twitter Streaming API was mentioned, but it's primarily for streaming tweets rather than posting media. The newer APIs (not mentioned explicitly here) would be better, but from the given list, the main Twitter API is the closest.

There is no explicit API here labeled as "Frtr" or "Fritter." However, since the user wants to build or utilize an app that records video from webcam and tweets the video, combining Framey for video recording and Twitter API for tweeting fits perfectly.

**Conclusion**:  
- Recommend categories: ['video', 'social']  
- Recommend All matched APIs: ['framey', 'twitter']
./output/gpt/zero_shot/responses.json
データが保存されました: ./output/gpt/zero_shot/responses.json (キー: frtr-1)
------------------------------
評価中のサービス: watch2gether.com
Iteration 1, Total call: 231
**Reasoning**:
Watch2Gether is a platform that allows groups of users to watch videos simultaneously with synchronization features. Additional functionalities include built-in chat rooms, webcam, and audio chat features. The media sources supported are YouTube, Vimeo, Dailymotion, and SoundCloud. Based on these requirements, the mashup service needs APIs in several categories:

1. **Video** - For handling video content from platforms such as YouTube, Vimeo, and Dailymotion.
   - YouTube API for video searching, uploading, and metadata.
   - Vimeo API for video uploading, playing, and metadata.
   - Dailymotion API for video uploading, sharing, playing and metadata.

2. **Music** - SoundCloud is a music platform, so integration with music APIs is essential.
   - SoundCloud API to access music tracks and user data.

3. **Chat** - To facilitate built-in chatrooms for real-time user communication.
   - Chat APIs like QuickBlox or mesibo for chat, video, and audio communications.
   - Campfire or HipChat are other chat services but QuickBlox and mesibo specifically mention chat, video, and voice chat.

4. **Telephony / Voice** - For voice chat and audio communication features.
   - Telephony APIs like Twilio or QuickBlox, mesibo, or similar platforms that support voice chat and audio features.
   - Twilio is a very common cloud communication API supporting voice, messaging, and video.

5. **Social** - Although not explicitly stated, social platforms can help with user management, profiles, and social interactions. But the primary focus is on video, chat, and audio.

Based on the above reasoning, these categories and APIs best match the features Watch2Gether requires: video streaming and syncing, chat/messaging, voice/audio chat, and access to the listed media sources.

**Conclusion**:
- Recommend categories: ['video', 'music', 'chat', 'telephony']
- Recommend All matched APIs: [
  'youtube',
  'vimeo',
  'dailymotion',
  'soundcloud',
  'quickblox',
  'mesibo-server-side',
  'mesibo-client-side',
  'twilio'
]
./output/gpt/zero_shot/responses.json
データが保存されました: ./output/gpt/zero_shot/responses.json (キー: watch2gether.com-1)
------------------------------
評価中のサービス: kukunu
Iteration 1, Total call: 232
**Reasoning**:  
The Kukunu service is a comprehensive travel planning experience that allows users to collaborate on itineraries, adding transports, hotels, restaurants, activities, and sights across multiple cities. To support such a mashup, the APIs needed must cover:

1. **Travel and Itineraries**: APIs that facilitate searching and booking travel components like flights, hotels, and activities; also supporting itinerary organization.  
2. **Mapping and Location**: To visualize itineraries, locations of hotels, restaurants, sights, and transports on maps.  
3. **Ecommerce/Booking**: To support hotel bookings and possibly activity reservations.  
4. **Social/Collaboration**: To support the collaborative aspect, visitor sharing, or social interactions around itineraries.  
5. **Events and Activities**: For adding activities, sights, or events to the travel plan.

From the available categories and APIs, suitable categories to integrate are:  
- **travel**: Related to flights, hotel booking, transport, and trip planning services.  
- **mapping**: For maps, locations, and geospatial data to display itineraries.  
- **events**: To add local activities or events to the travel plan.  
- **ecommerce** or **booking**: For hotel or activity booking capabilities.  
- **social**: To enable collaboration, sharing, or social integration on itineraries.

Now, let's match relevant APIs:

**Travel category APIs:**  
- **skyscanner-live-pricing** (flight search and pricing)  
- **easytobook** (hotel bookings in many cities, SOAP API)  
- **travel-iq** (hotel booking, flight search, location data in German)  
- **sabres** (comprehensive travel marketplace)  
- **amadeus** (travel data, booking, destinations)  
- **tripit** (travel itinerary management integration)  
- **bing-traffic** and **yahoo-traffic** (transport traffic info)  
- **viamichelin** (maps, routes, booking search)

**Mapping category APIs:**  
- **bing-maps-search** (mapping and place search)  
- **google-maps-places** (place info, geolocation)  
- **mapquest**, **mapquest-geocoding**, **mapquest-open-directions** (maps, directions, geocoding)  
- **openlayers**, **openstreetmap**, **mapbox** (open-source mapping tools)  
- **yahoo-placemaker**, **geolocerca**, **quova**, **ip2location** (geolocation and IP address)  
- **bing-maps-routes** (routing and traffic info)  
- **microsoft-bing-maps** (maps plus traffic info)  

**Booking category APIs:**  
- **bookingcom-content** (hotel listings, photos, booking info)  
- **easytobook** (hotel booking)  
- **sabres** (full travel biz including hotel and flight booking)  

**Events category APIs:**  
- **eventbrite** (events creation and data)  
- **eventful** (large event database)  
- **active** (sports and other events)  

**Social category APIs:**  
- **plancast** (sharing events/activities)  
- **facebook-graph**, **linkedin**, **twitter-streaming**, **buffer**, **meetup** (general social APIs that could be useful for collaboration)  
- **nationbuilder**, **tagalus** (social tagging and collaborative tools)

Given Kukunu emphasizes itinerary creation, transport, hotels, restaurants, activities, and sights, the strongest APIs to directly support these would be:  
- For transport/flight search/pricing: **skyscanner-live-pricing**, **amadeus**, **sabres**  
- For hotel booking: **easytobook**, **bookingcom-content**, **travel-iq**  
- For local events and activities: **eventbrite**, **eventful**  
- For mapping and places integration: **bing-maps-search**, **google-maps-places**, **mapquest**, **openstreetmap**  
- For social and collaboration: **plancast**, **facebook-graph** (or other social APIs)

**Conclusion**:  
- Recommend categories: ['travel', 'mapping', 'booking', 'events', 'social']  
- Recommend All matched APIs: ['skyscanner-live-pricing', 'easytobook', 'travel-iq', 'amadeus', 'sabres-0', 'tripit', 'bookingcom-content', 'bing-maps-search', 'google-maps-places', 'mapquest', 'openlayers', 'openstreetmap', 'eventbrite', 'eventful', 'active', 'plancast', 'facebook-graph']
./output/gpt/zero_shot/responses.json
データが保存されました: ./output/gpt/zero_shot/responses.json (キー: kukunu-1)
------------------------------
評価中のサービス: us-virtual-neighborhood
Iteration 1, Total call: 233
**Reasoning**:

The requirement is to view local businesses and shops around a neighborhood based on location input such as zipcode, city, or state in the US. This requires access to local business listings data with capabilities such as searching by geographic attributes and returning information about businesses such as name, address, category, ratings, etc.

- The **category** that fits best for this requirement is **ecommerce** or **recommendations**, but more specifically, a category that provides local business search and data access. The category **ecommerce** could fit since many APIs for local shops or merchant listings fall there. However, there are specialized ecommerce and local business API providers.

- Based on the available APIs, some key APIs that seem well-tailored for local business and merchant search based on location are:

  1. **CityGrid (Category: ecommerce)**: It provides premium local content including user reviews, editorial content, and merchant messages across neighborhoods nationwide. It exposes Places API with search and detail of local businesses, Offers API for coupons and deals based on geo-location, and Reviews API. This suits the need for local shops and business listings lookups by location.

  2. **Yelp Fusion (Category: recommendations)**: Yelp is renowned for local business search and reviews. Their Fusion APIs enable searching businesses by geographic location and returning detailed business info, reviews, ratings, and photos. This is an excellent fit for local business search by zipcode, city, or state in the US.

  3. **Sensis Business Search (Category: reference)**: This API provides business listings from Yellow Pages and White Pages Australia, so not US based, so less relevant.

  4. **Google Places API (not explicitly listed but Google Maps Places is present in mapping category)**: Google Maps Places API provides place search, details, photos, and autocomplete by geographic coordinates. Though categorized under mapping, the Google Places API is a good match.

  5. **Yahoo Local Search (Category: search)**: Provides comprehensive database of local business info, user comments, and ratings searchable by location. Returns business address, phone, category, distance, ratings, and reviews. It fits the need very well for US locations.

Given the available APIs explicitly in the data:

- **CityGrid** fits well as it specializes in local business data and is well-documented for search by location.

- **Yelp Fusion** is strongly recommended for US-based local business searches with detailed information.

- **Yahoo Local Search** is also a good candidate providing business info and user reviews by location.

- **Shopzilla, Shopzilla's API**, and others like **Shopify-admin** are more focused on e-commerce and product catalogs, not specifically local business search by location.

Therefore, the recommended categories for this use case are a mix of **ecommerce**, **recommendations** (since Yelp is in recommendations), and **search** (for Yahoo Local Search). Optional is **mapping** if the app needs integrated maps with business info.

**Conclusion**:

- Recommend categories: ['ecommerce', 'recommendations', 'search']

- Recommend All matched APIs: ['CityGrid', 'Yelp Fusion', 'Yahoo Local Search']
./output/gpt/zero_shot/responses.json
データが保存されました: ./output/gpt/zero_shot/responses.json (キー: us-virtual-neighborhood-1)
------------------------------
評価中のサービス: awayfind
Iteration 1, Total call: 234
**Reasoning**:  
The requirement describes AwayFind as a web application focused on identifying and notifying users of important or urgent emails, including notifications via calls, SMS, IM, Twitter DM, or delegation to another person. This indicates the need for APIs that can handle email access and management, messaging and communication for notifications, and possibly some telephony services for calls. Specifically:

- **Email category**: To access, search, and identify important emails. APIs that provide email reading, filtering, processing and sending capabilities are essential. AwayFind likely needs APIs that allow programmatic access to email inboxes to find urgent messages and manage email content.

- **Messaging category**: To send notifications through SMS, IM, or push notifications when urgent messages arrive. The solution requires sending real-time notifications via different messaging channels.

- **Telephony category**: To notify users via phone calls. Telephony APIs can provide calling functionalities or Voice calls triggered upon urgent email detection.

Hence, the solution requires tight integration with email services (email APIs), messaging platforms (messaging APIs), and telephony services (telephony APIs).

**Matching Available Categories**:  
- **email**: For access to email content, metadata, and sending capabilities.  
- **messaging**: For SMS, IM, DM notifications, and push or bulk messaging.  
- **telephony**: For call notifications and interactive voice capabilities.

**Matching APIs from the Available List**:

- From **email** category:  
  - **gmail**: Access to Gmail mailboxes, send emails, track transactional emails. OAuth 2.0 is supported.  
  - **mailjet**: Create and send emails, transactional emails, email analytics.  
  - **mandrill**: Email sending service with API access and management.  
  - **yahoo-mail**: Full-featured Yahoo Mail interface with OAuth.  
  - **sendgrid**: Cloud-based email, email tracking and analytics, sending emails with API.  
  - **mailchimp**: For managing subscribers and campaigns, but less direct email content access.  
  - **contextio**: Turns mailboxes into data sources, can find and leverage mailbox data. Useful for parsing email content.  
  - **rapleaf**: Provides consumer data via email address, more personalization than email search.  
  - **gmail-oauth**: Provides OAuth support for Gmail.  
  - **mailgun**: Powerful RESTful email API, sending and receiving email.

- From **messaging** category:  
  - **twilio-sms**: Send and receive SMS messages, track sent messages, modify history. Suitable for SMS alerts.  
  - **clockwork-sms**: SMS gateway allowing applications to send bulk messages.  
  - **mogreet**: SMS/MMS marketing service supporting media-rich messages.  
  - **pushover-message**: Real-time notifications pushed to iOS and Android devices.  
  - **postalmethods**: For sending real postal mail; less relevant for instant notification.  
  - **postalmethods**, **postalmethods**, and others focus on postal or email but less on real-time SMS or IM.  
  - **vonage-nexmo-sms**: SMS integration for sending and receiving messages.  
  - **slack-incoming-webhooks**: For sending messages to Slack, could be used for IM notifications.  
  - **pubnub**: Real-time messaging platform supporting push notifications.  
  - **slack-real-time-messaging**: Real time messaging API for Slack.  
  - **business-alerts**: Desktop alerts plus mobile and inbox delivery; fits alerting functionality.  
  - **notifo**: Real-time push notifications for multiple sources.  
  - **sms**: Bulk SMS sending with SMPP.  
  - **hoiio-sms** and **hoiio-voice**: SMS and voice call services.  
  - **amazon-sns**: Cloud-based notification service supporting multiple protocols including SMS, email, and push.  
  - **amazonses**: Primarily email, but could be part of notifications flow.

- From **telephony** category:  
  - **twilio**: Voice and SMS communication API; supports programmable calls and SMS.  
  - **opencnam**: Caller ID lookups (may be less relevant for notification).  
  - **tropo-scripting**: Telephony app built on web technologies; enables calls and SMS.  
  - **plivo**: Telephony platform with call and conferencing capabilities.  
  - **telapi**: Telephony features including calls and SMS.  
  - **kookoo**: Provides telephony applications such as calls, IVR, and SMS.  
  - **voxeo**: SIP voice platform for voice calls.  
  - **spokenbuzz**: Voice portal API to initiate calls and record messages.  
  - **myvox**: Voice enabling any application.  
  - **plum-fuse**: Visual voice application and programmable platform for customer phone interaction.  
  - **handset-detection**: Device identification (less relevant for call notifications).

These telephony APIs enable call notifications required by AwayFind.

**Conclusion**:  
**Recommend categories**:  
['email', 'messaging', 'telephony']

**Recommend All matched APIs**:  
['gmail', 'mailjet', 'mandrill', 'yahoo-mail', 'sendgrid', 'contextio', 'mailgun', 'twilio', 'twilio-sms', 'clockwork-sms', 'mogreet', 'pushover-message', 'vonage-nexmo-sms', 'slack-incoming-webhooks', 'pubnub', 'slack-real-time-messaging', 'business-alerts', 'notifo', 'sms', 'hoiio-sms', 'hoiio-voice', 'amazon-sns', 'tropo-scripting', 'plivo', 'telapi', 'kookoo', 'voxeo', 'spokenbuzz', 'myvox', 'plum-fuse']
./output/gpt/zero_shot/responses.json
データが保存されました: ./output/gpt/zero_shot/responses.json (キー: awayfind-1)
------------------------------
評価中のサービス: music-artist-cloud-1
Iteration 1, Total call: 235
**Reasoning**:
The requirement is for a mashup service that helps users discover music they like by using a tag cloud of similar artists, including video clips, and it should be powered by Google Java App Engine.

Breaking down the requirement:
1. **Discover Music**: This implies APIs that provide music metadata, artist data, song or album info, event or concert data, or music recommendations.
2. **Tag Cloud of Similar Artists**: This suggests the need for music-related data that can establish relations between artists, possibly including features like tags, genres, or similarity data.
3. **Including Videoclips**: Requires an API that supports access to music videos or video media.
4. **Powered by Google Java App Engine**: This is a cloud application platform—while it’s not a direct API, the solution should be easily integrated or hosted on Google App Engine (many RESTful APIs can be integrated here).

I will look for APIs that provide:
- Music data with artist info and relationships/tags
- Video data with music video content or general video APIs supporting music content
- APIs that are RESTful and compatible with Java environment (most REST APIs are)

From the available APIs, relevant music-related APIs include:
- **Spotify Web API**: Provides artist, album, track data; supports relationships and recommendations; returns JSON format easily integrable.
- **YouTube (video)**: Provides ability to search and retrieve videos, potentially including music videos.
- **Last.fm**: Provides music metadata, including artists, albums, tags, and user data.
- **Jamendo**: Access to music content and playlists.
- **Musikki Music API**: Curated music content and metadata including artists and songs.
- **SoundCloud**: Audio sharing and streaming.
- **Bandcamp**: Music marketplace with artist and song data.
- **YouTube** is a strong fit for getting videoclip content since it’s widely used for music videos.
- **Spotify Web API** and **Last.fm** both provide strong support for artist similarity and tags for discoverability.

Additionally, since the requirement specifies using Google Java App Engine as the platform, the RESTful APIs that return JSON are suitable, and all the above options use JSON.

**Conclusion**:
- Recommend categories: ['music', 'video']
- Recommend All matched APIs: ['spotify-web', 'youtube', 'lastfm', 'jamendo', 'musikki-music', 'bandcamp', 'soundcloud']
./output/gpt/zero_shot/responses.json
データが保存されました: ./output/gpt/zero_shot/responses.json (キー: music-artist-cloud-1-1)
------------------------------
評価中のサービス: guido
Iteration 1, Total call: 236
**Reasoning**:
The requirement is for an example site that mashes up "click to call" functionality using Twilio and invoicing using FreshBooks. The purpose is to simplify tracking unpaid invoices and communications with clients regarding those bills.

Breaking down the needs:
- Click to call functionality: This is a telephony function that allows initiating calls programmatically. The most suitable API for this feature is Twilio in the telephony category, as it provides voice and SMS communication APIs that can integrate click-to-call functionality.
- Invoicing and tracking unpaid invoices: This falls under the financial/accounting category. FreshBooks API is well-known for invoicing, client management, and accounting. It can manage invoices and payment status.
- Communications around unpaid invoices: Beyond click-to-call, possibly also SMS/email reminders, but the primary example states Twilio and FreshBooks.
  
Therefore, the primary categories are:
- telephony (for Twilio)
- financial (for FreshBooks)

The correlated APIs matching these categories are:
- twilio (telephony) - for click to call and messaging
- freshbooks (financial) - for invoicing and financial management

No other APIs are explicitly required per the example scenario.

**Conclusion**:
- Recommend categories: ['telephony', 'financial']
- Recommend All matched APIs: ['twilio', 'freshbooks']
./output/gpt/zero_shot/responses.json
データが保存されました: ./output/gpt/zero_shot/responses.json (キー: guido-1)
------------------------------
評価中のサービス: google-earth-book-tour
Iteration 1, Total call: 237
**Reasoning**:
The requirement is for a Google Earth mashup that shows book tours happening around the world. To fulfill this, multiple types of data and services are needed:
- A mapping platform that can use Google Earth or mapping data with global coverage.
- Event data related to book tours, which implies events with locations and dates.
- Book or literary content data to showcase or highlight relevant book tours.
- Possibly integration with video or media services if one wants to enrich the tour experience, but the main focus is mapping and event data.

Breaking down the needs against available categories and APIs:

1. **Mapping category:**
   - Since the requirement specifically mentions a "Google Earth mashup," we want an API that works well with Google Earth or provides mapping data with geographical coordinates.
   - Available APIs in mapping: google-earth, google-maps-places, google-geocoding, google-maps-geolocation, google-maps-elevation, google-directions, and other mapping APIs (Bing Maps, MapQuest, OpenLayers, etc.).
   - The "google-earth" API is explicitly a Google Earth Engine API that allows running georeferenced imagery and vectors on Google's infrastructure, which fits best for a Google Earth mashup.

2. **Events category:**
   - To show book tours, events data with location and date/time is essential.
   - Available event APIs include: eventbrite, Brown Paper Tickets, eventful, active.com, bandsintown, jamendo (music), etc.
   - Among these, Eventbrite (events creation and retrieval), Eventful (world’s largest collection of events across many categories), Brown Paper Tickets (event ticketing and management), and Active (recreational events) stand out.
   - Since it is about book tours (a niche event), Eventful offers broad event coverage, including concerts and other events, and is a helpful source.
   - Eventbrite also offers event creation and retrieval but might be more ticketing centric.
   - Brown Paper Tickets is an event ticketing company with APIs for event data.
   - Given they all provide event data, they could be useful for book tours.

3. **Books category:**
   - To get book-related information and link it to tours.
   - Available APIs: goodreads, google-books, open-library-books, abebooks, zotero.
   - Goodreads API offers access to books, reviews, friends, and shelves. Useful for book info.
   - Google Books API provides access to books info and linking.
   - Open Library API offers large open catalog of books.
   - Abebooks API offers a vast book marketplace database.
   - Zotero API is more research oriented but manages collections.
   - For book tours, Goodreads and Google Books are the most popular APIs for book info.

4. **Social or media category (optional):**
   - If enhancing the mashup with social sharing or media.
   - APIs like YouTube, Vimeo, etc. are available but not primary focus.

5. **Integration approach:**
   - Use the google-earth API for the mapping and geographical visualization of events.
   - Use an events API (Eventful or Eventbrite or Brown Paper Tickets) to retrieve book tours with locations.
   - Use a books API (Goodreads or Google Books) to retrieve book or author details to show in the mashup.
   - Geo-locate the event addresses/venues using google-geocoding or google-maps-places if needed.
   
Considering that the google-earth API is suitable for Google Earth mashups; Eventful (largest event database) is suitable to get events including book tours; Goodreads or Google Books for book data; and if geocoding is needed, Google Geocoding API.

**Conclusion**:
- Recommend categories: ['mapping', 'events', 'books']
- Recommend All matched APIs: ['google-earth', 'eventful', 'goodreads', 'google-books']

Optionally, if geocoding of event locations is needed:
- Also consider: 'google-geocoding' (mapping category)

# Final recommendation:
Recommend categories: ['mapping', 'events', 'books']

Recommend All matched APIs: ['google-earth', 'eventful', 'goodreads', 'google-books', 'google-geocoding']
./output/gpt/zero_shot/responses.json
データが保存されました: ./output/gpt/zero_shot/responses.json (キー: google-earth-book-tour-1)
------------------------------
評価中のサービス: church-management-software
Iteration 1, Total call: 238
**Reasoning**:

1. The mashup involves "Google Calendar" features, so calendar management with event scheduling, creation, and querying is required to handle church events effectively. This points to the Calendars category and especially APIs that allow interaction with calendar events.

2. The mashup also involves "Google Maps" to track locations of small groups meeting in different places, so mapping and geolocation API capabilities are requisite to represent and query geographical locations.

3. The "church management software" aspect includes tracking events and locations, so APIs that provide event management features would be valuable for managing event details, attendees, and potentially venue information.

4. Combining these, the mashup needs:
   - Calendars: for managing church events
   - Mapping: for integrating Google Maps or equivalent map/location services to display and locate small group meetings
   - Events: for managing the event data and possibly syncing with calendar and map data.

5. For APIs, Google Calendar API is directly mentioned, fitting Calendars category.

6. For Maps, Google Maps Places API and Google Geocoding API offer location information, place search, geocoding, and reverse geocoding, which are instrumental for mapping locations of small groups.

7. For church events tracking and managing, Eventbrite API (events), and Google Calendar API overlap. Google Calendar covers event scheduling, and Eventbrite could be useful if you want to integrate ticketing or attendance tracking. But church management software likely uses calendar more directly.

8. Since the brief specifically mentions Google Calendar and Google Maps, the following APIs fit best:

   - google-calendar (Calendars category): For managing and integrating calendar events.
   - google-maps-places (Mapping category): For place search, details, and photos.
   - google-geocoding (Mapping category): To convert addresses to geographic coordinates.
   - google-maps-geolocation or google-maps (Mapping category): For getting user's geo-location or embedding maps.
   - bing-maps-search or bing-maps-routes (Mapping category): Alternative mapping APIs though Google Maps is preferred given the requirement.

9. Eventbrite API (Events) could be added if there is a need to manage or sync event listings beyond calendar entries.

10. Gmail or email APIs are not explicitly needed per the description. Authentication APIs could be needed but not specified here.

**Conclusion**:  
- Recommend categories: ['calendars', 'mapping', 'events']  
- Recommend All matched APIs: ['google-calendar', 'google-maps-places', 'google-geocoding', 'google-maps-geolocation', 'eventbrite']
./output/gpt/zero_shot/responses.json
データが保存されました: ./output/gpt/zero_shot/responses.json (キー: church-management-software-1)
------------------------------
評価中のサービス: globebop
Iteration 1, Total call: 239
**Reasoning**:  
The description of Globebop highlights several key features that should guide the selection of APIs and categories:

1. **Map View with Wikipedia article markers about places of interest nearby**:  
   - This involves mapping capabilities to display location markers. Hence, mapping category APIs that offer map rendering and placemark capabilities are essential.  
   - Additionally, integration with Wikipedia articles linked to specific geographic locations suggests the need for APIs that provide geolocated Wikipedia content or geographic data enriched with Wikipedia references.

2. **Globe spinning and random teleportation to a location on the planet**:  
   - This relates to global geospatial visualization, random location generation, and possibly interactive globe/UI controls.  
   - The ability to show Street View photo-spheres suggests a need for Street View or panoramic image APIs integrated with map/geolocation services.

3. **Magnifying Glass to read Wikipedia articles about current or searched place**:  
   - This requires Wikipedia content retrieval, including article searching and fetching by location.  
   - It also suggests the use of search and reference APIs related to encyclopedic content and geolocation.

4. **Switching between Map View and Street View**:  
   - The need to transition between map view and street-level panoramic view informs the use of mapping APIs that support both map rendering and street-level images.

5. **Couch-potato tourism with rarely repeated places**:  
   - This implies some randomization or recommendation capability, combined with geographic data filtering. While explicit recommendation APIs are not required, the ability to query or retrieve diverse locations is important.

From the available categories and APIs, the following stand out as most relevant:

- **Mapping**: For maps, geolocation, place markers, navigation between map and street views, etc.  
  Relevant APIs include Google Maps Places (places info), Google Street View Image API (photo-spheres), Bing Maps APIs, OpenLayers, MapQuest, and others.  
- **Reference**: For integrating Wikipedia articles and encyclopedic content. Wikipedia API is directly mentioned and there is also WikiLocation API related to Wikipedia geolocated content.  
- **Search**: Because searching for places or Wikipedia articles associated with locations is fundamental. APIs like Google Custom Search, Wikipedia, or other discovery/search APIs are useful.  
- **Photos**: For integration of Google Street View photo spheres or panoramic photos if separate API is needed. Google Street View Image API is part of photos and mapping.  
- **Other**: For random place generation or other globe spinning operations, APIs like Random (retro-avatar) or similar could be considered, but generally, geo APIs can handle random location generation.

Matching available APIs to these categories and requirements:

- Mapping:  
  - google-maps-places (place info for geographic locations)  
  - google-street-view-image (retrieves Google Street View photo-spheres)  
  - bing-maps (general mapping and imagery)  
  - openstreetmap (open source mapping)  
  - bing-maps-geocode-dataflow, google-geocoding (for obtaining coordinates)  
  - mapquest, mapquest-open-directions (mapping and directions)

- Reference:  
  - wikipedia (for Wikipedia articles and data)  
  - wikilocation (search Wikipedia articles by location)  
  - dbpedia (structured information from Wikipedia)  

- Search:  
  - google-custom-search (can be used for searching web/Wikipedia content)  
  - wikipedia (Wikipedia API supports searches)  
  - open-movie-database (not relevant)  
  - yahoo-search-marketing (advertising, unrelated)  
  - primal (interest graphs, not exactly relevant)   

- Photos:  
  - google-street-view-image (already identified)  
  - flickr, instagram-graph (not mentioned as needed)  

Since the application toggles between map and street view, Google APIs like Places and Street View would be primary choices.

For the Wikipedia content showing as markers and articles, the Wikipedia and WikiLocation API are most relevant.

Therefore, the recommended categories are:  
- mapping  
- reference  
- search  
- photos  

Recommended APIs:  
- google-maps-places (Place information for locations and points of interest)  
- google-street-view-image (Street view photo-spheres images)  
- wikipedia (access to Wikipedia articles and search)  
- wikilocation (search Wikipedia articles via location, geocoded points)  
- google-geocoding (to get coordinates for near or searched places)  
- bing-maps (alternative/complementary mapping platform with imagery and routing)  
- google-custom-search (search for Wikipedia or other content by place)  

**Conclusion**:  
- Recommend categories: ['mapping', 'reference', 'search', 'photos']  
- Recommend All matched APIs: ['google-maps-places', 'google-street-view-image', 'wikipedia', 'wikilocation', 'google-geocoding', 'bing-maps', 'google-custom-search']
./output/gpt/zero_shot/responses.json
データが保存されました: ./output/gpt/zero_shot/responses.json (キー: globebop-1)
------------------------------
評価中のサービス: near-here-map-bing-maps
Iteration 1, Total call: 240
**Reasoning**:  
The requirements indicate the need for a travel-ready, lead-generating iPhone app to find, research and contact leads. The D&B Direct API "Near Here" web app extends the power of a Hoover's Near Here mobile application to enterprise sales tools. This suggests the app involves:

1. Lead generation and contact management: This aligns with APIs that provide business data, company profiles, contacts, customer management, etc.
2. Travel ready: This could imply integration with travel or mapping/location services to find leads nearby.
3. Enterprise sales tools: This suggests business or enterprise category for CRM, lead management, customer relations.

From the provided API list and categories:  
- The **enterprise** category best fits the purpose of accessing business and company data, lead generation, and CRM functions. Specifically, the **db-direct** API matches the description of D&B Direct, offering access to a database of over 200 million companies worldwide. It supports integration into corporate apps and provides detailed company data for lead generation and validation.  
- The **business** category (such as SAP Anywhere) might overlap, but the requirement specifically mentions D&B Direct which is labeled under **database** or **enterprise** here. The provided db-direct API is under **reference**, but it is a database of businesses. They also have a category **enterprise** with APIs like TradeGecko, BatchBook which relate to business and CRM but less focused on large company lead data.  
- The **mapping** category may support location-based search in the app, but it is not explicitly requested here.  
- The core functionality focuses on lead data which clearly falls under enterprise, database, or business categories.

Given the direct mention of D&B Direct API and the described functionality, the best fit categories are:

- **enterprise**: For integrating business intelligence and sales tools.  
- **database**: Because D&B Direct is essentially a large business database service for leads and company data.  
- **business**: Optional category for complementary business software integrations.

As for APIs:

- The **db-direct** API (Category: reference) matches "D&B Direct" service described exactly. It allows searching a database of 200M companies, integrating business data into enterprise tools. This is the main API to recommend.  
- Possibly complement with APIs under enterprise (TradeGecko, BatchBook), or business (SAP Anywhere) for extended sales tools integration. However, these are not explicitly D&B Direct.

**Conclusion**:  
- Recommend categories: ['enterprise', 'database', 'business']  
- Recommend All matched APIs: ['db-direct']
./output/gpt/zero_shot/responses.json
データが保存されました: ./output/gpt/zero_shot/responses.json (キー: near-here-map-bing-maps-1)
------------------------------
評価中のサービス: gpsies.com
Iteration 1, Total call: 241
**Reasoning**:
The requirements specify a service resembling GPSies.com, which primarily involves viewing, searching, and downloading tracks recorded by GPS devices. It focuses on running, hiking, and biking routes, which are all related to geographical location and mapping.

- We need a category dealing with geographical data related to paths or tracks, suitable for outdoor activities.
- "Mapping" category fits best as it encompasses APIs that help with geographic data, location, trails, routes, and tracking.
- "Sports" and "Fitness" categories might be somewhat related, but the core functionality is about routes/trails, which primarily falls under mapping.
- Relevant APIs would be those that allow for searching for routes, accessing GPS track data, or querying geographical paths/trails.

Among the available APIs, we don't have a GPSies.com API listed. However, we do have many mapping APIs that support location and route search:

- Bing Maps Search: Allows parsing mapping-related search queries and returning results.
- Google Maps Places: Returns info about places with latitude/longitude which could be helpful.
- Bing Maps Routes: Create routes between locations including walking and driving.
- MapQuest Open Directions or MapQuest Geocoding: For route and location services.
- Google Distance Matrix API: Provides travel distances and times, which can help in route planning.
- OpenStreetMap: Provides map data and querying of geospatial data.
- Scribble Maps: Map drawing/sharing.
- Geonb (New Brunswick service): Geographic info provider that could be useful for specific regions.

Since the service focuses on downloading tracks, an API that provides access to GPS tracks or allows retrieving routes would be ideal.

Out of the listed APIs, Bing Maps Search and Routes, Google Maps Places, Google Directions, MapQuest Open Directions, OpenStreetMap, and similar provide searching and routing features but may not specifically provide access to GPS tracks as files.

However, given the broad mapping APIs, the best fit currently is the "mapping" category with one or more of these APIs, particularly:

- bing-maps-search (for searching routes and places)
- bing-maps-routes (for route creation and directions)
- mapquest-open-directions (for routing based on OpenStreetMap data)
- openstreetmap (for open mapping data including routes and paths)
- google-maps-places and google-directions (for places and directions)

No specific APIs are called out that provide direct download of GPS tracks (e.g., GPX files), but combining these mapping APIs could allow users to search for routes and download track info.

**Conclusion**:
- Recommend categories: ['mapping']
- Recommend All matched APIs: ['bing-maps-search', 'bing-maps-routes', 'mapquest-open-directions', 'openstreetmap', 'google-maps-places', 'google-directions']
./output/gpt/zero_shot/responses.json
データが保存されました: ./output/gpt/zero_shot/responses.json (キー: gpsies.com-1)
------------------------------
評価中のサービス: aussie-pubcrawl
Iteration 1, Total call: 242
**Reasoning**:
- The requirement is to build an app for Australians that integrates the Sensis API with the Yelp API to find pubs near a location and get recent Yelp reviews and reviewer photos.
- Sensis API offers business search functionality with access to Australian local business listings sourced from Yellow Pages and White Pages. This fits exactly with the requirement to use Sensis Yellow Pages search for finding pubs.
- Yelp Fusion API provides business information, reviews, ratings, and photos for local businesses, including pubs. It supports retrieving recent reviews and photos of reviewers, which fits the need to get fresh reviewer photos from Yelp.
- Since the app involves finding local businesses and then obtaining reviews and photos from Yelp, the relevant categories are 'reference' for Sensis business data, and 'recommendations' or 'social' for Yelp reviews and photos.
- Sensis API is categorized under 'reference'.
- Yelp Fusion API is categorized under 'recommendations'.
- No other APIs match the requirements as closely, since the main focus is local Australian business data via Sensis, combined with Yelp's rich review data.

**Conclusion**:
- Recommend categories: ['reference', 'recommendations']
- Recommend All matched APIs: ['sensis-business-search', 'yelp-fusion']
./output/gpt/zero_shot/responses.json
データが保存されました: ./output/gpt/zero_shot/responses.json (キー: aussie-pubcrawl-1)
------------------------------
評価中のサービス: geognos
Iteration 1, Total call: 243
**Reasoning**:
The requirements specify a mashup service that shows textual and visual information for all world countries. For each country, the service should include:
- A live map
- Photos
- A map translated to the user’s language
- Use Google Charts for data visualization

Breaking down the requirements into components and matching them with available API categories and APIs:

1. **Textual and visual information for all world countries:**
   - This suggests a data source that covers global country information, ideally including country details, statistics, or visualizations.
   - The "reference" category may cover country data.
   - The "charts" or "analytics" category might be involved since Google Charts is mentioned.
   - Also, the "mapping" category is relevant as maps and live maps are requested.

2. **Live map per country:**
   - A live map means interactive or dynamically generated maps.
   - Mapping APIs that provide map images or controls can fulfill this.
   - Google Maps-related APIs or similar mapping APIs can be considered.
   - Available mapping APIs include bing-maps, google-maps-places, google-maps-geocoding, openlayers, mapquest, mapbox, and others.

3. **Photos per country:**
   - Photo APIs related to geographical or country-specific photos are required.
   - Among photo APIs, 500px is not publicly available, but others like flickr, pixabay-free-images, instagram-graph, and similar can provide images.
   - The Geograph API provides geographically representative images of England and Ireland — not global, so less useful here.
   - Panoramio is deprecated.
   - Pixabay and Flickr are good universal image sources.

4. **Translated map:**
   - The map should be translated to the user’s language.
   - This may mean the map labels or data are localized.
   - Google Maps itself supports localization.
   - To translate map labels or text, translation APIs may be relevant.
   - Available translation API: microsoft-translator, google-cloud-translation.

5. **Google Charts for data visualization:**
   - Google Charts offers charting and visualization capabilities, but the API for charting itself is client-side Javascript.
   - If server-side data processing or integration with Google Charts is intended, in many cases, the data is fetched and formatted appropriately from APIs.
   - No explicit Google Charts API is listed here, but we can consider the "analytics" or "tools" category if data formatting or analytics are needed.

Summary of API category recommendations based on functionalities required:

- **mapping**: For live map display per country.
- **photos**: For country-specific photos.
- **reference**: For country-related data.
- **translation**: For translating maps and data.
- **analytics or tools**: For data visualization support, data processing (to support Google Charts).

Specific APIs suitable for this mashup:

- **mapping**:
  - google-maps-places (for place data)
  - google-geocoding or google-maps-geocoding (for geolocation data)
  - bing-maps (comprehensive mapping API)
  - openlayers or mapbox (for embedding interactive maps)
- **photos**:
  - pixabay-free-images (free, high-quality photos, requires API key)
  - flickr (large collection of photos)
- **reference**:
  - geonames (global geographical data, including country data)
  - worldcat-search or open-library-books are book data, less relevant
- **translation**:
  - microsoft-translator
  - google-cloud-translation
- **analytics/tools**:
  - google-analytics-metadata or similar for analytics (optional)

Because Google Charts is client-side JS, typically the backend provides processed data via REST APIs and the visualization is implemented on the client side, so no dedicated Google Charts API is mandatory here.

**Conclusion**:

- Recommend categories: ['mapping', 'photos', 'reference', 'translation', 'tools']
- Recommend All matched APIs: ['google-maps-places', 'google-maps-geocoding', 'bing-maps', 'openlayers', 'mapbox', 'pixabay-free-images', 'flickr', 'geonames', 'microsoft-translator', 'google-cloud-translation']
./output/gpt/zero_shot/responses.json
データが保存されました: ./output/gpt/zero_shot/responses.json (キー: geognos-1)
------------------------------
評価中のサービス: picompit
Iteration 1, Total call: 244
**Reasoning**:

The requirements describe a service, Picomp'it, which is focused on hosting photo contests with functionalities like setting contest options, adding photos from social networks, sharing contests, and viewing voting results. Based on this, we identify the key requirements and match with available categories and APIs:

1. **Photo management and hosting**: The ability to host photos is a must. So a category related to photos is relevant.

2. **Integration with social networks**: Since photos can be added from social networks, integration to social APIs is needed.

3. **Sharing functionality**: Sharing is typically done via social or social media platforms.

4. **Voting or result tracking**: May relate to analytics, but more to general application logic — none is directly mentioned as vote tracking APIs. However, a basic chat or messaging API may be used for notifications or updates, but less relevant.

5. **Hosting and application support**: Hosting platform or backend may be useful but not strictly necessary.

6. **Contest management**: No explicit APIs for contests, but project management or tools might be tangentially useful.

Given this, to specifically support the core functionalities:

- **Photos**: Use APIs that allow hosting, managing, and integrating photos from popular services.

- **Social**: Access to social networks to import photos (photo posts) and share contest info.

- **Messaging or sharing**: Could recommend social sharing APIs or messaging APIs related to social interactions.

Looking at the available APIs:

- **Photos category**: APIs like Flickr, Instagram Graph, Imgur, 500px (no longer publicly available), Smugmug, Photobucket, Pixabay-Free-Images, Google-Picasa (deprecated), Twitpic, Instagram Real-Time, Pixabay, and 23 might be relevant for retrieving and managing photos.

- **Social category**: Facebook Graph, Twitter APIs, LinkedIn, Instagram, Foursquare, Pinterest, Buffer, Tumblr, VK, MeetUp, NationBuilder, AddThis, Disqus, and Twitter Streaming API.

- Since the service mentions "adding photos from social networks," APIs for Flickr, Instagram, Facebook, Twitter, and possibly Pinterest and VK would likely be most relevant.

- For sharing, social APIs like Facebook Graph, Twitter APIs, Buffer, AddThis (sharing) are relevant.

- For result viewing and contest status, it may be necessary to have analytics or reporting, but none explicitly address this use case.

Since the Picomp'it service is about hosting photo contests, the main category recommendations are **photos** and **social** for importing photos and sharing.

**Conclusion**:

- Recommend categories: ['photos', 'social']

- Recommend all matched APIs:

  - Photos APIs:
    - flickr
    - instagram-graph
    - imgur
    - photobucket
    - pixabay-free-images
    - twitpic
    - instagram-real-time
    - 23
    - smugmug (note: limited support)
    - picasa (deprecated but historically relevant)
  
  - Social APIs:
    - facebook-graph
    - twitter-streaming
    - twitter-search
    - linkedin
    - pinterest-domain
    - vk
    - tumblr
    - buffer
    - addthis-services
    - plancast
    - nationbuilder
    - scoopit
    - foursquare

These APIs would enable the necessary photo ingestion from social networks, social sharing, and access to user social data necessary for managing and promoting a photo contest like Picomp'it.
./output/gpt/zero_shot/responses.json
データが保存されました: ./output/gpt/zero_shot/responses.json (キー: picompit-1)
------------------------------
評価中のサービス: twitter-fountain-second-life
Iteration 1, Total call: 245
**Reasoning**:
The requirement is about watching Twitter updates in Second Life as a "Twitter Fountain," visualizing real-time tweets within a virtual world. To address this requirement, we need to identify APIs that allow:

1. Access to Twitter updates in real-time or near real-time to get live tweet data.
2. Integration with Second Life to visualize or display this data within the virtual environment.
3. Possibly, social and chat-related APIs for embedding social media content or live feeds.

Breaking down the analysis:

- We need social and real-time Twitter data access. The available APIs related to Twitter or social platforms are:
  - twitter-streaming (for high-throughput near-real-time Twitter data)
  - twitter-search (for Twitter search)
  - twitter (legacy, deprecated)
  - twitter-search (searching tweets)
  - tagalus (tag definitions for Twitter hashtags)
  - twitter (legacy)
  - shizzow (location announcements)
  - tarpipe (social presence management)
  - buffer (social content scheduling)
  - scoopit, flickr, and other social APIs: less relevant
  
- For virtual world integration, the API specifically related to Second Life:
  - secondlife: "The Second Life Webmap API allows you to embed Second Life Maps onto your web pages." This shows Second Life support for embedding map data, but no explicit mention of real-time social media feeds inside Second Life.
  - However, Second Life is a virtual world platform and the API can be used to render elements. Developers typically can integrate APIs for social content display.

Conclusion from above:
- To watch tweets in real-time, Twitter Streaming API is mandatory.
- To place this in Second Life, Second Life's API is relevant to interface with Second Life.
  
Since the Twitter API listed here is deprecated into multiple separate APIs (twitter-streaming is current for streaming data), twitter-streaming is the best candidate API for fetching real-time tweets.

Recommendation categories:

- social (for Twitter data)
- chat (Second Life can be considered chat/social platform so this category fits)
- games (Second Life is virtual environment but may be more platform than game)
- social best captures Twitter and social platform.

Recommend APIs:

- twitter-streaming (for real-time Twitter updates)
- secondlife (for Second Life integration)

No other API from the list seems directly related to Second Life or mapping real-time Twitter data into it.

**Conclusion**:
- Recommend categories: ['social', 'chat', 'games']
- Recommend All matched APIs: ['twitter-streaming', 'secondlife']
./output/gpt/zero_shot/responses.json
データが保存されました: ./output/gpt/zero_shot/responses.json (キー: twitter-fountain-second-life-1)
------------------------------
評価中のサービス: belgian-rail-demo
Iteration 1, Total call: 246
**Reasoning**:
- The requirement is to combine the Google Maps API with the iRail API to display suggested journeys on a map.
- Google Maps API is a mapping service that provides map displays, geocoding, directions, and routing.
- iRail is a service providing train schedule and station information in Belgium, including arrival and departure times, schedules, and more.
- The mashup involves visualizing train journeys (from iRail) on a Google Maps interface, showing suggested routes.
- Therefore, the needed categories are:
  1. `mapping` for Google Maps API services
  2. `transportation` because iRail is a transit / train schedule API fitting in transportation
- Matching APIs from the available list:
  - For Google Maps:
    - Several Google Maps related APIs exist, but requirement likely refers to Google Maps core, for rendering maps and possibly directions (although Google Maps API is deprecated in this list, we consider the available Google Maps related APIs).
  - For iRail:
    - Exactly matched API `irail` under `transportation` category.
- Hence recommend categories: mapping, transportation
- Recommended APIs: `google-maps-places` or other Google Maps APIs for map display, and `irail` for Belgian Rail data.
- The `irail` API provides Belgian train schedules and related data.
- Since the requirement specifically says "Belgian Rail Demo" - that's covered by the `irail` API.
- For Google Maps, the `google-maps-places` API seems suitable for place information and map integration.
- Also, `google-maps` historical API is deprecated, so better to pick `google-maps-places`.
- Conclusion: Use the `irail` API for rail info (transportation), and Google Maps APIs in mapping category.

**Conclusion**:
- Recommend categories: ['mapping', 'transportation']
- Recommend All matched APIs: ['google-maps-places', 'irail']
./output/gpt/zero_shot/responses.json
データが保存されました: ./output/gpt/zero_shot/responses.json (キー: belgian-rail-demo-1)
------------------------------
評価中のサービス: mixblast
Iteration 1, Total call: 247
**Reasoning**:
The application Mixblast requires functionalities related to creating YouTube playlists from text lists, usage of Last.fm API for music data, and reading RSS feeds. Therefore, we need to identify:
1. APIs related to YouTube for playlists and video content.
2. The Last.fm API for music data.
3. APIs that handle RSS feeds for reading feeds.

Looking through the available categories and APIs:

- For YouTube playlists and video content: The `youtube` API under the "video" category fits perfectly. It allows integration with YouTube, and supports operations such as searching for videos, retrieving feeds, uploading videos, modifying user playlists, etc.

- For music data: The `lastfm` API under "music" category fits well; it provides access to music data including artists, albums, playlists, events, which aligns with the requirement to use Last.fm API.

- For reading RSS feeds: The available API in the "feeds" category is `bloglines`. The `bloglines` API allows subscribing and managing RSS feeds, managing user info, and retrieving subscription lists and unread blog items. This matches the requirement for reading RSS feeds.

Therefore, the recommended categories are:
- video (for YouTube integration)
- music (for Last.fm API)
- feeds (for RSS feed reading)

Recommended APIs are:
- youtube
- lastfm
- bloglines

**Conclusion**:
- Recommend categories: ['video', 'music', 'feeds']
- Recommend All matched APIs: ['youtube', 'lastfm', 'bloglines']
./output/gpt/zero_shot/responses.json
データが保存されました: ./output/gpt/zero_shot/responses.json (キー: mixblast-1)
------------------------------
評価中のサービス: toastbank
Iteration 1, Total call: 248
**Reasoning**:

ToastBank is a platform designed for users to add and share short pieces of content ("toasts"), search through submitted toasts, and share them on popular social media platforms like Facebook and Twitter.

Key functionalities needed:
1. Content Management and Sharing: Management of user-submitted content (toasts).
2. Search capability: Users should be able to search through toasts.
3. Social Sharing: Integration with Facebook and Twitter to enable sharing.
4. Possibly user accounts or authentication but this is not explicitly mentioned.
5. Potentially some social data (hashtags, trends) or social identity information if user login or sharing requires it.

Mapping these requirements to API categories and readily available APIs:

- **Social**: Since the platform involves sharing on social media (Facebook, Twitter), social APIs will be needed. Specifically, Facebook and Twitter APIs enable posting and sharing content on these platforms.
- **Search**: Ability to search through toasts suggests use of search APIs or search-oriented data handling.
- **Blogging**: Toasts resemble short posts or microblogs. APIs for blogging platforms could be relevant if considering content management or format.
- **Feeds**: For aggregation or syndication of toast content, feed APIs could be considered.

From the available APIs:

- **twitter**: Although the Twitter API described is deprecated, the Twitter Streaming API or Twitter Search API can help search tweets or share toasts through Tweets.
- **facebook-graph**: The Facebook Graph API enables interaction with user profiles, posts, sharing content etc.
- **tagalus**: Tagalus API provides meaning/lookups on Twitter hashtags, could be useful if tag management is planned.
- **yelp-fusion**, **plancast**, **addthis-services**, **buffer**, **social-share-count**: While Buffer or AddThis can aid in managing social sharing, the direct sharing APIs of Facebook and Twitter are primary.
- **blend of search and social APIs** for search functionality.

The best approach is to combine the following categories:

- **social**: For Facebook, Twitter integration.
- **search**: To allow searching through toast content, possibly enhanced search or indexing.
- **blogging**: Toasts are user-generated textual content similar to blog posts.
- Optionally, **feeds** or **content** if the platform wants to distribute toast feeds or aggregate content.

However, only the social and search categories are essential per description.

**Conclusion**:
- Recommend categories: ['social', 'search', 'blogging']
- Recommend All matched APIs: ['facebook-graph', 'twitter-search', 'twitter-streaming', 'tagalus', 'addthis-services', 'buffer', 'social-share-count', 'blogger', 'disqus']
./output/gpt/zero_shot/responses.json
データが保存されました: ./output/gpt/zero_shot/responses.json (キー: toastbank-1)
------------------------------
評価中のサービス: voziq-actionable-social-media-analytics
Iteration 1, Total call: 249
**Reasoning**:
VOZIQ focuses on social media analytics, delivering insights by listening to online conversations, benchmarking competitors, identifying opportunities, and helping track success. This clearly aligns with the general domain of social media, analytics, and marketing data tools.

We want APIs that pertain to:
- Social media analytics and data aggregation
- Social media monitoring and listening tools
- Analytics platforms focused on social or digital data
- Marketing platforms with analytics capabilities related to social media

Looking through the available categories and APIs:

1. Category "social" contains several relevant APIs dealing with social media, social networks, social analytics, and user-generated content. Examples:
   - tagalus (Twitter hashtags meaning and definitions)
   - tagalus (social)
   - awe.sm (social analytics with traffic, conversions, revenue insights)
   - peerindex (social media analytics on influence graph)
   - facebook-graph (social graph API, data access)
   - twitter-streaming and twitter (for social media data streaming)
   - linkedin (large-scale business social network)
   - buffer (social media scheduling and management)
   - scoopit (social media content curation)
   - plancast (sharing plans and events socially)
   - nationbuilder (online community and campaign data)
   - yammer, tumblr, vk, pinterest-domain, google-plus, hyves, launchrock, pagalytics-like services - some of these have social media data relevant to analysis.
   - peekyou-social-analytics (aggregates data for social media audience profiling)
   
2. Category "analytics" is directly related:
   - galileo (analytics on APIs and microservices)
   - new-relic (web application monitoring and data)
   - google-analytics-metadata and core-reporting (website analytics)
   - mixpanel (real-time website user engagement analytics)
   - kissmetrics (customer lifecycle and event tracking analytics)
   - looker (business data analytics platform)
   - addthis-analytics (analytics data for sharing)
   These platforms handle data analytics but not necessarily social media data exclusively, yet still relevant for insight generation.

3. Category "marketing" is relevant, considering VOZIQ’s broader marketing insight offering:
   - mozscape (SEO and marketing data)
   - yahoo-search-marketing, google-adwords, zanox, prosperent, launchbit - advertising/marketing related.
   - enthusem (offline to online marketing tracking and conversion)
   These deal primarily with advertising campaigns but are adjacent to social analytics as part of marketing.

No exact VOZIQ API is listed, so recommend the best fit categories and APIs that map to VOZIQ’s core offerings: social media analytics, listening to online conversations, benchmarking, competitive intelligence.

**Conclusion**:
- Recommend categories: ['social', 'analytics', 'marketing']
- Recommend All matched APIs: [
  'tagalus', 'awe.sm', 'peerindex', 'facebook-graph', 'twitter-streaming', 'linkedin', 'buffer', 'scoopit',
  'nationbuilder', 'plancast', 'peekyou-social-analytics',
  'galileo', 'new-relic', 'google-analytics-metadata', 'mixpanel', 'kissmetrics', 'looker', 'addthis-analytics',
  'mozscape', 'yahoo-search-marketing', 'google-adwords', 'zanox', 'prosperent', 'launchbit', 'enthusem'
]
./output/gpt/zero_shot/responses.json
データが保存されました: ./output/gpt/zero_shot/responses.json (キー: voziq-actionable-social-media-analytics-1)
------------------------------
評価中のサービス: cheap-flights-to-0
Iteration 1, Total call: 250
**Reasoning**:  
The requirement describes "Cheapflights-to.net" as a travel tool that facilitates buying airline tickets, package holidays, special deals for hotels, and car rentals. The core functionalities involve searching and booking flights, hotels, packages, and car rentals, covering multiple aspects of travel planning and transactions.

Given these requirements, the following categories are relevant:
- **travel**: for APIs that handle flight bookings, hotels, car rentals, and travel search functionalities.
- **ecommerce**: since the site involves transactions, booking, and purchasing activities.
- **payments**: to handle payment processing for purchases like airline tickets and hotel bookings.

Next, we look at the available APIs related to these categories for possible matches:

1. **Travel category APIs**:
   - *skyscanner-live-pricing*: Access live prices for flights, hotels, car hire.
   - *easytobook*: SOAP API for hotel searching and booking with city and hotel data, availability, booking functionality.
   - *travel-iq*: RESTful API for hotel booking, translations, hotel and flight search.
   - *amadeus*: Offers travel data powering flight and hotel searches, booking capabilities, travel insights.
   - *tripit*: Manages travel itineraries.
   - *bing-traffic*: Traffic data, could relate to travel.
   - *bing-maps*, *mapquest* and others: Related to mapping (less relevant to core booking, more for complementary services).
   - *sabree-0*: Comprehensive travel marketplace, airline, hotel inventory, booking capabilities.
   - *viator*: Tours and activity bookings (supplementary).
   - *yahoo-travel*: Trip plan API, search trip plans.
   - *waze*: Social navigation (less relevant for direct booking).
   - *hotwire-travel-ticker-deals*: Provides travel deals.
   - *tourcms-marketplace*: Live product data and reservations for tour operators.
   - *sletohcom*: Hotel price comparison from many sites.
   - Others with hotel, flight or travel services.

2. **Ecommerce category APIs**:
   - *shopify-admin*, *woocommerce*, *magento-soap*, *bigcommerce*, *etsy*, *walmart-open*, *sears*, *amazon-product-advertising*, *pinnaclecart-rest*, etc.: These are general e-commerce platforms and marketplaces (not travel-specific but useful for general product listing/selling).
   - *bookingcom-content*: Specifically for Booking.com property photos and facilities; directly related to hotel booking.
   - *groupon*, *retailmenotcom-community-ideas*, *citygrid*: Deals, coupons and local business info.
   - *8coupons*, *deal surf*, *pricespin*, *skimbites-link-monetization*: Deals and coupons; may complement travel deals.
   - *gimmie*, *fanbridge*: Loyalty and rewards related.
   - *revel-systems*, *kounta*: POS and payments.
   - *commission-junction*, *zanox*, *prosperent*: Affiliate marketing networks with e-commerce capabilities.
   - *amazon-marketplace-web-service*: Seller-oriented service but not directly for travel.
   - *pinnaclecart-rest*: Shopping cart API.
   - *zippos*, *wishpot-shopping*: Wishlists, price tracking for products.
   - *price comparison* services like *direct-textbook* or *mobile-phone-megastore* not relevant.

3. **Payments category APIs**:
   - *stripe*, *paypal*, *authorize.net*, *recurly*, *payment-vision*, *paymentwall*, *kounta*, *quickbooks-payments*, *levelup* etc. are payment gateways.
   - *payments-gateway*, *amazon-flexible-payments-service*, *authorizenet* for handling multi-payment methods in e-commerce environments.
   
In conclusion, the core combination for a travel booking platform like Cheapflights-to.net will be travel APIs that allow searching and booking flights, hotels, cars, combined with e-commerce APIs capable of managing product-like offerings and payment APIs to process purchase transactions.

**Conclusion**:  
- Recommend categories: ['travel', 'ecommerce', 'payments']  
- Recommend All matched APIs:  
  - Travel:  
    ['skyscanner-live-pricing', 'easytobook', 'travel-iq', 'amadeus', 'tripit', 'sabre-0', 'viator', 'yahoo-travel', 'hotwire-travel-ticker-deals', 'tourcms-marketplace', 'sletohcom', 'bookingcom-content']  
  - Ecommerce:  
    ['bookingcom-content', 'shopify-admin', 'woocommerce', 'magento-soap', 'bigcommerce', 'etsy', 'walmart-open', 'sears', 'amazon-product-advertising', 'pinnaclecart-rest', 'groupon', 'citygrid', '8coupons', 'retailmenotcom-community-ideas']  
  - Payments:  
    ['stripe', 'paypal', 'authorize.net', 'recurly', 'payment-vision', 'paymentwall', 'kounta', 'quickbooks-payments', 'levelup', 'authorizenet', 'payments-gateway', 'amazon-flexible-payments-service']
./output/gpt/zero_shot/responses.json
データが保存されました: ./output/gpt/zero_shot/responses.json (キー: cheap-flights-to-0-1)
------------------------------
評価中のサービス: amee-location-footprinter
Iteration 1, Total call: 251
**Reasoning**:
- The requirement involves estimating environmental impact (carbon emissions) based on travel check-ins.
- It integrates check-ins from Foursquare, indicating a need for social/location data integration.
- The service sends personalized email summaries, indicating email integration for delivery.
- Key functionalities:
  1. Environmental impact estimation (carbon footprint calculation).
  2. Location and travel/activity data from Foursquare.
  3. Email delivery for weekly personalized summaries.
- Thus, the relevant categories are:
  - environment (for carbon footprint estimation),
  - social (for Foursquare check-ins and user activity),
  - email (for sending personalized summaries).
- Relevant API matches:
  - AMEE: Provides greenhouse gas emission estimates for various emitters including travel, matching the environmental impact estimation aspect.
  - foursquare: Provides location-based experiences with venue check-in data, matching the need to access Foursquare check-ins.
  - mailjet or similar email APIs (e.g., mailjet, mailchimp, sendgrid): Any email API that allows sending personalized emails; mailjet is a cloud hosted email platform with API access.
- Since AMEE is specifically mentioned in the requirements as the "Location Footprinter", it is a direct prime candidate.
- Foursquare API is the source of the check-in data.
- Mailjet (or other specified email API from available list) can be used to send weekly personalized email summaries.

**Conclusion**:
- Recommend categories: ['environment', 'social', 'email']
- Recommend All matched APIs: ['amee', 'foursquare', 'mailjet']
./output/gpt/zero_shot/responses.json
データが保存されました: ./output/gpt/zero_shot/responses.json (キー: amee-location-footprinter-1)
------------------------------
評価中のサービス: japan-earthquake-map
Iteration 1, Total call: 252
**Reasoning**:
The requirement is to provide a map of the recent Japan Earthquake and seismic activity leading up to it. This involves geographic data visualization, earthquake and seismic event data, and possibly historical or real-time scientific data about seismic activity. The key components and considerations are:

1. **Category of the Service**:
   - **Mapping**: Since a map is required to visualize the earthquake and seismic activity locations.
   - **Science**: As this involves seismic activity data, which is a scientific domain.
   - Possibly **Government** or **Data-as-a-Service** if earthquake data APIs from official agencies are relevant.

2. **APIs to Choose**:
   - We need APIs that provide earthquake or seismic activity data. The data might include earthquake events' locations, magnitudes, dates, etc.
   - APIs that offer mapping capabilities, to build or render the map with the earthquake data.
   - Potentially astronomy or geoscience APIs from scientific or government sources.

3. **Available Options**:
   - In the **Science** category:
     - **nasa-mars-rover-photos** API relates to Mars weather and is unrelated.
     - **openskyquery-skyportal** is more astronomy catalog cross-matching.
     - **mendeley** and **amee** are scientific in nature but don't relate to seismic or earthquake data.
     - **epa-station-catalog**, **epa-watershed-summary** are environmental but not earthquake specific.
     - **sdss-imgcutout** - astronomy.
     - No direct earthquake or seismic data in science APIs.

   - In the **Government** category:
     - **san-francisco-crimespotting** is for crimes, not relevant.
     - **uk-street-level-crime**, **us-census-bureau**, **opensecrets**, **ckan** variants mainly deal with social or census data.
     - **npr-one-station-finder** and others not relevant to earthquakes.
     - No explicit earthquake API listed.

   - In the **Mapping** category:
     - Many general mapping APIs like **bing-maps-search**, **google-maps-places**, **mapquest** and others are available. These can be used for the map visualization layer.
     - Specific geographic data APIs like **geonb** (New Brunswick) may be localized.
     - **geonames** provides general location info.
     - **google-geocoding**, **bing-maps-geocode-dataflow**, **mapquest-geocoding** for address/coords.
     - **microsoft-bing-maps** offers mapping with routes and traffic but not scientific data.
     - So mapping APIs can provide the base maps and overlays for markers.

   - In the **Reference** or **Science** data sources:
     - There's no direct earthquake or seismic event API.
   
4. **Conclusion**:
   Since earthquake and seismic data are not explicitly provided by any dedicated API in the list, the best approach is to use a combination of:

   - **Mapping category** APIs for the base map and placing markers/polygons representing earthquake events.
   - **Science category** APIs are less relevant for this specific request at this time.
   
   There is no direct seismic activity API listed (like USGS earthquake API). Therefore, the best recommendation is:

- Category: ['mapping']
- APIs: ['bing-maps-search', 'google-maps-places', 'bing-maps', 'mapquest', 'google-geocoding', 'bing-maps-geocode-dataflow']

If a seismic data source is found outside these, that should be considered, but based on the available APIs in the list, only these mapping providers are suitable for visualizing the data on a map.

**Conclusion**:
- Recommend categories: ['mapping']
- Recommend All matched APIs: ['bing-maps-search', 'google-maps-places', 'bing-maps', 'mapquest', 'google-geocoding', 'bing-maps-geocode-dataflow']
./output/gpt/zero_shot/responses.json
データが保存されました: ./output/gpt/zero_shot/responses.json (キー: japan-earthquake-map-1)
------------------------------
評価中のサービス: normalisr
Iteration 1, Total call: 253
**Reasoning**:

The application requirement is to rank favorite artists and albums based on an estimation of the user's total listening time. This involves:

1. Accessing music data: details about artists, albums, and track metadata.
2. Accessing or calculating playtime: information about how long a user has listened to various artists/albums.
3. Possibly tracking user listening history or stats to estimate total listening time.

To fulfill this, the necessary APIs must provide access to music library data, metadata about artists and albums, and ideally user listening data or statistics that indicate play counts, durations, or related metrics.

**Category Analysis**:

- **music**: The core category to access artist and album information.
- **analytics**: Could be useful if there's access to user playtime data or engagement stats (though this is less direct).
- **social**: Some services with social music features might provide user-related listening data.
- **projects-management**, **office**, and the like are less relevant.
- **recommendations**: APIs here might suggest new music or user preferences but are less about tracking personal listening time.

**API Analysis**:

Within the music category, several APIs stand out:

- **Last.fm**: Offers comprehensive music data and user listening stats (scrobbles), which include play count, which can be used to estimate listening time. It supports access to user data if authorized, including artist and album listening history.
- **Spotify Web API**: Provides artist, album, and track data, as well as user playback history and statistics (for authorized users), which can be used to estimate listening time.
- **Musikki Music API**: Provides curated music content but less about user stats.
- **Bandsintown**, **Jamendo**, **Play.me**, **SoundCloud**, **Musixmatch**, **MusicBrainz**, **Beatport**, **Bandcamp**, **Songkick**: Mostly music metadata, events or sales, less likely to provide personal listening duration.
- **Rhapsody**, **Blip.fm**, **Idiomag**, **SonicAPI.com**: Provide music data, some playback features but not specifically user listening stats.

Since the app requires estimation of time spent listening, APIs that provide user listening history or scrobble data are best suited. Last.fm is well-known for tracking and exposing user listening data via its API, including play counts, timestamps, and scrobbles. Spotify Web API also exposes recently played tracks and user play history with durations.

Other APIs like SoundCloud and Bandcamp do not provide direct listening time or history data. Therefore, Last.fm and Spotify are the best matches.

No available analytics API specifically about user music listening time is explicitly listed, so outside of the music APIs with user data, no direct match.

**Conclusion**:

- Recommend categories: ['music']
- Recommend All matched APIs: ['lastfm', 'spotify-web']
./output/gpt/zero_shot/responses.json
データが保存されました: ./output/gpt/zero_shot/responses.json (キー: normalisr-1)
------------------------------
評価中のサービス: txt-beer
Iteration 1, Total call: 254
**Reasoning**:
1. The core functionality of "TXT Beer" revolves around SMS messaging to allow users to text a beer name and get a beer rating in response. This immediately implies an integration with SMS or messaging APIs to send and receive SMS messages.

2. The app is focused on beers and their ratings, which suggests the need for access to beer data or a service that provides beer information, ratings, and possibly other beer-related metadata.

3. For the SMS interface:
   - Need an API providing SMS sending and receiving capabilities.
   - Examples include Twilio SMS, Clockwork SMS, Vonage Nexmo SMS, Mogreet, Hoiio SMS, and similar messaging APIs.

4. For the beer data:
   - Although no direct "beer rating" API is listed, one of the available APIs is Untappd (under food category).
   - Untappd API allows access to beer and vendor activity, user info, and managing toasts, check-ins, etc.
   - Importantly, the Untappd API gives insight into beer data and ratings, which fits the requirement.
   - The Untappd API might not support venue beer list (tap list info) in the public API but supports beer info and ratings accessible publicly.

5. Therefore, the key categories would be:
   - messaging (for SMS handling)
   - food (for beer data and ratings)

6. Matched APIs:
   - messaging: Twilio SMS API (widely used, robust SMS platform)
   - food: Untappd API (specifically beer-related data)

7. Optional alternatives in messaging, but Twilio SMS is a leading API and most suitable.

**Conclusion**:
- Recommend categories: ['messaging', 'food']
- Recommend All matched APIs: ['twilio-sms', 'untappd']
./output/gpt/zero_shot/responses.json
データが保存されました: ./output/gpt/zero_shot/responses.json (キー: txt-beer-1)
------------------------------
評価中のサービス: screamradius
Iteration 1, Total call: 255
**Reasoning**:
- The requirement states: "The local information you want." This implies a need for data or services that provide local information, which can encompass location-based data, local business details, neighborhood insights, events happening locally, or other geographically relevant information.
- We should consider categories that specialize in local or location-specific data such as mapping, recommendations, social (for local social data), search (local search), or real-estate (local property information).
- From the available categories, the most fitting one obviously is "mapping" since it directly relates to locations and local geographic info.
- Other categories potentially related: recommendations (for local business or services recommendations), search (especially local search), social (local social interactions or check-ins), real-estate (local property info), and ecommerce if local deals or merchants are important.
- Next, filtering APIs that can provide local information:
  - mapping category APIs like bing-maps-search, google-maps-places, mapquest, google-geocoding, geonames, metaLocator, etc. These provide local place information, geocoding, or map-based local info.
  - recommendations category, such as Yelp Fusion API, which provides business reviews and ratings with geographic focus.
  - search category, such as yahoo-local-search, which explicitly provides local business information including addresses, phone numbers, ratings, and reviews.
  - real-estate category APIs like Zillow, Nestoria, Booli, Walk Score – these provide local property data and neighborhood walkability.
  - social APIs that provide local check-in data or social activity around locations, e.g. Foursquare.
- Since the requirement is open and generic, the safest and most direct recommendation is mapping category APIs (which provide raw and processed local geographic data), and local search/recommendations APIs (which give curated info about businesses, places, and user experiences).
- Therefore, categories recommended: mapping, search, recommendations, real-estate, social.
- APIs matched (a selected relevant subset from the large list):
  - mapping: bing-maps-search, google-maps-places, mapquest, geonames, metaLocator, google-geocoding, bing-maps, google-maps-geocoding, openlayers, mapbox, google-maps-elevation.
  - search: yahoo-local-search.
  - recommendations: yelp-fusion.
  - real-estate: zillow, nestoria, booli, walk-score.
  - social: foursquare.

**Conclusion**:
- Recommend categories: ['mapping', 'search', 'recommendations', 'real-estate', 'social']
- Recommend All matched APIs: ['bing-maps-search', 'google-maps-places', 'mapquest', 'geonames', 'metalocator', 'google-geocoding', 'bing-maps', 'google-maps-geocoding', 'openlayers', 'mapbox', 'google-maps-elevation', 'yahoo-local-search', 'yelp-fusion', 'zillow', 'nestoria', 'booli', 'walk-score', 'foursquare']
./output/gpt/zero_shot/responses.json
データが保存されました: ./output/gpt/zero_shot/responses.json (キー: screamradius-1)
------------------------------
評価中のサービス: hashparty
Iteration 1, Total call: 256
**Reasoning**:
- The requirement is for a Twitter hashtag explorer that exposes social graph profiles behind the tweets.
- The key functionality involves:
  - Exploration of hashtags on Twitter.
  - Access to social graph profiles linked to the tweets associated with those hashtags.
- So, the categories needed would likely be:
  - **social**: for social media data and user profile information.
  - Possibly **search** if hashtag search capabilities are separate or specialized.
- Among the available APIs, some possess Twitter hashtag or social graph-related functionality:
  - **tagalus (social)**: Lets you declare and get definitions of Twitter hash tags. Provides access to getting and setting tag definitions.
    - Matches well with hashtag exploration and understanding their meanings.
  - **twitter-streaming (social)**: Provides high-throughput near real-time access to subsets of Twitter data (status updates), filtered by keyword, user id, geographic location, etc. Useful for real-time stream of Twitter data including hashtags.
  - **what-trend (social)**: Provides information about what is trending on Twitter, including explanations of the trends, latest tweets, photos, news stories.
  - **peerindex (social)**: Provides programmatic access to social media analytics and Influence Graph, indicating who influences whom on social platforms.
    - Useful for exposing social graph profiles and influence behind tweets.
  - **twitter (social)**: Historical Twitter API (some functions split now), used to access core Twitter data including status, user info, search, trends.
- Other social APIs such as Facebook Graph or LinkedIn do not fit because requirement focuses on Twitter.
- Combining hashtag exploration with social graph profiles aligns best with:
  - hashtag definitions/explanations: tagalus, what-trend
  - Twitter data access/streaming for tweets with hashtags: twitter-streaming
  - Social graph/influence: peerindex
- Therefore, recommending all social APIs related to Twitter hashtags and social graph would best fit the requirement.
  
**Conclusion**:  
- Recommend categories: ['social', 'search']  
- Recommend All matched APIs: ['tagalus', 'twitter-streaming', 'what-trend', 'peerindex']
./output/gpt/zero_shot/responses.json
データが保存されました: ./output/gpt/zero_shot/responses.json (キー: hashparty-1)
------------------------------
評価中のサービス: hello-world
Iteration 1, Total call: 257
**Reasoning**:  
The user wants to create a mashup integrating HelloSalut and Google Maps functionalities. Let's analyze the components:

1. **HelloSalut**:  
   - According to the Available APIs list, Hello Salut is a service that allows users to greet online visitors in their native languages. This involves language detection based on either a visitor's language or IP address.  
   - The relevant category for HelloSalut is **language** because this service deals with greeting in native languages and detecting languages.

2. **Google Maps**:  
   - The user specifically mentioned "Google Maps," so we should consider APIs that provide Google Maps capabilities.  
   - From the Available APIs, the original "google-maps" API is deprecated and split into multiple specialized APIs such as Google Maps Places, Google Maps Geocoding, Google Maps Elevation, Google Static Maps, Google Maps Distance Matrix, etc.  
   - For a general mashup involving basic Google Maps functionality (such as displaying maps, markers, routes), the relevant recommended Google Maps APIs would be:  
     - `google-maps-places` (for information about places, search on map locations)  
     - `google-maps-geocoding` (to convert addresses to coordinates and vice versa)  
     - `google-static-maps` (to get static map images)  
     - `google-maps-elevation` (for elevation data)  
     - `google-distance-matrix` (for travel distances and time)  
   - However, since user only explicitly mentions "Google Maps" and no further detail, the most directly relevant API is `google-maps-places` or `google-maps-geocoding` for location and map functionalities.  
   - Since `google-maps` is deprecated and we have specific newer APIs, we should recommend these newer Google Maps APIs.

3. **Combining HelloSalut + Google Maps**:  
   - The mashup probably intends to detect visitor location/language and display some map-related information accordingly. This would combine the language detection/greeting capabilities of HelloSalut with location and map display/search from Google Maps APIs.  
   - Therefore, the categories required would be **language** (for HelloSalut) and **mapping** (for Google Maps).  
   - The exact API for HelloSalut is `hello-salut` in the language category.  
   - The suitable Google Maps APIs are `google-maps-places`, `google-maps-geocoding`, and optionally `google-static-maps` for imagery. Including these APIs will provide comprehensive Google Maps integration including places data, geocoding (convert addresses to lat/lon), and displaying static maps.

**Conclusion**:  
- Recommend categories: ['language', 'mapping']  
- Recommend All matched APIs: ['hello-salut', 'google-maps-places', 'google-maps-geocoding', 'google-static-maps']
./output/gpt/zero_shot/responses.json
データが保存されました: ./output/gpt/zero_shot/responses.json (キー: hello-world-1)
------------------------------
評価中のサービス: wines-and-times
Iteration 1, Total call: 258
**Reasoning**:  
The user requests to create a custom winery tour mashup in the U.S., involving wineries, winery events, wine festivals, and wine trails (over 3,200 entries). The service should provide detailed winery contact info and printable Google directions.

Key components needed based on requirements:  
1. Winery data - location, contact info, details.  
2. Winery events and wine festival info.  
3. Wine trails - geographic routes and places of interest for tours.  
4. Mapping and directions with printable output (Google directions preferred).  
5. Possibly event ticketing or booking if including winery events and festivals.  

From available categories and APIs:  
- **travel**: for events and travel data related to winery and festivals. APIs like Eventbrite or Eventful can provide event data, but not necessarily winery-specific.  
- **events**: APIs like Eventbrite or Eventful specialize in event info, that may include wine festivals.  
- **mapping**: essential for winery locations and directions. Google Maps related APIs (Google Directions, Google Maps Places, Google Maps Geocoding) and Bing Maps APIs offer mapping, geolocation, route directions, and static or dynamic maps.  
- **business** or **reference**: potentially for winery data or business profiles. However, no explicit winery dataset API is listed. If no direct winery API, using geographic place APIs to map wineries could suffice.   
- **ecommerce** or **payments** might be required if bookings or tickets are handled, but not explicitly requested here.  
- **calendar** or **booking**: if event scheduling or reservations are needed, though not explicitly required in this requirement.  
- **printable directions**: Google Directions or Bing Routes API can provide directions data for printing.

API matches from the list:  
- **google-directions** (Category: mapping) - provides directions between locations, supports waypoints for wine trails.  
- **google-maps-places** (Category: mapping) - to get detailed info about wineries as places (establishments).  
- **bing-maps-search** / **bing-maps-routes** / **bing-maps-geocode-dataflow** (Category: mapping) - alternative or additional mapping, search, route creation.  
- **eventbrite** (Category: events) - access to event listings, could include wine festivals or winery event data.  
- **eventful** (Category: events) - global event database, could find relevant winery events or festivals.  
- **yelp-fusion** (Category: recommendations) - can be used for winery reviews and some business info for wineries.  
- **travel-iq** (Category: travel) - offers hotel and flight info, less relevant for winery tour itself.  
- **openweathermap** or **aerisweather** (weather data) might be good to include weather info for the tour, but are optional.  
- **google-maps-geocoding** or **mapquest-geocoding** - helpful to convert winery addresses into coordinates for mapping.

No explicit wineries database API is listed, so the mashup might rely on:  
- Using Google Places API or Bing Maps Search for winery place info (business name, contact details, location).  
- Using Events APIs (Eventbrite, Eventful) for winery event data.  
- Using Directions API to build printable tour routes among wineries.

**Conclusion**:  
Recommend categories: ['mapping', 'events', 'travel', 'recommendations']  
Recommend All matched APIs: ['google-directions', 'google-maps-places', 'bing-maps-search', 'bing-maps-routes', 'bing-maps-geocode-dataflow', 'eventbrite', 'eventful', 'yelp-fusion']
./output/gpt/zero_shot/responses.json
データが保存されました: ./output/gpt/zero_shot/responses.json (キー: wines-and-times-1)
------------------------------
評価中のサービス: jamzee
Iteration 1, Total call: 259
**Reasoning**:  
The requirement is to create YouTube playlists with favorite music or videos, import them into iTunes, share with friends, and post them to social platforms like MySpace or Facebook. So, the service involves managing video/music playlists, interacting with social media for sharing, and potentially importing into music applications.

1. Creating YouTube playlists and managing videos fits into the **video** and **music** categories and involves YouTube API mainly.  
2. Importing playlists into iTunes likely needs access to iTunes data or playlist management. iTunes app store search API may help to some extent but not for playlist import directly. However, YouTube API can be used to manage videos.  
3. Sharing on social platforms like MySpace or Facebook requires social APIs that allow reading/writing posts or sharing media.

Given these, the relevant categories are:  
- Video  
- Music  
- Social  

Matching APIs:  
- **youtube** (video): To create and manage YouTube playlists and videos.  
- **facebook** or **facebook-graph** (social): To enable sharing playlists on Facebook. Facebook Graph API is the modern equivalent.  
- **myspace** (social): To integrate with MySpace for sharing.  
- Possibly **itunes-and-itunes-connect** (other) or **itunes-app-store-search** (media) to interact with iTunes or find content, though no specific API listed for importing playlists into iTunes; likely this step would be more manual or require user-side import.  
- For music data and recommendations: APIs like **lastfm** or **spotify-web** exist but not explicitly required unless building music discovery.  
- **tumblr**, **linkedin**, or other social APIs could be useful for social sharing but MySpace and Facebook were explicitly mentioned.  

**Conclusion**:  
Recommend categories: ['video', 'music', 'social']  
Recommend All matched APIs: ['youtube', 'facebook-graph', 'myspace']
./output/gpt/zero_shot/responses.json
データが保存されました: ./output/gpt/zero_shot/responses.json (キー: jamzee-1)
------------------------------
評価中のサービス: search-and-map-wiki
Iteration 1, Total call: 260
**Reasoning**:

The mashup described is a "Geo-wiki" that helps users map Wikipedia entries. This indicates the need to work with:

1. Wiki or encyclopedia content: to access Wikipedia articles and their metadata.
2. Mapping and geolocation: to display geographic locations and map data corresponding to Wikipedia entries.
3. Possibly geographic search/indexing: to locate Wikipedia content spatially.

Given the available categories and APIs, the main focus should be on categories providing:

- Wiki content (for Wikipedia data).
- Mapping (for maps and geospatial data).
  
APIs to consider:

- Wikipedia API ([api name: wikipedia, Category: reference]): unoffical Wikipedia API, offering access to Wikipedia data content. Since Wikipedia content is required and the API supports text and structured content access, this is essential.

- WikiLocation API ([api name: wikilocation, Category: wiki]): specifically built to search Wikipedia articles by location; provides geocoded Wikipedia entries. It supports REST and returns data in XML, JSON, or JSONP. This API explicitly maps Wikipedia articles by geographic location, making it highly suitable for the Geo-wiki mashup.

- Mapping APIs: To display the Wikipedia entries on a map, we need a mapping API. Options include:

  - OpenStreetMap ([api name: openstreetmap, Category: mapping]): supports accessing raw map data, modifiable and free, good for open mapping.

  - Google Maps or derivatives are deprecated or split into multiple APIs, but some related APIs are available:
  
    - Bing Maps APIs ([api name: bing-maps, Category: mapping], [api name: bing-maps-search]): allow geolocation and mapping.
  
  - Mapbox ([api name: mapbox, Category: mapping]): interactive maps with embedding support.
  
  - MetaLocator ([api name: metalocator, Category: mapping]): feature-rich mapping and locator service, can be used for location directories which may be useful for mapping Wikipedia articles.
  
These mapping APIs can be used to visualize geocoded Wikipedia entries on a map.

No mention is made of the need for advanced location services like geocoding per se (address to lat/long), but can be useful depending on the app's features.

**Conclusion**:

- Recommend categories: ['wiki', 'mapping', 'reference']

- Recommend APIs: ['wikipedia', 'wikilocation', 'openstreetmap', 'mapbox', 'bing-maps']

Note: The main APIs are wikilocation (for geocoded Wikipedia articles) and wikipedia (for Wikipedia content access). The mapping category APIs are needed to display these articles on a map.

# Final recommendation

**Recommend categories**: ['wiki', 'mapping', 'reference']

**Recommend all matched APIs**: ['wikilocation', 'wikipedia', 'openstreetmap', 'mapbox', 'bing-maps']
./output/gpt/zero_shot/responses.json
データが保存されました: ./output/gpt/zero_shot/responses.json (キー: search-and-map-wiki-1)
------------------------------
評価中のサービス: mapyou
Iteration 1, Total call: 261
**Reasoning**:

The requirement specifies MAPyou as a mashup for location-based services, with a reference to Sony-Ericsson phones allowing the use of the MAPyou app.

- "Location-based services" generally involve mapping, geo-location, or navigation functionalities.
- The key terms to look for: "location," "mapping," "geolocation," "place information," "coordinates," "addresses," etc.
- The MAPyou app mentions location-based services for mobile phones, likely integrating maps, points of interest, and geo-data.

Given the available categories and APIs:

- The "mapping" category is the most relevant because it directly involves mapping and geolocation.
- Other possible categories like "location" or "internet-things" or "mobile" don't exist explicitly except "location" but only one API under "location."
- Here, the "mapping" category has many APIs, including:
  - bing-maps-search, bing-maps-locations, google-maps-places, bing-maps, google-geocoding, mapquest, openstreetmap, among others.
- For the MAPyou app specifically, an identical API is not explicitly listed, but the requirement is to recommend suited categories and APIs related to location-based services.
- Therefore, selecting key mapping APIs that offer geocoding, place search, map data, geolocation, and directions is appropriate.

No specific APIs mention Sony-Ericsson or MAPyou directly.

Hence, the recommendation is for the category "mapping" and related APIs that enable handling locations and maps.

**Conclusion**:

- Recommend categories: ['mapping']
- Recommend All matched APIs: [
  'bing-maps-search',
  'bing-maps-locations',
  'google-maps-places',
  'bing-maps',
  'google-geocoding',
  'mapquest',
  'openstreetmap',
  'google-maps-elevation',
  'bing-maps-routes',
  'google-maps-geolocation',
  'mapquest-open-directions',
  'google-distance-matrix',
  'bing-maps-geocode-dataflow',
  'your-mapper',
  'quova',
  'smart-ip-geo-ip',
  'geonb',
  'geograph',
  'yahoo-internet-location-platform',
  'yahoo-geoplanet',
  'geoloqi',
  'telize',
  'google-latitude',
  'microsoft-bing-maps',
  'arcweb',
  'decarta',
  'metalocator',
  'google-maps-geocoding',
  'google-maps-places'
]
./output/gpt/zero_shot/responses.json
データが保存されました: ./output/gpt/zero_shot/responses.json (キー: mapyou-1)
------------------------------
評価中のサービス: all-information-network
Iteration 1, Total call: 262
**Reasoning**:  
The requirement is to create a mashup that provides information about local events. This mashup needs to utilize event data and mapping services to display event locations on maps. Based on the available categories and APIs:

1. For event data, we look under the "events" category. Two prominent APIs matching this category and requirement are:  
   - **Eventful**: It is known as the world's largest collection of events with a comprehensive API to search and retrieve event and venue information.  
   - **Eventbrite**: Also provides extensive event data, including creating users and events, getting attendee and venue details. However, the prompt only mentions Eventful explicitly, so Eventful is directly relevant.

2. For mapping services, to display event locations geographically, multiple mapping APIs are available, but most notably:  
   - **Google Maps Places API**: Provides information about geographic locations, establishments, and points of interest at specific lat/long. Since the requirement mentions Google Maps explicitly, this API is essential.  
   - Other mapping APIs like Bing Maps Search, MapQuest, OpenLayers etc. are available, but since Google Maps is specifically listed in the requirements, Google Maps Places API is most relevant.

3. The mashup should combine both these APIs to provide event information with location details and maps.

Therefore, the mashup should utilize the "events" and "mapping" categories mainly, and the APIs should be "Eventful" and "Google Maps Places".

**Conclusion**:  
- Recommend categories: ['events', 'mapping']  
- Recommend All matched APIs: ['eventful', 'google-maps-places']
./output/gpt/zero_shot/responses.json
データが保存されました: ./output/gpt/zero_shot/responses.json (キー: all-information-network-1)
------------------------------
評価中のサービス: wifi-and-plugs-0
Iteration 1, Total call: 263
**Reasoning**:

The app focuses on showing locations in London that provide Wi-Fi and plugs, with data sourced from Import.io and user-submitted entries. It also takes MapBox, Google Docs, and Import.io and combines them to create a useful tool.

To accurately recommend categories and APIs that match this requirement, consider the following:

1. **Mapping Category**:
   - The app displays locations on a map (London locations with Wi-Fi and plugs).
   - MapBox is explicitly mentioned as one of the integrated mapping technologies.
   - The mapping API would need to support displaying locations, possibly geocoding, and visualization.

2. **Data-Mining Category**:
   - Import.io is used as a data source. Import.io is a web data extraction and mining service.
   - Since the app relies on Import.io for data sourcing, this category is important.

3. **Spreadsheets or Office Category**:
   - Google Docs is mentioned, likely as a source of structured data or for data management.
   - Google Docs API is part of the Office category or Spreadsheets category (if treating Google Sheets separately).
   - The API for Google Docs or Google Sheets could be relevant.

4. **Wi-Fi Category**:
   - The theme of the app is to find Wi-Fi and plug locations.
   - There is an available "wi-fi" category with the "open-garden" API, although the description is about sharing internet and increasing speed without changing settings, not specifically about finding locations.
   - Since the app uses MapBox and Import.io for data, and user-submitted entries, a specific Wi-Fi API might not be necessary unless looking for real-time Wi-Fi hotspots or similar.

5. **Storage or Backend** (Optional consideration):
   - Possibly for storing user-submitted entries.
   - This is not explicitly mentioned in the requirements, so not necessarily recommended.

6. **Recommendations**:
   - Categories: mapping (core for geolocation and map rendering), data-mining (to retrieve and parse location data through Import.io), office or spreadsheets (for Google Docs integration).
   - Specific APIs: Mapbox API (mapping), Import.io API (data-mining), Google Docs API (part of Office).

**Conclusion**:
- Recommend categories: ['mapping', 'data-mining', 'office']
- Recommend All matched APIs: ['mapbox', 'importio', 'google-drive'] 

(Note: Google Docs API per the data is part of Google Drive API or Google Docs, but since "google-drive" is listed under storage with a web API for Google Drive including files like Google Docs, recommending 'google-drive' is appropriate.)
./output/gpt/zero_shot/responses.json
データが保存されました: ./output/gpt/zero_shot/responses.json (キー: wifi-and-plugs-0-1)
------------------------------
評価中のサービス: airporthotels
Iteration 1, Total call: 264
**Reasoning**:  
The requirement is for a free hotel comparison service focused on hotels near UK airports. This clearly indicates that the service is related to travel and accommodation bookings. The mention of integration with the sletoh.com API offers a clue that this API is relevant and suitable for the needs, as sletoh.com provides hotel price comparison data from multiple travel websites.

Breaking down the thought process:  
- The service is about **hotel comparisons** near specific geographic locations (airports). This means it involves travel and potentially booking-related information.  
- The primary category that fits this service is **travel**, as hotels near airports and hotel booking/search are core travel functionalities.  
- Next is to find the available APIs related to travel and specifically to hotel bookings/comparisons. Among the available APIs, **sletohcom** is described as a service comparing prices from 15 hotel websites including Hotels.com, HotelClub, and ebookers, suitable for building a hotel comparison app with real-time hotel pricing data via XML API.  
- Since the service AirportHotels.com integrates with the sletoh.com API, it confirms that **sletohcom** is an appropriate and matched API.

**Conclusion**:  
- Recommend categories: ['travel']  
- Recommend All matched APIs: ['sletohcom']
./output/gpt/zero_shot/responses.json
データが保存されました: ./output/gpt/zero_shot/responses.json (キー: airporthotels-1)
------------------------------
評価中のサービス: expressi
Iteration 1, Total call: 265
**Reasoning**:  
The requirement describes a service named "Expressi" that helps determine which item is most emotionally and personally relevant to a user. It adapts recommendations based on user mood and also considers friends' personalities to suggest relevant products. The key aspects of such a service include:  
- Emotional and personal relevance: This implies sentiment analysis or mood detection and personalized recommendations based on personality traits or current emotional status. Thus, APIs related to sentiment, natural language processing, social data, and recommendations are likely relevant.  
- Searching through Amazon products: Suggests the need for product search APIs, specifically those that provide access to Amazon product data or a similarly rich e-commerce product catalog.  
- Showing mood changes in recommendations: This implies some form of emotion recognition, sentiment analysis, or related analytics on user input or behavior.  
- Setting friends' personalities and recommending accordingly: This points to accessing social or personality data, possibly social network APIs or APIs offering influence or personality insights.  

Based on these considerations, the following categories are relevant:  
- ecommerce: To access Amazon product data or similar product catalogs to make recommendations based on searches.  
- natural-language-processing: For analyzing text or inputs to detect mood or sentiment and tailor recommendations.  
- sentiment: To detect or analyze emotions in user input to adapt recommendations dynamically to mood changes.  
- recommendations: To deliver personalized product suggestions based on mood, personality, and prior data.  
- social: To set friends’ personalities and leverage social data to influence recommendations.  

Matching APIs from the available list:  
- For Amazon products: "amazon-product-advertising" (eBay also but Amazon is specifically mentioned).  
- For sentiment analysis: "getsentiment" API provides keyword extraction, topical categorization and aspect-based sentiment analysis.  
- For natural language processing: "rxnlp-text-similarity" (analyzing text similarity), "datumbox" (machine learning & NLP functions), "dialogflow-standard-webhooks" (conversational interfaces) can be considered.  
- For recommendations based on user preferences/moods/social context: "yelp-fusion" (business reviews), "trakt.tv" (recommendations for movies/TV), "peerindex" or "fullcontact-person" (social influence/personality data), "tagalus" (social hashtag meanings).  
- For ecommerce product search and recommendation: "amazon-product-advertising".  
- For social data about friends: "facebook-graph", "linkedin", "twitter", "buffer", "tagalus", "peerindex", "nationbuilder", "yelp-fusion", "plancast" - any which supports reading personality or social info.  

However, since the requirement focuses on Amazon product search and personalized recommendations driven by mood and personality settings, the main matched APIs are:  
- amazon-product-advertising (product search & details)  
- getsentiment (sentiment analysis)  
- datumbox (NLP & sentiment classification)  
- peerindex (social influence, personality insights)  
- tagalus (social hashtag meaning, social context data)  
- fullcontact-person (personality/social profile data)  

These APIs combined support product search, mood/emotion analysis, personality/social data ingestion, and personalized recommendations.

**Conclusion**:  
- Recommend categories: ['ecommerce', 'sentiment', 'natural-language-processing', 'recommendations', 'social']  
- Recommend All matched APIs: ['amazon-product-advertising', 'getsentiment', 'datumbox', 'peerindex', 'tagalus', 'fullcontact-person']
./output/gpt/zero_shot/responses.json
データが保存されました: ./output/gpt/zero_shot/responses.json (キー: expressi-1)
------------------------------
評価中のサービス: invoicing-time-entries-mite-billomat
Iteration 1, Total call: 266
**Reasoning**:

1. The requirement is to import times tracked via "mite" into the billing tool "billomat."

2. The "mite" API is available under the category "office," described as an online time tracking tool with APIs that allow tracking time, customers, projects, and services.

3. The "billomat" API is available under the category "financial," described as a web-based billing service that allows users to create offers, invoices, and manage customers. Its API uses RESTful interface and is suitable for integration into other applications.

4. The main categories involved are "office" (for time tracking) and "financial" (for billing/invoicing).

5. The integration would require pulling time tracking data from mite and pushing it or syncing it with billomat's billing/invoicing system.

**Conclusion**:  
- Recommend categories: ['office', 'financial']  
- Recommend matched APIs: ['mite', 'billomat']
./output/gpt/zero_shot/responses.json
データが保存されました: ./output/gpt/zero_shot/responses.json (キー: invoicing-time-entries-mite-billomat-1)
------------------------------
評価中のサービス: videojournal.me
Iteration 1, Total call: 267
**Reasoning**:  
The requirement is to use the Twilio and Twilio SMS APIs to connect people using webcams. We need to recommend relevant API categories and the APIs that fit this purpose.

1. The core platform mentioned is Twilio, which is known for telephony, SMS, voice, and video communications APIs.
2. The Twilio API category here is "telephony," and the Twilio SMS API is under "messaging".
3. The use case "connect people using webcams" involves real-time communication through video and audio over the internet. That functionality is typically offered by telephony/communications platforms.
4. Twilio provides telephony and messaging services which can be used to connect people, including via SMS and voice/video calls using their platform.
5. The Messaging category includes Twilio SMS, which lets users send and receive SMS messages.
6. Telephony category includes the broader Twilio API for voice calls and other telephony features.
7. While the requirement emphasizes "webcams," the available APIs from Twilio do not explicitly list a video calling API here, but Twilio offers real-time voice and video calling capabilities that can be integrated.
8. Therefore the best matching categories are telephony (for API that manages voice/video calls) and messaging (for SMS communication).
9. The specific APIs recommended based on the requirement are "twilio" API (telephony) and "twilio-sms" API (messaging).

**Conclusion**:  
- Recommend categories: ['telephony', 'messaging']  
- Recommend All matched APIs: ['twilio', 'twilio-sms']
./output/gpt/zero_shot/responses.json
データが保存されました: ./output/gpt/zero_shot/responses.json (キー: videojournal.me-1)
------------------------------
評価中のサービス: dynamic-insights
Iteration 1, Total call: 268
**Reasoning**:  
The requirement is for the Dynamic Insights platform by Zrillo, which integrates data from small business applications to provide accountants, advisors, franchises, and small business owners with comprehensive dashboards featuring over 60 widgets. The key aspects to consider include:  
- Focus on small business apps: accounting, financial data, payments, sales, invoicing, and business management.  
- Use of dashboards and widgets implies a need for analytics and reporting data.  
- Support for franchises and advisors suggests business-related APIs and tools that handle business data, financials, accounting, and possibly payments.  
- Widgets may also need to fetch project management or CRM data for a comprehensive view of business operations.  
- The platform is aggregating data, so APIs supporting integration with diverse business tools are relevant.

Based on this:  
1. **Categories to recommend**:  
- **accounting**: Crucial for managing financial data from small business apps.  
- **financial**: To handle invoices, payments, and other financial data.  
- **payments**: To integrate payment processing and transactions data for comprehensive reporting.  
- **business**: Covers APIs that provide business-related data and functionality.  
- **analytics**: To provide dashboards with insights and reports based on aggregated data.  
- **project-management** (potentially useful for business operations insight).  
- **reporting** (for generating business reports if available).  

2. **APIs matching the categories and small business focus**:  
- **freshbooks** (financial): invoicing, clients, accounting for small businesses.  
- **xero** (financial/accounting): online accounting system for small businesses.  
- **myob-accountright-live** (financial/accounting): bookkeeping and accounting for Australian businesses.  
- **quickbooks-payments** (payments): process payments and integrate with QuickBooks.  
- **stripe** (payments): online payment platform popular with SMBs and developers.  
- **kounta** (payments): point of sale for retail and hospitality, SMB focus.  
- **harvest** (project-management): time tracking, projects, clients, users, tasks. Useful for advisors to get insight on projects and billing.  
- **sap-anywhere** (business): platform for integrating with business data APIs.  
- **lightspeed-retail** (sales): inventory and sales management for retail.  
- **tradegecko** (enterprise/business): inventory and order management for SMBs.  
- **basecamp** (project-management): project collaboration tool, communication.  
- **galileo** (analytics): real-time logs for APIs and microservices, useful for analytics dashboards.  
- **google-analytics-core-reporting**, **mixpanel**, **kissmetrics**, and **new-relic** (analytics): useful for tracking and analyzing user behavior and performance metrics.  
- Possibly **mailchimp**, **campaign-monitor** (email marketing), if the platform tracks marketing data.  
- **workflowmax** (office/project-management/accounting): integrates invoicing, quotes, purchase orders, reports.  

Given the requirement focuses on small business apps and providing a full business view with analytics in dashboards, these APIs cover relevant domains.

**Conclusion**:  
- Recommend categories:  
  ['accounting', 'financial', 'payments', 'business', 'analytics', 'project-management', 'reporting']  

- Recommend All matched APIs:  
  ['freshbooks', 'xero', 'myob-accountright-live', 'quickbooks-payments', 'stripe', 'kounta', 'harvest', 'sap-anywhere', 'lightspeed-retail', 'tradegecko', 'basecamp', 'galileo', 'google-analytics-core-reporting', 'mixpanel', 'kissmetrics', 'new-relic', 'mailchimp', 'campaign-monitor', 'workflowmax']
./output/gpt/zero_shot/responses.json
データが保存されました: ./output/gpt/zero_shot/responses.json (キー: dynamic-insights-1)
------------------------------
評価中のサービス: instrument-wire
Iteration 1, Total call: 269
**Reasoning**:  
The user wants to list used musical instruments for sale, including guitars and other instruments, for free. This requirement mainly indicates the need for an e-commerce or marketplace category that supports listing and possibly searching musical instrument products. Since they mention listing guitars or other instruments, the category should support catalogs of products or items, preferably with the ability to handle used items.

1. The "ecommerce" category fits perfectly as it covers online marketplaces and retail platforms for selling products, including musical instruments.

2. The "music" category might also be relevant for APIs that provide music-related data, artists, or songs, but the user's requirement is specific to selling instruments, not music itself, so "music" category APIs might not be directly relevant for listing instruments for sale.

3. The "products" or "shopping" related categories could be appropriate, but from the provided categories, "ecommerce" best fits the selling and listing aspect.

Now, considering available APIs:  

- Shopify Admin API ("shopify-admin") and other ecommerce APIs such as WooCommerce ("woocommerce"), Magento ("magento-soap"), BigCommerce ("bigcommerce"), Etsy ("etsy"), and others provide comprehensive product management capabilities including listing products for sale.

- However, none of these specifically target musical instruments or used musical instruments as a niche, but they allow listing any kind of product, which works well for guitars and other musical instruments.

There are no APIs explicitly labeled as musical instrument marketplaces. Therefore:

- Recommend ecommerce category and popular ecommerce APIs that allow product listings (which would include guitars and musical instruments).

- Also, the “music” category has APIs for music data but not for selling musical instruments; since the requirement is about selling/listing instruments, it is more appropriate to focus on ecommerce APIs.

**Conclusion**:  
Recommend categories: ['ecommerce']  
Recommend All matched APIs: ['shopify-admin', 'woocommerce', 'magento-soap', 'bigcommerce', 'etsy', '3dcart', 'pinnaclecart-rest', 'walmart-open', 'zolando']  

(Note: Since 'zolando' is not in the available APIs list, exclude it. Therefore, final matched APIs are specifically from the list above that enable e-commerce product listings.)  

Based on the available APIs and the goal, these ecommerce APIs are the best match for listing guitars or musical instruments used for sale.
./output/gpt/zero_shot/responses.json
データが保存されました: ./output/gpt/zero_shot/responses.json (キー: instrument-wire-1)
------------------------------
評価中のサービス: unofficial-tupalo-widget
Iteration 1, Total call: 270
**Reasoning**:  
We want to create a Netvibes UWA widget that does two main things:  
1. Search for tags on Tupalo.com  
2. View the matching locations on a map  

Breaking down the requirements:  

- **Netvibes UWA widget**:  
  Netvibes UWA (Universal Widget API) is a widget framework for creating web widgets that can be integrated within Netvibes or other platforms. We are looking for an API that supports or integrates well with Netvibes UWA standards or APIs. The Netvibes category covers the UWA widget APIs or frameworks.

- **Search for tags on Tupalo.com**:  
  Tupalo.com is a social mapping platform with shared local information, places etc. Here, the requirement is to perform search queries against Tupalo data by tags.

- **View matching locations on a map**:  
  Once search results are retrieved, those should be displayed on a map.

Putting this together, we need:  
- An API that supports or facilitates building UWA widgets — the `netvibes` category is relevant here. The description for Netvibes says: "UWA (Universal Widget API) is the next generation of the Netvibes widget API... build widgets for a host of environments".  
- A suitable API that provides location data and tags search for Tupalo or similar social/local data. However, from the available APIs, there is no direct "Tupalo" API listed. So next checking for matching APIs that support tag search on locations or social local data.  
- Alternatively, Tagalus API (category: social) allows declaring the meaning of Twitter hashtags, letting users add and view tags. But this is for Twitter tags, not Tupalo.  
- Another option is the `tagalus` social API for tag definitions, but this is Twitter tags, not Tupalo.  
- The category `social` may have APIs for tag searching or social location tagging, but no Tupalo API is listed.  
- However, since the requirement specifically calls for tags on Tupalo.com, which is not listed directly, we may need to rely on Netvibes UWA APIs to build the widget and an external mapping API to display the locations, plus utilize any social or tag APIs as a substitute or integration point if possible.

Regarding maps, the best options are from the `mapping` category:  
- Netvibes itself supports web widgets and can be integrated with mapping APIs like Google Maps or others.  
- `google-maps-places` API: returns info about places and supports autocomplete queries, including location data. Could serve to display locations found by tags, if integrated.  
- `bing-maps-search`: allows search queries about location data with filters, potentially to show places on a map.  
- `mapquest` or `mapbox` also provide mapping APIs.  

Since the main concern is to build a widget on Netvibes that searches Tupalo tags and shows results on a map, the best approach is:  

- Use the **Netvibes UWA widget framework (Category: widgets / netvibes)** to create the widget.  
- Use a suitable **mapping API** like Google Maps Places or Bing Maps Search to show locations on a map inside the widget.  
- For searching tags on Tupalo.com, since there is no direct Tupalo API available, the widget might need to use Tupalo's own public API or data feed if accessible outside this list. If no API is listed, the user may need to manually access Tupalo.com’s services or scrape data (which is out of scope here). Alternatively, if Tupalo’s API supports tags search and can be integrated within a web widget (not listed here), that would be part of the widget.

**In summary**:  
- Category for UWA widget: `widgets` (Netvibes UWA API)  
- Category for mapping: `mapping` (e.g., google-maps-places, bing-maps-search)  
- Category for tag or social search: If no Tupalo API is available, no direct API can be recommended, but social tag APIs like `tagalus` if Twitter tag support is okay.  

**Conclusion**:  
- Recommend categories: ['widgets', 'mapping']  
- Recommend all matched APIs: ['netvibes', 'google-maps-places', 'bing-maps-search']
./output/gpt/zero_shot/responses.json
データが保存されました: ./output/gpt/zero_shot/responses.json (キー: unofficial-tupalo-widget-1)
------------------------------
評価中のサービス: beanatomics-traffic
Iteration 1, Total call: 271
**Reasoning**:
The requirement is to link traffic information from the Yahoo Traffic site and place the locations on a Virtual Earth map.

1. The Yahoo Traffic site is related to traffic alerts and incidents data. We need an API that provides traffic information from Yahoo.
2. The map should be a Virtual Earth map, which is Microsoft’s Bing Maps platform.
3. Therefore, we need to select API(s) which provide:
   - Traffic data from Yahoo: Looking through the available APIs, "yahoo-traffic" API provides traffic alert information from Yahoo! with support for location-based queries and traffic incidents.
   - Map display and mapping capabilities: The term "Virtual Earth" is historically related to Bing Maps by Microsoft. From the available APIs, "bing-maps" API corresponds to the Bing Maps REST Services which can create maps, routes, overlays, and has traffic info support.

4. Hence, the mashup should combine the "yahoo-traffic" API for traffic information and the "bing-maps" API for map rendering.

**Conclusion**:
- Recommend categories: ['travel', 'mapping']
- Recommend All matched APIs: ['yahoo-traffic', 'bing-maps']
./output/gpt/zero_shot/responses.json
データが保存されました: ./output/gpt/zero_shot/responses.json (キー: beanatomics-traffic-1)
------------------------------
評価中のサービス: booli.se
Iteration 1, Total call: 272
**Reasoning**:
- The requirement is for a Swedish real estate search engine.
- The primary focus should be in the "real-estate" category, as this directly relates to real estate data, listings, and search functionality.
- Within the Available APIs, there are a few real-estate related options that mention Swedish or international real estate data.
- Specifically, the "booli" API is described as a Swedish real estate search portal with a RESTful API returning JSON formatted data. This matches the requirement precisely.
- Another API is "nestoria" which is a vertical search engine for property in the UK and Spain, so it is not applicable since it doesn't cover Sweden.
- "realtybaron-answers" provides a Q&A service for real-estate but does not provide actual listings or search data itself.
- "walk-score" calculates walkability of an address in the U.S., so it's irrelevant for Sweden.
- Zillow is a U.S. based real estate API, so not applicable here.
- Hence, the best and most suitable API to fulfill the requirement is "booli".
- The "real-estate" category is the relevant category.

**Conclusion**:
- Recommend categories: ['real-estate']
- Recommend All matched APIs: ['booli']
./output/gpt/zero_shot/responses.json
データが保存されました: ./output/gpt/zero_shot/responses.json (キー: booli.se-1)
------------------------------
評価中のサービス: my-twitter-thrutu
Iteration 1, Total call: 273
**Reasoning**:
The requirement is to share Twitter feeds with the person you're talking to on the phone. This involves integrating functionality that:

1. Accesses Twitter feeds or data (retrieving tweets, user information, timelines, etc.).
2. Has telephony or phone call integration to connect with the phone conversation.

Given this, the mashup service should combine social media API(s) that provide access to Twitter data and telephony API(s) that support voice communication capabilities or phone interactions.

- For Twitter data, the category is "social" and for feeds or Twitter data specifically, "social" category with APIs related to Twitter or Twitter-like services.

- For telephony or phone conversation integration, the category "telephony" with APIs that allow call handling, voice messaging, SMS, or similar telephony features.

By scanning the available categories and APIs relevant to these functionalities:

**Social / Twitter related APIs:**
- twitter-streaming (social): For accessing various subsets of Twitter data in real-time.
- twitter (social): Historical note - now split to multiple APIs; some may be obsolete.
- tagalus (social): Twitter hashtag related but limited to hashtags.
- social related APIs like twitter-streaming are best suited.

**Telephony APIs for phone integration:**
- twilio (telephony): A popular API for voice and SMS communication integration.
- plivo (telephony): Telephony platform for call making and receiving.
- spokenbuzz (telephony): Voice portal with voice message recording.
- telapi (telephony): SMS and voice features.
- tropo-scripting (telephony): For building phone and SMS apps.

A combination of a Twitter API (preferably a current one like twitter-streaming) + a telephony API (best choice is Twilio for broad voice functionalities) would enable sharing Twitter feeds in a phone conversation.

**Conclusion**:
- Recommend categories: ['social', 'telephony']
- Recommend All matched APIs: ['twitter-streaming', 'twilio']
./output/gpt/zero_shot/responses.json
データが保存されました: ./output/gpt/zero_shot/responses.json (キー: my-twitter-thrutu-1)
------------------------------
評価中のサービス: san-diego-school-pal
Iteration 1, Total call: 274
**Reasoning**:

The mashup requirements describe a service called "San Diego School Pal" that integrates three major components:

1. A **map view** of San Diego showing school district boundaries for elementary, high school, and unified schools.
2. Overlaying **school district crime statistics** data from 2011 as well as Megan's Law statistics (sex offender registries).
3. Ability to **search by address** to find the relevant school district and view associated data.
4. A **commenting system** to share opinions about school districts (like built-in commenting/social functionality).

Breaking this down:

- **Mapping & Geography Data**:  
  We need mapping APIs that support displaying geographic data (maps with polygons/boundaries), geocoding (address lookup), and perhaps overlays for regions (school districts). Since this is in San Diego, US geographically, mapping APIs covering this region with polygon capabilities are essential.  
  Relevant categories: mapping, geography.

- **Crime Data**:  
  The service uses a 2011 San Diego crime database and Megan's Law statistics. It explicitly mentions crime baseline data and overlays on the map.  
  Relevant categories: government (for crime data APIs), possibly analytics or reporting if advanced processing is needed.

- **Search Functionality**:  
  Searching school districts by user input address requires geocoding and place/region lookup services.  
  Relevant categories: mapping (geocoding), search.

- **Commenting / Social Interaction**:  
  The built-in commenting system to share opinions suggests a need for social or chat API category for managing comments and user interactions.  
  Relevant categories: social, chat.

Checking the available APIs for exact matches based on requirements and categories:

### Mapping APIs (mapping, geography):

- **bing-maps-search**: Allows search-related mapping queries, supports SOAP and XML formatted responses. Good for mapping school districts and searching.  
- **ip2location**: IP geolocation, less relevant here, since user input is an address.  
- **geograph**: Provides geographically representative images and data, but focused on England and Ireland, so no.  
- **yahoo-placemaker**: geo-enrichment for place identification in unstructured content, potentially useful but not the best fit.  
- **google-maps-places**: Place information via lat/lng, good for geocoding and location discovery.  
- **bing-maps-locations**: Provides geocoding functionality for location/address lookup.  
- **mapquest**: Offers mapping platform services including routing, geocoding, and search.  
- **google-geocoding**: Geocoding and reverse geocoding service.  
- **microsoft-bing-maps**: AJAX map control with routing and traffic info; useful for interactive mapping.  
- **your-mapper**: Aggregates local government data, geocodes, keeps data up to date - good for integration with government data like school districts and crime stats if available.  
- **geonb**: Location-specific (New Brunswick, Canada), irrelevant.  
- **openlayers**: JavaScript library for embedding interactive maps; would be a good front-end mapping SDK.  
- **arcweb**: Web services mapping API for web developers, free version for personal use. Could be considered.  

### Crime Data (government):

- **san-francisco-crimespotting**: Crime mapping for San Francisco. While this API is for San Francisco data, it shows that there exists crime stats mapping APIs in the government category. If a similar San Diego crime API is available that would be ideal. None explicitly listed. Possibly can integrate the provided crime database directly if no API is publicly available.  
- **us-census-bureau**: Demographic data, might help with school zones or district data indirectly but less for crime or school boundaries.  
- **uk-street-level-crime**, **datagovuk**, etc., are region-specific and not relevant here.  
- No direct San Diego crime data API is found in the available list.

- Since the crime database is from 2011 San Diego crime data and Megan's Law statistics (sex offender registries), might require local or custom data integration. However, **your-mapper** aggregates local government data from cities across the US and keeps it up to date for developers and entrepreneurs could be useful for supporting overlays of such data.

### Search (search):

- **bing-maps-search**, **google-geocoding**, **google-maps-places** - good for address-based search and geocoding.  
- **yahoo-local-search**: Local business search but can be extended for local searches in general.  
- **primal**: Interest graphs and filtering content, likely not relevant here.  
- **earth911-search**, **open-movie-database**, etc., irrelevant.  
- **easytobook**, **skyscanner-live-pricing**, travel-related, irrelevant.  
- **yummly** (food), irrelevant.

### Social/Commenting (social, chat):

- **tagalus**: Twitter hash tag definitions - unlikely relevant.  
- **plancast**: Event sharing service with social features - less relevant.  
- **facebook-graph, linkedin, twitter-streaming**: General social APIs but possibly overkill here, and might require more complex integration.  
- **quickblox**: Backend platform providing chat, video calling, presence and notifications - could be used for building comments system and user engagement on a lightweight basis.  
- **campfire**: Realtime chat collaboration tool.  
- **uservoice**: Feedback forums and help ticket services - suitable for opinion sharing and commenting system with user feedback management.  
- **disqus**: Webwide discussion community with comments and discussion API - perfectly fits the commenting system requirement.  
- **buffer**: Social media scheduling, probably no.  
- **addthis-services, addthis-analytics**: Sharing and analytics, may complement social part but not for comments per se.  
- **meetup, scoopit, tarpipe, social-share-count**: Social APIs with varying functionality, perhaps less useful than dedicated commenting service.  
- **slack-real-time-messaging, pubnub**: Messaging services, could be options.  
- **mesibo**: Real-time messaging client and server API, may be complex for a commenting system.

### Integration Summary:

- For **mapping and search/locating school districts**:  
   - Use **bing-maps-search** (mapping search), **bing-maps-locations** or **google-geocoding** for address lookup and geocoding.  
   - Use a mapping library such as **openlayers** or **microsoft-bing-maps** or **mapquest** for rendering interactive maps with overlays.  
   - **your-mapper** to integrate local government geographic data if possible.

- For **government crime data**:  
   - We likely need to integrate with local San Diego datasets directly as there's no explicit API.  
   - **your-mapper** might assist with government data aggregation.  
   - Crime mapping API like **san-francisco-crimespotting** is region specific but serves as a good model if available.

- For **commenting system**:  
   - Use **disqus** API for easy embedding and managing comments related to each school district. It is popular and provides built-in moderation and social features.  
   - Additionally or alternatively, **uservoice** for feedback management could be used.

**Conclusion**:

- Recommend categories:  
  `['mapping', 'government', 'search', 'social']`

- Recommend all matched APIs:  
  `['bing-maps-search', 'bing-maps-locations', 'google-geocoding', 'your-mapper', 'openlayers', 'mapquest', 'disqus', 'uservoice']`

These APIs together will allow development of a mashup displaying San Diego school districts on a map with crime data overlays, support searching by address, and provide a social commenting system for users to share opinions about districts.
./output/gpt/zero_shot/responses.json
データが保存されました: ./output/gpt/zero_shot/responses.json (キー: san-diego-school-pal-1)
------------------------------
評価中のサービス: imaneed.com
Iteration 1, Total call: 275
**Reasoning**:  
The requirement is for a real-time classifieds service that involves job and business opportunities shared by users. The key functionalities include:

1. Classifieds platform for job and business listings - this suggests leveraging an ecommerce or jobs-related API that supports listings or classifieds.

2. Receiving text alerts on new submissions - this needs messaging/SMS API capabilities to send SMS notifications to users.

3. To respond, users reply via text message, and the system sets up a call between the two parties - this implies telephony API support with SMS inbound/outbound plus call bridging or call initiation features.

Breaking down the components for the mashup:

- Classifieds data source: Ideally a jobs or ecommerce-related API that supports classified or job listing data. Available APIs that provide job search or job posting features include Indeed and Careerjet (jobs category). Also ecommerce APIs cover product and business listings but are less relevant here. For classifieds, no dedicated classifieds API is listed, but job APIs fit well.

- Messaging API: To send SMS alerts and receive replies. Suitable messaging APIs include Twilio SMS, Clockwork SMS, Mogreet, Vonage Nexmo SMS, and others.

- Telephony API: To place outbound calls and connect two parties, as triggered by SMS responses. Twilio REST API and similar telephony APIs support this.

Given these considerations:

- Jobs category: To provide job listings.

- Messaging category: To send and receive SMS alerts.

- Telephony category: To facilitate calls between the parties.

Specific API recommendations:

- Indeed (jobs): It provides job search and posting service integration.

- Twilio (telephony): Well-known for voice and SMS integration, supports real-time calls and SMS.

- Clockwork SMS or Mogreet or Vonage Nexmo SMS (messaging): APIs for sending bulk and transactional SMS. Twilio SMS also fits in messaging.

Since Twilio supports both telephony and messaging features, it is an ideal unified choice for SMS sending/receiving and call initiation.

For classifieds/business opportunities beyond jobs, no dedicated classifieds API is available in the list, but using a jobs API like Indeed or Careerjet fits. Also ecommerce APIs like Shopify do not fit the classifieds context here.

**Conclusion**:  
- Recommend categories: ['jobs', 'messaging', 'telephony']  
- Recommend All matched APIs: ['indeed', 'twilio']
./output/gpt/zero_shot/responses.json
データが保存されました: ./output/gpt/zero_shot/responses.json (キー: imaneed.com-1)
------------------------------
評価中のサービス: freshbooks-notifier
Iteration 1, Total call: 276
**Reasoning**:
The requirement is for itDuzzit's FreshBooks Notifier, which is a service that sends and receives text and email notifications triggered by FreshBooks events like payments, overdue payments, or disputes. It also mentions a graphical editor that allows creating custom notifications based on specific FreshBooks events.

Breaking down the requirements:
- FreshBooks is primarily an accounting and invoicing platform.
- The service involves notification triggers based on financial/accounting events.
- Notifications are sent through text (SMS) and email.
- Advanced notification rules can be set up for many FreshBooks events.

Therefore, the core categories that fit are:
- financial (FreshBooks is an accounting/financial platform)
- email (for email notifications)
- messaging (for text/SMS notifications)

Matching APIs:
- freshbooks (financial): Directly relevant as it manages the FreshBooks account data.
- mailjet, mailgun, campaign-monitor, constantcontact, sendgrid, gmail, yahoo-mail (email): These provide email sending services/APIs for email notification. Among these, mailjet, mailgun, campaign-monitor, constantcontact, sendgrid are email platform APIs suitable for sending and managing email campaigns and transactional emails.
- clockwork-sms, twilio-sms, vonage-nexmo-sms, pushover-message, postalmethods, mogreet, sms (messaging): These are SMS/text messaging APIs suitable for sending notification texts. The Clockwork SMS API and Twilio SMS API are popular and relevant for sending SMS messages.

Specifically, since the requirement is for a notification system that integrates with FreshBooks events and sends text and email notifications, the best matching APIs are from the freshbooks category (for event data) and email/messaging categories for the notification delivery channels.

**Conclusion**:
- Recommend categories: ['financial', 'email', 'messaging']
- Recommend All matched APIs: ['freshbooks', 'mailjet', 'mailgun', 'campaign-monitor', 'constantcontact', 'sendgrid', 'clockwork-sms', 'twilio-sms', 'vonage-nexmo-sms', 'pushover-message', 'postalmethods', 'mogreet', 'sms']
./output/gpt/zero_shot/responses.json
データが保存されました: ./output/gpt/zero_shot/responses.json (キー: freshbooks-notifier-1)
------------------------------
評価中のサービス: headlinemap
Iteration 1, Total call: 277
**Reasoning**:
- The requirements specify an interactive map displaying world and local news data. This involves:
  - Displaying geographic data (mapping, locations)
  - Integrating news sources for comprehensive news content (news-services)
  - Interactive map features allowing users to drill down for more information on markers
  - Responsive UI/UX for a good user experience
  - Data source mentioned is Topix.net, a news aggregation site (though no specific Topix.net API is listed in the available APIs, so we need to find comparable news services with global/local news data)
  
- For the interactive map, mapping category APIs are necessary to handle:
  - Map display
  - Marker placement
  - Geographic coordinates conversion if necessary
  - Zoom, pan, and drill-down interactivity
  
- For news data, multiple APIs under news-services can be considered to provide comprehensive listings including local and global news. Examples include New York Times Archive, Guardian news, Reuters Spotlight, Webhose.io, etc.

- Since Topix.net API is not in the provided list (either it is not listed or no longer available), to meet the requirement to draw data from global and local sources we recommend using multiple news services APIs.

- Responsiveness and rich interactivity implies that an API with real-time data access or updated content is preferable.

- Combining mapping APIs with news service APIs will fulfill the requirement for displaying news mapped geographically with detailed drill down on markers.

**Categories to recommend:**
- mapping (for interactive map, markers, location related functions)
- news-services (for access to news data from global and local sources)
- search (optional to help with news search queries or geocoding news based on location keywords)
- possibly social (if social signals or Twitter trending news are to be integrated)

**Best matched APIs:**

*Mapping APIs:*
- bing-maps (Interactive SDK and REST services for maps, routes, driving directions, and overlays)
- bing-maps-search (geographic search features)
- google-maps-places (places and location related data)
- mapquest-open-directions or mapquest (for routing and map display)
- openlayers (JavaScript mapping API)
- mapbox (interactive maps and hosting)
- bing-maps-locations (geocode addresses to lat/lon for placing news markers)
- google-geocoding (address to geo-coordinates)
- geonames (geographic database with place names, timezone, post codes that helps in location info)
- your-mapper (aggregates local gov data which can be helpful for localized news)
- scribble-maps (map drawing and sharing platform)

*News-services APIs:*
- new-york-times-archive (Access to past NY Times articles)
- guardian (The Guardian Open Platform for global news content)
- webhoseio (Structured web data from news, blogs, online discussions - good for aggregated news)
- reuters-spotlight (access to Reuters news content)
- new-york-times-newswire (for streaming latest articles)
- npr-one-station-finder (local public radio member stations)
- daylife (news querying from worldwide sources)
- reddit (user submitted stories and news)
- scoopit (social media and content curation platform, useful for content feeds)
- trendrr (track and identify trends across social graphs and networks)
- reddit (news aggregation and social news)

*Search APIs (optional for content searching or keyword expansion):*
- bing (search engine for web content)
- google-custom-search (search sites or web)
- yahoo-local-search (location based business and content information)
- yahoo-term-extraction (for content analysis)

**Note:**
- Since the original requirement mentions Topix.net, but the API is not present, using multiple news APIs like Guardian, NY Times, Reuters, Webhose.io can provide comprehensive global and local news sources.
- Combination of mapping API (such as Bing Maps or Mapbox) with any of these news services can create the interactive map with markers and drill down details.
- Interactivity such as double-click on markers can be handled in frontend applications combined with RESTful APIs from those mapping and news services.

---

**Conclusion**:
- Recommend categories: ['mapping', 'news-services', 'search']
- Recommend All matched APIs: [
  'bing-maps', 'bing-maps-search', 'bing-maps-locations',
  'google-maps-places',
  'mapquest', 'openlayers', 'mapbox',
  'geonames', 'your-mapper',
  'new-york-times-archive', 'guardian', 'webhoseio',
  'reuters-spotlight', 'new-york-times-newswire',
  'npr-one-station-finder', 'daylife', 'reddit', 'scoopit', 'trendrr',
  'bing', 'google-custom-search', 'yahoo-local-search', 'yahoo-term-extraction'
]
./output/gpt/zero_shot/responses.json
データが保存されました: ./output/gpt/zero_shot/responses.json (キー: headlinemap-1)
------------------------------
評価中のサービス: swoopthat
Iteration 1, Total call: 278
**Reasoning**:
SwoopThat is specialized in course search technology, textbook price comparison, buyback pricing, and general product price comparisons involving millions of products and thousands of retailers. It heavily focuses on books (textbooks), educational products, and ecommerce (buying and selling through multiple online merchants). Additionally, it aggregates data from various online vendors to provide price comparisons.

The key functionalities sought in APIs should include:

1. Books-related APIs:
   - To access book data, ISBN lookup, book cover images, availability and pricing data.
   - APIs that offer marketplaces or bibliographic and product info for books.
2. Ecommerce APIs:
   - To search product listings, prices, and vendor information.
   - APIs that enable integration with online retailers or provide product price comparison.
3. Search and price comparison:
   - APIs that support complex product and price searches, ideally aggregating vendors.
4. Possibly some reference or database APIs for enriched product metadata (e.g., bibliographic or ISBN-related data).

From the provided list, several suitable API categories are:

- books
- ecommerce
- search
- reference

Specific APIs that match best:

- AbeBooks (Category: search) - large book marketplace, includes rare/out-of-print books.
- Amazon Product Advertising API (Category: ecommerce) - offers access to Amazon’s extensive product catalog including books.
- Bookmooch (Category: other/book exchange) - community for exchanging used books.
- Goodreads (Category: books) - book data, reviews, ratings.
- Google Book Search Book Viewability API (Category: search) - links to Google Book Search and book data.
- Open Library Books (Category: reference) - open, editable book catalog.
- ISBN-db (Category: reference) - extensive book database with ISBN lookups.
- Direct Textbook (Category: ecommerce) - price comparison for textbooks using ISBN or EAN.
- Shopping.com (Category: ecommerce) - comparison shopping API including product search.
- Best Buy Products (Category: ecommerce) - product info and pricing for many products including books.
- Walmart Open (Category: ecommerce) - access to Walmart product catalog.
- Shopzilla (Category: ecommerce) - product catalog and merchant offers.
- PriceSpin (Category: ecommerce) - price comparison webservices.
- Yummly (Category: search) - recipe search but not relevant here.
- Zappos (Category: ecommerce) - product search API but mainly for apparel.
- RetailMeNot.com Community Ideas (Category: ecommerce) - coupon/deal API, less critical here.
- Commission Junction (Category: ecommerce) - affiliate marketing data.
- eBay Shopping & Finding (Category: ecommerce, search) - millions of products including books.
- Amazon Fulfillment Web Service (Category: ecommerce) - order fulfillment integration.
- Direct integration with large ecommerce platforms (Shopify, Magento, WooCommerce) might be useful if integrating sellers.
- Some government & reference APIs may be less relevant unless targeting academic institutions.

Hence the core focus should be on:
- books (for textbook info/search)
- ecommerce (for multi-merchant listings and price comparisons)
- search (for powerful query abilities)
- reference (for metadata and validation)

**Conclusion**:
- Recommend categories: ['books', 'ecommerce', 'search', 'reference']

- Recommend All matched APIs:
[
  'abebooks',
  'amazon-product-advertising',
  'bookmooch',
  'goodreads',
  'google-book-search-book-viewability',
  'open-library-books',
  'isbn-db',
  'direct-textbook',
  'shoppingcom',
  'best-buy-products',
  'walmart-open',
  'shopzilla',
  'pricepin',
  'ebay-shopping',
  'ebay-finding',
  'amazon-fulfillment-web-service',
  'commission-junction',
  'magento-soap',
  'shopify-admin',
  'woocommerce'
]
./output/gpt/zero_shot/responses.json
データが保存されました: ./output/gpt/zero_shot/responses.json (キー: swoopthat-1)
------------------------------
評価中のサービス: groupbuydaily
Iteration 1, Total call: 279
**Reasoning**:
- The user wants a "one-stop shop for daily group buy deals in your city." This indicates the need for an API that aggregates deal information tailored to location (city).
- The user also wants to "view deals on a map or list," so the API or APIs should support:
  - Access to deals data with location information.
  - Integration or access to a mapping service to display deals geographically.
  - The ability to provide ratings for the deals, preferably powered by Yelp (a powerful local business and review platform).
- Therefore, the needed categories are:
  - ecommerce or deals: for accessing group buy or deal data.
  - mapping: to show deals on a map or list with geographic navigation.
  - recommendations: for ratings and reviews on the deals/businesses.
- Considering Yelp Fusion APIs exist under recommendations category that have business ratings and location data.
- For deals aggregation, there are APIs like Groupon and 8coupons, or Adility OffersDB, and DealSurf, which aggregate local deals and coupons.
- For mapping, APIs like Bing Maps Search, Google Maps Places, MapQuest, or similar can be used to show deals on a map.
- Since Yelp Fusion is mentioned explicitly, it should be included to get accurate, up-to-date ratings.
- Combine deals data from a deals API with Yelp for trust and ratings, then mapping API to render location info.

**Possible APIs to Recommend**:
1. Yelp Fusion (recommendations) - for business reviews, ratings, and general info.
2. 8coupons API (ecommerce) - focused on location-based daily deals for restaurants, bars, salons, and stores.
3. Groupon (ecommerce) - popular group buy/daily deal aggregator.
4. DealSurf (ecommerce) - aggregates hundreds of daily deal sites.
5. Bing Maps Search or Google Maps Places API (mapping) - to display deals on a map based on location and latitude/longitude.

Given the user's need to display deals on a map or list with ratings from Yelp, the combination makes sense as:

- Aggregate deals from 8coupons, Groupon, and DealSurf.
- Use Yelp Fusion to get precise rating and review info.
- Use a mapping API like Bing Maps Search or Google Maps Places for location mapping.

**Conclusion**:
- Recommend categories: ['ecommerce', 'recommendations', 'mapping']
- Recommend All matched APIs: ['yelp-fusion', '8coupons', 'groupon', 'dealsurf', 'bing-maps-search', 'google-maps-places']
./output/gpt/zero_shot/responses.json
データが保存されました: ./output/gpt/zero_shot/responses.json (キー: groupbuydaily-1)
------------------------------
評価中のサービス: gadgetsearch.net
Iteration 1, Total call: 280
**Reasoning**:
1. The requirement is to monitor top selling video games by console using Amazon sales data. This clearly involves:
   - Accessing e-commerce product sales data specifically related to video games.
   - Leveraging Amazon sales information or Amazon's product catalog.

2. The requirement also includes adding lists to your iGoogle home page. This suggests:
   - Interaction with iGoogle or similar widgets/portal APIs.
   - The ability to create or add lists to a personal homepage (dashboard/widgets).

3. For monitoring top selling video games by console:
   - The ecommerce category is a primary fit because sales data and product catalog from Amazon are e-commerce related.
   - Specifically, the "amazon-product-advertising" API is relevant because it exposes Amazon product data, and it is likely to provide best sellers and detailed product info including video games.
   - To enhance the experience, "movie-database-tmdb" is entertainment related but more for movies than video games; probably less relevant here.
   - There is no direct listing for an Amazon api specifically for video game sales, so the closest and best fit is "amazon-product-advertising."

4. For adding lists to your iGoogle home page:
   - iGoogle has been deprecated many years ago, but assuming the functional equivalent or similar widgets need to be integrated.
   - The requirement literally states "Add lists to your iGoogle home page" so it refers to iGoogle widgets.
   - Looking at the available APIs, no explicit iGoogle API is listed.
   - However, in the widgets category, "google-gadgets" is the API that provides a way to put third-party content (gadgets, mini-applications, lists) on the Google homepage or iGoogle.
   - So "google-gadgets" API aligns well for adding lists or gadgets to iGoogle home page.

**Conclusion**:
- Recommend categories: ['ecommerce', 'widgets']
- Recommend All matched APIs: ['amazon-product-advertising', 'google-gadgets']
./output/gpt/zero_shot/responses.json
データが保存されました: ./output/gpt/zero_shot/responses.json (キー: gadgetsearch.net-1)
------------------------------
評価中のサービス: gootube
Iteration 1, Total call: 281
**Reasoning**:  
The requirement is for a mashup service similar to YouTube combined with Google Maps, specifically for real estate listings that show property sale videos within a Google map interface.

Breaking down the requirement:

1. **YouTube meets Google Maps**: This suggests integrating video content streaming (like YouTube) with geospatial visualization (maps). So, we need video APIs that allow streaming or embedding videos and mapping APIs that allow visualization of locations (property locations).

2. **Real estate listings service**: Implies accessing/searching properties for sale with metadata such as location, price, description, etc. So, an API with real estate listings or property data is needed.

3. **Streams videos of properties on sale inside Google map**: This means:
   - A mapping API to provide the map interface, markers, clickable locations, etc.
   - A video API that can host or embed videos linked to each property.
   - A real estate data API providing the properties information with geographical parameters and video URLs or integration access.

Matching available categories and APIs from the provided list:

**Mapping**  
- Since requirement is for Google Maps specifically, ideally we want Google Maps APIs or similar mapping APIs.  
- Available mapping APIs include:  
  - google-maps-places (provides place info and geolocation data)  
  - google-maps-geocoding, google-maps-elevation, google-maps-geolocation, google-maps-distance-matrix, google-maps (deprecated but historically relevant)  
  - bing-maps, bing-maps-search, bing-maps-routes, bing-maps-locations, bing-maps-geocode-dataflow  
  - mapquest, mapquest-open-directions  
  - openlayers, openstreetmap, mapbox, arcweb, google-earth  
- Among these, **google-maps-places** offers place information with lat/lon, suitable for placing properties on a map based on address or coordinates.  
- Also, perhaps **google-maps-geocoding** to convert addresses to coordinates for map pins.

**Video**  
- For video streaming similar to YouTube, the available relevant API is:  
  - youtube: Provides video searching, standard feeds, authentication, uploading, playlist management, etc. This is exactly the video streaming service needed.  
  - Also possibly vimeo or dailymotion, but YouTube API is the most appropriate based on requirement.

**Real Estate**  
- Real estate listings must be accessed to get property data and metadata, with location info and URLs (possibly linking to videos). Available APIs:  
  - zillow: Home Valuation, Property Details, demographic data, mortgage rates  
  - nestoria: Vertical search engine for UK and Spain property geocoded data  
  - booli: Swedish real estate search portal  
  - walk-score: Calculates walkability based on address lat/lon  
  - realtybaron-answers: Question and Answer for real estate  
- Among these, **zillow** is a comprehensive US real estate API with property data and market info, likely with location data needed to map properties.  
- Nestoria is more limited in region (UK/Spain), but if the mashup is applicable there, it could be useful.  
- Booli is Swedish; less common for global usage.  
- Walk-score is complementary for related walkability info but not core listing.  

**Integration considerations:**  
- Use the Zillow API to get property listings with geodata.  
- Use the Google Maps Places API to visualize these properties on a map, placing markers at lat/lon.  
- Use the YouTube Data API to stream or embed videos related to each property. This assumes that videos of properties are uploaded and accessible on YouTube. The property data would include or be matched with video IDs or URLs.  
- Possibly use Google Maps Geocoding API to resolve property addresses where necessary.  

**Other categories?**  
- Possibly the "search" category for indexing or searching listings and videos, but the core ones are mapping, video, and real-estate.

**Conclusion**:  
Recommend categories: ['video', 'mapping', 'real-estate']  
Recommend all matched APIs: ['youtube', 'google-maps-places', 'zillow', 'google-maps-geocoding']

If Zillow is not available or limited, Nestoria or Booli may also be relevant for regional real estate data. But Zillow is the most robust real estate API in this list.  

# Final Recommendation  
**Categories**: ['video', 'mapping', 'real-estate']  
**APIs**: ['youtube', 'google-maps-places', 'zillow', 'google-maps-geocoding']
./output/gpt/zero_shot/responses.json
データが保存されました: ./output/gpt/zero_shot/responses.json (キー: gootube-1)
------------------------------
評価中のサービス: meetbymaps
Iteration 1, Total call: 282
**Reasoning**:  
The user wants to create a real-time geolocated chat service, with plans to add events and additional dynamic content ("other surprises"). Also, the site is in Italian, signaling possible language or localization support considerations.

1. **Realtime geolocated chat**:  
   - Requires chat or messaging APIs that support real-time communication.  
   - Requires mapping or location-based APIs to handle geolocation for chat, such as determining users’ locations, showing those locations on a map, or enabling location-based chat functionality.

2. **Events and other surprises**:  
   - Events category APIs to manage event data, creation, and retrieval could be useful.  
   - Social category APIs or other content-related APIs may be needed for dynamic features or social integration.

3. **Site is in Italian**:  
   - The APIs chosen should support or at least not limit localization or support international data. Many APIs are language-neutral or global. Some travel or event platforms may have localized content in Italian or Europe.

---

**Step 1: Recommend categories**:  
- **chat**: For real-time chat functionality.  
- **mapping**: For geolocation services to support location-based features in chat.  
- **events**: For adding event functionalities.  
- **social** (optional): To add social networking or sharing features as part of future expansions.  
- **language** or **translation** might be considered if translations for chat or events are required, but it’s “site in Italian,” so basic support may suffice.

---

**Step 2: Select best matching APIs from those categories**

**chat**:  
- **quickblox**: Cloud-hosted backend platform with text and group chat, video and voice calling, presence, and notifications. Supports multiple platforms.  
- **mesibo-server-side** and **mesibo-client-side**: Real-time messaging, voice, and video chat for mobile and web.  
- **campfire**: Realtime chat collaboration tool.  
- **hipchat**: Company/team chat.  
- **twilio-sms** or **twilio**: For SMS and voice calls, can be used for chat fallback or notifications.  
- **slack-real-time-messaging** or **slack-web**: For integrating Slack chat, but more for teams.  
- Among these, **quickblox** stands out with multi-platform chat, geolocation, and notification features.

**mapping**:  
- **bing-maps** or **bing-maps-search**, **google-maps-places**, **mapquest**, **openlayers**, **mapbox**, **geonb**, **google-maps-geolocation**  
- Key considerations: ease of use, geolocation support, international coverage (including Italy), good developer documentation.  
- Google and Bing Maps have strong international coverage and localization.  
- **google-maps-places** API (search of places and geolocation data) plus **google-maps-geolocation** (IP or Wi-Fi based location).  
- **mapbox** and **openlayers** are also strong open-source and flexible solutions, but Google or Bing might be easier for integration.

**events**:  
- **eventbrite**: Allows creating and managing events, and pulling event data.  
- **brown-paper-tickets**: Event ticketing with API.  
- **eventful**: Large collection of global events, searchable via API.  
- **active**: Sports and outdoor event data.  
- For international events including Italy, **eventbrite** and **eventful** are good choices. Eventbrite is popular globally and supports European events.

**social** (optional):  
- **facebook-graph**, **twitter-streaming**, **tagalus**, **network** APIs provide social integration and real-time updates.  
- For an Italian site, social integrations with Twitter or Facebook might be useful.

---

**Conclusion**:  

- Recommend categories: `['chat', 'mapping', 'events', 'social']`  

- Recommend all matched APIs:  
  - Chat: `['quickblox', 'mesibo-server-side', 'mesibo-client-side', 'campfire', 'twilio-sms']` (quickblox and mesibo are front runners)  
  - Mapping: `['google-maps-places', 'google-maps-geolocation', 'bing-maps', 'mapbox', 'openlayers']` (Google Maps Places & Geolocation and Bing Maps are strong candidates)  
  - Events: `['eventbrite', 'eventful', 'brown-paper-tickets']` (eventbrite especially)  
  - Social (optional): `['facebook-graph', 'twitter-streaming', 'tagalus']`  

These APIs together provide the building blocks for a real-time geolocated chat with event management capabilities and future social features on an Italian site.
./output/gpt/zero_shot/responses.json
データが保存されました: ./output/gpt/zero_shot/responses.json (キー: meetbymaps-1)
------------------------------
評価中のサービス: gmail-and-box.net
Iteration 1, Total call: 283
**Reasoning**:
- The requirement is to enable Box.net users to send sharing links to their Box content through Gmail.
- The two primary functionalities involved are:
   1. Box.net content sharing (accessing and managing Box content and generating sharing links).
   2. Sending emails via Gmail (sending the sharing links as emails).
- For file and content management, the category "content" fits well, as Box.net is a content management platform.
- For sending emails, the "email" category is relevant.
- Checking available APIs:
   - Box.net is represented by the "box" API under the "content" category. It manages content and allows integration with Box accounts.
   - Gmail is represented by the "gmail" API under the "email" category which allows sending emails and accessing Gmail mailboxes.
- Integrating these two APIs allows the functionality of accessing Box content links and sending them through Gmail.

**Conclusion**:
- Recommend categories: ['content', 'email']
- Recommend All matched APIs: ['box', 'gmail']
./output/gpt/zero_shot/responses.json
データが保存されました: ./output/gpt/zero_shot/responses.json (キー: gmail-and-box.net-1)
------------------------------
評価中のサービス: twitdiff
Iteration 1, Total call: 284
**Reasoning**:
The requirement is for a service that provides notifications (both RSS and email) to followers when the follower list changes. The example given is similar to Qwitter, a service that notifies users about Twitter follower changes.

Key points to consider:
- The service needs to track social media followers.
- It needs to provide notifications via RSS (feed) and email.
- It should integrate or work as a third-party app providing such follow/unfollow notifications.

Given this, the categories relevant to follower list changes and notification systems are primarily:

1. **social** - since follower lists and social media interaction fall under social networks.
2. **email** - as the system requires sending email notifications.
3. Possibly **feeds** or **notifications/messaging**, but since RSS feeds are typical in social APIs, this falls under social and email categories.

Next, looking at available APIs that match closely with the requirement:

- **twitter-streaming**: Provides realtime access to public and protected Twitter data including user streams filtered by userid. This could be used to detect follower list changes. However, the Twitter API is noted as no longer available, split into newer APIs. But it represents Twitter data streaming, helpful in tracking followers.

- **tagalus** (social): Lets you declare meanings of Twitter hashtags and access definitions. Not relevant.

- **tagalus** is tag-related, not relevant.

Looking more broadly:

- **peerindex** (social): Provides social media analytics, influence graphs that include "who influences whom" on social platforms. Could be relevant for follower tracking and analysis.

- **fullcontact-person** (social): Allows lookup of person-related social data using email or social identity. Potentially useful to identify people and get social info but not directly track followers and notifications.

- **buffer** (social): Allows managing and scheduling tweets; does not provide followers list tracking or notifications.

- **facebook-graph** (social): Provides access to Facebook social graph data including friends and followers, with relevant permissions. Supports social data but is not email or RSS notification system per se.

- **readsocial** (social): Works inside reading applications, user notes, images, not specifically follower notifications.

None of the social APIs explicitly provide follower change notifications or ready-to-integrate email alert capabilities out of the box.

Looking at email APIs:

- **mailjet**, **mailgun**, **mandrill**, **campaign-monitor**, **sendgrid**, and **constantcontact** are email service provider APIs that allow sending emails and managing campaigns. These can be used to build the email notification component.

Regarding RSS feeds:

- The user wants RSS notification of changes to follower lists. Many social networks offer RSS feeds of user activity; these can be monitored or parsed. APIs with feeds capability include:

- **twitter-streaming** includes streaming data which can be proxy for RSS.

- Some social APIs (Facebook, Twitter) allow subscription to certain events, but no direct match is found for "RSS and email notification to follower list changes".

Other potentially relevant APIs and categories are:

- **uservoice** (feedback): Feedback tool for customer comments, not relevant.

- **plancast** (social): Sharing events with friends, not follower list.

- **plivo, twilio, clockwork-sms** etc. messaging or telephony - not relevant.

- **addthis-services** (social): Provides sharing and traffic data, not follower notification.

In sum, no single API provides follower list change notification via email and RSS out of the box. This suggests that mashups typically combine:

- Social media API (e.g., Twitter API, Facebook Graph API) to get follower changes either via streaming or polling.

- RSS feed parsing or generation (could be custom for follower changes).

- Email sending API (Mailgun, SendGrid, Mandrill, Campaign Monitor, Mailjet) to send notifications.

Therefore, the best approach would be to recommend the following categories:

- **social**: To access follower list data.

- **email**: To send notifications to the user.

- **feeds (bookmark or general feed)**: For RSS feed generation or integration.

As for APIs, recommend:

- Social: One or more social network APIs to get follower list changes - ideally Twitter Streaming API (deprecated but historically relevant), Facebook-Graph API, Buffer API (connection to social accounts).

- Email: Reliable email providers e.g., Mailjet, SendGrid, Mandrill, Campaign Monitor.

- Feeds: Not explicit feed API for follower list changes, but RSS can be built or generated by combining social APIs data.

**Conclusion**:

- Recommend categories: ['social', 'email', 'feeds']

- Recommend All matched APIs: ['twitter-streaming', 'facebook-graph', 'mailjet', 'sendgrid', 'mandrill', 'campaign-monitor']

Note: Because the original Qwitter service was Twitter-centric, twitter-streaming is the closest match for follower updates. Email APIs handle the notification via email. RSS feed capability can be implemented with custom feed generation or existing social feeds if available.
./output/gpt/zero_shot/responses.json
データが保存されました: ./output/gpt/zero_shot/responses.json (キー: twitdiff-1)
------------------------------
評価中のサービス: haiku
Iteration 1, Total call: 285
**Reasoning**:  
The requirement is to parse Twitter posts (specifically looking for those with the hashtag #haiku), extract or recognize the lines of these haikus, and then find matching photos from Flickr that correspond to these lines.

1. Parsing #haiku on Twitter:  
   - We need access to Twitter data to filter or search tweets with the hashtag #haiku. Thus, an API that provides access to Twitter’s social data is required.  
   - Since the recently mentioned "twitter" API is no longer available, the "twitter-streaming" API can be considered as it allows real-time access to Twitter data, including filtering by keywords or hashtags.  
   - For the parsing of text content and managing the haiku lines, natural language processing (NLP) might be helpful, but it's not strictly required based on the given APIs; simple text parsing can be handled in the application layer.

2. Match lines with photos from Flickr:  
   - Flickr is a well-known photo-sharing platform. The API that gives programmatic access to Flickr photos and allows searching and retrieving photos is needed. There is a "flickr" API listed under the photos category that allows one to retrieve photos from Flickr using various feeds, including searching.  
   - The "flickr" API supports REST, SOAP, XML-RPC and has multiple response formats and can handle photo queries.

No direct API is provided here for combining or matching haiku content with photos; the logic for matching haiku lines to photo search terms can be handled in custom application code.

**Conclusion**:  
- Recommend categories: ['social', 'photos']  
- Recommend All matched APIs: ['twitter-streaming', 'flickr']
./output/gpt/zero_shot/responses.json
データが保存されました: ./output/gpt/zero_shot/responses.json (キー: haiku-1)
------------------------------
評価中のサービス: polldaddy
Iteration 1, Total call: 286
**Reasoning**:

The user is interested in an online survey software like Polldaddy, which is developed by Automattic. The key features they want to leverage are the creation of branded surveys and polls, collecting feedback from multiple sources (web, email, iPad, social networks), and generating/sharing easy-to-read reports.

Given this context, the categories that match best are:
- feedback: since the user wants to gather survey responses and feedback.
- forms: as surveys and polls are often developed using online form services.
- reporting/project-management: due to the generation and sharing of reports from the collected data.

Among the available APIs, we search for APIs that are related to survey, polling, user feedback, form building, and reporting/analytics. From the given list, I see:

- UserVoice (Category: feedback): Provides feedback forums and help ticket services with public and admin API endpoints. Relevant for user feedback collection and ticketing.
- formstack (Category: forms): An online forms service good for marketing campaigns, surveys, and order forms.
- google-analytics-core-reporting, mixpanel, kissmetrics, new-relic, galileo, looker (analytics, reporting): various analytics platforms providing reporting and data visualization functionality.
- campaign-monitor, mailjet, mandrill, mailchimp, sendgrid (email): Email campaign and transactional email APIs, useful for sending surveys via email.
- pleased that the description includes survey and polls: Of the provided APIs, formstack is a viable option since it is a forms service that supports surveys.
- UserVoice can manage user feedback but is more of a help ticketing system.
- No explicit Polldaddy API or official Automattic poll API is listed.
- No specific polling API is available in the list.

Therefore, the best matched category is forms (for creating surveys and polls), feedback (for collecting feedback), and possibly reporting/analytics to handle easy-to-read report generation.

Since Polldaddy itself or a direct Polldaddy API is not listed, the other alternatives from the list would be formstack (forms/survey), UserVoice (feedback/feedback forums), and some analytics APIs for reports.

**Conclusion**:
- Recommend categories: ['feedback', 'forms', 'reporting', 'analytics']
- Recommend all matched APIs: ['formstack', 'UserVoice', 'google-analytics-core-reporting', 'mixpanel', 'kissmetrics', 'new-relic', 'galileo', 'looker', 'campaign-monitor', 'mailjet', 'mandrill', 'mailchimp', 'sendgrid']
./output/gpt/zero_shot/responses.json
データが保存されました: ./output/gpt/zero_shot/responses.json (キー: polldaddy-1)
------------------------------
評価中のサービス: uk-rail-passenger-tweet-mashup
Iteration 1, Total call: 287
**Reasoning**:

The requirement is to plot rail passenger tweets on a map and highlight those tweets related to delays and cancellations.

Key components needed:

1. Social data extraction:
   - Tweets from rail passengers.
   - Requires a social or microblogging API that can search or stream tweets related to rail transport.

2. Text analysis for identifying delay or cancellation tweets:
   - NLP or sentiment analysis to detect relevant keywords or sentiments like delays, cancellations.
   - A natural-language-processing or sentiment analysis API can be useful.

3. Mapping:
   - Plotting tweets on a map based on location information.
   - Requires a mapping API that can display data points, ideally with geolocation support.
   - Tweets may contain geo-coordinates or location tags which can be mapped.

4. Possibly real-time streaming:
   - For live updates, a streaming API can be helpful.

Available categories from the list that suit the need:

- social: For getting tweets (e.g., Twitter).
- mapping: For plotting data on maps.
- natural-language-processing or sentiment: For determining the context of tweets.
- search: For searching in Twitter or social media.
- messaging: less relevant here.
- analytics: optional, if analytics on tweets are needed.

Available APIs from the list matching these needs:

1. social category:

- twitter-streaming: Provides near-real-time access to Twitter data, including filtering by keyword or location - suitable for getting stream of tweets about rail service.
- twitter-search: Twitter Search API to find tweets by keywords, language, hashtags etc.
- twitter: Legacy Twitter API - though it is deprecated.
- tagalus: For hashtag meanings, but less important.
- buffer, facebook-graph, google-plus: general social APIs, less specific.
  
twitter-streaming is ideal for real-time collection of tweets about rail delays.

2. natural-language-processing or sentiment:

- rxnlp-text-similarity: Can analyze text similarity, helpful for grouping similar tweets.
- nlp-tools: Provides sentiment analysis and textual classification.
- getsentiment: Provides keyword extraction and sentiment analysis.
- datumbox: Offers sentiment analysis, topic classification.

One or more of these can classify tweets mentioning delays or cancellations.

3. mapping:

- bing-maps-search: Search and mapping.
- google-maps-places, google-maps-geolocation, google-maps-geocoding: Google mapping services.
- mapquest, openlayers, mapbox: Map display and mapping APIs.
- bing-maps: For map features including routing, traffic.
- google-maps-distance-matrix or bing-maps-routes: route and traffic info.
- geonames: Geographic data.
- mapquest-open-directions: routing info.
- your-mapper: Aggregates local government data.
- openstreetmap: open mapping data.

For plotting points on a map, APIs like Bing Maps, Google Maps, Mapbox, or OpenLayers (JavaScript) can be used depending on the focus.

4. search:

- twitter-search: Twitter searching by tweets, hashtags.
- yahoo-local-search and others: less related to Twitter.

Conclusion - recommend:

- Categories: social (for Twitter streaming/search), mapping (to plot tweets geographically), natural-language-processing or sentiment (to identify tweets about delays/cancellations).

- APIs:
   - twitter-streaming (social) -- for real-time tweets with location and filtering.
   - nlp-tools / getsentiment / rxnlp-text-similarity (choose one or more) -- for analyzing tweet content to highlight delays/cancellation tweets.
   - bing-maps-search or google-maps-places or mapbox or openlayers (mapping) -- for plotting points on map.

The Twitter Streaming API is the most direct way to collect live rail passenger tweets.

For natural language processing, getsentiment or nlp-tools API is useful.

For mapping, Bing Maps or Google Maps APIs are strong choices, with OpenLayers or Mapbox as well.

**Conclusion**:
- Recommend categories: ['social', 'natural-language-processing', 'mapping']
- Recommend All matched APIs: ['twitter-streaming', 'getsentiment', 'bing-maps-search']
./output/gpt/zero_shot/responses.json
データが保存されました: ./output/gpt/zero_shot/responses.json (キー: uk-rail-passenger-tweet-mashup-1)
------------------------------
評価中のサービス: bills-news-0
Iteration 1, Total call: 288
**Reasoning**:
- The requirements describe Maplight.org, which tracks political results and financial contributions to analyze how capital contributions might influence legislative voting.
- Such a mashup involves political/government data about legislators, bills, votes, and financial contributions.
- Therefore, relevant categories would include "government" (for political data and legislative information) and "financial" (for financial contributions and campaign finance data).
- It is important to find APIs in the "government" category offering access to political or legislative data and "financial" category APIs that handle financial contributions, donations, or campaign funding.
- Although there is no direct mention of Maplight.org APIs, some government APIs offer legislative or political data and financial APIs provide access to contributions or campaign donations.
- From the available APIs, the best matches would be:
   - **government** category APIs that could provide political or campaign finance data (e.g., opensecrets, us-census-bureau, google-civic-information).
   - **financial** category APIs that provide data on financial contributions or donations (e.g., no direct match specifically for political contributions, but kiva and coindesk are financial-related but not political).
   - The OpenSecrets API in the government category is specifically noted as providing access to data on politicians, their top contributors, and disclosures, making it a perfect fit.
- Hence, the combination of the "government" category with the OpenSecrets API seems the best fit to fulfill the use case of tracking political financial contributions and their possible influence on votes.

**Conclusion**:
- Recommend categories: ['government', 'financial']
- Recommend All matched APIs: ['opensecrets']
./output/gpt/zero_shot/responses.json
データが保存されました: ./output/gpt/zero_shot/responses.json (キー: bills-news-0-1)
------------------------------
評価中のサービス: sport-map
Iteration 1, Total call: 289
**Reasoning**:  
The requirement is to find premiership soccer news by team location, leveraging Google Maps and BBC Backstage data. This involves two main components:

1. **Sports news related to Premiership soccer teams:**  
   - We need an API that provides sports news, especially soccer-related news.  
   - The BBC Backstage is mentioned, so an API related to the BBC media or news services should be considered.  
   - The "espn" API provides sports data but is general and might not have the exact premiership soccer news or the BBC data integration.  
   - The "bbc-nitro" API offers access to a wide range of BBC programs, including schedule, program info, and media, which may include sports news. This is a good candidate for BBC data integration.

2. **Mapping teams by location:**  
   - To find news by "team location," the system needs to geolocate the soccer teams.  
   - Google Maps data integration implies the use of mapping APIs that can handle location-based queries, such as Google Maps Places or Bing Maps.  
   - Since Google Maps API is specified, the "google-maps-places" API is appropriate as it provides place details, including establishments and geographic locations.  
   - We might also consider general mapping APIs to get coordinates or parse locations, e.g., "google-maps-geocoding," but the "google-maps-places" API is a better fit for places like team stadiums or team headquarters.

**Additional considerations:**  
- There is no explicit premiership soccer API listed. The direct soccer news would likely be found in news-services (BBC) and sports (espn).  
- Sports category API ("espn") provides sports data but might not include news; it includes scores and teams.  
- News-services category and BBC Nitro API better match the "news" requirement from BBC.  
- For mapping, "google-maps-places" gives place details, perfect for locating soccer teams or stadiums.  
- Possibly "bing-maps-search" or "bing-maps-*" APIs could substitute if Google Maps unavailable, but requirement specifies Google Maps.

**Conclusion**:  
- Recommend categories: ['sports', 'news-services', 'mapping']  
- Recommend All matched APIs: ['bbc-nitro', 'google-maps-places', 'espn']
./output/gpt/zero_shot/responses.json
データが保存されました: ./output/gpt/zero_shot/responses.json (キー: sport-map-1)
------------------------------
評価中のサービス: accenttraining.net
Iteration 1, Total call: 290
**Reasoning**:

The requirements specify creating an accent rating and training service that involves:
1. Creating a voice recording.
2. Having the recording rated by real American residents (crowdsourcing).
3. Handling subscription billing.

Breaking down the requirement:

- Voice recording and telephony services:
  - The system needs to record user audio and possibly interact via phone or SMS.
  - Twilio API fits this perfectly since it provides voice and SMS services programmatically for apps.
  
- Crowdsourcing ratings by real people:
  - Amazon Mechanical Turk is a well-known crowdsourcing platform where you can submit tasks for humans to complete. It fits the requirement to have real Americans rate the accents via HITs (Human Intelligence Tasks).
  
- Subscription and recurring billing to monetize the service:
  - Recurly API is a recurring subscription billing system, suitable for managing user subscriptions to the accent training service.
  
Hence, the categories involved will be:
- telephony (for Twilio)
- other (Amazon Mechanical Turk API is categorized as "other")
- payments (for Recurly subscription and billing API)

Reviewing the Available APIs confirms:
- twilio (Category: telephony)
- amazon-mechanical-turk (Category: other)
- recurly (Category: payments)

No other APIs mentioned fit the described use case better.

**Conclusion**:

- Recommend categories: ['telephony', 'other', 'payments']
- Recommend All matched APIs: ['twilio', 'amazon-mechanical-turk', 'recurly']
./output/gpt/zero_shot/responses.json
データが保存されました: ./output/gpt/zero_shot/responses.json (キー: accenttraining.net-1)
------------------------------
評価中のサービス: hivaids-prevention-service-provider-locator
Iteration 1, Total call: 291
**Reasoning**:
- The service is a location-based search tool for finding HIV/AIDS related service providers such as testing services, housing providers, health centers, etc. near a user's current location.
- The core functionality involves geolocation and mapping to identify current user location and find relevant service providers nearby.
- Therefore, the primary category needed is **mapping** for geolocation and location-related queries.
- Also, the service involves searching a database of service providers and returning relevant entries according to proximity and type, so APIs that support search and referencing of geographical or provider data is beneficial.
- The **search** category might also be applicable, considering the need for searching service providers by type and location.
- Possibly **government** or **health** related categories could be relevant but given the available categories, closest relevant categories are mapping and search.
- Among the available APIs, the ideal ones would be those that provide location search, geolocation of user IP or coordinates, and search APIs that return location-based results.
- The available APIs matching these criteria include:
  - **bing-maps-search** (mapping): For parsing mapping related search queries with various filters (property name, neighborhood, ratings, etc). SOAP & XML.
  - **ip2location** (mapping): For reverse lookup of an IP address to determine location data (city, latitude, longitude, postal code). Useful for locating user or provider locations.
  - **google-maps-places** (mapping): Returns information about places (establishments, geographic locations) by location coordinates. Supports search and retrieval of place details.
  - **yelp-fusion** (recommendations): While categorized under recommendations, Yelp provides business and service data with ratings and reviews, filtered by geographic region, which could be useful to locate health centers or providers near location.
  - **geonames** (reference): A geographic database offering information about places including postal codes, weather, timezone, etc. Provides RESTful API with location-based queries.
  - **yahoo-local-search** (search): Provides access to comprehensive local business information including address, phone, category, rating, and distance, with search and filtering functionality.
- The service is specialized so a combination of mapping and search APIs is suitable.
- For ease of access, APIs with RESTful JSON formats like google-maps-places and yelp-fusion are preferable; however, others can be incorporated to enhance functionality.
- The locator will likely require authentication and usage of an API key from these services.

**Conclusion**:
- Recommend categories: ['mapping', 'search', 'recommendations']
- Recommend All matched APIs: ['bing-maps-search', 'ip2location', 'google-maps-places', 'yelp-fusion', 'geonames', 'yahoo-local-search']
./output/gpt/zero_shot/responses.json
データが保存されました: ./output/gpt/zero_shot/responses.json (キー: hivaids-prevention-service-provider-locator-1)
------------------------------
評価中のサービス: pinkbigmac
Iteration 1, Total call: 292
**Reasoning**:  
The www.pinkbigmac.com web application is focused on virtually exploring destinations globally. Users are likely to need rich geographic information such as names and locations, along with associated data such as historical background, significance, popularity, pictures, and other content related to the destinations.

1. **Mapping Category**:  
   This category is primary because the application deals with different destinations around the world which strongly indicates the need for geolocation, maps, coordinates, and possibly route or place information services.  
   Potential APIs from this category include:  
   - `bing-maps-search` (to parse mapping related search queries and return rich map data)  
   - `google-maps-places` (to access information about places)  
   - `geograph` (specializing in geographically representative images and data for England and Ireland)  
   - `yahoo-placemaker` (to determine locations from unstructured content)  
   - `mapquest` and other general mapping APIs (useful for displaying and enriching maps)

2. **Photos Category**:  
   Since the application offers pictures of destinations, having rich photo APIs is important for fetching images associated with destination points or areas. Potential APIs include:  
   - `giphy` (for animated images but less relevant for destinations)  
   - `flickr`, `pixabay-free-images`, `instagram-graph`, `500px` (photo sharing platforms offering large image repositories)  
   - `google-street-view-image` (for actual street-level images)

3. **Reference Category**:  
   For historical background, significance, and other textual or factual information about destinations, reference APIs that provide encyclopedic or structured information are important. Possible APIs:  
   - `wikipedia` (access to Wikipedia content for information on places)  
   - `dbpedia` (structured data from Wikipedia)  
   - `wikilocation` (Wikipedia articles indexed by location)  
   - `open-library-books`, `librarything` (more focused on books but could include related info)  
   - `worldcat-search` (library data) - slightly peripheral

4. **Education Category**:  
   The historical and cultural significance could be enhanced using educational institution-related APIs or museum data for context.  
   - `victoria-albert-museum` (RESTful API for collections)  
   - `mendeley`, `altmetric` - more science and academic-focused, less pertinent here

5. **Social / Recommendations / Content (Social/Content Category)**:  
   If the app offers popularity or current trends or recommendations about destinations, some social or recommendation APIs could be useful.  
   - `yelp-fusion` (business, rating info - could be useful for local business info)  
   - `tagalus`, `tagging` services if tagging places  
   - `readability` or `feedly` for news or articles related to destinations

Given the main functions of the application, the top priority categories would be:  
- mapping (for location data and maps),  
- photos (to supply images),  
- reference (for historical and factual information).  

Other categories like education or social would be secondary or optional.

**Conclusion**:  
- Recommend categories: ['mapping', 'photos', 'reference']  
- Recommend all matched APIs: ['bing-maps-search', 'google-maps-places', 'geograph', 'yahoo-placemaker', 'mapquest', 'flickr', 'pixabay-free-images', 'google-street-view-image', 'wikipedia', 'dbpedia', 'wikilocation']
./output/gpt/zero_shot/responses.json
データが保存されました: ./output/gpt/zero_shot/responses.json (キー: pinkbigmac-1)
------------------------------
評価中のサービス: textlang
Iteration 1, Total call: 293
**Reasoning**:  
The requirement describes a service named TextLang that offers text message language translation. This involves receiving a text input (phrase and desired target language) and then delivering the translated version back to the user via a callback phone call. The key components involved are:

1. **Text message interaction** - The system must receive text messages and possibly send/receive SMS messages.  
2. **Language translation** - The core feature is to translate phrases textually from one language to another.   
3. **Voice callback** - After translating the text, the service sends back the translated phrase as a phone call (voice), which implies text-to-speech or voice telephony features.

Given these, we analyze the relevant categories and APIs:

- **messaging**: For handling SMS receipt and sending SMS messages, as the initial input comes via text messages and possibly system interactions through SMS. APIs like Twilio SMS, Clockwork SMS, or others could be useful.  
- **translation** or **natural-language-processing**: For language translation capabilities, the Microsoft Translator API or Google Cloud Translation API from the available list is suitable.  
- **telephony** or **voice**: For making a phone call as a callback and deliver the translated content in voice form, APIs like Twilio, Plivo, or similar telephony services that support voice calls can be used. Google Assistant API or Alexa Skill Voice Service aren't as appropriate here since the requirement is a callback rather than a conversational assistant.  

Checking available APIs, the relevant ones include:

- **Microsoft Translator** (Category: translation) for the translation functionality.  
- **Twilio** (Category: telephony) because it supports both SMS and Voice calls, enabling receiving the text and making a voice call with translated content.  
- There is also **Twilio SMS** under messaging for SMS functionalities, but since Twilio includes both voice and SMS, selecting Twilio covers both.  
- Optionally, **Plivo** (telephony) is similar to Twilio and supports voice calls and SMS but may be an alternative if preferred.   
- **google-cloud-translation** is in beta and supports translation, can also be considered if desired, but Microsoft Translator is a very clear match.  

Therefore, the main three categories for the requirement are: translation (for language translation), messaging (for text message interaction), and telephony (for voice call callbacks).  

**Conclusion**:  
- Recommend categories: ['translation', 'messaging', 'telephony']  
- Recommend All matched APIs: ['microsoft-translator', 'twilio', 'twilio-sms', 'plivo', 'google-cloud-translation']
./output/gpt/zero_shot/responses.json
データが保存されました: ./output/gpt/zero_shot/responses.json (キー: textlang-1)
------------------------------
評価中のサービス: picasa-map-gadget
Iteration 1, Total call: 294
**Reasoning**:
The requirement is to allow users to see public, geotagged photo albums on a map and navigate through these albums in chronological order using controls. This involves:
1. Accessing user photo albums and their public content.
2. Retrieving geolocation (geotag) information linked to photos or albums.
3. Displaying or integrating maps to visualize these geotagged albums spatially.
4. Supporting chronological navigation of albums.

Breaking down the requirement:

- **Photos/Albums with Geotags**: We need an API that exposes photo albums and public photos, ideally with geotagging data. APIs in the **photos** category are relevant.
- **Map Integration**: The requirement specifies displaying albums on a map, so an API in the **mapping** category is also needed to render geotagged points (albums/photos) on a map.
- **Chronological Navigation**: Navigating albums in chronological order is primarily a UI/UX function but may require the photo API to provide timestamps or ordering by date.
- **Public Data Access**: The API should support access to public photos/albums (not only private data).
- **JSON/XML Response**: Useful for modern web apps.

From the given Available APIs, suitable candidates would be:

**Photos category:**
- 500px: Provides access to photo search and retrieval including geotagged photos historically, though note that the public API is no longer available.
- Flickr: Provides extensive access to public photos and photo metadata including geotags, albums (called photosets), chronological sorting, and supports REST with JSON and XML. Flickr is widely used for geotagged photo applications and is ideal for the requirement.
- Instagram-graph / Instagram Real-time: Access to Instagram photos and real-time image updates. Instagram supports geotagged photos and public access but often is more focused on user photos.
- Pixabay-free-images: High quality photos with royalty free licenses and API access including searching.
- Photobucket: Photo sharing service with an API for upload and access.
- Twitpic: Upload and post images connected to Twitter.
- Google-Picasa (deprecated) / Google Photos Library API (not specifically listed but relevant).
- Imgur: Public and OAuth image uploads and retrieval.
- Smugmug: Photo service with API access.
- Panoramio (deprecated).

The most established and relevant would be Flickr for publicly-accessible, geotagged photo albums visible on a map, with chronological navigation support.

**Mapping category:**
- Bing Maps Search, Bing Maps Locations, Bing Maps Routes, Bing: Various Bing Maps APIs. Can be used to render maps and mark geolocations.
- Google Maps Places, Google Maps Geocoding, Google Maps Elevation, Google Maps Distance Matrix: Google Maps APIs for place info, geocoding, elevation, routing.
- MapQuest and MapLarge APIs: Mapping and geocoding.
- OpenStreetMap: Open source map data and APIs with JavaScript SDKs.
- Mapbox: Open source suite for interactive maps.
- Scribble Maps: Map drawing and sharing platform with API.
- Yahoo-Placemaker, Yahoo Internet Location Platform, Yahoo Geoplanet: Location geotagging APIs.
- Smart-IP-Geo-IP, IP2Location: IP geolocation, less relevant for photo locations.
- GeoNames: Provides geographical placename data, not direct photo access but sometimes complementary.
- Metalocator: Mapping and locator service for searchable maps.

Any chosen mapping API should be capable of rendering maps interactively on which album locations can be marked and controlled.

**Other categories less relevant:**
- Social or blogging APIs do not expose geotagged photo albums for mapping generally (unless an Instagram or Flickr integration).
- Video, media, entertainment unlikely to fit unless for video albums.
- Calendar, events, or travel less relevant here.

**Conclusion**:
- Recommend categories: ['photos', 'mapping']
- Recommend All matched APIs: ['flickr', 'google-maps-places', 'bing-maps', 'mapbox', 'openstreetmap']

Among these, Flickr would be the primary photo source API, and for the map rendering, Google Maps Places API, Bing Maps API, Mapbox, or OpenStreetMap APIs are appropriate choices depending on developer preference and platform.

If you want to focus on the direct photo album + map integration, Flickr paired with a mapping API is the most straightforward and comprehensive solution.
./output/gpt/zero_shot/responses.json
データが保存されました: ./output/gpt/zero_shot/responses.json (キー: picasa-map-gadget-1)
------------------------------
評価中のサービス: geocam
Iteration 1, Total call: 295
**Reasoning**:  
The mashup service requested involves combining live camera streams from around the world with a map interface where clicking on map markers allows users to watch real-time video. This requires:

1. **Mapping Category**: To handle the display of geographic data (such as placing markers on maps), a robust mapping API is needed. Google Latitude provided location data including user locations and history for integration. Google Maps allows for displaying maps, placing markers, geocoding, and other location services.

2. **Video Category**: For live camera streams, an API related to video streaming is necessary. The user wants to display live feeds on marker clicks, so APIs offering streaming capabilities or at least embedding video streams are needed.

3. Since the request specifically mentions Google Latitude and Google Maps, these two services/APIs are essential for capturing user location and map visualization.

4. The live camera streams themselves might come from third-party services or custom streaming servers, but from the available APIs, we should recommend those that provide video content APIs and tools to embed or control streaming.

**Matched APIs from Available**:  
- **Google Latitude API** (Category: mapping) — allows integration of current location, location history, and geo-related information; useful for live location-based mapping.  
- **Google Maps API** or its related services like Google Maps Places, Google Maps Geocoding, etc. (Category: mapping) — for map display, markers, routing, geocoding. Even though "Google Maps API" itself is deprecated and split into many APIs, the Google Latitude API is still listed, so we can assume Google Maps related APIs are included for mapping.  
- **YouTube API** (Category: video) — allows search and embedding of video content, and can support live streams if they are YouTube streams.  
- **Brightcove API** (Category: video) — digital media platform for publishing and distributing video content online; can be used to manage video libraries and streaming.  
- **Dailymotion API** (Category: video) — video sharing platform, can be used for video embedding and streaming.  
- **Vimeo API** (Category: video) — another video platform supporting uploading and embedding of videos including live streams.  
- **Embedly API** (Category: video) — provides embed codes for videos from over 100 sites, facilitating the embedding of live streams easily.

Among these, the most direct and reliable for worldwide live stream embedding would be YouTube, Brightcove, Dailymotion, Vimeo, and Embedly. If streams come from these platforms, the APIs facilitate easy embedding post-click on the map markers.

**Conclusion**:  
- Recommend categories: ['mapping', 'video']  
- Recommend All matched APIs: ['google-latitude', 'google-maps-places', 'youtube', 'brightcove', 'dailymotion', 'vimeo', 'embedly']
./output/gpt/zero_shot/responses.json
データが保存されました: ./output/gpt/zero_shot/responses.json (キー: geocam-1)
------------------------------
評価中のサービス: svb-mapper
Iteration 1, Total call: 296
**Reasoning**:  
The user wants a Microsoft Excel Add-in that performs Geocoding. Geocoding generally refers to the process of converting addresses (like a street address) into geographic coordinates (latitude and longitude), which can be used to place markers on a map or analyze spatial data.

For an Excel Add-in, the API should:  
- Provide a geocoding service that accepts addresses and returns location data such as coordinates.  
- Use a widely recognized mapping/geolocation API because of reliability, coverage, and developer support.  
- Support simple integration, preferably with RESTful interfaces and JSON/XML responses, that can be easily consumed by Excel VBA or add-in environments.  
- Ideally, target APIs that are well-known for geocoding and can be leveraged to process bulk or individual queries from Excel.

Looking at the available APIs and categories relevant for geocoding:  
- Categories that involve mapping or location services are most relevant: `mapping`, `location`  
- Mapping APIs that provide geocoding:  
  - **bing-maps-geocode-dataflow**: component of Bing Spatial Data Services, used for batch geocoding and reverse geocoding with REST and multiple data formats (XML, JSON). Bing Maps is reliable and well-supported.  
  - **google-geocoding**: Google's well-known Geocoding API, uses REST HTTP requests and supports geocoding and reverse geocoding. Returns in JSON/XML formats. Highly reliable and comprehensive.  
  - **mapquest-geocoding**: MapQuest API for forward and reverse geocoding, batch geocoding, viewport biasing, etc. Supports JSON and XML, RESTful.  
  - **bing-maps-locations**: Bing Maps Locations API for geocoding and reverse geocoding, supports REST and SOAP, XML or JSON responses.  
  - **smart-ip-geo-ip**: Offers IP lookup with geographic location info, but not address to coordinates geocoding. Less relevant.  
  - **quova** and **ip2location**: IP geolocation, not address geocoding. Less relevant.  
  - **google-maps-geolocation**: Uses cell towers and WiFi nodes to estimate location; not suitable for address geocoding. Less relevant.  
  - **geocoderca**: geocoding for USA and Canada, supports real-time forward and reverse geocoding, XML responses, real-time integration.  
  - **geonb**: Mapping information for New Brunswick, Canada province-specific. Too narrow for general geocoding.  
  - **yahoo-internet-location-platform** / **yahoo-geoplanet** / **yahoo-placemaker**: Location services from Yahoo, might offer geocoding, but Bing and Google are typically more robust and easy to integrate.  
  - **openstreetmap**: Open mapping data with various APIs, but the official API is not recommended for heavy or production use, rather for editing open map data.  
  - **mapquest-open-directions**: Primarily directions, although MapQuest also has a geocoding API (seen above).  
  - **bing-maps**: General Bing Maps REST services includes geocoding, routing, etc.  
  - **mapbox**: Maps and geocoding services available, but not explicitly listed in the provided APIs for geocoding.  
- Among these, the best choices for a reliable Excel add-in for geocoding are:  
   1. **google-geocoding** - because it's the industry standard, widely used, supports both forward/reverse geocoding, great documentation, and flexible output formats.  
   2. **bing-maps-geocode-dataflow / bing-maps-locations / bing-maps** - Microsoft's well-supported and robust services, good for batch or individual geocoding.  
   3. **mapquest-geocoding** - another reputable geocoding provider with REST API, reasonable limits, and multiple data format support.  
   4. **geocoderca** - especially for US and Canada geocoding needs, which might be beneficial for users dealing with North American addresses.  

**Conclusion**:  
- Recommend categories: ['mapping']  
- Recommend All matched APIs: ['google-geocoding', 'bing-maps-geocode-dataflow', 'bing-maps-locations', 'bing-maps', 'mapquest-geocoding', 'geocoderca']
./output/gpt/zero_shot/responses.json
データが保存されました: ./output/gpt/zero_shot/responses.json (キー: svb-mapper-1)
------------------------------
評価中のサービス: soho-rintaro
Iteration 1, Total call: 297
**Reasoning**:  
The requirement involves searching various types of content such as history, sports, music, and movies using APIs. To fulfill this, the focus should be on categories that cover a broad range of content related to these topics:

- **news-services**: for access to wide-ranging current and historic news content, which frequently includes history and sports articles.  
- **sports**: to get detailed and specific sports data, scores, statistics, and events.  
- **music**: to access music-related data, including artists, songs, albums, live concerts, and recommendations.  
- **movies / entertainment / video**: for movie and TV show data, including reviews, metadata, trailers, etc. (Noting "movies" as a category is listed, also "entertainment" and "video". The most relevant appears to be "movies" and "video".)  
- **search**: includes some general and specialized search APIs that can be relevant for searching various content types.  

Hence, these categories cover the major content types requested.

Next, matching APIs from the given list:

- **News-services**:  
  - new-york-times-archive (historic articles)  
  - new-york-times-article-search (article search)  
  - guardian (news content and articles)  
  - reuters-spotlight (news, video, pictures, multimedia)  
  - reddit (user submitted news and stories)  
  - webhoseio (structured web data including news, blogs)  
  - daylife (news queries platform)  
  - trendrr (trends and social engagement data)  

- **Sports**:  
  - yahoo-fantasy-sports (leagues, teams, player info)  
  - espn (sports news, stats, teams)  
  - ergast (motor racing historical data)  
  - teamsnap (team sports management)  
  - are-you-watching (alerts on televised games)  

- **Music**:  
  - lastfm (music data, artists, albums, playlists)  
  - songkick (live concerts data)  
  - jamendo (albums, artists, tracks)  
  - bandsintown (local concerts, event recommendations)  
  - spotify-web (music catalog, artists, playlists)  
  - musixmatch (lyrics)  
  - discogs (artists and recording data)  
  - blipfm (user generated music stations)  
  - playme (music catalog and widgets)  
  - musikki-music (curated music content)  
  - beatport (electronic music catalog)  
  - idiomag (music articles, photos, and recommendations)  
  - sonicapicom (audio effects API)  
  - bandcamp (music discovery and marketplace)  
  - 7digital (music download and streaming catalogue)  

- **Movies / Entertainment / Video**:  
  - movie-database-tmdb (movie, TV show, cast data)  
  - rotten-tomatoes (movie data, reviews, ratings)  
  -  thetvdbcom (TV show database)  
  - dailymotion (video upload and sharing)  
  - youtube (videos, uploads, playbacks)  
  - vimeo (video hosting and sharing)  
  - brightcove (online video publisher platform)  
  - trailer-addict (movie trailers)  
  - otnettv (TV streaming service platform)  
  - ivavideo (movie, TV metadata and video assets)  
  - orb (media delivery service)  

- **Search**: for general-purpose and specialized search APIs that might enhance broad content querying:  
  - google-custom-search (web and image search)  
  - yahoo-local-search (local business and content)  
  - bing, bing-translator, bing-map related APIs (some with search components)  
  - twitter-search (social search)  
  - primal (interest graph based content search)  
  - open-movie-database (movie search)  
  - yummly (recipe search but can be omitted here)  

Given the requirement is broad but focused on history, sports, music, movie content search, the best APIs cover these content types explicitly. APIs for general search complement this.

**Conclusion**:  
- Recommend categories: ['news-services', 'sports', 'music', 'movies', 'video', 'search']  
- Recommend all matched APIs: [
  'new-york-times-archive', 'new-york-times-article-search', 'guardian', 'reuters-spotlight', 'reddit', 'webhoseio', 'daylife', 'trendrr',
  'yahoo-fantasy-sports', 'espn', 'ergast', 'teamsnap', 'are-you-watching',
  'lastfm', 'songkick', 'jamendo', 'bandsintown', 'spotify-web', 'musixmatch', 'discogs', 'blipfm', 'playme', 'musikki-music', 'beatport', 'idiomag', 'sonicapicom', 'bandcamp', '7digital',
  'movie-database-tmdb', 'rotten-tomatoes', 'thetvdbcom', 'dailymotion', 'youtube', 'vimeo', 'brightcove', 'trailer-addict', 'otnettv', 'iva-video', 'orb',
  'google-custom-search', 'yahoo-local-search', 'bing', 'twitter-search', 'primal', 'open-movie-database'
]
./output/gpt/zero_shot/responses.json
データが保存されました: ./output/gpt/zero_shot/responses.json (キー: soho-rintaro-1)
------------------------------
評価中のサービス: california-environment-report-cleanup-sites-and-permitted-facilities
Iteration 1, Total call: 298
**Reasoning**:  
The requirements specify an interactive map, heatmaps, a geo-location mobile version, data feeds, and detailed pages of cleanup sites and permitted facilities data specifically from the California Department of Toxic Substances Control datasets. This points to a mashup centered around geographic and environmental data visualization and interaction. Let's analyze the needs against the available categories and APIs:

1. Interactive map and heatmaps:  
   - This strongly requires mapping and geospatial APIs that can display maps, support layers (for heatmaps), and allow interaction with geographic data points.  
   - Mapping category APIs such as Bing Maps, Google Maps (or their successor APIs), MapQuest, OpenLayers, or similar services are appropriate.  
   - APIs that support advanced mapping features and overlays would be essential.

2. Geo-location mobile version:  
   - The map API should have mobile compatibility or a mobile SDK supporting geolocation features.  
   - APIs that provide GPS or IP-based geo-location capabilities help to enhance user interaction/mobile usability.

3. Data feeds and detail pages of every Cleanup Site and Permitted Facility from the CA Department of Toxic Substances Control Datasets:  
   - This indicates a dataset focused on environmental information and government data.  
   - The category “government” may hold APIs aligned with such datasets. However, no CA DTSC-specific API is listed.  
   - Alternatives involve integrating public government data portals that provide environmental or location-based data.

4. Combining these, the integration will require:  
   - A mapping API to provide interactive and mobile maps with overlays/heatmaps.  
   - A government or data-as-a-service API if a direct data feed of CA Department of Toxic Substances Control is accessible from ProgrammableWeb. (No direct DTSC API is listed here.)  
   - If no direct API is available for the DTSC dataset, recommend focusing on mapping APIs for visualization, and potentially use APIs like “your-mapper,” “usgs-elevation-query-service,” or “geonb” if they provide access to environmental or geographical layers from government data.  
   - The data feed for cleanup sites and permitted facilities may also be accessible through generic government data APIs or open data portals that can be integrated. If no direct API in the list is available, some governments have their data on CKAN or similar platforms, so CKAN or specific CKAN instances (like datagovuk, ckan-czech-republic, ckan-norway) could be referenced for similar data but none is specific to CA or toxic substances control.  
   - In this case, since a direct API for CA DTSC datasets is not listed, the emphasis should be on mapping and government data-related APIs with potential to extend with custom data loading.

**Conclusion**:  
- Recommend categories: ['mapping', 'government', 'data-as-a-service']  
- Recommend All matched APIs:  
  - 'bing-maps' (comprehensive mapping support, REST and SOAP, pushpins, routing, traffic)  
  - 'google-maps-places' (place information, geolocation, JSON support)  
  - 'mapquest' (mapping platform with directions, geocoding, search, static maps, traffic)  
  - 'your-mapper' (aggregates local government data, geocodes, and keeps data updated; can be used to integrate local government datasets)  
  - 'geonb' (government mapping service, geographic information from provincial government with ArcGIS compliance)  
  - 'usgs-elevation-query-service' (provides elevation data which may augment geospatial presentations)  
  - 'ip2location' or 'smart-ip-geo-ip' (support geo-location by IP, helpful for the geo-location mobile version)  
  - 'datagovuk' or other CKAN instances under government category if data ingestion from public datasets is considered (though not CA-specific, they align with government open data platform approach).

Note: Since no direct API for CA Department of Toxic Substances Control datasets is listed in the available APIs, mapping APIs plus government or open data APIs with ability to ingest or link to such datasets are recommended.

# Final recommendation:

**Recommend categories**:  
['mapping', 'government', 'data-as-a-service']

**Recommend All matched APIs**:  
['bing-maps', 'google-maps-places', 'mapquest', 'your-mapper', 'geonb', 'usgs-elevation-query-service', 'ip2location', 'smart-ip-geo-ip', 'datagovuk']
./output/gpt/zero_shot/responses.json
データが保存されました: ./output/gpt/zero_shot/responses.json (キー: california-environment-report-cleanup-sites-and-permitted-facilities-1)
------------------------------
評価中のサービス: listnplay
Iteration 1, Total call: 299
**Reasoning**:  
ListnPlay is a service primarily focused on handling playlists that can include audio, video, albums, or other people’s playlists — essentially dealing with music and video content aggregation, streaming, sharing, and possibly recommendations. To build or enhance such a mashup service, APIs that provide access to music and video content along with playlist management capabilities are most relevant.

- The categories related to music and video content are the most appropriate. These categories include: **music** and **video**.  
- Possibly **social** category APIs might be useful if sharing playlists among users or social features are a component. However, no strong explicit social interaction or social network is mentioned, so primary focus should be on content.
- The **applications** category could be relevant for integration platforms but less so for content access.
- Other categories like **recommendations** may be useful if advanced playlist suggestions are needed, but this is not explicitly mentioned.
 
Matching APIs from the **music** category that facilitate access to music catalogues, streaming, metadata, and playlist functionalities:  
- **rhapsody**: Provides third generation API with metadata, search, playback, library access, and personal recommendations, which fits highly with playlist creation and sharing of music content.  
- **jamendo**: Provides access to albums, artists, tracks, playlists, reviews, useful for building music playlist apps.  
- **lastfm**: Allows access and management of user music data including playlists and events.  
- **spotify-web**: Designed to retrieve data from Spotify's music catalogue, including playlists and user libraries, suitable for playlist-related features.  
- **bandcamp**: Marketplace and music metadata including artist accounts and music management.  
- **musixmatch**: Focuses on lyrics and related artist info, useful for enriching playlists with lyrics.  
- **beatport**: Electronic music downloads data useful if the service targets that genre.  
- **songkick**: Provides concert info, useful for event tie-ins but less for playlist content.  
- **musikki-music**: Curated music catalog with up-to-date artist, song and album data.

From the **video** category:  
- **youtube**: The most relevant API for access to a comprehensive video content platform, including video search, playlists, and user data.  
- **dailymotion**: Another major video platform with upload, search, and playlist features.  
- **vimeo**: Popular video hosting and sharing platform with API to manage video content and playlists.

Given the requirement to handle audio, video, albums, and playlists, combining music-oriented APIs and video content APIs will provide the most complete functionality. This enables ListnPlay to source content, organize it into playlists, and allow sharing.

**Conclusion**:  
- Recommend categories: ['music', 'video']  
- Recommend All matched APIs: ['rhapsody', 'jamendo', 'lastfm', 'spotify-web', 'bandcamp', 'musixmatch', 'beatport', 'songkick', 'musikki-music', 'youtube', 'dailymotion', 'vimeo']
./output/gpt/zero_shot/responses.json
データが保存されました: ./output/gpt/zero_shot/responses.json (キー: listnplay-1)
------------------------------
評価中のサービス: healthmap
Iteration 1, Total call: 300
**Reasoning**:

The requirements describe a mashup system called HealthMap developed by Boston Children’s Hospital, aimed at providing information about emerging public health threats based on user locations. The system aggregates health data related to diseases transmitted by people, insects, and animals. It helps users receive alerts, make predictions about disease eradication plans, and take preventive actions, especially relevant for outbreaks like Ebola.

Key functionalities and their relevant API categories include:

1. **Health and Disease Data Aggregation and Alerts**:  
   To gather health-related data, alerts, and predictions from both formal and informal sources such as WHO, ProMED Mail, EuroSurveillance, etc., APIs offering access to medical, environment, government, and news content relevant to health are crucial.

2. **Geolocation and Mapping**:  
   Since the system uses users’ locations to contextualize health information, mapping and geolocation APIs are required, such as those enabling dynamic maps, user location tracking, and mapping of disease outbreak areas.

3. **News and Informal Sources Integration**:  
   HealthMap integrates information from news sources and web content to complement official data. News API integration is essential here.

4. **Language/Translation Services**:  
   The system uses Google Translate API, indicating the need to handle multi-language health data for international users.

5. **Prediction and Analytics**:  
   The system uses predictions about disease spread and eradication, so APIs for analytics, machine learning, or predictive services would be beneficial.

6. **Alerts and Notifications**:  
   For pushing real-time alerts or messages related to health threats, messaging or notification APIs can be used.

Considering the description of HealthMap and its components, the most relevant categories for APIs are:

- **medical** — For accessing health data and disease information.  
- **government** — For official health data from governmental bodies such as WHO.  
- **news-services** — To retrieve news content about outbreaks and health emergencies.  
- **mapping** — For geolocating outbreaks and visualizing health threats geographically.  
- **natural-language-processing** or **analytics** — For analyzing textual data from informal sources and predictions.  
- **translation** — To support language translations of health data.  
- **messaging** (optional) — To deliver alerts and notifications to users.

Now, checking the available APIs that align well with these functionalities:

**Relevant Available APIs:**

- **medical**:  
  - *NHS* (medical data and content)  
- **government**:  
  - *Healthfindergov* (health agency data)  
  - *Google-civic-information* (for civic and community data)  
  - *NYC Open Data*, *US Census Bureau*, *EPA Station Catalog*, other government data may complement health data.  
- **news-services**:  
  - *Webhoseio* (structured web data that includes news and blogs)  
  - *Guardian* (news articles)  
  - *New York Times Archive*, *New York Times Article Search*  
- **mapping**:  
  - *Bing Maps Search*, *Google Maps Places*, *MapQuest*, *OpenStreetMap*, *Google Geocoding*, *Bing Maps Routes*, etc. These provide geolocation and visualization tools.  
- **natural-language-processing or analytics**:  
  - *RxNLP-text-similarity* or *Datumbox* (NLP and text mining)  
  - *Galileo* or *Mixpanel* or *Kissmetrics* (analytics platforms)  
- **translation**:  
  - *Microsoft Translator*  
- **messaging (alerts/notifications)**:  
  - *PubNub*, *Twilio*, *Amazon SNS*

**Conclusion**:

- Recommend categories:  
  ['medical', 'government', 'news-services', 'mapping', 'natural-language-processing', 'analytics', 'translation', 'messaging']

- Recommend All matched APIs:  
  ['nhs',  
   'healthfindergov',  
   'google-civic-information',  
   'webhoseio',  
   'guardian',  
   'new-york-times-archive',  
   'bing-maps-search',  
   'google-maps-places',  
   'mapquest',  
   'openstreetmap',  
   'google-geocoding',  
   'bing-maps-routes',  
   'rxnlp-text-similarity',  
   'datumbox',  
   'galileo',  
   'mixpanel',  
   'kissmetrics',  
   'microsoft-translator',  
   'pubnub',  
   'twilio',  
   'amazon-sns']
./output/gpt/zero_shot/responses.json
データが保存されました: ./output/gpt/zero_shot/responses.json (キー: healthmap-1)
------------------------------
評価中のサービス: football-feed
Iteration 1, Total call: 301
**Reasoning**:
The user wants headline stories and gossip on soccer teams in the four English football leagues. This requirement is centered on sports content, specifically about soccer (football) in England. Relevant data would include news articles, headlines, and possibly social media or trending topics related to these teams and leagues.

First, we identify a suitable category for this kind of content. The content is about sports news and information:
- The "sports" category fits as it explicitly mentions sports APIs which might cover soccer.
- The "news-services" category could also be relevant if the API aggregates or delivers real-time news feeds.
- The "social" category might have APIs that provide social media or trending content around soccer teams.
- The "search" category might have APIs that access news or articles about soccer teams.

Next, we look for APIs that can specifically provide:
- Headline stories on soccer (or general sports) — news or media-related APIs.
- Information about soccer teams in English leagues — sports-related APIs.
- Gossip or social commentary about soccer teams — social or recommendation APIs.

From the Available APIs:

- **yahoo-fantasy-sports** (Category: sports): Provides rich data on leagues, teams, and players. However, it is fantasy sports focused, so it may have detailed stats rather than news/gossip.
- **espn** (Category: sports): Offers sports news, statistics, team info, and player info. This is highly relevant as ESPN covers soccer and is likely to have headlines and news.
- **yahoo-travel** and other travel APIs are irrelevant.
- **new-york-times-article-search** (Category: news-services): Offers article search by keyword and faceted searching. We could use it to search for soccer headline articles.
- **guardian** (Category: news-services): The Guardian Open Platform provides content and articles including sports. The Guardian covers English football comprehensively.
- **webhoseio** (Category: news-services): Provides structured web data including news articles and online discussions in real time, which could cover soccer stories and gossip.
- **twitter-streaming** or **twitter** (social, but deprecated): As Twitter is deprecated, but streaming is available, but may require access to Twitter data which may have relevant posts.
- **what-trend** (Category: social): Finds what’s trending on Twitter with explanations. Could capture trending soccer-related gossip.
- **tagalus** (Category: social): Provides Twitter hashtag meaning. May not provide stories or headlines directly.
- **facebook-graph** is deprecated.
- **reddit** (Category: news-services): Reddit API can provide user generated content and discussions, potentially including soccer team gossip.
- **foursquare** and other location APIs are not relevant.
- **bbc-nitro** and **bbc** (media): BBC is a major source of English football news and gossip.
- **rovi-cloud-services** (entertainment) and others not sports-related.
- **yahoo-local-search** - irrelevant.
- Other social media APIs (linkedin, tumblr, pinterest-domain) are unlikely to provide focused soccer team stories/gossip.

Therefore, the best matches are sports and news-services APIs focused on sports coverage and realtime news:
- ESPN API (sports) — comprehensive sports news, stats, and team info.
- Guardian API (news-services) — includes articles on sports including soccer.
- Webhose.io (news-services) — real-time feeds of news and discussions.
- New York Times Article Search API (news-services) — search for relevant soccer news.
- BBC Developer API (media) — offers schedule and program info, including sports content.
- Reddit API (news-services) — community discussions and potentially gossip.
- What The Trend API (social) — trending topics on Twitter including soccer gossip.

**Conclusion**:

- Recommend categories: ['sports', 'news-services', 'social', 'media']
- Recommend All matched APIs: ['espn', 'guardian', 'webhoseio', 'new-york-times-article-search', 'bbc', 'reddit', 'what-trend']
./output/gpt/zero_shot/responses.json
データが保存されました: ./output/gpt/zero_shot/responses.json (キー: football-feed-1)
------------------------------
評価中のサービス: dfwdines-dfw-restaurant-week-guide
Iteration 1, Total call: 302
**Reasoning**:

1. Core functionality involves providing a **list of participating restaurants** for DFW Restaurant Week and displaying them on a **map** with **sortable features**, so users can find directions, nearby places, ratings, etc.
   
2. Essential features:
   - **Mapping and location-based services**: To display restaurants on a map, find routes/directions, show nearby venues, and geocode addresses.
   - **Search and sorting**: To allow users to search and sort restaurants by name, rating, or location.
   - **Ratings and reviews**: Users want to see ratings or reviews to choose restaurants.
   - **Business/commerce information**: Access to restaurant details, menus, and possibly online bookings or ordering.
   - **Mobile-friendly support**: APIs that provide mobile accessible, responsive data.
   
3. Available categories that fit:
   - **mapping**: To display restaurants on maps, get routes, geocode, find nearby places.
   - **search**: For querying restaurants and filtering them by various parameters (name, rating).
   - **recommendations**: For ratings and review info about restaurants.
   - **ecommerce** or **booking** (optional): If integrating online booking or ordering, but the requirement focuses mostly on mapping and search.
   - **location**: For geolocation based on IP or coordinates to enhance "what's nearby" features.
   
4. Available APIs for mapping:
   - **bing-maps-search**: Search locations, properties, points of interest.
   - **google-maps-places**: Rich place information, including establishments (such as restaurants).
   - **yelp-fusion**: Provides business reviews and ratings, very relevant for restaurants.
   - **ip2location**: Get location data from IP for personalization or nearby search enhancement.
   - **mapquest**, **google-distance-matrix**, **bing-maps-routes**: For directions.
   - **your-mapper**: Aggregates local government data, standardizes and geocodes it.
   - **foursquare**: Venue info, photos, check-ins - also good for restaurants and ratings.
   
5. For search/sorting capability:
   - **yelp-fusion**: Allows searching businesses by location, categories, ratings.
   - **google-custom-search** or **primal**: For general search, but Yelp and Foursquare are more restaurant-specific.
   
6. For ratings and recommendations:
   - **yelp-fusion**: Business ratings and reviews.
   - **yelp-fusion** is ideal for restaurant rating data.
   - **tagalus** or **peerindex** are social related but less relevant for business reviews.
   
7. For directions:
   - **bing-maps-routes**
   - **google-distance-matrix**
   - **mapquest-open-directions**
   - **bing-maps-routes** or **bing-maps** (REST services) provide route info.
   
Given the requirement and available APIs, the core focus is on mapping, business info, location, ratings, and directions.

**Conclusion**:

- Recommend categories:  
['mapping', 'search', 'recommendations', 'location']

- Recommend all matched APIs:  
['bing-maps-search', 'google-maps-places', 'yelp-fusion', 'ip2location', 'bing-maps-routes', 'google-distance-matrix', 'mapquest-open-directions', 'foursquare', 'your-mapper']
./output/gpt/zero_shot/responses.json
データが保存されました: ./output/gpt/zero_shot/responses.json (キー: dfwdines-dfw-restaurant-week-guide-1)
------------------------------
評価中のサービス: geo-wiki-search
Iteration 1, Total call: 303
**Reasoning**:
The requirement is to create a mashup combining the WikiLocation API and Google Maps. The primary goal is to show information about Wikipedia articles located in a specific geographical area.

1. The WikiLocation API is designed for developers to search Wikipedia articles by geographic location. It returns geocoded entries of Wikipedia articles in various formats such as XML, JSON, or JSONP, making it suitable for showing geographically relevant Wikipedia content on a map.

2. Google Maps provides mapping and geolocation services. To show information about Wikipedia articles on a map, an interactive or static map API is required. Google Maps API is known for its extensive mapping features, including markers, info windows, and geolocation data, which makes it ideal for this task.

3. Both of these APIs fall under the "mapping" and "wiki" categories:
   - WikiLocation API falls under the "wiki" category since it is related to Wikipedia.
   - Google Maps is under "mapping" as it provides mapping interfaces and services.

Therefore, the mashup requires the combination of "wiki" and "mapping" categories, leveraging WikiLocation API for Wikipedia article data and Google Maps API to render the information geographically.

**Conclusion**:
- Recommend categories: ['mapping', 'wiki']
- Recommend all matched APIs: ['wikilocation', 'google-maps']
./output/gpt/zero_shot/responses.json
データが保存されました: ./output/gpt/zero_shot/responses.json (キー: geo-wiki-search-1)
------------------------------
評価中のサービス: lastface
Iteration 1, Total call: 304
**Reasoning**:

1. The user wants a Mozilla Firefox extension that lets users see what music their Facebook friends listen to and analyze similarity in tastes.
2. Key elements:
   - Access to Facebook friends' music listening data.
   - Ability to analyze or view similarity between users' tastes.
   - View recent music activity and charts from Last.fm.
3. Therefore, the mashup needs access to:
   - Facebook social graph and friend data to obtain friends' identities and social connections.
   - Music-related data sources with recent listening activity and charts — Last.fm is explicitly mentioned.
4. From the available categories and APIs:
   - The "social" category contains Facebook and related social APIs.
   - The "music" category covers music metadata, listening data, and charts.
5. From the listed APIs:
   - Facebook Graph API (though listed as historical, but the Facebook social API is relevant if we consider social data access).
   - Last.fm API is present, supporting music data retrieval, including user listening data and charts.
6. To compare users' music taste similarity, an analysis on top of Last.fm data from Facebook friends could be done on the client side, or potentially a text similarity or recommendation API could be used. However, no explicit API for music taste similarity is listed, so this functionality might be built using data from last.fm and friends data from facebook.
7. Therefore, recommend social and music categories and specifically Facebook Graph API and Last.fm API.

**Conclusion**:

- Recommend categories: ['social', 'music']
- Recommend all matched APIs: ['facebook-graph', 'lastfm']
./output/gpt/zero_shot/responses.json
データが保存されました: ./output/gpt/zero_shot/responses.json (キー: lastface-1)
------------------------------
評価中のサービス: boyfriend-x
Iteration 1, Total call: 305
**Reasoning**:

BoyFriend X is described as a Web 2.0 address book tailored for single women. The purpose is likely to manage contacts and possibly integrate social features or personalize user experiences. To build or enhance such a service, the APIs should primarily support:

1. **Personal-Information-Management:** To handle storing, organizing, and accessing contact information in an address book format.

2. **Social:** An address book application for single women may benefit from integration with social networking APIs, to import or manage social connections, share contacts, or get social data relevant to users.

3. **Authentication (optional):** If users need to log in securely, an authentication API might be essential, though this was not explicitly requested but can be logically inferred.

Checking the available APIs to match:

- **Windows Live Contacts API** (Category: personal-information-management): This API allows programmatic access to the Windows Live Contacts Address Book, supporting the submission of queries and retrieving results, which aligns perfectly with an address book function.

- **LinkedIn API** (Category: social): Large business social network that offers RESTful API access to manage and view contacts/connections, profiles, jobs, and more. It can enrich an address book with professional social data.

- **Facebook Graph API** (Category: social): Although noted as deprecated and split, Facebook Graph API historically provided access to social graphs including contacts and user info. Depending on the service, this can integrate social data.

- **Foursquare Places API / Yelp Fusion API / other social APIs:** These may enrich the app with places and recommendations but might be less directly relevant to a pure address book.

- **Pocket, Readability, Zotero, Delicious APIs (Category: bookmarks):** Related to saving and organizing links or research, which is not a direct match.

- **Google Contacts Data API** (Category: other) but listed here as Google Contacts, which provides access to user contacts.

Since the user needs a Web 2.0 address book, integration with APIs that manage contacts and social connections is essential.

**Relevant categories**:

- personal-information-management: core address book functionality.

- social: to connect to social networks for enhanced contacts.

Given the available APIs, the best matches are:

- Windows Live Contacts API

- LinkedIn API

- Facebook Graph API (though deprecated, kept historically)

- Pocket / Zotero / Delicious not relevant

Other APIs related to authentication, like Yahoo BBAuth or Google Single Sign-On, are useful but optional here.

**Conclusion**:
- Recommend categories: ['personal-information-management', 'social']
- Recommend all matched APIs: ['windows-live-contacts', 'linkedin', 'facebook-graph']
./output/gpt/zero_shot/responses.json
データが保存されました: ./output/gpt/zero_shot/responses.json (キー: boyfriend-x-1)
------------------------------
評価中のサービス: mileage-calculator
Iteration 1, Total call: 306
**Reasoning**:

The user's requirement has two main components:

1. Calculating travel mileage for any number of trips, by fetching information from Google Maps or an equivalent mapping service.
2. Fetching trips/events from Google Calendar to get the events data for mileage calculation.

For mileage calculation using mapping data, we need APIs that provide travel distance or directions between locations. The Google Maps platform historically provides multiple APIs that can help with this such as Directions API or Distance Matrix API, which provide travel distances and times between locations.

For accessing trips/events in Google Calendar, an API that can read calendar events is necessary.

So, we need to recommend categories and specific APIs that cover:

- Mapping/directions to calculate mileage: Google Maps-related APIs that provide distance or routing.
- Calendars: APIs to fetch trips/events from Google Calendar or other calendar services.

Reviewing the Available categories and APIs:

1. Mapping category:
   - google-maps-distance-matrix: Provides travel distance and times between multiple origins and destinations, suitable for calculating mileage.
   - google-maps-directions: Calculates directions/routes between locations.
   - google-maps-geocoding: Can turn addresses into coordinates.
   - google-maps: Deprecated, functionality split into other APIs.
   - mapquest and related mapping APIs exist, but user requested Google Maps info specifically.
   
2. Calendars category:
   - google-calendar: Lets users view and update calendar events programmatically.
   - liveconnect: Access Hotmail, SkyDrive, and Windows Live Messenger, with contacts and calendars.
   
3. Additionally, since Google Maps is deprecated as one API and functionality is split among multiple APIs, the best choice for mileage calculation is the google-maps-distance-matrix API. It is specifically designed to provide travel distances and times for multiple origins and destinations, which fits the mileage calculation requirement perfectly.

4. To fetch events from Google Calendar, the google-calendar API is the prime option.

**Conclusion**:

Recommend categories: ['mapping', 'calendars']

Recommend All matched APIs: ['google-maps-distance-matrix', 'google-calendar']
./output/gpt/zero_shot/responses.json
データが保存されました: ./output/gpt/zero_shot/responses.json (キー: mileage-calculator-1)
------------------------------
評価中のサービス: voicecal
Iteration 1, Total call: 307
**Reasoning**:
The requirement is to use Voicecal to provide immediate access to a Google calendar just by making a phone call. This entails two main functionalities: telephony (handling the phone call) and calendar data access (reading and possibly managing Google calendar events).

1. Telephony Category: To manage and integrate phone call capabilities, we need an API that supports telephony functionalities such as making or receiving calls, interacting with users over a call (IVR), and connecting the telephony interface with backend services.

2. Calendars Category: To access Google Calendar data, we require an API that allows interaction with Google Calendar—retrieving, managing, or modifying calendar events, schedules, and related data.

Looking through the available APIs:

- The "google-calendar" API in the "calendars" category fits perfectly, as it provides functionalities for viewing and updating Google Calendar events, sending invitations, and more.

- For telephony, several APIs exist:
  - "twilio" (telephony category), which provides voice and SMS communications and supports building scalable voice applications.
  - "plivo" (telephony category) supporting call making and receiving, conferencing, recording, etc.
  - "voxeo" (telephony category) offering access to voice and text-to-speech services.
  - "kookoo" (telephony category) supporting call placing, receiving, gathering user input, etc.
  - "telapi" (telephony category) with functionalities to send/receive SMS and calls.
  - "gonkhoo" and "spokenbuzz" also provide telephony capabilities.
  
The "twilio" API is well-known, widely used, and feature-rich for telephony applications, including voice calls with programmable features, so it is a good recommendation.

**Conclusion**:
- Recommend categories: ['telephony', 'calendars']
- Recommend All matched APIs: ['twilio', 'google-calendar']
./output/gpt/zero_shot/responses.json
データが保存されました: ./output/gpt/zero_shot/responses.json (キー: voicecal-1)
------------------------------
評価中のサービス: scovry
Iteration 1, Total call: 308
**Reasoning**:
- The requirement is for "Scovry," a web discovery site aggregating data from multiple popular social sources.
- The data should be presented in an easy-to-follow streaming ticker format, implying real-time or near-real-time social content aggregation and display.
- This involves integration with social media platforms to fetch social data, including posts, trends, tweets, and possibly other user-generated content.
- A streaming ticker format suggests the need for real-time or near real-time data feeds, so APIs that allow streaming or timely updates from social sources are best suited.
- The primary category that matches the concept of aggregating and displaying data from social sources like Twitter, Facebook, etc., is the **social** category.
- Consider APIs that provide access to social content streams, trend data, or aggregated social interactions.

Looking into the available APIs for social:

- **twitter-streaming** (social): Allows near-real-time access to subsets of Twitter data including public statuses, filtered by keyword, geo-location, or user ID. Supports streaming which is suited for a ticker format.
- **tagalus** (social): Provides access to Twitter hashtag definitions and voting, which could complement social data from Twitter.
- **what-trend** (social): Finds what's trending on Twitter and provides quick explanations and context. Useful for showing trending topics in the ticker.
- **awe.sm** (social): Provides quantitative performance analytics on social data, useful for enhancing discovery.
- **facebook-graph** (social): For public info from Facebook. However, this API is marked as historically maintained only.
- **buffer** (social): For managing and scheduling tweets, less about streaming.
- **tumblr** (social): Blog data.
- **plancast** (social): Event sharing platform.
- **linkedin** (social): Professional social network data.
- **readsocial** (social): For book/magazine reading sharing.
- **peerindex** (social): Social media analytics on influence.
- **nationbuilder** (social): Community organizing data.
- **pinterest-domain** (social): Pinterest data.
- **hyves** (social): European social site.
- **shizzow** (social): Location announcement.
- **addthis-services** (social): Sharing services.
- Several social APIs like Twitter Search and Facebook Graph are now deprecated or only maintained for legacy.

Because Scovry is about a broad streaming ticker of data from multiple popular social sources, a combination of streaming APIs from major social platforms is ideal.

The most prominent social streaming API available from the list is **twitter-streaming**, which provides the real-time data stream necessary for the ticker presentation.

Also, **what-trend** helps discover trending topics on Twitter, which fits well with a discovery-focused ticker.

For broader social integration beyond Twitter, **awe.sm** can give quantitative social analytics data, enriching the discovery experience with social influence and behavior insights.

Other APIs like Tagalus could provide hashtag definitions but are more niche.

Because Facebook API is deprecated and other social platforms have limited public APIs, the primary live data source is Twitter.

Hence, the recommended categories are:

- social (for access to social platform data)
- news-services (to complement social data streams with news data; however, no direct news requirement was given, so optional)

APIs to recommend:

- twitter-streaming (for real-time social data)
- what-trend (to get explanations on trending topics)
- awe.sm (for social analytics and performance data)

**Conclusion**:
- Recommend categories: ['social']
- Recommend All matched APIs: ['twitter-streaming', 'what-trend', 'awe.sm']
./output/gpt/zero_shot/responses.json
データが保存されました: ./output/gpt/zero_shot/responses.json (キー: scovry-1)
------------------------------
評価中のサービス: human-pets
Iteration 1, Total call: 309
**Reasoning**:  
The "Human Pets" service described is a social site where users are portrayed as animals and can interact socially with actions such as feeding, combing, petting, going on trips, nicknaming, and more. This platform clearly revolves around social interactions and user engagement features, resembling a specialized social network or community.

1. **Social Category**: Since it's a social site with user interactions, the "social" category is essential to incorporate features like user profiles, interactions, and social data connectivity. APIs in this category can offer social graph capabilities, user info management, and social sharing.

2. **Messaging and Chat**: Interactions like being "fed," "combed," or "taken on trips" might incorporate real-time notifications, messaging, or chat functionalities so users/animals can communicate or perform actions interactively.

3. **Location and Travel (Optional)**: The ability to be "taken on trips" or explore suggests potential integration with travel, mapping, or location-based APIs to allow for geolocation or trip planning.

4. **Avatar, Media, or Profile Customization** (Images, Photos, or Media): The concept of nicknaming or personalizing pets may include support for images, avatars, or media uploading/displaying.

However, since the core is a social site with special social interactions, the primary focus is on social, messaging/chat, and possibly location/travel.

**Conclusion**:

- Recommend categories:  
  ['social', 'messaging', 'mapping', 'photos']

- Recommend matched APIs:

  **Social APIs**:  
  - tagalus (social) — For managing Twitter hashtags which could be adapted for tag management in the social animal community.  
  - facebook-graph (social) — For social graph and user profiles (although it is deprecated, it illustrates typical social APIs).  
  - linkedin (social) — For managing connections and profiles, useful if extended to user relationships.  
  - plancast (social) — Event sharing, which could be adapted for "trips" or social plans.  
  - twitter-streaming (social) — For real-time content feed integration.  
  - scoopit (social) — Social curation, content distribution features.  
  - buffer (social) — Scheduling and managing social updates.  
  - nationbuilder (social) — Community organization and campaign tools that could be extended for group features.  
  - meetup (social) — For building groups and events, enhancing social aspects.  
  - addthis-services (social) — For social sharing utilities.  
  - pinterest-domain (social) — Content sharing and user engagement via images.  
  - vk (social) — Large-scale social site API.  
  - tumblr (social) — Blog and post management for social content.  
  - facebook (social) — Deprecated but typical social network API.  
  - hyves (social) — European social site API could be useful.  
  - fullcontact-person (social) — To enhance user profile data.  
  - readsocial (social) — For sharing and connecting content within reading applications, potentially useful for sharing pet-related stories.

  **Messaging APIs**:  
  - quickblox (backend) — Provides chat, voice, video communication; perfect for real-time social interactions.  
  - twilio (telephony) — For SMS/voice if messaging beyond the app is needed.  
  - pubnub (messaging) — Real-time messaging and push notification support.  
  - twilio-sms (messaging) — SMS messaging services.  
  - slack-real-time-messaging (messaging) — Real-time messaging functionalities.  
  - pushover-message (messaging) — Push notifications to devices.  
  - notifo (messaging) — Push notification platform.  
  - clockwork-sms (messaging) — SMS gateway for bulk messages.

  **Mapping/Travel APIs** (for trips):  
  - google-maps-places (mapping) — Place search and details for trips.  
  - bing-maps-search (mapping) — Mapping related search queries.  
  - ip2location (mapping) — For location personalization.  
  - mapquest (mapping) — Directions and route planning.  
  - skyscanner-live-pricing (travel) — For travel-related pricing and bookings if offering trip planning.  
  - tripit (travel) — Travel itinerary management.  
  - evature-travel-search (travel) — Natural language travel search.  
  - bing-traffic (travel) — To provide traffic conditions during trips.  

  **Photos/Media APIs** (for avatars, sharing images of pets):  
  - flickr (photos) — Photo sharing and management.  
  - instagram-graph (photos) — Photo sharing API.  
  - imgur (photos) — Photo hosting/sharing.  
  - 500px (photos) — Photography community API.  
  - photobucket (photos) — Photo sharing features.  

This combination will allow "Human Pets" to have rich social interactions, real-time messaging, location/trip features, and avatar/media sharing to create a vibrant social ecosystem for animal personas.

---

**Summary**:

- Recommend categories: ['social', 'messaging', 'mapping', 'photos']  
- Recommend APIs: ['tagalus', 'plancast', 'quickblox', 'twilio', 'pubnub', 'google-maps-places', 'bing-maps-search', 'flickr', 'instagram-graph', 'imgur', 'photobucket', 'tripit', 'nationbuilder', 'buffer', 'meetup', 'twilio-sms', 'pushover-message']
./output/gpt/zero_shot/responses.json
データが保存されました: ./output/gpt/zero_shot/responses.json (キー: human-pets-1)
------------------------------
評価中のサービス: gmap-friends
Iteration 1, Total call: 310
**Reasoning**:  
The user wants to map all Gmail contacts, which implies a need for integrating with Gmail contacts data. The requirements also specify functionality for adding and deleting contacts, and plans for updating contacts in the near future. This relates to managing personal contacts, and displaying them on a map.

- To access Gmail contacts, the category "other" or "personal-information-management" could be relevant, but looking at the available categories, there is a direct "email" category which includes many APIs related to Gmail and contacts.
- Gmail's own API (for mailing service) is in "email" category but often separate APIs for contacts are offered.
- For mapping these contacts, mapping is a separate category. To plot contacts on a map, mapping APIs such as "google-maps-places", "bing-maps-locations", or other mapping APIs would be needed.
- For adding, deleting contacts from Gmail, the API must support CRUD operations on contacts. "google-contacts" API is specifically for accessing and updating Google Contacts data and can be used for adding, deleting, and updating contacts.  
- Mapping addresses and showing contacts on a map would require mapping APIs. The "google-maps-places" API or "bing-maps-locations" API would allow getting mapping info based on addresses or places.  
- Since contacts could have addresses, the mapping APIs can show their location on a map.

From the available APIs:  
- google-contacts (Category: other) explicitly allows viewing and updating Contacts content via Google Data API feeds. This fits managing contacts well.  
- google-maps-places (Category: mapping) provides place information given geographic location or text queries. Could be used to map contacts' addresses.  
- bing-maps-locations (Category: mapping) also gets location information from map coordinates or address, helpful for mapping contacts.  
- gmail API (Category: email) allows Gmail mailbox access, but not specifically contact management.

Hence, for managing Gmail contacts including adding and deleting, "google-contacts" API is the best match. For mapping their addresses, "google-maps-places" or "bing-maps-locations" APIs may be used.  

**Conclusion**:  
- Recommend categories: ['other', 'mapping', 'email']  
- Recommend All matched APIs: ['google-contacts', 'google-maps-places', 'bing-maps-locations', 'gmail']
./output/gpt/zero_shot/responses.json
データが保存されました: ./output/gpt/zero_shot/responses.json (キー: gmap-friends-1)
------------------------------
評価中のサービス: unemployed-america
Iteration 1, Total call: 311
**Reasoning**:

1. The requirement is to create a mashup that combines:
   - A Google Maps view showing the unemployed population in America.
   - Twitter tweets about unemployment.
   - Tweets are to be split and displayed by Eastern and Western United States.

2. To meet the "Google Maps view" requirement, we need a mapping API that provides mapping functionality with support for the U.S. region and can be used to render data points. The most direct and relevant Google Maps APIs available here include:
   - `google-maps-places`, `google-maps-geocloding`, `google-maps-geolocation`, `google-maps-distance-matrix`, `google-maps-elevation`, `google-maps-directions`
   - However, the best suited and most general API for mapping and rendering is `google-maps-places` or just a general Google Maps API for rendering maps.
   - The listing shows that the general Google Maps API is no longer available standalone, but the `google-maps-places` and related Google Maps APIs are.

   Alternatively, Bing Maps APIs or MapQuest could be considered, but the user specifically wants Google Maps.

3. For Twitter tweets, specifically to get tweets about unemployment:
   - The Twitter API itself is no longer available in this profile; it has been split into multiple APIs (Twitter Ads, Search Tweets, Direct Message API).
   - However, the requirement is to view tweets, especially related to unemployment. We have `twitter-streaming` API (which gives realtime access to public and protected Twitter data filtered by userid, keyword, etc.).
   - The alternate is `twitter-search` which is a historical Twitter search API.
   - Since `twitter-streaming` allows filtering by keyword and location, it can be used to retrieve tweets about unemployment in real time.
   
4. Splitting tweets into Eastern and Western U.S. requires geographic filtering or geographic metadata for tweets:
   - We need geolocation functionality to determine what tweets belong to which side.
   - `twitter-streaming` provides location filtering.
   - If more location data is needed, IP geolocation or mapping APIs can estimate based on IP or tweet location metadata.
   - Alternatively, we may consider location APIs like `ip2location` or `ip-apicom-geolocation`, but for tweets, the built in tweet geo-coordinates are primary.

5. For unemployment data in America, which is needed for visualization on the map:
   - There's no explicit unemployment API listed.
   - Possibly one can use government or demographic data APIs for unemployment.
   - Among government APIs, no direct unemployment API is found.
   - The `us-census-bureau` API provides demographic information by geographic location. This is the best available data source for the unemployment population in the U.S. It can provide the data points that can be displayed on the map.
   
6. Therefore, the mashup will use:
   - Mapping: `google-maps-places` (for map rendering).
   - Twitter data: `twitter-streaming` (to get tweets about unemployment).
   - Unemployment data: `us-census-bureau` (for demographic unemployment info by location).
   
7. Categories required:
   - mapping (for Google Maps)
   - social (for Twitter Streaming)
   - government (for unemployment data from US Census Bureau)

**Conclusion**:

- Recommend categories: ['mapping', 'social', 'government']
- Recommend All matched APIs: ['google-maps-places', 'twitter-streaming', 'us-census-bureau']
./output/gpt/zero_shot/responses.json
データが保存されました: ./output/gpt/zero_shot/responses.json (キー: unemployed-america-1)
------------------------------
評価中のサービス: umusic
Iteration 1, Total call: 312
**Reasoning**:
To develop an Android application that provides comprehensive information about users' favorite music and artists—including discography, biography, lyrics, and purchase links—the solution must aggregate and integrate several musical content APIs. Specifically:

- For artist information, biographies, and detailed metadata, APIs with extensive music catalog data and artist details are required.
- Discography data (albums, tracks, releases) must be accessible through a music metadata service.
- Lyrics require a dedicated lyrics database API that provides access to song lyrics legally.
- To offer links to purchase music, integration with e-commerce or music store APIs is necessary.
- The APIs should provide RESTful interfaces with JSON responses to facilitate mobile app development.
- Additionally, developer access terms, documentation, and API stability are relevant factors.

From the provided list, the following categories are relevant:
- music: For artist data, discography, biography, and music metadata.
- search: For searching music or lyrics data.
- ecommerce: For linking to places where music can be purchased.

Matching APIs from the list include:

1. Music category:
   - **Discogs**: User-built database focused on artists, labels, and recordings; great source for comprehensive discography and artist info.
   - **Musikki Music API**: Curated music content with up-to-date artist, song, and album info; useful for discovery and recommendations.
   - **MusicBrainz**: Community-maintained music metadata including artists, albums, and tracks; reliable and widely used.
   - **Jamendo**: Provides access to music catalogs, including metadata on albums, artists, tracks, playlists, available via RESTful API.
   - **Last.fm**: Large music data resources, includes artist, albums, events and more.
   - **Bandcamp**: Marketplace and streaming site; provides artist accounts, song sales, and merchandise management.
   - **Beatport**: Focused on electronic music catalog and metadata.
   - **Play.me**: Large song catalog API supporting streaming and downloads.
   - **Musixmatch**: Dedicated lyrics API and metadata; legal and licensed lyrics database.
   - **Songkick**: Live music events but may be helpful for contextual artist info.
   - **Disco.gs/ArtistData**: artist news, blogs and shows.
   
2. Search category:
   - **Yummly**: Recipe search, not relevant.
   - **Open Movie Database**: Not music-focused.
   - No specific music/lyrics search API in search category besides general content search.

3. Ecommerce category:
   - **Amazon Product Advertising**: Product info + e-commerce features; can link to music purchase options.
   - **iTunes and iTunes Connect**: Access to App Store data; music sales metadata might be limited.
   - **Zappos, Walmart, Sears, Shopzilla, etc.**: General ecommerce, but not specifically music.
   - **Bandcamp** (Music & ecommerce overlap).
   - **Beatport** (music downloads & ecommerce focused).
   - Shopify or WooCommerce focused on merchants but not specifically music.
   
Given the requirement to include lyrics, discography, biography, and buy links:

- For lyrics: **Musixmatch** is ideal since it focuses on licensed, legal lyrics with a rich database.
- For artist info, discography, and metadata: **Discogs**, **MusicBrainz**, and **Last.fm** provide comprehensive data.
- For purchase links, the **Amazon Product Advertising API** can provide buy links to albums or tracks.
- Also, **Bandcamp** and **Beatport** are specialized music marketplaces, offering buy and download options.
  
Combining these APIs will provide rich artist info, discography, lyrics, and purchase location integration. All these APIs provide RESTful JSON data suitable for Android app development.

**Conclusion**:
- Recommend categories: ['music', 'ecommerce']
- Recommend All matched APIs: [
  'discogs',
  'musicbrainz',
  'lastfm',
  'musixmatch',
  'bandcamp',
  'beatport',
  'amazon-product-advertising'
]
./output/gpt/zero_shot/responses.json
データが保存されました: ./output/gpt/zero_shot/responses.json (キー: umusic-1)
------------------------------
評価中のサービス: jabber-google-map
Iteration 1, Total call: 313
**Reasoning**:
- The requirement focuses on showing positions and statuses of Jabber and GTalk users, indicating presence and locations.
- It also requires the ability to mark and comment on personal places, implicating features around geolocation and user-generated content associated with locations.
- Jabber and GTalk (Google Talk) are chat/instant messaging platforms related to presence, status, and messaging.
- The key aspects involved are:
  1. User presence, status, and messaging (chat, telephony).
  2. Geolocation and mapping to show positions of users.
  3. Possibly a feature to add marks and comments on places (location and social components).

- Relevant categories are:
  - **chat**: for presence and communication features related to Jabber / GTalk-like services.
  - **mapping**: for displaying and managing positions/locations of users and personal places.
  - Possibly **social** if user-generated comments and social interaction on places is a major feature.

- From the available APIs, for Jabber and GTalk:
  - **google-talk**: Google's Google Talk service supporting XMPP (Jabber) protocol.
    - Allows connection to the Google Talk service for presence and messaging.
  - **quickblox**: Provides chat, video, voice, presence and notifications – covers real-time communications and presence.
  - **hipchat**: Chat service for companies and teams.
  - **twilio** or **plivo** or **voxeo**: Telephony APIs, but not primary for Jabber/GTalk.
  
- For mapping/location:
  - **google-latitude**: API for user's current location, location history, latitude/longitude with timestamp. Matches the use case of showing positions of GTalk users and personal places.
  - **bing-maps-locations** or **google-maps-places**: Return information about places/locations but less about user positions.
  
- Personal places management and commenting might be within a social or chat system or custom implementation.
- Google Latitude was historically used to show user locations in GTalk and was tightly integrated with user presence – matching requirement for positions and statuses of Jabber (XMPP) and GTalk users.
  
**Conclusion**:
- Recommend categories: ['chat', 'mapping', 'social']
- Recommend All matched APIs: ['google-talk', 'google-latitude', 'quickblox']

Because:
- **google-talk** API provides the presence and messaging functionality for GTalk/Jabber users.
- **google-latitude** API provides access to user location and history, enabling display of positions.
- **quickblox** API supports presence and real-time chat features, useful for managing user statuses and messaging.
./output/gpt/zero_shot/responses.json
データが保存されました: ./output/gpt/zero_shot/responses.json (キー: jabber-google-map-1)
------------------------------
評価中のサービス: worth-web
Iteration 1, Total call: 314
**Reasoning**:  
The user wants to value the worth of any website for free and find data about earnings, revenue, visits, pageviews, and net worth. This indicates the need for analytical, financial, and traffic-related data about websites. 

- The task of valuating websites typically involves analyzing metrics such as earnings, revenue, visits, and pageviews.
- This spans the domains of analytics (for tracking visits, pageviews), financial (for earnings, revenue), and possibly SEO or marketing data to understand website performance.
- Since the user wants a free tool, we'll look for APIs that expose such data and are either free or include free tiers.
- Several available APIs relate to analytics, financial data, and marketing.

From the available APIs:

1. **analytics** category:
   - galileo: Analytics platform for APIs/microservices (mainly technical, no direct web traffic data).
   - google-analytics-metadata: Metadata about Google Analytics data.
   - google-analytics-managment: Manage Google Analytics accounts.
   - kissmetrics: Analytics solution for customer lifecycle metrics.
   - mixpanel: Tracks user engagement for web traffic.
   - looker: Data analytics integration.
   
   However, Google Analytics and Mixpanel generally require the website owner’s permission and are not free for measuring arbitrary websites.

2. **seo/marketing**:
   - mozscape: SEO analytics with a large index of URLs.
   - ahrefs (backend): link validity and rank data.
   - authoritylabs-account: SEO rank monitoring with account access.
   - semrush: SEO and marketing software, keyword research, advertising research.
   - authoritylabs-partner: Provides search results for SEO rank monitoring.
   
3. **financial**:
   - freshbooks, xero, kiva (micro lending), billomat, foxrate (currency exchange), mnb-exchange-rate, financial-modeling-prep.
   - These focus on business accounting, currency exchange, or financial statements rather than website company valuations.
   
4. **statistics**:
   - compete: Provides site traffic history, competitive analytics, trust scores, site-related data.
   - compete snapshot offers detailed data on sites, including traffic history and analytics. It aligns well with the required features: earnings, revenue, visits, pageviews, net worth estimates.
   
5. **social/marketing**:
   - awe.sm, peerindex, launchrock, social-share-count provide engagement and social metrics but not revenue or earnings.
   
6. **other relevant APIs**:
   - beenverified, business-profiles, zoominfo: Business data, company profiles, which could be useful for domain owner financial data.
   - domain, domaintools: domain registration but no valuation.
   
**Conclusion**:  
The best category to recommend is 'statistics' because site traffic and analytics data are the backbone of website valuation tools. The only API specifically providing traffic history, competitive analytics, and trust scores is the 'compete' API. It specifically mentions site traffic history and competitive analytics, which are crucial for website value estimation.

Including 'analytics' and 'marketing' categories as secondary options for related data might be helpful, but the user's main need aligns most closely with the 'statistics' category and the 'compete' API.

**Recommend categories**: ['statistics', 'analytics', 'marketing']

**Recommend All matched APIs**: ['compete', 'mozscape', 'ahrefs', 'semrush', 'authoritylabs-account']

Of these, 'compete' is the best fit for a free website valuation tool that provides earnings, revenue, visits, pageviews, and net worth data. The other APIs complement analytics and marketing insights that might contribute to valuation estimation.
./output/gpt/zero_shot/responses.json
データが保存されました: ./output/gpt/zero_shot/responses.json (キー: worth-web-1)
------------------------------
評価中のサービス: last.fm-top-tracks-chart-generator
Iteration 1, Total call: 315
**Reasoning**:
- The requirement involves showing a user's top tracks along with their total listening counts. This implies the need for music track data and user-specific listening statistics.
- Additionally, it requires the ability to watch YouTube videos related to any track in the chart. So, embedding or providing YouTube video data for tracks is needed.
- Hence, the mashup service needs music data APIs that can provide user-specific top track information and listening counts, as well as video APIs that can offer streaming or links to YouTube videos.
- We should look at music-related APIs that provide data about tracks and user listening behavior.
- Among the music APIs listed, Spotify Web API is suitable because it provides user-related data such as playlists and top tracks with listen counts.
- For video, YouTube Data API is appropriate since it provides video search and playback capabilities.
- Combining these two categories will fulfill the requirement.
- The categories then are: "music" and "video".
- The matched APIs are "spotify-web" for music data and "youtube" for video playback.

**Conclusion**:
- Recommend categories: ['music', 'video']
- Recommend All matched APIs: ['spotify-web', 'youtube']
./output/gpt/zero_shot/responses.json
データが保存されました: ./output/gpt/zero_shot/responses.json (キー: last.fm-top-tracks-chart-generator-1)
------------------------------
評価中のサービス: sakmap
Iteration 1, Total call: 316
**Reasoning**:

1. SakMap is described as a versatile mapping tool ("Swiss army knife of Maps") that integrates multiple types of local services search data for US cities identified by ArcGIS geocoder. The services include weather, photos, videos, imaging, news, Wikipedia data, and more about specific localities.
   
2. From the description, the primary functions relate to:
   - Mapping/geocoding to identify US cities and their locations.
   - Accessing local service data related to these locations (weather, media, news, Wikipedia content, etc.).
   - Retrieving diverse content types (photos, videos, imaging) and information (news, Wikipedia articles).

3. Breaking down SakMap needs into categories:
   - **mapping**: for geocoding and mapping functionalities that identify cities and spatial data.
   - **weather**: to provide weather data for locations.
   - **photos**: to retrieve local photos or imaging.
   - **video**: for local video content.
   - **news-services**: to get local news related to cities.
   - **wiki**: for Wikipedia or other wiki-style data related to locations.

4. From the available APIs, select those that match the specific functionalities mentioned:

   - **mapping**:
     - "arcweb": No-cost Web mapping services with SOAP, REST, mobile, etc.
     - "geonb": Canadian mapping API that may cover geographic data — less relevant since focus is on US cities.
     - "bing-maps-search", "bing-maps-routes", "bing-maps-locations": Bing Maps APIs offer geocode, routes, and search.
     - "google-maps-places", "google-maps-geocoding", "google-distance-matrix", "google-maps-geolocation", "google-maps-elevation": Google Maps APIs for mapping and geolocation.
     - "mapquest", "mapquest-geocoding", "mapquest-open-directions": MapQuest mapping and routing.
     - "openlayers": JavaScript API for maps.
     - "openstreetmap": Open-source wiki world map.
     - "arcweb": mapping API.
     - "microsoft-bing-maps": for Bing mapping.
     - "yahoo-geoplanet": for managing geographic places.
     - "yahoo-internet-location-platform": platform for geographic place management.
     - "geoloqi": platform for private, real-time mobile location.
     - "metacarta": geographic intelligence with geo-tagging.
   
   - **weather**:
     - "aerisweather": traditional weather content and maps.
     - "norway-weather": forecasts worldwide.
     - "national-weather-service-ndfd": NOAA NWS data.
     - "weather-channel" (now IBM Cloud Weather Company APIs).
     - "met.no" 
     - "aerisweather"
   
   - **photos**:
     - "flickr": photo sharing service with vast images.
     - "500px": photo sharing (though not publicly available currently).
     - "google-picasa" (deprecated, but similar functionality).
     - "pixabay-free-images": high quality CC0 images.
     - "instagram-graph" and "instagram-real-time": photo sharing.
     - "photobucket": photo sharing.
     - "smugmug": photo hosting.
     - "snipshot": photo editing.
     - "twitpic": upload and post images to Twitter.
     - "23": photo related APIs.
   
   - **video**:
     - "youtube": videos and user content.
     - "dailymotion": video platform.
     - "vimeo": video hosting.
     - "brightcove": digital media platform.
     - "stupeflix": automated video generation.
     - "otrnettv" (OtNet.tv): custom TV streaming.
     - "framey": webcam recording embeddables.
     - "trailer-addict": movie trailers.
   
   - **news-services**:
     - "new-york-times-archive": NYTimes articles archive.
     - "new-york-times-article-search": NYTimes article search.
     - "webhoseio": structured web data including news.
     - "guardian": news content API.
     - "reuters-spotlight": Reuters content.
     - "daylife": news platform.
     - "nyt-best-sellers" [book related but from NYT].
     - "reddit": user-submitted stories.
   
   - **wiki**:
     - "wikipedia": full Wikipedia API access.
     - "wikilocation": Wikipedia articles by location.
     - "dbpedia": structured data from Wikipedia.
     - "mindtouch-deki-wiki": full wiki platform API.

5. Since SakMap integrates local services inclusive of weather, photos, videos, news, and Wikipedia content, the top recommended categories are:  
   **mapping, weather, photos, video, news-services, wiki**

6. Recommended APIs (one or few central or most relevant for each category):

   - **mapping**:  
     - "arcweb" (no-cost comprehensive mapping web services)  
     - "bing-maps-search" (maps search with location identification)  
     - "google-maps-places" (place data for locations)  
     - "mapquest" (well-known mapping platform)  
     - "openstreetmap" (free open source mapping, good for mashups)
   
   - **weather**:  
     - "aerisweather" (weather data and maps)  
     - "national-weather-service-ndfd" (NOAA weather forecast data)
   
   - **photos**:  
     - "flickr" (large source of photos with API access)  
     - "pixabay-free-images" (high quality CC0 images)
   
   - **video**:  
     - "youtube" (largest video platform, extensive API)  
     - "dailymotion" (major video platform API)
   
   - **news-services**:  
     - "new-york-times-article-search" (large news archive with search)  
     - "guardian" (news content API)
   
   - **wiki**:  
     - "wikipedia" (the core Wikipedia API)  
     - "wikilocation" (Wikipedia articles by location)

**Conclusion**:

- Recommend categories:  
  ['mapping', 'weather', 'photos', 'video', 'news-services', 'wiki']

- Recommend All matched APIs:  
  ['arcweb', 'bing-maps-search', 'google-maps-places', 'mapquest', 'openstreetmap', 'aerisweather', 'national-weather-service-ndfd', 'flickr', 'pixabay-free-images', 'youtube', 'dailymotion', 'new-york-times-article-search', 'guardian', 'wikipedia', 'wikilocation']
./output/gpt/zero_shot/responses.json
データが保存されました: ./output/gpt/zero_shot/responses.json (キー: sakmap-1)
------------------------------
評価中のサービス: enthusem-and-box.net
Iteration 1, Total call: 317
Traceback (most recent call last):
  File "/home/matsumoto/ws/lib/python3.10/site-packages/openai/api_requestor.py", line 755, in _interpret_response_line
    data = json.loads(rbody)
  File "/usr/lib/python3.10/json/__init__.py", line 346, in loads
    return _default_decoder.decode(s)
  File "/usr/lib/python3.10/json/decoder.py", line 337, in decode
    obj, end = self.raw_decode(s, idx=_w(s, 0).end())
  File "/usr/lib/python3.10/json/decoder.py", line 355, in raw_decode
    raise JSONDecodeError("Expecting value", s, err.value) from None
json.decoder.JSONDecodeError: Expecting value: line 1 column 1 (char 0)

The above exception was the direct cause of the following exception:

Traceback (most recent call last):
  File "/home/matsumoto/llm_search2/main.py", line 188, in <module>
    response = recommendation_system.choice_prompt(prompt_method_name, model)
  File "/home/matsumoto/llm_search2/prompt/prompt_openai.py", line 358, in choice_prompt
    response = openai.ChatCompletion.create(
  File "/home/matsumoto/ws/lib/python3.10/site-packages/openai/api_resources/chat_completion.py", line 25, in create
    return super().create(*args, **kwargs)
  File "/home/matsumoto/ws/lib/python3.10/site-packages/openai/api_resources/abstract/engine_api_resource.py", line 153, in create
    response, _, api_key = requestor.request(
  File "/home/matsumoto/ws/lib/python3.10/site-packages/openai/api_requestor.py", line 298, in request
    resp, got_stream = self._interpret_response(result, stream)
  File "/home/matsumoto/ws/lib/python3.10/site-packages/openai/api_requestor.py", line 700, in _interpret_response
    self._interpret_response_line(
  File "/home/matsumoto/ws/lib/python3.10/site-packages/openai/api_requestor.py", line 757, in _interpret_response_line
    raise error.APIError(
openai.error.APIError: HTTP code 502 from API (<html>
<head><title>502 Bad Gateway</title></head>
<body>
<center><h1>502 Bad Gateway</h1></center>
<hr><center>cloudflare</center>
</body>
</html>
)
